John shot Bob with the man on the man,"[['SPORTS', 0.06332121], ['ARTS AND ENTERTAINMENT', 0.05479535], ['HEALTH AND FITNESS', 0.05196185], ['LAW GOVERNMENT AND POLITICS', 0.05137543], ['BUSINESS', 0.0504118]]","[['SOCIETY', 0.999976], ['SPORTS', 8.3019e-06], ['TRAVEL', 3.53431e-06], ['RELIGION AND SPIRITUALITY', 7.7808e-07], ['HOBBIES AND INTERESTS', 6.20224e-07]]",True,1,1,21:51:51.405045
I wounded John in Bob with my monkey on John outside John,"[['SPORTS', 0.06054028], ['HEALTH AND FITNESS', 0.05137037], ['RELIGION AND SPIRITUALITY', 0.05104483], ['ARTS AND ENTERTAINMENT', 0.050388], ['TRAVEL', 0.04941086]]","[['FAMILY AND PARENTING', 0.998281], ['TRAVEL', 0.00161988], ['ARTS AND ENTERTAINMENT', 1.18821e-05], ['CAREERS', 9.27321e-06], ['SPORTS', 7.22411e-06]]",False,2,1,21:51:53.944279
Mary walked an dog with John outside Bob with Mary,"[['PETS', 0.05985952], ['ARTS AND ENTERTAINMENT', 0.05533885], ['BUSINESS', 0.05199142], ['EDUCATION', 0.050863], ['SPORTS', 0.0506291]]","[['PETS', 0.998987], ['TRAVEL', 0.000810516], ['HOBBIES AND INTERESTS', 4.61878e-05], ['SPORTS', 2.90711e-05], ['SCIENCE', 2.07304e-05]]",True,3,2,21:51:56.341196
my pajamas saw an dog,"[['PETS', 0.05816602], ['AUTOMOTIVE', 0.05702988], ['HOBBIES AND INTERESTS', 0.05299925], ['EDUCATION', 0.05161685], ['HEALTH AND FITNESS', 0.04997653]]","[['SCIENCE', 0.811126], ['PETS', 0.0907415], ['FOOD AND DRINK', 0.0506136], ['SPORTS', 0.0460402], ['AUTOMOTIVE', 0.000147812]]",True,4,3,21:51:58.901786
I saw I by Mary on my monkey on I in Bob,"[['SPORTS', 0.05530013], ['HOBBIES AND INTERESTS', 0.05442532], ['HEALTH AND FITNESS', 0.0521822], ['AUTOMOTIVE', 0.05193725], ['STYLE AND FASHION', 0.050811]]","[['FAMILY AND PARENTING', 0.889937], ['SPORTS', 0.110006], ['HEALTH AND FITNESS', 2.15918e-05], ['SOCIETY', 4.59805e-06], ['NON STANDARD CONTENT', 4.12592e-06]]",True,5,4,21:52:01.341493
my pajamas on the man ate I in I,"[['HOBBIES AND INTERESTS', 0.05294169], ['SPORTS', 0.0527215], ['HEALTH AND FITNESS', 0.05262886], ['TRAVEL', 0.05040541], ['TECHNOLOGY AND COMPUTING', 0.05017536]]","[['SCIENCE', 0.946038], ['SPORTS', 0.0242501], ['NON STANDARD CONTENT', 0.00780167], ['SOCIETY', 0.00531539], ['FOOD AND DRINK', 0.00194519]]",True,6,5,21:52:03.840424
an pajamas in Mary shot John,"[['SPORTS', 0.05491298], ['HEALTH AND FITNESS', 0.05136423], ['LAW GOVERNMENT AND POLITICS', 0.05042916], ['BUSINESS', 0.0500151], ['EDUCATION', 0.04997741]]","[['ARTS AND ENTERTAINMENT', 0.995237], ['HEALTH AND FITNESS', 0.00475588], ['SCIENCE', 5.34292e-06], ['FOOD AND DRINK', 1.19419e-06], ['HOBBIES AND INTERESTS', 1.85572e-07]]",True,7,6,21:52:06.670489
John killed an monkey by an elephant,"[['LAW GOVERNMENT AND POLITICS', 0.05296302], ['RELIGION AND SPIRITUALITY', 0.05071317], ['EDUCATION', 0.05050988], ['BUSINESS', 0.04986553], ['TRAVEL', 0.04931581]]","[['STYLE AND FASHION', 0.999924], ['SPORTS', 6.91364e-05], ['HEALTH AND FITNESS', 5.80068e-06], ['FOOD AND DRINK', 1.12314e-07], ['HOBBIES AND INTERESTS', 1.00176e-07]]",True,8,7,21:52:09.741828
Mary shot Bob,"[['SPORTS', 0.05844467], ['BUSINESS', 0.05175828], ['HEALTH AND FITNESS', 0.0509945], ['ARTS AND ENTERTAINMENT', 0.05031923], ['TECHNOLOGY AND COMPUTING', 0.04880463]]","[['HEALTH AND FITNESS', 1.0], ['SPORTS', 1.54183e-12], ['HOBBIES AND INTERESTS', 3.82324e-14], ['FOOD AND DRINK', 3.32465e-14], ['REAL ESTATE', 1.4753e-14]]",True,9,8,21:52:12.610981
an park ate Mary in Bob,"[['SPORTS', 0.05387282], ['TRAVEL', 0.05275495], ['HEALTH AND FITNESS', 0.05189282], ['ARTS AND ENTERTAINMENT', 0.05092132], ['BUSINESS', 0.05009085]]","[['CAREERS', 0.200697], ['TRAVEL', 0.152825], ['FOOD AND DRINK', 0.0496561], ['HOME AND GARDEN', 0.0412977], ['SPORTS', 0.0401059]]",True,10,9,21:52:15.370537
Mary saw Bob,"[['HEALTH AND FITNESS', 0.05189616], ['BUSINESS', 0.05168675], ['SPORTS', 0.05155729], ['ARTS AND ENTERTAINMENT', 0.05146835], ['HOBBIES AND INTERESTS', 0.04964161]]","[['HOBBIES AND INTERESTS', 0.165744], ['CAREERS', 0.103779], ['HEALTH AND FITNESS', 0.061078], ['SPORTS', 0.0502132], ['EDUCATION', 0.0408336]]",False,11,9,21:52:17.705417
my telescope on I ate John on John,"[['SPORTS', 0.05163071], ['EDUCATION', 0.05149597], ['FOOD AND DRINK', 0.05028696], ['HEALTH AND FITNESS', 0.05006433], ['HOBBIES AND INTERESTS', 0.04928567]]","[['TRAVEL', 0.849145], ['SCIENCE', 0.136148], ['HOBBIES AND INTERESTS', 0.00342965], ['STYLE AND FASHION', 0.00062648], ['SPORTS', 0.000576598]]",True,12,10,21:52:22.674686
my monkey in my dog on a pajamas with Mary ate Mary on Mary by my elephant on an dog with an pajamas,"[['PETS', 0.06049116], ['EDUCATION', 0.05218167], ['HOBBIES AND INTERESTS', 0.05043922], ['TRAVEL', 0.05033587], ['AUTOMOTIVE', 0.05029646]]","[['SPORTS', 0.666362], ['PETS', 0.32783], ['SCIENCE', 0.0045875], ['FOOD AND DRINK', 0.000364971], ['EDUCATION', 0.000304722]]",True,13,11,21:52:26.023456
I shot a elephant on Mary on Mary in Bob,"[['SPORTS', 0.06206058], ['TECHNOLOGY AND COMPUTING', 0.05226343], ['ARTS AND ENTERTAINMENT', 0.05153122], ['HEALTH AND FITNESS', 0.05059331], ['TRAVEL', 0.04974402]]","[['EDUCATION', 0.999988], ['SPORTS', 1.20165e-05], ['HOBBIES AND INTERESTS', 2.33431e-12], ['ARTS AND ENTERTAINMENT', 1.65687e-12], ['STYLE AND FASHION', 1.58036e-12]]",True,14,12,21:52:29.105178
John walked Mary outside Bob,"[['SPORTS', 0.0551628], ['ARTS AND ENTERTAINMENT', 0.05401723], ['BUSINESS', 0.05189762], ['RELIGION AND SPIRITUALITY', 0.05126714], ['HEALTH AND FITNESS', 0.05086163]]","[['SPORTS', 0.992989], ['RELIGION AND SPIRITUALITY', 0.00256223], ['TRAVEL', 0.000514269], ['HOBBIES AND INTERESTS', 0.000153767], ['CAREERS', 2.69552e-05]]",True,15,13,21:52:31.860125
John shot my elephant by Mary on I,"[['SPORTS', 0.05577412], ['HEALTH AND FITNESS', 0.05290341], ['TECHNOLOGY AND COMPUTING', 0.0514789], ['RELIGION AND SPIRITUALITY', 0.05044985], ['ARTS AND ENTERTAINMENT', 0.05044485]]","[['SPORTS', 0.797475], ['SOCIETY', 0.202525], ['HOBBIES AND INTERESTS', 6.46419e-09], ['ARTS AND ENTERTAINMENT', 3.14687e-09], ['STYLE AND FASHION', 1.07366e-09]]",True,16,14,21:52:34.767019
Bob wounded I,"[['SPORTS', 0.05732974], ['ARTS AND ENTERTAINMENT', 0.05131647], ['TECHNOLOGY AND COMPUTING', 0.04937437], ['HOBBIES AND INTERESTS', 0.04879968], ['STYLE AND FASHION', 0.0486005]]","[['SPORTS', 0.285373], ['ARTS AND ENTERTAINMENT', 0.0485375], ['HEALTH AND FITNESS', 0.0366016], ['HOBBIES AND INTERESTS', 0.0320092], ['PETS', 0.0237797]]",False,17,14,21:52:37.694742
John ate Mary in I in Mary,"[['ARTS AND ENTERTAINMENT', 0.05259812], ['SPORTS', 0.05096589], ['EDUCATION', 0.05081764], ['FOOD AND DRINK', 0.05065573], ['TECHNOLOGY AND COMPUTING', 0.04967789]]","[['HOBBIES AND INTERESTS', 0.445883], ['RELIGION AND SPIRITUALITY', 0.0496298], ['CAREERS', 0.0224867], ['STYLE AND FASHION', 0.0133534], ['SCIENCE', 0.00742027]]",True,18,15,21:52:40.463925
John saw I outside a dog with an monkey in Mary,"[['HOBBIES AND INTERESTS', 0.05368129], ['PETS', 0.05366477], ['EDUCATION', 0.05238053], ['ARTS AND ENTERTAINMENT', 0.05189123], ['RELIGION AND SPIRITUALITY', 0.05084727]]","[['PETS', 0.999999], ['HOBBIES AND INTERESTS', 7.23076e-07], ['NON STANDARD CONTENT', 3.88866e-09], ['TRAVEL', 3.7341e-09], ['FOOD AND DRINK', 3.23177e-09]]",True,19,16,21:52:43.533666
Bob walked an telescope outside an fish in Bob by I,"[['SPORTS', 0.06348714], ['PETS', 0.05676088], ['FOOD AND DRINK', 0.05231727], ['RELIGION AND SPIRITUALITY', 0.05215702], ['ARTS AND ENTERTAINMENT', 0.05024868]]","[['SPORTS', 0.586653], ['SCIENCE', 0.129501], ['HOBBIES AND INTERESTS', 0.0640861], ['TRAVEL', 0.0181741], ['STYLE AND FASHION', 0.00222453]]",True,20,17,21:52:46.443084
I walked I outside I,"[['RELIGION AND SPIRITUALITY', 0.05327637], ['SPORTS', 0.05321393], ['TRAVEL', 0.05125615], ['TECHNOLOGY AND COMPUTING', 0.05073893], ['ARTS AND ENTERTAINMENT', 0.04950985]]","[['SPORTS', 0.532588], ['RELIGION AND SPIRITUALITY', 0.102379], ['HOBBIES AND INTERESTS', 0.0370485], ['TRAVEL', 0.0168615], ['HOME AND GARDEN', 0.00993804]]",False,21,17,21:52:49.679534
Mary ate a man with John,"[['ARTS AND ENTERTAINMENT', 0.05390238], ['EDUCATION', 0.05297547], ['HEALTH AND FITNESS', 0.0522588], ['LAW GOVERNMENT AND POLITICS', 0.05058505], ['SPORTS', 0.04984223]]","[['SOCIETY', 0.986425], ['FOOD AND DRINK', 0.00327243], ['RELIGION AND SPIRITUALITY', 0.00176666], ['SCIENCE', 0.00167797], ['NON STANDARD CONTENT', 0.000730973]]",True,22,18,21:52:52.460406
my cat with Mary shot a cat in John with Mary in my man,"[['PETS', 0.06347951], ['HEALTH AND FITNESS', 0.05364199], ['SPORTS', 0.05325298], ['ARTS AND ENTERTAINMENT', 0.05152921], ['EDUCATION', 0.05090844]]","[['PETS', 1.0], ['SOCIETY', 3.69858e-11], ['SPORTS', 4.65298e-12], ['HEALTH AND FITNESS', 4.94025e-13], ['HOBBIES AND INTERESTS', 2.69496e-13]]",False,23,18,21:52:55.207075
a cat walked Mary outside I with Mary,"[['PETS', 0.06208981], ['TECHNOLOGY AND COMPUTING', 0.05300815], ['RELIGION AND SPIRITUALITY', 0.05151101], ['ARTS AND ENTERTAINMENT', 0.04995439], ['SPORTS', 0.04961467]]","[['PETS', 1.0], ['HEALTH AND FITNESS', 7.66025e-14], ['HOBBIES AND INTERESTS', 3.74683e-14], ['RELIGION AND SPIRITUALITY', 7.2293e-16], ['HOME AND GARDEN', 6.58925e-16]]",True,24,19,21:52:57.988882
I ate Bob,"[['SPORTS', 0.05717364], ['ARTS AND ENTERTAINMENT', 0.05079357], ['FOOD AND DRINK', 0.05060377], ['TECHNOLOGY AND COMPUTING', 0.04998537], ['STYLE AND FASHION', 0.0486228]]","[['FOOD AND DRINK', 0.49529], ['HOME AND GARDEN', 0.0692147], ['RELIGION AND SPIRITUALITY', 0.0345548], ['SPORTS', 0.0334111], ['STYLE AND FASHION', 0.0250586]]",False,25,19,21:53:00.737170
I shot Mary,"[['SPORTS', 0.05619768], ['TECHNOLOGY AND COMPUTING', 0.05332812], ['HEALTH AND FITNESS', 0.0495841], ['ARTS AND ENTERTAINMENT', 0.04952431], ['HOBBIES AND INTERESTS', 0.04872794]]","[['SPORTS', 0.62882], ['TRAVEL', 0.0292306], ['ARTS AND ENTERTAINMENT', 0.0216441], ['FOOD AND DRINK', 0.012883], ['REAL ESTATE', 0.00978798]]",True,26,20,21:53:03.809140
I walked my monkey,"[['TECHNOLOGY AND COMPUTING', 0.05202937], ['AUTOMOTIVE', 0.05159222], ['TRAVEL', 0.05126337], ['HOBBIES AND INTERESTS', 0.05111664], ['SPORTS', 0.04998292]]","[['SPORTS', 0.91252], ['LAW AND GOVERNMENT AND POLITICS', 0.0255196], ['HOBBIES AND INTERESTS', 0.014764], ['TRAVEL', 0.0103066], ['SCIENCE', 0.00651216]]",False,27,20,21:53:06.627853
Bob saw my cat with John,"[['PETS', 0.06883092], ['HEALTH AND FITNESS', 0.05181772], ['EDUCATION', 0.05158807], ['ARTS AND ENTERTAINMENT', 0.05115999], ['SPORTS', 0.05089543]]","[['PETS', 1.0], ['HOBBIES AND INTERESTS', 1.46587e-07], ['SOCIETY', 8.64878e-10], ['SPORTS', 1.72713e-11], ['TECHNOLOGY AND COMPUTING', 1.30423e-11]]",True,28,21,21:53:08.968969
the dog walked Bob on I,"[['PETS', 0.05782856], ['ARTS AND ENTERTAINMENT', 0.05332446], ['SPORTS', 0.05178365], ['HOBBIES AND INTERESTS', 0.04980917], ['AUTOMOTIVE', 0.04926167]]","[['HEALTH AND FITNESS', 1.0], ['PETS', 3.09857e-08], ['SPORTS', 2.13016e-11], ['TRAVEL', 6.9237e-15], ['ARTS AND ENTERTAINMENT', 3.06758e-15]]",False,29,21,21:53:11.827705
Bob shot a cat on Mary with I,"[['PETS', 0.06148209], ['SPORTS', 0.05977353], ['TECHNOLOGY AND COMPUTING', 0.05355416], ['ARTS AND ENTERTAINMENT', 0.05107642], ['HEALTH AND FITNESS', 0.04951419]]","[['PETS', 1.0], ['EDUCATION', 3.07028e-21], ['HOBBIES AND INTERESTS', 1.18766e-22], ['SPORTS', 1.20483e-26], ['ARTS AND ENTERTAINMENT', 4.78746e-28]]",False,30,21,21:53:14.609728
an dog in the man on I shot Mary,"[['SPORTS', 0.05365085], ['ARTS AND ENTERTAINMENT', 0.05265979], ['PETS', 0.05148914], ['TECHNOLOGY AND COMPUTING', 0.05078151], ['HOBBIES AND INTERESTS', 0.05066747]]","[['PETS', 0.980256], ['TRAVEL', 0.00939739], ['HOBBIES AND INTERESTS', 0.00643858], ['ARTS AND ENTERTAINMENT', 0.0016619], ['SCIENCE', 0.000985375]]",False,31,21,21:53:17.326688
my fish by my fish saw my park on Mary by I,"[['SPORTS', 0.05518748], ['PETS', 0.05360855], ['TRAVEL', 0.05344516], ['HOBBIES AND INTERESTS', 0.0533493], ['HEALTH AND FITNESS', 0.05094403]]","[['EDUCATION', 0.88277], ['SPORTS', 0.103199], ['PETS', 0.00303799], ['HOBBIES AND INTERESTS', 0.00153], ['RELIGION AND SPIRITUALITY', 0.000648593]]",False,32,21,21:53:20.090505
my monkey wounded I in John with the cat outside Mary,"[['PETS', 0.06268273], ['RELIGION AND SPIRITUALITY', 0.05282678], ['HEALTH AND FITNESS', 0.0518908], ['SPORTS', 0.05099146], ['TECHNOLOGY AND COMPUTING', 0.05024847]]","[['PETS', 0.999958], ['SOCIETY', 4.23631e-05], ['HOBBIES AND INTERESTS', 4.10629e-09], ['TRAVEL', 1.21555e-09], ['ARTS AND ENTERTAINMENT', 8.76106e-10]]",True,33,22,21:53:22.653726
I ate Mary,"[['TECHNOLOGY AND COMPUTING', 0.0522949], ['FOOD AND DRINK', 0.05155927], ['HOBBIES AND INTERESTS', 0.05006753], ['SPORTS', 0.04986646], ['ARTS AND ENTERTAINMENT', 0.04958388]]","[['FOOD AND DRINK', 0.314072], ['SOCIETY', 0.13004], ['PETS', 0.0527984], ['TRAVEL', 0.0527832], ['RELIGION AND SPIRITUALITY', 0.0434529]]",True,34,23,21:53:25.062794
I ate John on Bob,"[['SPORTS', 0.05913495], ['ARTS AND ENTERTAINMENT', 0.05343481], ['EDUCATION', 0.04950747], ['FOOD AND DRINK', 0.04944133], ['LAW GOVERNMENT AND POLITICS', 0.04933512]]","[['SPORTS', 1.0], ['FOOD AND DRINK', 3.66054e-12], ['RELIGION AND SPIRITUALITY', 1.64856e-12], ['HOME AND GARDEN', 1.31354e-12], ['TRAVEL', 5.74219e-13]]",True,35,24,21:53:27.515014
an pajamas ate John by John,"[['EDUCATION', 0.05228457], ['SPORTS', 0.05098801], ['LAW GOVERNMENT AND POLITICS', 0.05025579], ['HEALTH AND FITNESS', 0.04942252], ['ARTS AND ENTERTAINMENT', 0.04915869]]","[['SCIENCE', 0.983911], ['FOOD AND DRINK', 0.0157271], ['SPORTS', 9.78075e-05], ['TRAVEL', 2.74228e-05], ['CAREERS', 2.57214e-05]]",True,36,25,21:53:29.932289
Bob saw Mary by John,"[['ARTS AND ENTERTAINMENT', 0.05412363], ['SPORTS', 0.05330901], ['BUSINESS', 0.05206618], ['HEALTH AND FITNESS', 0.05187202], ['EDUCATION', 0.05107579]]","[['SPORTS', 0.077631], ['HOBBIES AND INTERESTS', 0.0761082], ['TRAVEL', 0.0677606], ['CAREERS', 0.0616381], ['EDUCATION', 0.0551029]]",True,37,26,21:53:32.688799
Mary ate I,"[['TECHNOLOGY AND COMPUTING', 0.05225459], ['FOOD AND DRINK', 0.05181546], ['HOBBIES AND INTERESTS', 0.05019591], ['ARTS AND ENTERTAINMENT', 0.04974539], ['SPORTS', 0.04944995]]","[['FOOD AND DRINK', 0.314072], ['SOCIETY', 0.13004], ['PETS', 0.0527984], ['TRAVEL', 0.0527832], ['RELIGION AND SPIRITUALITY', 0.0434529]]",True,38,27,21:53:35.529134
my pajamas ate Bob outside Mary,"[['HEALTH AND FITNESS', 0.05603925], ['SPORTS', 0.05190538], ['PETS', 0.05144312], ['RELIGION AND SPIRITUALITY', 0.04995652], ['BUSINESS', 0.04963197]]","[['SCIENCE', 0.981263], ['FOOD AND DRINK', 0.0175692], ['SPORTS', 0.000613271], ['CAREERS', 0.000182673], ['RELIGION AND SPIRITUALITY', 3.05013e-05]]",True,39,28,21:53:38.521700
an fish by Bob killed an fish,"[['PETS', 0.05726604], ['SPORTS', 0.05541632], ['RELIGION AND SPIRITUALITY', 0.05105372], ['FOOD AND DRINK', 0.05055388], ['LAW GOVERNMENT AND POLITICS', 0.04932275]]","[['SPORTS', 0.99663], ['PETS', 0.000610576], ['FOOD AND DRINK', 0.000122274], ['HOBBIES AND INTERESTS', 1.88115e-05], ['HEALTH AND FITNESS', 7.40587e-06]]",False,40,28,21:53:41.051033
I saw Mary,"[['HOBBIES AND INTERESTS', 0.05304897], ['SCIENCE', 0.0513729], ['AUTOMOTIVE', 0.05087188], ['HEALTH AND FITNESS', 0.05040738], ['SPORTS', 0.05000544]]","[['SOCIETY', 0.286593], ['STYLE AND FASHION', 0.179645], ['ARTS AND ENTERTAINMENT', 0.177289], ['HOBBIES AND INTERESTS', 0.105954], ['NON STANDARD CONTENT', 0.0273385]]",True,41,29,21:53:43.758189
Mary ate my pajamas with a park in Bob on a elephant,"[['TRAVEL', 0.05703247], ['HEALTH AND FITNESS', 0.0559796], ['SPORTS', 0.05208562], ['EDUCATION', 0.04972385], ['STYLE AND FASHION', 0.04964153]]","[['NON STANDARD CONTENT', 0.992881], ['SCIENCE', 0.00459556], ['TRAVEL', 0.00118398], ['SPORTS', 0.000175631], ['FOOD AND DRINK', 5.11247e-05]]",True,42,30,21:53:46.826292
Mary wounded I with Bob,"[['SPORTS', 0.0553242], ['ARTS AND ENTERTAINMENT', 0.05233738], ['TECHNOLOGY AND COMPUTING', 0.05054501], ['STYLE AND FASHION', 0.04974148], ['HEALTH AND FITNESS', 0.04918179]]","[['PETS', 0.744017], ['HOBBIES AND INTERESTS', 0.100907], ['RELIGION AND SPIRITUALITY', 0.0709796], ['SPORTS', 0.0198105], ['HEALTH AND FITNESS', 0.00995899]]",True,43,31,21:53:50.198319
Mary killed I,"[['RELIGION AND SPIRITUALITY', 0.05278543], ['TECHNOLOGY AND COMPUTING', 0.05043997], ['HOBBIES AND INTERESTS', 0.05035321], ['SCIENCE', 0.0498794], ['HOME AND GARDEN', 0.04924504]]","[['RELIGION AND SPIRITUALITY', 0.151869], ['TRAVEL', 0.108918], ['HOBBIES AND INTERESTS', 0.0897399], ['SCIENCE', 0.0755636], ['CAREERS', 0.0717363]]",False,44,31,21:53:53.195995
I walked my telescope,"[['SCIENCE', 0.05177037], ['AUTOMOTIVE', 0.0513086], ['TECHNOLOGY AND COMPUTING', 0.05099538], ['HOBBIES AND INTERESTS', 0.05006829], ['TRAVEL', 0.04955802]]","[['SCIENCE', 0.996462], ['HOBBIES AND INTERESTS', 0.00146623], ['SPORTS', 0.00146356], ['RELIGION AND SPIRITUALITY', 0.000103753], ['TECHNOLOGY AND COMPUTING', 5.54803e-05]]",False,45,31,21:53:55.512638
Mary shot I by my pajamas outside Mary,"[['SPORTS', 0.05641724], ['HEALTH AND FITNESS', 0.05625033], ['RELIGION AND SPIRITUALITY', 0.05450507], ['TECHNOLOGY AND COMPUTING', 0.05320055], ['TRAVEL', 0.05166165]]","[['SPORTS', 0.998836], ['HEALTH AND FITNESS', 0.00116119], ['SCIENCE', 2.15263e-06], ['FOOD AND DRINK', 1.22859e-07], ['ARTS AND ENTERTAINMENT', 1.15241e-07]]",True,46,32,21:53:57.874837
the monkey outside I wounded John,"[['SPORTS', 0.05683959], ['RELIGION AND SPIRITUALITY', 0.05259956], ['ARTS AND ENTERTAINMENT', 0.04966858], ['BUSINESS', 0.0490692], ['EDUCATION', 0.04849094]]","[['FAMILY AND PARENTING', 1.0], ['SPORTS', 1.55609e-07], ['TRAVEL', 3.59157e-08], ['NON STANDARD CONTENT', 2.23243e-08], ['TECHNOLOGY AND COMPUTING', 8.81138e-09]]",True,47,33,21:54:00.283050
Bob wounded Bob,"[['SPORTS', 0.05387063], ['ARTS AND ENTERTAINMENT', 0.0503448], ['BUSINESS', 0.05002798], ['PETS', 0.04903827], ['HEALTH AND FITNESS', 0.04865308]]","[['SPORTS', 0.479418], ['HOBBIES AND INTERESTS', 0.0909253], ['ARTS AND ENTERTAINMENT', 0.0724979], ['PETS', 0.015564], ['HEALTH AND FITNESS', 0.0148455]]",False,48,33,21:54:03.414881
I killed Bob by an man by John with John,"[['SPORTS', 0.05852974], ['ARTS AND ENTERTAINMENT', 0.05360955], ['LAW GOVERNMENT AND POLITICS', 0.05224343], ['RELIGION AND SPIRITUALITY', 0.0498419], ['EDUCATION', 0.04913226]]","[['SOCIETY', 0.999989], ['HOBBIES AND INTERESTS', 8.74704e-06], ['SPORTS', 3.99298e-07], ['RELIGION AND SPIRITUALITY', 3.54469e-07], ['TRAVEL', 1.54205e-07]]",True,49,34,21:54:06.115898
an monkey in Bob walked my cat by I in my fish outside Mary,"[['PETS', 0.08155338], ['SPORTS', 0.05838577], ['RELIGION AND SPIRITUALITY', 0.05159487], ['TECHNOLOGY AND COMPUTING', 0.05025836], ['FOOD AND DRINK', 0.0489733]]","[['PETS', 0.997311], ['SPORTS', 0.00248052], ['HOBBIES AND INTERESTS', 3.75609e-05], ['NON STANDARD CONTENT', 2.96435e-05], ['EDUCATION', 2.01735e-05]]",True,50,35,21:54:08.935920
a elephant outside a telescope by Mary saw an fish by Mary by John,"[['SPORTS', 0.0543446], ['RELIGION AND SPIRITUALITY', 0.05382044], ['PETS', 0.05374211], ['EDUCATION', 0.05231139], ['HEALTH AND FITNESS', 0.0496377]]","[['SCIENCE', 0.860383], ['SPORTS', 0.0684961], ['HOBBIES AND INTERESTS', 0.013552], ['STYLE AND FASHION', 0.00282519], ['RELIGION AND SPIRITUALITY', 0.00279618]]",True,51,36,21:54:11.750941
I saw Mary in Mary,"[['HOBBIES AND INTERESTS', 0.0527964], ['SCIENCE', 0.05138221], ['AUTOMOTIVE', 0.0508811], ['HEALTH AND FITNESS', 0.05040315], ['ARTS AND ENTERTAINMENT', 0.05024609]]","[['STYLE AND FASHION', 0.440173], ['HOBBIES AND INTERESTS', 0.254016], ['RELIGION AND SPIRITUALITY', 0.0300733], ['CAREERS', 0.0133174], ['SOCIETY', 0.00578443]]",True,52,37,21:54:14.258753
a pajamas wounded Bob,"[['SPORTS', 0.0541032], ['HEALTH AND FITNESS', 0.04969922], ['BUSINESS', 0.04962042], ['ARTS AND ENTERTAINMENT', 0.049554], ['PETS', 0.04899211]]","[['SCIENCE', 0.843089], ['FOOD AND DRINK', 0.0972338], ['SPORTS', 0.0225668], ['CAREERS', 0.017252], ['ARTS AND ENTERTAINMENT', 0.00103345]]",True,53,38,21:54:16.610441
John saw my telescope on John,"[['EDUCATION', 0.05292138], ['HEALTH AND FITNESS', 0.05263508], ['AUTOMOTIVE', 0.05198654], ['HOBBIES AND INTERESTS', 0.05035637], ['LAW GOVERNMENT AND POLITICS', 0.04974506]]","[['HOBBIES AND INTERESTS', 0.877295], ['TRAVEL', 0.0762557], ['SCIENCE', 0.0448487], ['SOCIETY', 0.000799976], ['RELIGION AND SPIRITUALITY', 7.34009e-05]]",True,54,39,21:54:19.449626
Bob saw an dog in I,"[['PETS', 0.05582421], ['HOBBIES AND INTERESTS', 0.05349841], ['ARTS AND ENTERTAINMENT', 0.05315025], ['AUTOMOTIVE', 0.05272472], ['SPORTS', 0.05214879]]","[['PETS', 0.996248], ['SPORTS', 0.00316726], ['ARTS AND ENTERTAINMENT', 9.1175e-05], ['FOOD AND DRINK', 4.42328e-05], ['TRAVEL', 2.10161e-05]]",False,55,39,21:54:21.901341
I ate an cat by Bob,"[['PETS', 0.0628148], ['SPORTS', 0.05516938], ['TECHNOLOGY AND COMPUTING', 0.05102925], ['ARTS AND ENTERTAINMENT', 0.0503527], ['FOOD AND DRINK', 0.04912396]]","[['PETS', 0.999999], ['SCIENCE', 7.31627e-07], ['HOBBIES AND INTERESTS', 1.57334e-07], ['FAMILY AND PARENTING', 7.66334e-09], ['SPORTS', 5.84507e-09]]",True,56,40,21:54:24.352316
Bob wounded I,"[['SPORTS', 0.05732974], ['ARTS AND ENTERTAINMENT', 0.05131647], ['TECHNOLOGY AND COMPUTING', 0.04937437], ['HOBBIES AND INTERESTS', 0.04879968], ['STYLE AND FASHION', 0.0486005]]","[['SPORTS', 0.285373], ['ARTS AND ENTERTAINMENT', 0.0485375], ['HEALTH AND FITNESS', 0.0366016], ['HOBBIES AND INTERESTS', 0.0320092], ['PETS', 0.0237797]]",False,56,40,21:54:26.824469
John wounded a cat outside an pajamas by a park by John,"[['PETS', 0.06163203], ['SPORTS', 0.05328779], ['TRAVEL', 0.05286685], ['HEALTH AND FITNESS', 0.05142628], ['EDUCATION', 0.05121396]]","[['PETS', 0.999993], ['SCIENCE', 5.32335e-06], ['TRAVEL', 9.33523e-07], ['SPORTS', 7.79585e-08], ['HOBBIES AND INTERESTS', 7.45431e-08]]",False,57,40,21:54:29.608659
Bob ate my monkey by Bob in John on my monkey by John on Mary,"[['HEALTH AND FITNESS', 0.05279572], ['SPORTS', 0.05209725], ['EDUCATION', 0.05103303], ['ARTS AND ENTERTAINMENT', 0.05069158], ['STYLE AND FASHION', 0.04999676]]","[['EDUCATION', 0.519703], ['NON STANDARD CONTENT', 0.436882], ['SCIENCE', 0.0186912], ['AUTOMOTIVE', 0.00461575], ['HOBBIES AND INTERESTS', 0.00246464]]",True,58,41,21:54:32.324522
Bob killed Mary on I,"[['SPORTS', 0.05151134], ['ARTS AND ENTERTAINMENT', 0.05027493], ['RELIGION AND SPIRITUALITY', 0.04960215], ['STYLE AND FASHION', 0.04948978], ['TECHNOLOGY AND COMPUTING', 0.04939884]]","[['SPORTS', 1.0], ['PETS', 6.26125e-11], ['HEALTH AND FITNESS', 4.08965e-11], ['BUSINESS', 3.06285e-11], ['HOBBIES AND INTERESTS', 1.2243e-11]]",True,59,42,21:54:34.811404
John wounded John by my telescope outside John,"[['RELIGION AND SPIRITUALITY', 0.05370067], ['HEALTH AND FITNESS', 0.05200761], ['EDUCATION', 0.05103188], ['SPORTS', 0.04974023], ['PETS', 0.04967575]]","[['SCIENCE', 0.379545], ['HOBBIES AND INTERESTS', 0.327578], ['ARTS AND ENTERTAINMENT', 0.0512933], ['SPORTS', 0.0376574], ['CAREERS', 0.00814299]]",True,60,43,21:54:37.811789
an fish by Bob walked Mary on Bob in my dog,"[['PETS', 0.07613026], ['ARTS AND ENTERTAINMENT', 0.05115523], ['SPORTS', 0.0496368], ['RELIGION AND SPIRITUALITY', 0.0491665], ['AUTOMOTIVE', 0.04865138]]","[['SPORTS', 0.861928], ['PETS', 2.95792e-06], ['HOBBIES AND INTERESTS', 2.08605e-06], ['NON STANDARD CONTENT', 3.49193e-07], ['STYLE AND FASHION', 3.0228e-07]]",True,61,44,21:54:40.885914
I walked John on I,"[['SPORTS', 0.05268817], ['ARTS AND ENTERTAINMENT', 0.05250029], ['LAW GOVERNMENT AND POLITICS', 0.04949945], ['RELIGION AND SPIRITUALITY', 0.04938344], ['HOBBIES AND INTERESTS', 0.04880982]]","[['SPORTS', 0.417289], ['RELIGION AND SPIRITUALITY', 0.0754985], ['HOBBIES AND INTERESTS', 0.055486], ['LAW AND GOVERNMENT AND POLITICS', 0.0418307], ['TRAVEL', 0.0259954]]",False,62,44,21:54:43.394441
Mary walked John outside the telescope,"[['RELIGION AND SPIRITUALITY', 0.05366191], ['ARTS AND ENTERTAINMENT', 0.05103335], ['EDUCATION', 0.05089536], ['SCIENCE', 0.05032696], ['HEALTH AND FITNESS', 0.0501357]]","[['SCIENCE', 0.992654], ['HOBBIES AND INTERESTS', 0.00377503], ['RELIGION AND SPIRITUALITY', 0.00134838], ['SPORTS', 0.000461509], ['EDUCATION', 5.77677e-05]]",False,63,44,21:54:45.753544
Bob ate Mary outside an fish with a fish by the monkey with John,"[['SPORTS', 0.06180702], ['PETS', 0.05810586], ['RELIGION AND SPIRITUALITY', 0.0516717], ['FOOD AND DRINK', 0.05154634], ['BUSINESS', 0.05077597]]","[['SPORTS', 0.988061], ['FOOD AND DRINK', 3.77378e-05], ['HOBBIES AND INTERESTS', 1.63583e-05], ['EDUCATION', 9.24965e-06], ['SCIENCE', 9.15301e-06]]",True,64,45,21:54:48.171236
a park outside Mary killed Mary,"[['TRAVEL', 0.05777561], ['RELIGION AND SPIRITUALITY', 0.05557734], ['BUSINESS', 0.05150216], ['HEALTH AND FITNESS', 0.05094182], ['REAL ESTATE', 0.05004201]]","[['TRAVEL', 1.0], ['HEALTH AND FITNESS', 5.71766e-11], ['PETS', 4.54888e-11], ['BUSINESS', 1.42665e-11], ['SPORTS', 1.25076e-11]]",False,65,45,21:54:50.715083
an man outside I shot John in Mary with a dog on Mary,"[['SPORTS', 0.05759658], ['ARTS AND ENTERTAINMENT', 0.05557367], ['RELIGION AND SPIRITUALITY', 0.05353845], ['PETS', 0.05187618], ['EDUCATION', 0.05049003]]","[['ARTS AND ENTERTAINMENT', 0.731015], ['EDUCATION', 0.230106], ['PETS', 0.0315673], ['HOBBIES AND INTERESTS', 0.00717211], ['SPORTS', 6.65128e-05]]",False,66,45,21:54:53.629609
John wounded John,"[['LAW GOVERNMENT AND POLITICS', 0.0507341], ['ARTS AND ENTERTAINMENT', 0.05070289], ['SPORTS', 0.05036909], ['EDUCATION', 0.04997445], ['PERSONAL FINANCE', 0.04949623]]","[['TRAVEL', 0.376652], ['SPORTS', 0.139884], ['CAREERS', 0.0333654], ['HOBBIES AND INTERESTS', 0.0191377], ['NON STANDARD CONTENT', 0.0169368]]",True,67,46,21:54:56.244307
the man in Bob ate a monkey on Mary,"[['SPORTS', 0.05399981], ['HEALTH AND FITNESS', 0.05274006], ['ARTS AND ENTERTAINMENT', 0.0517892], ['BUSINESS', 0.05058516], ['SCIENCE', 0.04921786]]","[['FAMILY AND PARENTING', 0.968469], ['EDUCATION', 0.031528], ['SOCIETY', 5.38004e-07], ['SCIENCE', 3.20925e-07], ['HOBBIES AND INTERESTS', 2.25784e-07]]",True,68,47,21:54:59.623971
John walked my elephant in I,"[['HOBBIES AND INTERESTS', 0.05188622], ['SPORTS', 0.05087987], ['AUTOMOTIVE', 0.05074263], ['ARTS AND ENTERTAINMENT', 0.0504323], ['RELIGION AND SPIRITUALITY', 0.05021174]]","[['SPORTS', 0.39807], ['RELIGION AND SPIRITUALITY', 0.155726], ['LAW AND GOVERNMENT AND POLITICS', 0.00678351], ['FOOD AND DRINK', 0.00467673], ['HEALTH AND FITNESS', 0.00271983]]",True,69,48,21:55:02.269388
an cat saw my park outside an telescope,"[['PETS', 0.06303324], ['TRAVEL', 0.05690427], ['HEALTH AND FITNESS', 0.05521571], ['EDUCATION', 0.05051209], ['SCIENCE', 0.05010879]]","[['TRAVEL', 0.999892], ['PETS', 5.39446e-05], ['HOBBIES AND INTERESTS', 3.04906e-05], ['SCIENCE', 2.29892e-05], ['SOCIETY', 5.95695e-08]]",False,70,48,21:55:05.263338
I shot Bob,"[['SPORTS', 0.06436719], ['TECHNOLOGY AND COMPUTING', 0.05092121], ['ARTS AND ENTERTAINMENT', 0.05068105], ['TRAVEL', 0.04931387], ['HEALTH AND FITNESS', 0.04869447]]","[['SPORTS', 0.85734], ['HOBBIES AND INTERESTS', 0.00574332], ['HEALTH AND FITNESS', 0.00323189], ['FOOD AND DRINK', 0.00211528], ['NON STANDARD CONTENT', 0.00132713]]",True,71,49,21:55:07.916456
Bob wounded Bob with Bob with Mary,"[['SPORTS', 0.05188934], ['ARTS AND ENTERTAINMENT', 0.05134531], ['BUSINESS', 0.05082725], ['HEALTH AND FITNESS', 0.05022198], ['STYLE AND FASHION', 0.04934708]]","[['HOBBIES AND INTERESTS', 0.358416], ['HEALTH AND FITNESS', 0.193183], ['ARTS AND ENTERTAINMENT', 0.0829813], ['SPORTS', 0.0760067], ['TRAVEL', 0.0367884]]",False,72,49,21:55:10.682289
Mary saw my dog,"[['PETS', 0.06112086], ['AUTOMOTIVE', 0.05460015], ['HOBBIES AND INTERESTS', 0.05285895], ['EDUCATION', 0.05167014], ['HEALTH AND FITNESS', 0.05028563]]","[['PETS', 0.857811], ['SOCIETY', 0.0735914], ['HOBBIES AND INTERESTS', 0.0678871], ['ARTS AND ENTERTAINMENT', 7.8333e-05], ['SPORTS', 5.86635e-05]]",True,73,50,21:55:13.446991
I shot an telescope outside a cat on John,"[['PETS', 0.0600594], ['SPORTS', 0.05954827], ['SCIENCE', 0.04981646], ['RELIGION AND SPIRITUALITY', 0.04945232], ['ARTS AND ENTERTAINMENT', 0.04936103]]","[['PETS', 1.0], ['SCIENCE', 4.97569e-24], ['TRAVEL', 8.29001e-25], ['HOBBIES AND INTERESTS', 1.11525e-25], ['SPORTS', 3.55611e-26]]",False,74,50,21:55:16.079366
I saw I on John outside my pajamas with an elephant with my pajamas,"[['AUTOMOTIVE', 0.05432733], ['HEALTH AND FITNESS', 0.05400509], ['SPORTS', 0.05392872], ['HOBBIES AND INTERESTS', 0.05326808], ['EDUCATION', 0.05320651]]","[['SCIENCE', 0.982218], ['SPORTS', 0.00759856], ['FOOD AND DRINK', 0.00242467], ['HOBBIES AND INTERESTS', 0.000296879], ['NON STANDARD CONTENT', 0.000160392]]",True,75,51,21:55:18.689761
Mary killed Mary,"[['RELIGION AND SPIRITUALITY', 0.05232636], ['LAW GOVERNMENT AND POLITICS', 0.04967452], ['BUSINESS', 0.04965049], ['SCIENCE', 0.04959644], ['REAL ESTATE', 0.04914697]]","[['HEALTH AND FITNESS', 0.619943], ['ARTS AND ENTERTAINMENT', 0.101564], ['TRAVEL', 0.0755613], ['PETS', 0.0562721], ['BUSINESS', 0.0370232]]",True,76,52,21:55:21.434955
I saw John by a man,"[['SPORTS', 0.05538746], ['ARTS AND ENTERTAINMENT', 0.05375508], ['HOBBIES AND INTERESTS', 0.05285641], ['EDUCATION', 0.05280527], ['AUTOMOTIVE', 0.0512705]]","[['SOCIETY', 0.526665], ['NON STANDARD CONTENT', 0.131866], ['ARTS AND ENTERTAINMENT', 0.0445216], ['SPORTS', 0.0354193], ['RELIGION AND SPIRITUALITY', 0.027201]]",True,77,53,21:55:24.201472
Bob saw the park,"[['SPORTS', 0.0559361], ['TRAVEL', 0.05400449], ['HEALTH AND FITNESS', 0.05154988], ['BUSINESS', 0.05062446], ['ARTS AND ENTERTAINMENT', 0.05035451]]","[['TRAVEL', 0.97445], ['SPORTS', 0.00488098], ['HOBBIES AND INTERESTS', 0.00100253], ['AUTOMOTIVE', 0.00100241], ['SCIENCE', 0.000206964]]",True,78,54,21:55:26.602761
an telescope with an dog shot my fish by I in I on my elephant in John on Bob,"[['PETS', 0.06723019], ['SPORTS', 0.06640492], ['ARTS AND ENTERTAINMENT', 0.05120276], ['TRAVEL', 0.0488141], ['HOBBIES AND INTERESTS', 0.04874449]]","[['SPORTS', 0.753447], ['SCIENCE', 0.00551358], ['NON STANDARD CONTENT', 0.00343242], ['HOBBIES AND INTERESTS', 0.00305685], ['FOOD AND DRINK', 0.00250613]]",True,79,55,21:55:29.094363
Bob shot Bob,"[['SPORTS', 0.06054737], ['BUSINESS', 0.05092989], ['HEALTH AND FITNESS', 0.04938742], ['ARTS AND ENTERTAINMENT', 0.04932468], ['TRAVEL', 0.04923813]]","[['SPORTS', 0.735325], ['HOBBIES AND INTERESTS', 0.0152983], ['HEALTH AND FITNESS', 0.00582857], ['FOOD AND DRINK', 0.00454697], ['TECHNOLOGY AND COMPUTING', 0.00262568]]",True,80,56,21:55:32.801576
the telescope by my park walked I,"[['TRAVEL', 0.05785531], ['AUTOMOTIVE', 0.05159926], ['SPORTS', 0.05063917], ['HOBBIES AND INTERESTS', 0.05019005], ['SCIENCE', 0.05014178]]","[['SCIENCE', 0.8302], ['SPORTS', 0.140858], ['TRAVEL', 0.00529592], ['RELIGION AND SPIRITUALITY', 0.00314915], ['HOBBIES AND INTERESTS', 0.000805199]]",False,81,56,21:55:35.504946
I saw my elephant in the man in Mary,"[['HEALTH AND FITNESS', 0.05643496], ['HOBBIES AND INTERESTS', 0.05635359], ['AUTOMOTIVE', 0.05327065], ['SCIENCE', 0.05168765], ['EDUCATION', 0.05113635]]","[['HOBBIES AND INTERESTS', 0.544931], ['SOCIETY', 0.407914], ['NON STANDARD CONTENT', 0.00416091], ['ARTS AND ENTERTAINMENT', 0.00356797], ['RELIGION AND SPIRITUALITY', 0.000482377]]",True,82,57,21:55:37.991595
Mary ate Mary in Mary outside Bob,"[['SPORTS', 0.05355868], ['BUSINESS', 0.05244501], ['HEALTH AND FITNESS', 0.05214663], ['ARTS AND ENTERTAINMENT', 0.0508726], ['PETS', 0.04956311]]","[['HOBBIES AND INTERESTS', 0.460336], ['CAREERS', 0.103184], ['RELIGION AND SPIRITUALITY', 0.0199858], ['STYLE AND FASHION', 0.0115121], ['TRAVEL', 0.0104548]]",True,83,58,21:55:40.841864
my telescope by Bob shot Bob outside I,"[['SPORTS', 0.06369272], ['TRAVEL', 0.05348012], ['HEALTH AND FITNESS', 0.05235947], ['TECHNOLOGY AND COMPUTING', 0.05039477], ['RELIGION AND SPIRITUALITY', 0.04921132]]","[['SCIENCE', 0.925857], ['SPORTS', 0.0202809], ['HOBBIES AND INTERESTS', 0.0116107], ['NON STANDARD CONTENT', 0.00692171], ['ARTS AND ENTERTAINMENT', 0.00190376]]",True,84,59,21:55:43.217587
the monkey on John ate I with Bob by a cat,"[['PETS', 0.06159485], ['SPORTS', 0.05751004], ['ARTS AND ENTERTAINMENT', 0.0514897], ['EDUCATION', 0.04927934], ['LAW GOVERNMENT AND POLITICS', 0.04886379]]","[['PETS', 0.998072], ['FAMILY AND PARENTING', 0.00192776], ['TRAVEL', 2.67548e-08], ['HEALTH AND FITNESS', 3.36282e-09], ['HOBBIES AND INTERESTS', 2.73757e-09]]",True,85,60,21:55:45.965004
John saw a cat with an dog with Mary outside my park,"[['PETS', 0.07361297], ['EDUCATION', 0.05440224], ['HEALTH AND FITNESS', 0.05301512], ['TRAVEL', 0.05218636], ['AUTOMOTIVE', 0.05074391]]","[['PETS', 1.0], ['HOBBIES AND INTERESTS', 6.1089e-11], ['TRAVEL', 1.94045e-13], ['HEALTH AND FITNESS', 1.50694e-13], ['SPORTS', 7.15745e-14]]",False,86,60,21:55:48.829053
John killed Mary outside the elephant,"[['RELIGION AND SPIRITUALITY', 0.0574675], ['BUSINESS', 0.05170459], ['LAW GOVERNMENT AND POLITICS', 0.05139139], ['EDUCATION', 0.05123789], ['HEALTH AND FITNESS', 0.0499988]]","[['STYLE AND FASHION', 1.0], ['HEALTH AND FITNESS', 1.62995e-08], ['ARTS AND ENTERTAINMENT', 3.37041e-09], ['FOOD AND DRINK', 2.80797e-09], ['HOBBIES AND INTERESTS', 1.80937e-09]]",True,87,61,21:55:51.232648
Bob wounded a fish by a fish by I outside Mary,"[['SPORTS', 0.06435485], ['PETS', 0.05782276], ['RELIGION AND SPIRITUALITY', 0.05393494], ['FOOD AND DRINK', 0.05180063], ['ARTS AND ENTERTAINMENT', 0.05084263]]","[['SPORTS', 0.979668], ['PETS', 0.000280585], ['TRAVEL', 1.13763e-07], ['FOOD AND DRINK', 6.91407e-08], ['HOBBIES AND INTERESTS', 3.02747e-08]]",False,88,61,21:55:53.669869
Mary killed John,"[['RELIGION AND SPIRITUALITY', 0.05330891], ['LAW GOVERNMENT AND POLITICS', 0.05292519], ['EDUCATION', 0.05101477], ['BUSINESS', 0.05003891], ['ARTS AND ENTERTAINMENT', 0.04939208]]","[['RELIGION AND SPIRITUALITY', 1.0], ['TRAVEL', 2.23711e-16], ['CAREERS', 1.17466e-16], ['REAL ESTATE', 9.23545e-17], ['SPORTS', 8.89909e-17]]",True,89,62,21:55:56.148381
Mary wounded an man in Mary in Bob,"[['ARTS AND ENTERTAINMENT', 0.05383233], ['SPORTS', 0.05373005], ['HEALTH AND FITNESS', 0.0526701], ['BUSINESS', 0.05005087], ['SOCIETY', 0.04986893]]","[['HOBBIES AND INTERESTS', 0.567005], ['CAREERS', 0.085234], ['TRAVEL', 0.027385], ['ARTS AND ENTERTAINMENT', 0.0139316], ['SPORTS', 0.0125869]]",True,90,63,21:55:59.278291
Bob walked a telescope by Mary,"[['SCIENCE', 0.05236732], ['ARTS AND ENTERTAINMENT', 0.0513426], ['SPORTS', 0.05030367], ['PETS', 0.04933908], ['HEALTH AND FITNESS', 0.04933647]]","[['SCIENCE', 0.998217], ['SPORTS', 0.00103854], ['HOBBIES AND INTERESTS', 0.000411547], ['RELIGION AND SPIRITUALITY', 0.000134221], ['TRAVEL', 5.62826e-05]]",True,91,64,21:56:01.662391
I saw John on Bob,"[['SPORTS', 0.05929641], ['ARTS AND ENTERTAINMENT', 0.05357155], ['EDUCATION', 0.05086142], ['HOBBIES AND INTERESTS', 0.05050788], ['AUTOMOTIVE', 0.05022839]]","[['SPORTS', 1.0], ['HOBBIES AND INTERESTS', 2.35605e-11], ['NON STANDARD CONTENT', 1.87385e-11], ['ARTS AND ENTERTAINMENT', 1.13529e-11], ['RELIGION AND SPIRITUALITY', 4.76235e-12]]",False,92,64,21:56:04.015424
Mary shot Bob in Mary outside my dog,"[['PETS', 0.06394076], ['SPORTS', 0.05368149], ['TRAVEL', 0.05197746], ['HEALTH AND FITNESS', 0.05171221], ['BUSINESS', 0.05147389]]","[['HEALTH AND FITNESS', 0.999671], ['HOBBIES AND INTERESTS', 0.000277835], ['PETS', 3.52582e-05], ['ARTS AND ENTERTAINMENT', 2.2103e-06], ['SPORTS', 2.19951e-06]]",False,93,64,21:56:06.906092
Bob wounded Mary in Bob on Bob,"[['SPORTS', 0.05188934], ['ARTS AND ENTERTAINMENT', 0.05134531], ['BUSINESS', 0.05082725], ['HEALTH AND FITNESS', 0.05022198], ['STYLE AND FASHION', 0.04934708]]","[['SPORTS', 0.999997], ['CAREERS', 1.0833e-06], ['HOBBIES AND INTERESTS', 2.28119e-07], ['ARTS AND ENTERTAINMENT', 1.28142e-07], ['TRAVEL', 5.00151e-08]]",True,94,65,21:56:09.704769
an cat with my pajamas saw my elephant on Bob,"[['PETS', 0.06469245], ['HEALTH AND FITNESS', 0.05445775], ['HOBBIES AND INTERESTS', 0.05229717], ['SPORTS', 0.04957446], ['EDUCATION', 0.04955633]]","[['PETS', 0.95108], ['SPORTS', 0.0487565], ['SCIENCE', 5.7749e-05], ['HOBBIES AND INTERESTS', 5.69924e-05], ['ARTS AND ENTERTAINMENT', 1.25919e-05]]",False,95,65,21:56:12.164919
I walked Bob,"[['SPORTS', 0.0564872], ['ARTS AND ENTERTAINMENT', 0.05215432], ['TECHNOLOGY AND COMPUTING', 0.05019875], ['HOBBIES AND INTERESTS', 0.04816338], ['STYLE AND FASHION', 0.04810488]]","[['SPORTS', 0.99719], ['HEALTH AND FITNESS', 0.00280925], ['TRAVEL', 8.6856e-08], ['LAW AND GOVERNMENT AND POLITICS', 8.08507e-08], ['HOBBIES AND INTERESTS', 7.38352e-08]]",True,96,66,21:56:14.887572
I saw John,"[['SPORTS', 0.05361417], ['AUTOMOTIVE', 0.05212772], ['HOBBIES AND INTERESTS', 0.05201915], ['EDUCATION', 0.05191532], ['ARTS AND ENTERTAINMENT', 0.05129611]]","[['SPORTS', 0.214498], ['HOBBIES AND INTERESTS', 0.172373], ['ARTS AND ENTERTAINMENT', 0.0708615], ['SOCIETY', 0.0636336], ['NON STANDARD CONTENT', 0.0577312]]",False,97,66,21:56:17.658812
an man wounded Bob,"[['SPORTS', 0.05568687], ['ARTS AND ENTERTAINMENT', 0.05279086], ['HEALTH AND FITNESS', 0.05103197], ['SOCIETY', 0.04950983], ['BUSINESS', 0.04927081]]","[['SPORTS', 0.353655], ['HOBBIES AND INTERESTS', 0.0404017], ['ARTS AND ENTERTAINMENT', 0.03388], ['HEALTH AND FITNESS', 0.0281101], ['TRAVEL', 0.0253571]]",False,98,66,21:56:20.417497
an park walked my telescope on an man in Bob,"[['TRAVEL', 0.05867328], ['SPORTS', 0.05438884], ['HEALTH AND FITNESS', 0.05418253], ['ARTS AND ENTERTAINMENT', 0.0514041], ['SCIENCE', 0.0507818]]","[['SCIENCE', 0.710052], ['SPORTS', 0.174347], ['HOBBIES AND INTERESTS', 0.0268555], ['TRAVEL', 0.0103603], ['STYLE AND FASHION', 0.00449861]]",False,99,66,21:56:22.986379
Mary ate my elephant on Bob,"[['HEALTH AND FITNESS', 0.05345557], ['STYLE AND FASHION', 0.05048802], ['PETS', 0.04991053], ['SPORTS', 0.04954468], ['ARTS AND ENTERTAINMENT', 0.04907189]]","[['NON STANDARD CONTENT', 0.601517], ['SPORTS', 0.398483], ['FOOD AND DRINK', 5.56951e-09], ['ARTS AND ENTERTAINMENT', 2.9735e-09], ['RELIGION AND SPIRITUALITY', 2.42585e-09]]",True,100,67,21:56:25.558873
I ate an fish with my man with my man in I,"[['SPORTS', 0.05829032], ['FOOD AND DRINK', 0.05417315], ['PETS', 0.05293342], ['RELIGION AND SPIRITUALITY', 0.05126102], ['HOBBIES AND INTERESTS', 0.05033989]]","[['SPORTS', 1.0], ['ARTS AND ENTERTAINMENT', 1.21505e-09], ['CAREERS', 1.00575e-09], ['SCIENCE', 8.05791e-10], ['HOME AND GARDEN', 3.77452e-10]]",True,101,68,21:56:28.404442
Mary shot an fish on an telescope in Mary,"[['SPORTS', 0.05717643], ['PETS', 0.0544123], ['SCIENCE', 0.05214515], ['FOOD AND DRINK', 0.0510544], ['RELIGION AND SPIRITUALITY', 0.05023845]]","[['HEALTH AND FITNESS', 0.974087], ['SPORTS', 0.0218126], ['HOBBIES AND INTERESTS', 0.00125403], ['SCIENCE', 0.000428045], ['RELIGION AND SPIRITUALITY', 5.37397e-06]]",False,102,68,21:56:31.543016
John killed my cat in my man by the monkey,"[['PETS', 0.063775], ['EDUCATION', 0.05201877], ['LAW GOVERNMENT AND POLITICS', 0.05141082], ['RELIGION AND SPIRITUALITY', 0.05110539], ['HEALTH AND FITNESS', 0.04952564]]","[['STYLE AND FASHION', 0.668929], ['PETS', 0.329365], ['SPORTS', 0.00170594], ['NON STANDARD CONTENT', 1.79383e-07], ['ARTS AND ENTERTAINMENT', 3.81408e-08]]",True,103,69,21:56:34.294251
Bob saw Bob,"[['SPORTS', 0.05342823], ['BUSINESS', 0.05087477], ['ARTS AND ENTERTAINMENT', 0.05046623], ['HEALTH AND FITNESS', 0.05027575], ['HOBBIES AND INTERESTS', 0.04942017]]","[['SPORTS', 0.385309], ['HOBBIES AND INTERESTS', 0.0644672], ['HOME AND GARDEN', 0.0557331], ['HEALTH AND FITNESS', 0.0259818], ['ARTS AND ENTERTAINMENT', 0.0113906]]",False,104,69,21:56:36.699054
a elephant outside I killed Bob with Bob,"[['SPORTS', 0.05575466], ['TRAVEL', 0.05342833], ['RELIGION AND SPIRITUALITY', 0.05223477], ['BUSINESS', 0.0496958], ['HEALTH AND FITNESS', 0.04806549]]","[['SPORTS', 0.333799], ['HEALTH AND FITNESS', 0.322192], ['HOBBIES AND INTERESTS', 0.0990637], ['NON STANDARD CONTENT', 0.0197946], ['RELIGION AND SPIRITUALITY', 0.0152793]]",False,105,69,21:56:40.077925
Mary killed Mary on John,"[['RELIGION AND SPIRITUALITY', 0.05324386], ['LAW GOVERNMENT AND POLITICS', 0.05292985], ['EDUCATION', 0.05101926], ['BUSINESS', 0.05004331], ['ARTS AND ENTERTAINMENT', 0.04939292]]","[['SPORTS', 0.999961], ['TRAVEL', 3.93364e-05], ['HEALTH AND FITNESS', 1.30875e-08], ['ARTS AND ENTERTAINMENT', 5.46969e-09], ['PETS', 2.76371e-09]]",True,106,70,21:56:42.846137
John ate an telescope by an man in my park outside a cat by Bob,"[['PETS', 0.06293298], ['HEALTH AND FITNESS', 0.05667571], ['SPORTS', 0.05659955], ['TRAVEL', 0.05575988], ['EDUCATION', 0.05291168]]","[['PETS', 0.999979], ['TRAVEL', 2.06031e-05], ['SCIENCE', 2.65782e-08], ['HOBBIES AND INTERESTS', 1.84717e-08], ['SPORTS', 1.02021e-08]]",False,107,70,21:56:46.290212
an dog by an monkey by John ate an elephant with I,"[['PETS', 0.05340737], ['EDUCATION', 0.0520314], ['HOBBIES AND INTERESTS', 0.05195503], ['ARTS AND ENTERTAINMENT', 0.05026595], ['HOME AND GARDEN', 0.04980295]]","[['PETS', 0.947214], ['HOBBIES AND INTERESTS', 0.0527539], ['SCIENCE', 1.87925e-05], ['SPORTS', 6.79951e-06], ['HEALTH AND FITNESS', 1.74073e-06]]",True,108,71,21:56:48.685367
Mary saw my dog in Mary,"[['PETS', 0.06112086], ['AUTOMOTIVE', 0.05460015], ['HOBBIES AND INTERESTS', 0.05285895], ['EDUCATION', 0.05167014], ['HEALTH AND FITNESS', 0.05028563]]","[['PETS', 0.964288], ['HOBBIES AND INTERESTS', 0.0345597], ['SOCIETY', 0.000397463], ['ARTS AND ENTERTAINMENT', 4.0733e-05], ['SCIENCE', 1.86274e-05]]",True,109,72,21:56:51.259706
I killed my man by Bob,"[['SPORTS', 0.0542898], ['TRAVEL', 0.05127517], ['HEALTH AND FITNESS', 0.05091459], ['RELIGION AND SPIRITUALITY', 0.05077159], ['HOBBIES AND INTERESTS', 0.05065441]]","[['SPORTS', 1.0], ['HOBBIES AND INTERESTS', 7.00061e-09], ['ARTS AND ENTERTAINMENT', 2.31479e-09], ['NON STANDARD CONTENT', 1.58682e-09], ['RELIGION AND SPIRITUALITY', 3.12962e-10]]",False,110,72,21:56:54.460265
Mary saw John outside an pajamas,"[['HEALTH AND FITNESS', 0.0538676], ['EDUCATION', 0.05293648], ['RELIGION AND SPIRITUALITY', 0.05207311], ['BUSINESS', 0.05203027], ['SPORTS', 0.05043671]]","[['SCIENCE', 0.927402], ['FOOD AND DRINK', 0.0713666], ['SPORTS', 0.000504227], ['CAREERS', 0.00041463], ['RELIGION AND SPIRITUALITY', 1.33218e-05]]",True,111,73,21:56:58.921428
Mary walked Mary,"[['ARTS AND ENTERTAINMENT', 0.04981366], ['RELIGION AND SPIRITUALITY', 0.04908628], ['SOCIETY', 0.04884156], ['TECHNOLOGY AND COMPUTING', 0.04881439], ['REAL ESTATE', 0.04880867]]","[['RELIGION AND SPIRITUALITY', 0.384135], ['TRAVEL', 0.0883316], ['HOBBIES AND INTERESTS', 0.0572704], ['SCIENCE', 0.0472502], ['HOME AND GARDEN', 0.0371633]]",True,112,74,21:57:01.495820
Mary shot the monkey by Bob,"[['SPORTS', 0.05935084], ['BUSINESS', 0.05282806], ['HEALTH AND FITNESS', 0.05067953], ['TECHNOLOGY AND COMPUTING', 0.04908141], ['ARTS AND ENTERTAINMENT', 0.0487131]]","[['HEALTH AND FITNESS', 0.999969], ['SPORTS', 9.21175e-06], ['SCIENCE', 5.48711e-06], ['NON STANDARD CONTENT', 2.75716e-06], ['HOBBIES AND INTERESTS', 2.6792e-06]]",True,113,75,21:57:04.348947
the telescope shot the monkey with Bob with Mary,"[['SPORTS', 0.0583053], ['BUSINESS', 0.05237536], ['SCIENCE', 0.05177787], ['HEALTH AND FITNESS', 0.05067035], ['TECHNOLOGY AND COMPUTING', 0.04838734]]","[['SCIENCE', 0.581489], ['HEALTH AND FITNESS', 0.191766], ['HOBBIES AND INTERESTS', 0.0846252], ['STYLE AND FASHION', 0.0315608], ['SPORTS', 0.00908165]]",False,114,75,21:57:07.007770
my man in an telescope in my dog killed a man with my dog by my telescope,"[['PETS', 0.05944828], ['SCIENCE', 0.05518447], ['AUTOMOTIVE', 0.05214807], ['EDUCATION', 0.05141584], ['RELIGION AND SPIRITUALITY', 0.05116378]]","[['PETS', 1.0], ['SPORTS', 9.17891e-09], ['SCIENCE', 3.02487e-09], ['ARTS AND ENTERTAINMENT', 1.49066e-09], ['RELIGION AND SPIRITUALITY', 3.72745e-11]]",False,115,75,21:57:09.338690
Bob shot Bob by John on the man outside John,"[['SPORTS', 0.06729624], ['ARTS AND ENTERTAINMENT', 0.0535832], ['HEALTH AND FITNESS', 0.0532916], ['BUSINESS', 0.05257014], ['TRAVEL', 0.05083498]]","[['SPORTS', 0.2133], ['TRAVEL', 0.0712227], ['HOBBIES AND INTERESTS', 0.0594772], ['RELIGION AND SPIRITUALITY', 0.0246247], ['NON STANDARD CONTENT', 0.0232934]]",True,116,76,21:57:12.028861
John ate John outside Mary in my pajamas,"[['HEALTH AND FITNESS', 0.05521289], ['RELIGION AND SPIRITUALITY', 0.05418229], ['EDUCATION', 0.05324709], ['PETS', 0.04947203], ['ARTS AND ENTERTAINMENT', 0.0487151]]","[['SCIENCE', 0.99406], ['FOOD AND DRINK', 0.00355693], ['RELIGION AND SPIRITUALITY', 0.000898039], ['CAREERS', 0.00052279], ['TRAVEL', 9.80162e-05]]",True,117,77,21:57:14.791325
Mary saw I,"[['HOBBIES AND INTERESTS', 0.05561263], ['TECHNOLOGY AND COMPUTING', 0.05056618], ['ARTS AND ENTERTAINMENT', 0.05031506], ['SPORTS', 0.04954341], ['SCIENCE', 0.04925881]]","[['RELIGION AND SPIRITUALITY', 0.0962078], ['HOBBIES AND INTERESTS', 0.0658816], ['CAREERS', 0.0649985], ['SPORTS', 0.0632304], ['STYLE AND FASHION', 0.0394883]]",True,118,78,21:57:17.558487
Mary walked my elephant on I,"[['TECHNOLOGY AND COMPUTING', 0.05300444], ['HOBBIES AND INTERESTS', 0.0528831], ['HEALTH AND FITNESS', 0.05049804], ['RELIGION AND SPIRITUALITY', 0.05042641], ['HOME AND GARDEN', 0.04988759]]","[['SPORTS', 0.463137], ['LAW AND GOVERNMENT AND POLITICS', 0.0733127], ['HOBBIES AND INTERESTS', 0.0563442], ['RELIGION AND SPIRITUALITY', 0.0536442], ['PETS', 0.045406]]",True,119,79,21:57:20.691462
an telescope walked Bob,"[['SPORTS', 0.05212999], ['SCIENCE', 0.05153178], ['ARTS AND ENTERTAINMENT', 0.05034377], ['PETS', 0.04943604], ['REAL ESTATE', 0.04857257]]","[['SPORTS', 0.952962], ['SCIENCE', 0.0465462], ['HEALTH AND FITNESS', 0.000436394], ['HOBBIES AND INTERESTS', 3.29336e-05], ['TRAVEL', 1.38851e-06]]",True,120,80,21:57:23.228206
Bob shot John with an dog,"[['PETS', 0.0575304], ['SPORTS', 0.05750326], ['ARTS AND ENTERTAINMENT', 0.05318294], ['BUSINESS', 0.05143588], ['LAW GOVERNMENT AND POLITICS', 0.05061578]]","[['ARTS AND ENTERTAINMENT', 0.650747], ['SOCIETY', 0.349253], ['PETS', 4.91809e-07], ['SPORTS', 1.09961e-08], ['HOBBIES AND INTERESTS', 6.68493e-09]]",False,121,80,21:57:26.158826
I killed Bob on Bob,"[['SPORTS', 0.05348536], ['LAW GOVERNMENT AND POLITICS', 0.04899008], ['ARTS AND ENTERTAINMENT', 0.04897604], ['HOBBIES AND INTERESTS', 0.04872475], ['RELIGION AND SPIRITUALITY', 0.04849841]]","[['SPORTS', 1.0], ['HOBBIES AND INTERESTS', 1.17857e-09], ['RELIGION AND SPIRITUALITY', 1.95952e-10], ['EDUCATION', 1.11094e-10], ['NON STANDARD CONTENT', 9.19177e-11]]",False,122,80,21:57:28.924442
Mary killed I on Bob,"[['SPORTS', 0.05171688], ['ARTS AND ENTERTAINMENT', 0.05004314], ['RELIGION AND SPIRITUALITY', 0.04960848], ['STYLE AND FASHION', 0.04952991], ['TECHNOLOGY AND COMPUTING', 0.04939121]]","[['SPORTS', 1.0], ['HOBBIES AND INTERESTS', 5.70075e-12], ['CAREERS', 2.00721e-12], ['TRAVEL', 1.74271e-12], ['RELIGION AND SPIRITUALITY', 1.06102e-12]]",True,123,81,21:57:31.687450
I walked John on Bob on I,"[['SPORTS', 0.05835259], ['ARTS AND ENTERTAINMENT', 0.05488868], ['LAW GOVERNMENT AND POLITICS', 0.04974446], ['CAREERS', 0.04766081], ['EDUCATION', 0.04755545]]","[['SPORTS', 1.0], ['LAW AND GOVERNMENT AND POLITICS', 2.62809e-09], ['HOBBIES AND INTERESTS', 1.84441e-09], ['RELIGION AND SPIRITUALITY', 1.76112e-09], ['TRAVEL', 8.64426e-10]]",True,124,82,21:57:34.147842
the monkey saw Bob,"[['SPORTS', 0.05426369], ['BUSINESS', 0.05193305], ['HEALTH AND FITNESS', 0.04997173], ['HOBBIES AND INTERESTS', 0.04974582], ['ARTS AND ENTERTAINMENT', 0.04886178]]","[['HOBBIES AND INTERESTS', 0.548368], ['SOCIETY', 0.082232], ['TRAVEL', 0.0777409], ['SCIENCE', 0.0537484], ['EDUCATION', 0.0525799]]",True,125,83,21:57:36.910520
Mary killed John,"[['RELIGION AND SPIRITUALITY', 0.05330891], ['LAW GOVERNMENT AND POLITICS', 0.05292519], ['EDUCATION', 0.05101477], ['BUSINESS', 0.05003891], ['ARTS AND ENTERTAINMENT', 0.04939208]]","[['RELIGION AND SPIRITUALITY', 1.0], ['TRAVEL', 2.23711e-16], ['CAREERS', 1.17466e-16], ['REAL ESTATE', 9.23545e-17], ['SPORTS', 8.89909e-17]]",True,125,83,21:57:39.982837
I ate John,"[['SPORTS', 0.05347458], ['ARTS AND ENTERTAINMENT', 0.05117128], ['FOOD AND DRINK', 0.05100227], ['EDUCATION', 0.05053936], ['LAW GOVERNMENT AND POLITICS', 0.04913333]]","[['FOOD AND DRINK', 0.174997], ['NON STANDARD CONTENT', 0.145322], ['RELIGION AND SPIRITUALITY', 0.1336], ['TRAVEL', 0.0244973], ['STYLE AND FASHION', 0.0238805]]",True,126,84,21:57:42.747430
an telescope on Mary saw I,"[['SCIENCE', 0.05561168], ['HOBBIES AND INTERESTS', 0.05481268], ['TECHNOLOGY AND COMPUTING', 0.04983218], ['ARTS AND ENTERTAINMENT', 0.04962171], ['HEALTH AND FITNESS', 0.04918677]]","[['EDUCATION', 1.0], ['SCIENCE', 7.64825e-08], ['HOBBIES AND INTERESTS', 8.23894e-11], ['RELIGION AND SPIRITUALITY', 6.6368e-12], ['SPORTS', 2.0037e-12]]",True,127,85,21:57:46.012499
my cat in Mary killed an cat on the fish in an park,"[['PETS', 0.07782668], ['TRAVEL', 0.05318885], ['RELIGION AND SPIRITUALITY', 0.05285932], ['FOOD AND DRINK', 0.04947321], ['EDUCATION', 0.04840658]]","[['PETS', 1.0], ['SPORTS', 6.04916e-20], ['SCIENCE', 2.33162e-22], ['HOBBIES AND INTERESTS', 8.52397e-23], ['TRAVEL', 1.28983e-23]]",True,128,86,21:57:48.515596
John shot a telescope,"[['SPORTS', 0.05566663], ['LAW GOVERNMENT AND POLITICS', 0.05064438], ['SCIENCE', 0.0496665], ['EDUCATION', 0.0494315], ['BUSINESS', 0.04921168]]","[['SOCIETY', 0.99949], ['SCIENCE', 0.000509023], ['HOBBIES AND INTERESTS', 7.58131e-07], ['SPORTS', 5.55554e-08], ['TECHNOLOGY AND COMPUTING', 7.2023e-09]]",True,129,87,21:57:51.655191
John shot Bob outside John,"[['SPORTS', 0.06515642], ['BUSINESS', 0.05342316], ['ARTS AND ENTERTAINMENT', 0.05114365], ['HEALTH AND FITNESS', 0.05085036], ['LAW GOVERNMENT AND POLITICS', 0.04957809]]","[['SOCIETY', 1.0], ['SPORTS', 4.99415e-09], ['NON STANDARD CONTENT', 1.52294e-10], ['RELIGION AND SPIRITUALITY', 1.11531e-10], ['ARTS AND ENTERTAINMENT', 9.51486e-11]]",True,130,88,21:57:54.727862
John walked Bob,"[['SPORTS', 0.05487139], ['ARTS AND ENTERTAINMENT', 0.05366777], ['LAW GOVERNMENT AND POLITICS', 0.05071918], ['PERSONAL FINANCE', 0.04970713], ['PETS', 0.04903194]]","[['SPORTS', 0.994146], ['HEALTH AND FITNESS', 0.00232736], ['TRAVEL', 7.86448e-05], ['RELIGION AND SPIRITUALITY', 6.95857e-06], ['LAW AND GOVERNMENT AND POLITICS', 2.44215e-07]]",True,131,89,21:57:57.492782
Bob killed Bob,"[['BUSINESS', 0.05061952], ['SPORTS', 0.05034261], ['LAW GOVERNMENT AND POLITICS', 0.05016963], ['REAL ESTATE', 0.04913586], ['PETS', 0.04887502]]","[['SPORTS', 0.358438], ['HOBBIES AND INTERESTS', 0.267295], ['RELIGION AND SPIRITUALITY', 0.0215905], ['EDUCATION', 0.0150678], ['PETS', 0.0123661]]",True,132,90,21:58:00.109495
I ate an fish on John,"[['SPORTS', 0.05884581], ['FOOD AND DRINK', 0.05628814], ['PETS', 0.05338482], ['ARTS AND ENTERTAINMENT', 0.05077937], ['RELIGION AND SPIRITUALITY', 0.05026587]]","[['SPORTS', 0.892474], ['TRAVEL', 0.0928598], ['SCIENCE', 0.0111874], ['FAMILY AND PARENTING', 0.00057072], ['FOOD AND DRINK', 7.86336e-05]]",True,133,91,21:58:02.511760
Mary walked Mary with Bob,"[['ARTS AND ENTERTAINMENT', 0.05204875], ['SPORTS', 0.05121413], ['BUSINESS', 0.04943061], ['HEALTH AND FITNESS', 0.04935351], ['PETS', 0.04930707]]","[['SPORTS', 0.372767], ['HEALTH AND FITNESS', 0.268955], ['SCIENCE', 0.0370048], ['HOBBIES AND INTERESTS', 0.0348954], ['TRAVEL', 0.0198023]]",True,134,92,21:58:05.172934
a telescope outside an monkey walked a monkey with John,"[['RELIGION AND SPIRITUALITY', 0.05170848], ['SPORTS', 0.05159026], ['EDUCATION', 0.05016613], ['BUSINESS', 0.04998552], ['SCIENCE', 0.04969102]]","[['SCIENCE', 0.233469], ['AUTOMOTIVE', 0.213475], ['SPORTS', 0.194823], ['STYLE AND FASHION', 0.110707], ['HOBBIES AND INTERESTS', 0.0465217]]",True,135,93,21:58:08.206806
Mary ate my park with I,"[['TRAVEL', 0.05582895], ['HEALTH AND FITNESS', 0.05249044], ['FOOD AND DRINK', 0.05153762], ['HOBBIES AND INTERESTS', 0.05123114], ['SPORTS', 0.05053395]]","[['NON STANDARD CONTENT', 0.997276], ['HOBBIES AND INTERESTS', 0.0027235], ['SPORTS', 2.89638e-10], ['PETS', 2.50678e-10], ['HOME AND GARDEN', 2.38763e-10]]",True,136,94,21:58:11.541704
Mary killed the man on a park with an park on I,"[['TRAVEL', 0.05668528], ['RELIGION AND SPIRITUALITY', 0.05207231], ['SPORTS', 0.05124853], ['HOBBIES AND INTERESTS', 0.05078727], ['SCIENCE', 0.05072927]]","[['TRAVEL', 0.954745], ['SPORTS', 0.000518679], ['PETS', 0.000202739], ['SCIENCE', 4.55939e-05], ['RELIGION AND SPIRITUALITY', 2.34681e-05]]",False,137,94,21:58:13.985486
a fish on I killed Bob in Bob,"[['SPORTS', 0.05991302], ['PETS', 0.05581745], ['FOOD AND DRINK', 0.05230681], ['RELIGION AND SPIRITUALITY', 0.05143171], ['ARTS AND ENTERTAINMENT', 0.04837033]]","[['SPORTS', 0.953272], ['LAW AND GOVERNMENT AND POLITICS', 0.000176283], ['HOBBIES AND INTERESTS', 2.48427e-05], ['SCIENCE', 1.04384e-05], ['FOOD AND DRINK', 3.21016e-06]]",True,138,95,21:58:16.879315
my man outside my cat walked Mary by an pajamas on I in an telescope in Mary,"[['PETS', 0.06433142], ['SCIENCE', 0.05438552], ['HEALTH AND FITNESS', 0.05390876], ['RELIGION AND SPIRITUALITY', 0.05253656], ['TECHNOLOGY AND COMPUTING', 0.05180691]]","[['PETS', 0.849538], ['SPORTS', 0.149477], ['SCIENCE', 0.000783455], ['HOBBIES AND INTERESTS', 8.87312e-05], ['RELIGION AND SPIRITUALITY', 6.22364e-06]]",False,139,95,21:58:20.268805
an man ate Bob with John,"[['SPORTS', 0.05696001], ['ARTS AND ENTERTAINMENT', 0.05514857], ['EDUCATION', 0.05143973], ['HEALTH AND FITNESS', 0.05137137], ['LAW GOVERNMENT AND POLITICS', 0.05105043]]","[['FOOD AND DRINK', 0.139753], ['EDUCATION', 0.0678193], ['RELIGION AND SPIRITUALITY', 0.0461254], ['SPORTS', 0.0455185], ['SOCIETY', 0.0447078]]",True,140,96,21:58:22.574901
I ate I in an cat,"[['PETS', 0.06087302], ['TECHNOLOGY AND COMPUTING', 0.0521759], ['FOOD AND DRINK', 0.05067319], ['HOBBIES AND INTERESTS', 0.05057719], ['SPORTS', 0.04988693]]","[['PETS', 0.999971], ['STYLE AND FASHION', 2.9547e-06], ['HEALTH AND FITNESS', 1.91629e-06], ['HOBBIES AND INTERESTS', 1.87012e-06], ['ARTS AND ENTERTAINMENT', 1.44583e-06]]",True,141,97,21:58:24.992082
Mary wounded Bob in Bob in a fish,"[['PETS', 0.05735679], ['SPORTS', 0.0571292], ['ARTS AND ENTERTAINMENT', 0.05097692], ['FOOD AND DRINK', 0.05012661], ['RELIGION AND SPIRITUALITY', 0.04865005]]","[['SPORTS', 0.872903], ['LAW AND GOVERNMENT AND POLITICS', 0.0241131], ['HOBBIES AND INTERESTS', 0.000388475], ['CAREERS', 0.000162653], ['PETS', 0.000109123]]",True,142,98,21:58:27.955378
my elephant on my dog saw John in an elephant on an man with Mary,"[['PETS', 0.05679461], ['EDUCATION', 0.05563025], ['HOBBIES AND INTERESTS', 0.05456975], ['ARTS AND ENTERTAINMENT', 0.05331308], ['HEALTH AND FITNESS', 0.05256869]]","[['SPORTS', 0.441444], ['ARTS AND ENTERTAINMENT', 0.120687], ['HEALTH AND FITNESS', 0.0680434], ['HOBBIES AND INTERESTS', 0.0169793], ['RELIGION AND SPIRITUALITY', 0.00973437]]",False,143,98,21:58:31.394168
Bob killed I by an park with I,"[['TRAVEL', 0.05729043], ['SPORTS', 0.05680204], ['ARTS AND ENTERTAINMENT', 0.0488649], ['HOBBIES AND INTERESTS', 0.04834763], ['LAW GOVERNMENT AND POLITICS', 0.04808801]]","[['HOBBIES AND INTERESTS', 0.999522], ['TRAVEL', 4.98906e-05], ['SPORTS', 4.53909e-05], ['RELIGION AND SPIRITUALITY', 1.24168e-05], ['PETS', 4.41829e-06]]",False,144,98,21:58:35.316332
Bob wounded I in Mary by I,"[['SPORTS', 0.05510426], ['ARTS AND ENTERTAINMENT', 0.05257975], ['TECHNOLOGY AND COMPUTING', 0.05055278], ['STYLE AND FASHION', 0.04970114], ['HEALTH AND FITNESS', 0.04915046]]","[['HOBBIES AND INTERESTS', 0.305109], ['SPORTS', 0.220834], ['CAREERS', 0.0662932], ['ARTS AND ENTERTAINMENT', 0.0373024], ['TRAVEL', 0.0184985]]",True,145,99,21:58:38.350620
my park outside I shot Mary in the pajamas in John,"[['SPORTS', 0.06133962], ['TRAVEL', 0.05833039], ['HEALTH AND FITNESS', 0.05620503], ['RELIGION AND SPIRITUALITY', 0.05405401], ['ARTS AND ENTERTAINMENT', 0.04953156]]","[['TRAVEL', 0.771221], ['SCIENCE', 0.228365], ['FOOD AND DRINK', 0.000403988], ['SPORTS', 2.39826e-06], ['HOME AND GARDEN', 1.22968e-06]]",True,146,100,21:58:41.115115
an telescope ate John outside my telescope in a pajamas with my park,"[['TRAVEL', 0.05719838], ['HEALTH AND FITNESS', 0.05533052], ['EDUCATION', 0.05357136], ['SPORTS', 0.05162505], ['RELIGION AND SPIRITUALITY', 0.05047907]]","[['SCIENCE', 0.532031], ['HOBBIES AND INTERESTS', 3.2287e-05], ['SPORTS', 1.82869e-05], ['TECHNOLOGY AND COMPUTING', 9.15065e-06], ['STYLE AND FASHION', 3.99711e-06]]",True,147,101,21:58:43.924889
a pajamas ate I,"[['FOOD AND DRINK', 0.05206421], ['SPORTS', 0.05147015], ['TECHNOLOGY AND COMPUTING', 0.05086531], ['HOBBIES AND INTERESTS', 0.04990994], ['HOME AND GARDEN', 0.04894761]]","[['SCIENCE', 0.908133], ['FOOD AND DRINK', 0.0917459], ['SPORTS', 0.000117839], ['NON STANDARD CONTENT', 2.67061e-07], ['CAREERS', 1.95282e-07]]",True,148,102,21:58:46.267247
John shot John in I,"[['SPORTS', 0.0601238], ['ARTS AND ENTERTAINMENT', 0.05062884], ['LAW GOVERNMENT AND POLITICS', 0.049658], ['TECHNOLOGY AND COMPUTING', 0.04948651], ['RELIGION AND SPIRITUALITY', 0.04845379]]","[['ARTS AND ENTERTAINMENT', 0.57824], ['SOCIETY', 0.42176], ['RELIGION AND SPIRITUALITY', 4.05061e-09], ['HOBBIES AND INTERESTS', 2.92201e-09], ['SPORTS', 1.13234e-09]]",False,149,102,21:58:49.154230
an pajamas ate Mary in an pajamas with Mary with Bob,"[['HEALTH AND FITNESS', 0.05166435], ['SPORTS', 0.05164554], ['ARTS AND ENTERTAINMENT', 0.05019955], ['BUSINESS', 0.0498955], ['STYLE AND FASHION', 0.04978134]]","[['SCIENCE', 0.831207], ['FOOD AND DRINK', 0.168622], ['CAREERS', 7.15149e-05], ['SPORTS', 4.63229e-05], ['HEALTH AND FITNESS', 9.05631e-06]]",True,150,103,21:58:52.242761
I walked my cat on Mary with Mary by I,"[['PETS', 0.06692243], ['TECHNOLOGY AND COMPUTING', 0.05386816], ['HOBBIES AND INTERESTS', 0.05122792], ['ARTS AND ENTERTAINMENT', 0.04981567], ['RELIGION AND SPIRITUALITY', 0.04823343]]","[['PETS', 1.0], ['EDUCATION', 1.09118e-13], ['HOBBIES AND INTERESTS', 1.27478e-17], ['RELIGION AND SPIRITUALITY', 3.31218e-18], ['SPORTS', 4.32437e-19]]",False,151,103,21:58:55.212148
my man outside an cat with an elephant walked my telescope with a man by I on Bob in John outside John,"[['PETS', 0.06172786], ['SPORTS', 0.05866627], ['HEALTH AND FITNESS', 0.05362299], ['ARTS AND ENTERTAINMENT', 0.0528177], ['TRAVEL', 0.05032949]]","[['SPORTS', 0.744566], ['PETS', 0.198025], ['NON STANDARD CONTENT', 0.001318], ['HOBBIES AND INTERESTS', 0.000632598], ['SCIENCE', 0.000545714]]",True,152,104,21:58:58.055808
an dog outside a fish by John ate a fish in a telescope,"[['PETS', 0.06727984], ['FOOD AND DRINK', 0.05336211], ['EDUCATION', 0.05319431], ['RELIGION AND SPIRITUALITY', 0.05223241], ['SPORTS', 0.05142066]]","[['SPORTS', 0.997474], ['ARTS AND ENTERTAINMENT', 0.00010629], ['PETS', 7.89925e-06], ['FOOD AND DRINK', 4.24753e-06], ['SCIENCE', 3.51098e-06]]",False,153,104,21:59:00.820074
I killed an dog outside my monkey outside Bob,"[['PETS', 0.05889017], ['TRAVEL', 0.05436769], ['RELIGION AND SPIRITUALITY', 0.05248652], ['AUTOMOTIVE', 0.05089162], ['SPORTS', 0.05008753]]","[['FAMILY AND PARENTING', 0.872947], ['ARTS AND ENTERTAINMENT', 0.127046], ['PETS', 5.50244e-06], ['SPORTS', 2.86268e-07], ['NON STANDARD CONTENT', 1.95558e-07]]",True,154,105,21:59:03.267968
Bob killed Mary,"[['BUSINESS', 0.05142488], ['LAW GOVERNMENT AND POLITICS', 0.04993618], ['REAL ESTATE', 0.04919397], ['RELIGION AND SPIRITUALITY', 0.0491727], ['STYLE AND FASHION', 0.04911888]]","[['PETS', 0.378156], ['HEALTH AND FITNESS', 0.233509], ['BUSINESS', 0.18572], ['HOBBIES AND INTERESTS', 0.0307768], ['TRAVEL', 0.0165709]]",True,155,106,21:59:05.735929
John wounded Bob by an cat,"[['PETS', 0.06453101], ['SPORTS', 0.05373324], ['ARTS AND ENTERTAINMENT', 0.05247163], ['LAW GOVERNMENT AND POLITICS', 0.05025389], ['EDUCATION', 0.04913987]]","[['PETS', 0.999991], ['SPORTS', 4.8718e-06], ['ARTS AND ENTERTAINMENT', 9.11115e-07], ['HOBBIES AND INTERESTS', 4.15648e-07], ['CAREERS', 5.0302e-08]]",False,156,106,21:59:08.762595
an monkey walked Bob on Mary,"[['SPORTS', 0.05202152], ['BUSINESS', 0.05046521], ['ARTS AND ENTERTAINMENT', 0.05040033], ['STYLE AND FASHION', 0.04995809], ['HEALTH AND FITNESS', 0.04906124]]","[['EDUCATION', 0.999996], ['SPORTS', 3.68763e-06], ['HEALTH AND FITNESS', 4.03084e-07], ['HOBBIES AND INTERESTS', 3.5795e-08], ['TRAVEL', 6.10574e-09]]",True,157,107,21:59:11.453346
the monkey shot Bob in I by a fish,"[['SPORTS', 0.0720662], ['PETS', 0.05346543], ['FOOD AND DRINK', 0.0509677], ['TRAVEL', 0.05023864], ['TECHNOLOGY AND COMPUTING', 0.04947682]]","[['SPORTS', 0.637561], ['SCIENCE', 0.00763635], ['FOOD AND DRINK', 0.00662959], ['HEALTH AND FITNESS', 0.00342627], ['LAW AND GOVERNMENT AND POLITICS', 0.003032]]",True,158,108,21:59:14.223373
John wounded my elephant outside I,"[['RELIGION AND SPIRITUALITY', 0.05436148], ['SPORTS', 0.05392163], ['HEALTH AND FITNESS', 0.05119544], ['TRAVEL', 0.05098517], ['HOBBIES AND INTERESTS', 0.04940514]]","[['SPORTS', 0.842665], ['ARTS AND ENTERTAINMENT', 0.0779159], ['FOOD AND DRINK', 0.0280631], ['HOBBIES AND INTERESTS', 0.0178147], ['CAREERS', 0.00349165]]",True,159,109,21:59:16.573791
I walked Bob in Bob,"[['SPORTS', 0.05638413], ['ARTS AND ENTERTAINMENT', 0.05215514], ['TECHNOLOGY AND COMPUTING', 0.05019954], ['HOBBIES AND INTERESTS', 0.04811923], ['STYLE AND FASHION', 0.04810564]]","[['SPORTS', 0.983329], ['HEALTH AND FITNESS', 0.0143581], ['LAW AND GOVERNMENT AND POLITICS', 0.00126986], ['HOBBIES AND INTERESTS', 4.77317e-05], ['TRAVEL', 1.41372e-05]]",True,160,110,21:59:18.951213
the monkey on the cat outside Bob saw Bob,"[['PETS', 0.06339426], ['SPORTS', 0.05456365], ['BUSINESS', 0.05267168], ['HEALTH AND FITNESS', 0.05114022], ['REAL ESTATE', 0.04911341]]","[['PETS', 0.976601], ['FAMILY AND PARENTING', 0.0233991], ['HOBBIES AND INTERESTS', 3.4582e-08], ['NON STANDARD CONTENT', 1.20984e-08], ['SPORTS', 1.07535e-08]]",True,161,111,21:59:21.345340
John saw Bob,"[['SPORTS', 0.05523787], ['ARTS AND ENTERTAINMENT', 0.05306817], ['BUSINESS', 0.051243], ['LAW GOVERNMENT AND POLITICS', 0.0511873], ['EDUCATION', 0.05060116]]","[['SPORTS', 0.100847], ['HOBBIES AND INTERESTS', 0.0842509], ['HOME AND GARDEN', 0.0603785], ['HEALTH AND FITNESS', 0.0445744], ['LAW AND GOVERNMENT AND POLITICS', 0.023243]]",True,162,112,21:59:23.816602
my monkey by Mary killed a cat on the elephant in I,"[['PETS', 0.0609065], ['HOBBIES AND INTERESTS', 0.05391225], ['TECHNOLOGY AND COMPUTING', 0.0523579], ['RELIGION AND SPIRITUALITY', 0.05057873], ['HOME AND GARDEN', 0.05034913]]","[['PETS', 1.0], ['HOBBIES AND INTERESTS', 1.10371e-19], ['HEALTH AND FITNESS', 1.15037e-21], ['SPORTS', 8.0211e-22], ['ARTS AND ENTERTAINMENT', 7.51781e-22]]",True,163,113,21:59:26.502953
a elephant with John walked John in I,"[['SPORTS', 0.05263796], ['ARTS AND ENTERTAINMENT', 0.0516409], ['HOBBIES AND INTERESTS', 0.05062046], ['LAW GOVERNMENT AND POLITICS', 0.04926368], ['EDUCATION', 0.04889278]]","[['RELIGION AND SPIRITUALITY', 0.519943], ['SPORTS', 0.306727], ['LAW AND GOVERNMENT AND POLITICS', 0.023149], ['HOBBIES AND INTERESTS', 0.01546], ['HEALTH AND FITNESS', 0.012297]]",True,164,114,21:59:30.564185
a man walked Mary outside a cat,"[['PETS', 0.06103138], ['HEALTH AND FITNESS', 0.0522034], ['RELIGION AND SPIRITUALITY', 0.0519037], ['ARTS AND ENTERTAINMENT', 0.05115504], ['REAL ESTATE', 0.05020835]]","[['PETS', 1.0], ['HOBBIES AND INTERESTS', 2.38118e-09], ['STYLE AND FASHION', 1.97074e-09], ['SPORTS', 2.58481e-10], ['FAMILY AND PARENTING', 1.75614e-10]]",True,165,115,21:59:33.300762
I walked my cat,"[['PETS', 0.06703854], ['TECHNOLOGY AND COMPUTING', 0.05261125], ['HOBBIES AND INTERESTS', 0.05125523], ['AUTOMOTIVE', 0.04992635], ['ARTS AND ENTERTAINMENT', 0.04811113]]","[['PETS', 0.999998], ['HOBBIES AND INTERESTS', 5.18613e-07], ['SPORTS', 3.87775e-07], ['STYLE AND FASHION', 1.98185e-07], ['HEALTH AND FITNESS', 6.79268e-08]]",True,166,116,21:59:36.517232
Bob killed Mary,"[['BUSINESS', 0.05142488], ['LAW GOVERNMENT AND POLITICS', 0.04993618], ['REAL ESTATE', 0.04919397], ['RELIGION AND SPIRITUALITY', 0.0491727], ['STYLE AND FASHION', 0.04911888]]","[['PETS', 0.378156], ['HEALTH AND FITNESS', 0.233509], ['BUSINESS', 0.18572], ['HOBBIES AND INTERESTS', 0.0307768], ['TRAVEL', 0.0165709]]",True,166,116,21:59:39.220010
Mary shot Bob outside Mary with I,"[['SPORTS', 0.06448151], ['TECHNOLOGY AND COMPUTING', 0.05173938], ['HEALTH AND FITNESS', 0.0514125], ['BUSINESS', 0.05119527], ['ARTS AND ENTERTAINMENT', 0.05080816]]","[['HEALTH AND FITNESS', 0.99746], ['HOBBIES AND INTERESTS', 0.00253962], ['SPORTS', 2.40017e-07], ['ARTS AND ENTERTAINMENT', 4.40453e-08], ['REAL ESTATE', 2.04391e-08]]",False,167,116,21:59:41.989026
John wounded John with Bob by Bob outside Bob in a telescope,"[['SPORTS', 0.05690327], ['BUSINESS', 0.05208041], ['ARTS AND ENTERTAINMENT', 0.05155408], ['HEALTH AND FITNESS', 0.0501362], ['EDUCATION', 0.04961401]]","[['SOCIETY', 0.896929], ['HOBBIES AND INTERESTS', 0.048492], ['SCIENCE', 0.0415758], ['SPORTS', 0.00994177], ['ARTS AND ENTERTAINMENT', 9.05455e-05]]",True,168,117,21:59:44.860770
Mary walked a telescope by a man on I,"[['SCIENCE', 0.05766569], ['ARTS AND ENTERTAINMENT', 0.05177536], ['TECHNOLOGY AND COMPUTING', 0.05073173], ['HOBBIES AND INTERESTS', 0.05045371], ['HEALTH AND FITNESS', 0.05042225]]","[['SCIENCE', 0.974819], ['RELIGION AND SPIRITUALITY', 0.0128848], ['SPORTS', 0.00106294], ['STYLE AND FASHION', 0.000969546], ['HOBBIES AND INTERESTS', 0.000778199]]",True,169,118,21:59:47.785402
a fish killed John outside I on Mary by Bob by the monkey by I outside I,"[['SPORTS', 0.06357507], ['RELIGION AND SPIRITUALITY', 0.05813635], ['PETS', 0.05459298], ['FOOD AND DRINK', 0.05032373], ['ARTS AND ENTERTAINMENT', 0.05013764]]","[['RELIGION AND SPIRITUALITY', 0.656584], ['EDUCATION', 0.282193], ['BUSINESS', 0.0570004], ['SPORTS', 0.00148944], ['NON STANDARD CONTENT', 0.00042201]]",True,170,119,21:59:50.598491
the cat by my man walked Bob on Bob,"[['PETS', 0.0647005], ['HEALTH AND FITNESS', 0.05208002], ['ARTS AND ENTERTAINMENT', 0.05201803], ['SPORTS', 0.05170174], ['TRAVEL', 0.04843291]]","[['PETS', 0.999692], ['SPORTS', 0.00022307], ['HEALTH AND FITNESS', 5.4873e-09], ['ARTS AND ENTERTAINMENT', 1.06629e-09], ['HOBBIES AND INTERESTS', 5.40394e-10]]",False,171,119,21:59:52.966344
the telescope by a dog killed John by I,"[['PETS', 0.05501848], ['EDUCATION', 0.05182638], ['SCIENCE', 0.05156776], ['LAW GOVERNMENT AND POLITICS', 0.05135021], ['RELIGION AND SPIRITUALITY', 0.05059322]]","[['PETS', 0.999999], ['RELIGION AND SPIRITUALITY', 5.0563e-07], ['SCIENCE', 4.18991e-12], ['HOBBIES AND INTERESTS', 3.0243e-13], ['TRAVEL', 1.22576e-13]]",False,172,119,21:59:55.471454
Mary ate Bob with a dog,"[['PETS', 0.0591358], ['ARTS AND ENTERTAINMENT', 0.05225237], ['BUSINESS', 0.05040002], ['EDUCATION', 0.04993425], ['HEALTH AND FITNESS', 0.04755264]]","[['PETS', 0.999998], ['FOOD AND DRINK', 1.83984e-06], ['TRAVEL', 1.24921e-07], ['ARTS AND ENTERTAINMENT', 2.36849e-08], ['HEALTH AND FITNESS', 1.349e-08]]",False,173,119,21:59:58.575047
an monkey in Mary walked an telescope,"[['SCIENCE', 0.05428387], ['STYLE AND FASHION', 0.04870463], ['REAL ESTATE', 0.04844069], ['TECHNOLOGY AND COMPUTING', 0.04839369], ['HEALTH AND FITNESS', 0.04831805]]","[['SPORTS', 0.505289], ['SCIENCE', 0.213961], ['HOBBIES AND INTERESTS', 0.0884853], ['TRAVEL', 0.00724404], ['AUTOMOTIVE', 0.0055392]]",True,174,120,22:00:01.292274
John killed the monkey on my man by Bob outside Bob,"[['SPORTS', 0.05575292], ['RELIGION AND SPIRITUALITY', 0.05521707], ['HEALTH AND FITNESS', 0.05330293], ['TRAVEL', 0.05247769], ['LAW GOVERNMENT AND POLITICS', 0.05102321]]","[['STYLE AND FASHION', 0.954293], ['SPORTS', 0.0287146], ['FAMILY AND PARENTING', 0.0169899], ['NON STANDARD CONTENT', 7.48323e-07], ['HOBBIES AND INTERESTS', 6.701e-07]]",True,175,121,22:00:04.183041
Bob shot Bob in I,"[['SPORTS', 0.06432637], ['TECHNOLOGY AND COMPUTING', 0.05087251], ['ARTS AND ENTERTAINMENT', 0.05027448], ['TRAVEL', 0.04981705], ['HEALTH AND FITNESS', 0.04887125]]","[['SPORTS', 0.612529], ['LAW AND GOVERNMENT AND POLITICS', 0.156791], ['HOBBIES AND INTERESTS', 0.00764656], ['HEALTH AND FITNESS', 0.00481409], ['NON STANDARD CONTENT', 0.00199997]]",True,176,122,22:00:06.824724
I shot I outside my pajamas,"[['SPORTS', 0.05845245], ['TRAVEL', 0.05453596], ['RELIGION AND SPIRITUALITY', 0.05398726], ['HEALTH AND FITNESS', 0.05365896], ['TECHNOLOGY AND COMPUTING', 0.05218079]]","[['SPORTS', 1.0], ['SCIENCE', 3.33576e-07], ['FOOD AND DRINK', 8.76147e-09], ['TRAVEL', 1.54724e-10], ['CAREERS', 1.41432e-10]]",True,177,123,22:00:09.224087
Bob walked an monkey on a dog with Mary on my cat by Mary,"[['PETS', 0.08444602], ['ARTS AND ENTERTAINMENT', 0.04952455], ['HOBBIES AND INTERESTS', 0.04866226], ['EDUCATION', 0.04838969], ['AUTOMOTIVE', 0.04771121]]","[['PETS', 0.969861], ['SPORTS', 0.0141039], ['FAMILY AND PARENTING', 0.00588969], ['HOBBIES AND INTERESTS', 3.24244e-06], ['HEALTH AND FITNESS', 1.02269e-06]]",True,178,124,22:00:11.601391
an pajamas by I saw an elephant outside Bob,"[['SPORTS', 0.05996286], ['HEALTH AND FITNESS', 0.05255011], ['TRAVEL', 0.05044499], ['HOBBIES AND INTERESTS', 0.05005567], ['AUTOMOTIVE', 0.04953941]]","[['SPORTS', 0.356306], ['HEALTH AND FITNESS', 0.190075], ['SCIENCE', 0.044181], ['NON STANDARD CONTENT', 0.0195936], ['HOBBIES AND INTERESTS', 0.0139045]]",False,179,124,22:00:14.504578
John shot an elephant outside John,"[['SPORTS', 0.05893726], ['TRAVEL', 0.05234545], ['RELIGION AND SPIRITUALITY', 0.05153945], ['BUSINESS', 0.0512468], ['HEALTH AND FITNESS', 0.05051322]]","[['SOCIETY', 0.999921], ['HEALTH AND FITNESS', 6.18928e-05], ['SPORTS', 1.26492e-05], ['FOOD AND DRINK', 3.6451e-07], ['HOBBIES AND INTERESTS', 2.71267e-07]]",True,180,125,22:00:17.629509
the dog by I saw Mary,"[['AUTOMOTIVE', 0.05489991], ['HOBBIES AND INTERESTS', 0.0541234], ['PETS', 0.05301171], ['EDUCATION', 0.05161479], ['ARTS AND ENTERTAINMENT', 0.05136738]]","[['PETS', 1.0], ['TRAVEL', 1.09195e-18], ['ARTS AND ENTERTAINMENT', 1.02938e-18], ['STYLE AND FASHION', 8.29514e-19], ['FOOD AND DRINK', 5.96518e-19]]",True,181,126,22:00:20.389027
my telescope outside the elephant by Bob shot Mary on Mary,"[['SPORTS', 0.05764102], ['HEALTH AND FITNESS', 0.05565148], ['TRAVEL', 0.05377569], ['BUSINESS', 0.05060777], ['PETS', 0.04948574]]","[['SPORTS', 0.856704], ['EDUCATION', 0.143241], ['SCIENCE', 4.53647e-05], ['HOBBIES AND INTERESTS', 4.38124e-06], ['NON STANDARD CONTENT', 6.18514e-07]]",True,182,127,22:00:22.797297
I ate an man in John in John,"[['SPORTS', 0.05647989], ['ARTS AND ENTERTAINMENT', 0.05325036], ['EDUCATION', 0.05132238], ['HEALTH AND FITNESS', 0.04991301], ['HOBBIES AND INTERESTS', 0.04966854]]","[['HOBBIES AND INTERESTS', 0.596198], ['HEALTH AND FITNESS', 0.0772672], ['SCIENCE', 0.0668059], ['RELIGION AND SPIRITUALITY', 0.062213], ['NON STANDARD CONTENT', 0.0401376]]",True,183,128,22:00:25.220801
I ate Bob,"[['SPORTS', 0.05717364], ['ARTS AND ENTERTAINMENT', 0.05079357], ['FOOD AND DRINK', 0.05060377], ['TECHNOLOGY AND COMPUTING', 0.04998537], ['STYLE AND FASHION', 0.0486228]]","[['FOOD AND DRINK', 0.49529], ['HOME AND GARDEN', 0.0692147], ['RELIGION AND SPIRITUALITY', 0.0345548], ['SPORTS', 0.0334111], ['STYLE AND FASHION', 0.0250586]]",False,183,128,22:00:27.667561
I walked Mary on Mary,"[['TECHNOLOGY AND COMPUTING', 0.05252506], ['ARTS AND ENTERTAINMENT', 0.05145503], ['HOBBIES AND INTERESTS', 0.04956908], ['RELIGION AND SPIRITUALITY', 0.04932561], ['SPORTS', 0.04925234]]","[['EDUCATION', 0.680498], ['SPORTS', 0.319502], ['RELIGION AND SPIRITUALITY', 7.36776e-10], ['HOBBIES AND INTERESTS', 1.76343e-10], ['SCIENCE', 1.18719e-10]]",False,184,128,22:00:30.021481
I shot my elephant on my monkey in Bob,"[['SPORTS', 0.06289832], ['TRAVEL', 0.05450688], ['HEALTH AND FITNESS', 0.05202215], ['TECHNOLOGY AND COMPUTING', 0.05170626], ['HOBBIES AND INTERESTS', 0.0496224]]","[['SPORTS', 0.482326], ['PETS', 0.479203], ['HOBBIES AND INTERESTS', 0.00916023], ['NON STANDARD CONTENT', 0.00527585], ['TRAVEL', 0.00286871]]",False,185,128,22:00:33.243051
Bob shot Mary with John,"[['SPORTS', 0.06043291], ['ARTS AND ENTERTAINMENT', 0.05291743], ['BUSINESS', 0.0521404], ['HEALTH AND FITNESS', 0.0509729], ['LAW GOVERNMENT AND POLITICS', 0.05078497]]","[['REAL ESTATE', 0.400847], ['SPORTS', 0.314081], ['TECHNOLOGY AND COMPUTING', 0.0289322], ['CAREERS', 0.020176], ['TRAVEL', 0.017911]]",True,186,129,22:00:36.010681
John wounded I in Bob,"[['SPORTS', 0.05929144], ['ARTS AND ENTERTAINMENT', 0.05398038], ['LAW GOVERNMENT AND POLITICS', 0.0497484], ['HOBBIES AND INTERESTS', 0.04804799], ['EDUCATION', 0.04777853]]","[['SPORTS', 0.275849], ['HOBBIES AND INTERESTS', 0.051565], ['ARTS AND ENTERTAINMENT', 0.0453007], ['CAREERS', 0.0365948], ['TRAVEL', 0.0231776]]",False,187,129,22:00:38.456551
Mary ate an cat,"[['PETS', 0.06285371], ['TECHNOLOGY AND COMPUTING', 0.04963203], ['EDUCATION', 0.04946658], ['HEALTH AND FITNESS', 0.04944064], ['FOOD AND DRINK', 0.04852435]]","[['PETS', 0.999515], ['SCIENCE', 0.00047641], ['FAMILY AND PARENTING', 8.55e-06], ['FOOD AND DRINK', 7.20218e-09], ['HOBBIES AND INTERESTS', 5.47228e-09]]",True,188,130,22:00:40.965483
John walked Mary on Mary,"[['ARTS AND ENTERTAINMENT', 0.05296978], ['LAW GOVERNMENT AND POLITICS', 0.05028201], ['EDUCATION', 0.05021601], ['RELIGION AND SPIRITUALITY', 0.04993321], ['SOCIETY', 0.04873877]]","[['EDUCATION', 0.870918], ['SPORTS', 0.129081], ['RELIGION AND SPIRITUALITY', 1.35048e-09], ['HOBBIES AND INTERESTS', 1.00527e-09], ['TRAVEL', 4.00704e-10]]",True,189,131,22:00:43.432952
an park walked an dog on Mary on I outside I,"[['TRAVEL', 0.05736248], ['PETS', 0.05497767], ['RELIGION AND SPIRITUALITY', 0.05191956], ['ARTS AND ENTERTAINMENT', 0.05177475], ['SPORTS', 0.04919271]]","[['SPORTS', 0.500972], ['EDUCATION', 0.498175], ['PETS', 0.000684841], ['TRAVEL', 5.1845e-05], ['HOBBIES AND INTERESTS', 1.65792e-05]]",False,190,131,22:00:46.550162
John ate I,"[['SPORTS', 0.0530281], ['ARTS AND ENTERTAINMENT', 0.05133814], ['FOOD AND DRINK', 0.05125586], ['EDUCATION', 0.05034465], ['LAW GOVERNMENT AND POLITICS', 0.04939778]]","[['FOOD AND DRINK', 0.174997], ['NON STANDARD CONTENT', 0.145322], ['RELIGION AND SPIRITUALITY', 0.1336], ['TRAVEL', 0.0244973], ['STYLE AND FASHION', 0.0238805]]",True,191,132,22:00:48.917072
an park killed Mary,"[['TRAVEL', 0.0546487], ['RELIGION AND SPIRITUALITY', 0.05093521], ['REAL ESTATE', 0.0494984], ['BUSINESS', 0.04945527], ['HEALTH AND FITNESS', 0.04944953]]","[['TRAVEL', 1.0], ['HEALTH AND FITNESS', 1.65725e-12], ['PETS', 3.21092e-13], ['BUSINESS', 1.50424e-13], ['SPORTS', 3.17926e-14]]",False,192,132,22:00:52.321637
Mary killed I,"[['RELIGION AND SPIRITUALITY', 0.05278543], ['TECHNOLOGY AND COMPUTING', 0.05043997], ['HOBBIES AND INTERESTS', 0.05035321], ['SCIENCE', 0.0498794], ['HOME AND GARDEN', 0.04924504]]","[['RELIGION AND SPIRITUALITY', 0.151869], ['TRAVEL', 0.108918], ['HOBBIES AND INTERESTS', 0.0897399], ['SCIENCE', 0.0755636], ['CAREERS', 0.0717363]]",False,192,132,22:00:55.103203
Bob wounded an cat,"[['PETS', 0.06500183], ['SPORTS', 0.05195762], ['ARTS AND ENTERTAINMENT', 0.04988427], ['REAL ESTATE', 0.04895541], ['BUSINESS', 0.04864301]]","[['PETS', 1.0], ['SPORTS', 7.19363e-08], ['ARTS AND ENTERTAINMENT', 1.2897e-08], ['TECHNOLOGY AND COMPUTING', 4.11687e-09], ['HOBBIES AND INTERESTS', 4.08776e-09]]",False,193,132,22:00:58.434502
I saw my man on Mary in John,"[['HEALTH AND FITNESS', 0.05586083], ['HOBBIES AND INTERESTS', 0.05402464], ['EDUCATION', 0.05380294], ['ARTS AND ENTERTAINMENT', 0.05366975], ['AUTOMOTIVE', 0.05257546]]","[['SPORTS', 0.992839], ['EDUCATION', 0.00703663], ['SOCIETY', 8.95708e-05], ['HOBBIES AND INTERESTS', 3.13498e-05], ['STYLE AND FASHION', 7.61781e-07]]",True,194,133,22:01:01.565719
John wounded Mary in an fish on Mary,"[['PETS', 0.05518711], ['SPORTS', 0.05352882], ['RELIGION AND SPIRITUALITY', 0.05273207], ['ARTS AND ENTERTAINMENT', 0.0513534], ['FOOD AND DRINK', 0.0505188]]","[['EDUCATION', 0.998567], ['SPORTS', 0.00139396], ['CAREERS', 2.20366e-06], ['HOBBIES AND INTERESTS', 1.40544e-06], ['TRAVEL', 2.02115e-07]]",True,195,134,22:01:04.020128
