Alexander I I outside Olivia,"[['SPORTS', 0.05346564], ['HOBBIES AND INTERESTS', 0.05257167], ['RELIGION AND SPIRITUALITY', 0.05109385], ['TRAVEL', 0.05037516], ['TECHNOLOGY AND COMPUTING', 0.05025455]]","[['HOBBIES & INTERESTS', 0.07], ['BIRDWATCHING', 0.05]]",True,1,1,22:09:54.748089
Alexander week on Olivia home Alexander in Alexander with I,"[['HOME AND GARDEN', 0.05794754], ['TECHNOLOGY AND COMPUTING', 0.05399642], ['FAMILY AND PARENTING', 0.05285435], ['REAL ESTATE', 0.05127317], ['HOBBIES AND INTERESTS', 0.05049144]]","[['ACCESSORIES', 0.36], ['WEDDINGS', 0.3], ['EXTREME GRAPHIC/EXPLICIT VIOLENCE', 0.2], ['HOBBIES & INTERESTS', 0.06], ['STYLE & FASHION', 0.05]]",True,2,2,22:09:56.242087
my week Alexander I knew I in an school outside Thomas,"[['EDUCATION', 0.06187801], ['FAMILY AND PARENTING', 0.06133614], ['HOBBIES AND INTERESTS', 0.05398108], ['TECHNOLOGY AND COMPUTING', 0.05336048], ['RELIGION AND SPIRITUALITY', 0.05331491]]","[['ACCESSORIES', 0.34], ['WEDDINGS', 0.28], ['PROFANE CONTENT', 0.21], ['WEATHER', 0.19], ['CATHOLICISM', 0.17]]",True,3,3,22:09:57.780793
a school on business home looked Olivia with Thomas,"[['REAL ESTATE', 0.05777716], ['EDUCATION', 0.05776607], ['HOME AND GARDEN', 0.05494708], ['BUSINESS', 0.05338598], ['FAMILY AND PARENTING', 0.05297222]]","[['BUSINESS SOFTWARE', 0.15], ['BUSINESS', 0.12]]",False,4,3,22:09:59.630834
my room by country woman thought an school with Thomas by week on the woman business in business company an country in Olivia the room,"[['BUSINESS', 0.07324709], ['EDUCATION', 0.06126747], ['LAW GOVERNMENT AND POLITICS', 0.05668217], ['HOME AND GARDEN', 0.05597526], ['REAL ESTATE', 0.0532908]]","[['BUSINESS', 0.19], ['BUSINESS SOFTWARE', 0.17]]",False,5,3,22:10:01.147655
my country stood school in I business by Alexander,"[['EDUCATION', 0.06666111], ['LAW GOVERNMENT AND POLITICS', 0.05594633], ['HOBBIES AND INTERESTS', 0.05461926], ['BUSINESS', 0.0537959], ['TRAVEL', 0.05287572]]","[['BUSINESS SOFTWARE', 0.16], ['BUSINESS', 0.12]]",False,6,3,22:10:02.681413
I looked Thomas in Thomas,"[['TECHNOLOGY AND COMPUTING', 0.05437063], ['STYLE AND FASHION', 0.05172859], ['SPORTS', 0.05118919], ['HOME AND GARDEN', 0.05043517], ['HOBBIES AND INTERESTS', 0.04897739]]","[['HOBBIES & INTERESTS', 0.07], ['JEWELRY MAKING', 0.06]]",True,7,4,22:10:04.234357
Olivia looked company in Olivia on an company,"[['BUSINESS', 0.05621744], ['STYLE AND FASHION', 0.05236133], ['REAL ESTATE', 0.05047741], ['HOME AND GARDEN', 0.04992575], ['AUTOMOTIVE', 0.04929562]]","[['CONSTRUCTION', 0.12], ['BUSINESS', 0.08], ['HOBBIES & INTERESTS', 0.07], ['GETTING PUBLISHED', 0.06]]",True,8,5,22:10:05.819838
my school my outside Olivia Alexander in Thomas,"[['EDUCATION', 0.06170611], ['FAMILY AND PARENTING', 0.05576602], ['HEALTH AND FITNESS', 0.05379946], ['RELIGION AND SPIRITUALITY', 0.05077135], ['TECHNOLOGY AND COMPUTING', 0.04942217]]","[['HOMESCHOOLING', 0.09], ['HOBBIES & INTERESTS', 0.07], ['EDUCATION', 0.06], ['CIGARS', 0.05]]",True,9,6,22:10:07.289060
Olivia knew Olivia by an week by I outside school Thomas I school,"[['EDUCATION', 0.06041637], ['FAMILY AND PARENTING', 0.05953672], ['TECHNOLOGY AND COMPUTING', 0.05449566], ['SPORTS', 0.05369332], ['STYLE AND FASHION', 0.05091467]]","[['HOMESCHOOLING', 0.09], ['EDUCATION', 0.07], ['HOBBIES & INTERESTS', 0.06], ['CIGARS', 0.05]]",True,10,7,22:10:08.831440
I thought I with business with Olivia business outside Olivia,"[['BUSINESS', 0.05617728], ['LAW GOVERNMENT AND POLITICS', 0.05613599], ['TRAVEL', 0.05271964], ['RELIGION AND SPIRITUALITY', 0.05187262], ['TECHNOLOGY AND COMPUTING', 0.05029373]]","[['BUSINESS SOFTWARE', 0.24], ['BUSINESS', 0.21]]",False,11,7,22:10:10.677402
Olivia tried business woman,"[['LAW GOVERNMENT AND POLITICS', 0.05802123], ['BUSINESS', 0.05585559], ['REAL ESTATE', 0.05218679], ['TRAVEL', 0.05111615], ['STYLE AND FASHION', 0.05046568]]","[['BUSINESS SOFTWARE', 0.2], ['BUSINESS', 0.16]]",False,12,7,22:10:12.536462
I thought Olivia,"[['RELIGION AND SPIRITUALITY', 0.05062069], ['TECHNOLOGY AND COMPUTING', 0.05037188], ['SPORTS', 0.04958955], ['AUTOMOTIVE', 0.04953404], ['SCIENCE', 0.04929642]]","[['HOBBIES & INTERESTS', 0.07], ['NEEDLEWORK', 0.05]]",True,13,8,22:10:14.086806
Olivia knew my week by Olivia with Olivia,"[['FAMILY AND PARENTING', 0.05458574], ['STYLE AND FASHION', 0.05197526], ['RELIGION AND SPIRITUALITY', 0.05058375], ['TECHNOLOGY AND COMPUTING', 0.05038435], ['EDUCATION', 0.04978464]]","[['BODY ART', 0.36], ['HUMOR', 0.21], ['EXTREME GRAPHIC/EXPLICIT VIOLENCE', 0.2], ['HOBBIES & INTERESTS', 0.06], ['NON-STANDARD CONTENT', 0.05]]",True,14,9,22:10:15.570394
Olivia thought the on my week in I,"[['TECHNOLOGY AND COMPUTING', 0.05331224], ['FAMILY AND PARENTING', 0.05136521], ['RELIGION AND SPIRITUALITY', 0.05126904], ['AUTOMOTIVE', 0.05104499], ['HEALTH AND FITNESS', 0.05076171]]","[['BODY ART', 0.35], ['HUMOR', 0.27], ['EXTREME GRAPHIC/EXPLICIT VIOLENCE', 0.18], ['HINDUISM', 0.17], ['ITALIAN CUISINE', 0.09]]",True,15,10,22:10:17.094251
Olivia looked Olivia a school Olivia Thomas a with Olivia by Olivia,"[['EDUCATION', 0.05926206], ['STYLE AND FASHION', 0.05639897], ['FAMILY AND PARENTING', 0.05466882], ['SOCIETY', 0.04930127], ['HEALTH AND FITNESS', 0.04881336]]","[['HOBBIES & INTERESTS', 0.07], ['SCREENWRITING', 0.05]]",True,16,11,22:10:18.626217
room by an school room by I home week home,"[['HOME AND GARDEN', 0.07210445], ['FAMILY AND PARENTING', 0.05664857], ['EDUCATION', 0.05478985], ['REAL ESTATE', 0.05187092], ['TECHNOLOGY AND COMPUTING', 0.0515657]]","[['ACCESSORIES', 0.39], ['STYLE & FASHION', 0.09]]",True,17,12,22:10:20.162689
Thomas knew I Alexander my country on an school home Alexander an home week in Olivia home in Alexander a country outside my school with I Thomas,"[['EDUCATION', 0.06963999], ['FAMILY AND PARENTING', 0.05950417], ['HOME AND GARDEN', 0.05770216], ['HEALTH AND FITNESS', 0.0526108], ['RELIGION AND SPIRITUALITY', 0.05003766]]","[['ACCESSORIES', 0.35], ['WEDDINGS', 0.28], ['PROFANE CONTENT', 0.2], ['HINDUISM', 0.17], ['WEATHER', 0.16]]",True,18,13,22:10:21.728620
Olivia stood I in I with an on Alexander,"[['HOBBIES AND INTERESTS', 0.05511413], ['SPORTS', 0.05204313], ['TECHNOLOGY AND COMPUTING', 0.04993923], ['ARTS AND ENTERTAINMENT', 0.0499361], ['STYLE AND FASHION', 0.0495194]]","[['HOBBIES & INTERESTS', 0.07], ['BIRDWATCHING', 0.05]]",True,19,14,22:10:23.556366
Alexander looked Thomas on Alexander outside my week business business in the company outside Thomas I,"[['BUSINESS', 0.06584112], ['TECHNOLOGY AND COMPUTING', 0.05721684], ['LAW GOVERNMENT AND POLITICS', 0.05417224], ['TRAVEL', 0.05009532], ['HEALTH AND FITNESS', 0.0500147]]","[['BUSINESS', 0.23], ['BUSINESS SOFTWARE', 0.21]]",False,20,14,22:10:25.101637
I needed Alexander with Thomas,"[['TECHNOLOGY AND COMPUTING', 0.05526558], ['HOBBIES AND INTERESTS', 0.05402738], ['HOME AND GARDEN', 0.05108115], ['ARTS AND ENTERTAINMENT', 0.04994742], ['HEALTH AND FITNESS', 0.04931509]]","[['WEDDINGS', 0.28], ['PROFANE CONTENT', 0.2], ['HOBBIES & INTERESTS', 0.07], ['NON-STANDARD CONTENT', 0.06], ['SOCIETY', 0.05]]",True,21,15,22:10:26.437814
an week in I stood Olivia outside Alexander on Alexander week in Thomas school a business Olivia Alexander,"[['BUSINESS', 0.06129645], ['EDUCATION', 0.06016395], ['LAW GOVERNMENT AND POLITICS', 0.05468971], ['TECHNOLOGY AND COMPUTING', 0.05355588], ['FAMILY AND PARENTING', 0.05208034]]","[['ACCESSORIES', 0.35], ['WEDDINGS', 0.27], ['HINDUISM', 0.18], ['PROFANE CONTENT', 0.18], ['GREEN SOLUTIONS', 0.13]]",True,22,16,22:10:27.791484
Olivia tried I,"[['STYLE AND FASHION', 0.05289231], ['TECHNOLOGY AND COMPUTING', 0.05278614], ['HOBBIES AND INTERESTS', 0.05168277], ['SPORTS', 0.04945744], ['FOOD AND DRINK', 0.04889339]]","[['HOBBIES & INTERESTS', 0.07], ['BIRDWATCHING', 0.05]]",True,23,17,22:10:29.102140
school company I Thomas with Thomas on my Alexander Thomas with Thomas on Olivia,"[['EDUCATION', 0.05548422], ['TECHNOLOGY AND COMPUTING', 0.05406351], ['HOBBIES AND INTERESTS', 0.05404407], ['HOME AND GARDEN', 0.05265104], ['BUSINESS', 0.05201105]]","[['HOBBIES & INTERESTS', 0.07], ['JEWELRY MAKING', 0.06]]",True,24,18,22:10:30.378275
Thomas stood Alexander by Alexander,"[['HEALTH AND FITNESS', 0.05063163], ['EDUCATION', 0.0499579], ['HOBBIES AND INTERESTS', 0.04984633], ['TECHNOLOGY AND COMPUTING', 0.04941297], ['SOCIETY', 0.04914431]]","[['PROFANE CONTENT', 0.2], ['HOBBIES & INTERESTS', 0.07], ['NON-STANDARD CONTENT', 0.06], ['BEADWORK', 0.05]]",True,25,19,22:10:31.697507
Olivia knew Alexander outside Olivia,"[['RELIGION AND SPIRITUALITY', 0.05186837], ['SPORTS', 0.05000019], ['BUSINESS', 0.04999654], ['HOBBIES AND INTERESTS', 0.04970019], ['FAMILY AND PARENTING', 0.04950464]]","[['EXTREME GRAPHIC/EXPLICIT VIOLENCE', 0.19], ['HOBBIES & INTERESTS', 0.06], ['NON-STANDARD CONTENT', 0.05], ['SPORTS', 0.05], ['BIRDWATCHING', 0.05]]",True,26,20,22:10:33.031137
Olivia Thomas my on my room by Alexander Olivia an business with Thomas by Olivia,"[['HOME AND GARDEN', 0.05657421], ['LAW GOVERNMENT AND POLITICS', 0.05531304], ['TRAVEL', 0.05443296], ['HOBBIES AND INTERESTS', 0.05347606], ['BUSINESS', 0.05330466]]","[['ACCESSORIES', 0.37], ['PROFANE CONTENT', 0.19], ['CONSTRUCTION', 0.12], ['HOBBIES & INTERESTS', 0.06], ['BUSINESS', 0.06]]",True,27,21,22:10:34.367456
Alexander looked an business outside the business,"[['BUSINESS', 0.05853655], ['LAW GOVERNMENT AND POLITICS', 0.05583278], ['TRAVEL', 0.05326463], ['REAL ESTATE', 0.05246695], ['RELIGION AND SPIRITUALITY', 0.04877198]]","[['BUSINESS SOFTWARE', 0.46], ['BUSINESS', 0.42]]",False,28,21,22:10:35.665298
Olivia thought Alexander Alexander Thomas,"[['HEALTH AND FITNESS', 0.05225802], ['FAMILY AND PARENTING', 0.04897503], ['EDUCATION', 0.04874433], ['REAL ESTATE', 0.04872929], ['TECHNOLOGY AND COMPUTING', 0.04856604]]","[['WEDDINGS', 0.3], ['PROFANE CONTENT', 0.2], ['HOBBIES & INTERESTS', 0.07], ['NON-STANDARD CONTENT', 0.06], ['SOCIETY', 0.06]]",True,29,22,22:10:37.096304
Alexander stood an school,"[['EDUCATION', 0.0588474], ['FAMILY AND PARENTING', 0.05217388], ['HOBBIES AND INTERESTS', 0.0503895], ['STYLE AND FASHION', 0.04961583], ['BUSINESS', 0.04950499]]","[['HOMESCHOOLING', 0.09], ['HOBBIES & INTERESTS', 0.07], ['EDUCATION', 0.07], ['FREELANCE WRITING', 0.05]]",True,30,23,22:10:38.639705
Olivia an country outside a school a school Olivia Alexander,"[['EDUCATION', 0.06349035], ['BUSINESS', 0.05201732], ['TRAVEL', 0.05180919], ['FAMILY AND PARENTING', 0.05155408], ['HEALTH AND FITNESS', 0.04928649]]","[['HOMESCHOOLING', 0.09], ['EDUCATION', 0.08], ['HOBBIES & INTERESTS', 0.07], ['FREELANCE WRITING', 0.05]]",True,31,24,22:10:40.172006
I tried school on Olivia with I,"[['STYLE AND FASHION', 0.05774972], ['EDUCATION', 0.05494586], ['FAMILY AND PARENTING', 0.05236372], ['TECHNOLOGY AND COMPUTING', 0.05226322], ['HOBBIES AND INTERESTS', 0.05199858]]","[['HOMESCHOOLING', 0.09], ['EDUCATION', 0.08], ['HOBBIES & INTERESTS', 0.07], ['FREELANCE WRITING', 0.05]]",True,32,25,22:10:41.701080
the week Thomas a country in week outside I company with I,"[['BUSINESS', 0.05925481], ['TECHNOLOGY AND COMPUTING', 0.05289887], ['FOOD AND DRINK', 0.05277885], ['HOME AND GARDEN', 0.05164504], ['SPORTS', 0.05034355]]","[['STOCKS', 0.15], ['METALS', 0.14], ['BUSINESS', 0.08], ['AUSTRALIA & NEW ZEALAND', 0.08], ['TRAVEL', 0.07]]",True,33,26,22:10:43.259976
Thomas Olivia room week an week Thomas Thomas Alexander,"[['HOME AND GARDEN', 0.05941132], ['FAMILY AND PARENTING', 0.05349488], ['TECHNOLOGY AND COMPUTING', 0.05308277], ['REAL ESTATE', 0.05159566], ['EDUCATION', 0.05034689]]","[['ACCESSORIES', 0.36], ['PROFANE CONTENT', 0.2], ['GARDENING', 0.18], ['HINDUISM', 0.18], ['STYLE & FASHION', 0.06]]",True,34,27,22:10:44.799413
home the school outside an school school Thomas Alexander business outside Alexander business on room business Olivia home home tried Olivia on Alexander,"[['HOME AND GARDEN', 0.06302012], ['REAL ESTATE', 0.06201353], ['BUSINESS', 0.0572692], ['EDUCATION', 0.05674103], ['TRAVEL', 0.05315017]]","[['BUSINESS SOFTWARE', 0.18], ['BUSINESS', 0.14]]",False,35,27,22:10:46.317620
an school on the country needed a school,"[['EDUCATION', 0.06166471], ['FAMILY AND PARENTING', 0.05206421], ['BUSINESS', 0.05112496], ['HOME AND GARDEN', 0.04920525], ['ARTS AND ENTERTAINMENT', 0.04911229]]","[['EDUCATION', 0.2], ['HOMESCHOOLING', 0.1]]",False,36,27,22:10:47.594732
Alexander stood Alexander by school with Thomas room by my business with in a home school with Olivia,"[['HOME AND GARDEN', 0.06620221], ['EDUCATION', 0.05943118], ['REAL ESTATE', 0.05663614], ['LAW GOVERNMENT AND POLITICS', 0.05292462], ['TRAVEL', 0.05256437]]","[['CONSTRUCTION', 0.12], ['HOMESCHOOLING', 0.09], ['EDUCATION', 0.07], ['BUSINESS', 0.06], ['HOBBIES & INTERESTS', 0.06]]",True,37,28,22:10:48.891505
I thought Olivia on I,"[['RELIGION AND SPIRITUALITY', 0.05062069], ['TECHNOLOGY AND COMPUTING', 0.05037188], ['SPORTS', 0.04958955], ['AUTOMOTIVE', 0.04953404], ['SCIENCE', 0.04929642]]","[['HOBBIES & INTERESTS', 0.07], ['NEEDLEWORK', 0.05]]",True,38,29,22:10:50.476000
Thomas Olivia Thomas Alexander Alexander with the home outside an home outside my home in I,"[['HOME AND GARDEN', 0.05771493], ['HEALTH AND FITNESS', 0.05517113], ['TECHNOLOGY AND COMPUTING', 0.05354041], ['RELIGION AND SPIRITUALITY', 0.05197739], ['FAMILY AND PARENTING', 0.05170732]]","[['PROFANE CONTENT', 0.2], ['HOBBIES & INTERESTS', 0.07], ['NON-STANDARD CONTENT', 0.06], ['JEWELRY MAKING', 0.05]]",True,39,30,22:10:51.782853
Thomas looked Alexander,"[['HEALTH AND FITNESS', 0.05170899], ['STYLE AND FASHION', 0.05064057], ['REAL ESTATE', 0.0497087], ['EDUCATION', 0.04946239], ['TECHNOLOGY AND COMPUTING', 0.04945792]]","[['HOBBIES & INTERESTS', 0.07], ['SPORTS', 0.05], ['JEWELRY MAKING', 0.05], ['WATERSKI/WAKEBOARD', 0.04]]",True,40,31,22:10:53.092382
Thomas tried Alexander on my business in my school,"[['EDUCATION', 0.06014299], ['HOBBIES AND INTERESTS', 0.05447474], ['LAW GOVERNMENT AND POLITICS', 0.05420858], ['BUSINESS', 0.05359705], ['TECHNOLOGY AND COMPUTING', 0.05105642]]","[['BUSINESS SOFTWARE', 0.18], ['BUSINESS', 0.15]]",False,41,31,22:10:54.433743
Thomas Alexander Thomas,"[['HEALTH AND FITNESS', 0.05087647], ['TECHNOLOGY AND COMPUTING', 0.05035557], ['HOBBIES AND INTERESTS', 0.04991181], ['EDUCATION', 0.04966932], ['FAMILY AND PARENTING', 0.0488629]]","[['PROFANE CONTENT', 0.21], ['HOBBIES & INTERESTS', 0.07], ['NON-STANDARD CONTENT', 0.06], ['JEWELRY MAKING', 0.06]]",True,42,32,22:10:55.724765
Thomas Thomas an business my woman on Thomas Alexander on a school with a week outside I in Olivia,"[['EDUCATION', 0.06183945], ['RELIGION AND SPIRITUALITY', 0.05506469], ['BUSINESS', 0.0543212], ['HEALTH AND FITNESS', 0.05378011], ['TECHNOLOGY AND COMPUTING', 0.05364635]]","[['GREEN SOLUTIONS', 0.12], ['BUSINESS', 0.07], ['HOBBIES & INTERESTS', 0.06], ['JEWELRY MAKING', 0.05]]",True,43,33,22:10:57.344923
the country on Olivia Olivia Olivia,"[['TRAVEL', 0.05161549], ['EDUCATION', 0.05153676], ['AUTOMOTIVE', 0.05054135], ['ARTS AND ENTERTAINMENT', 0.04960681], ['FOOD AND DRINK', 0.04919282]]","[['HOBBIES & INTERESTS', 0.07], ['BIRDWATCHING', 0.05]]",True,44,34,22:10:58.903282
woman on Olivia week looked I,"[['STYLE AND FASHION', 0.05526562], ['TECHNOLOGY AND COMPUTING', 0.05246733], ['RELIGION AND SPIRITUALITY', 0.05230996], ['HEALTH AND FITNESS', 0.05177558], ['HOBBIES AND INTERESTS', 0.04885081]]","[['BODY ART', 0.36], ['STYLE & FASHION', 0.07]]",True,45,35,22:11:00.409372
Olivia tried Thomas by Alexander by I a school in a company by Thomas Thomas,"[['TECHNOLOGY AND COMPUTING', 0.05609635], ['BUSINESS', 0.05464818], ['EDUCATION', 0.05388785], ['STYLE AND FASHION', 0.05309913], ['HOBBIES AND INTERESTS', 0.05264127]]","[['HOBBIES & INTERESTS', 0.07], ['JEWELRY MAKING', 0.05]]",True,46,36,22:11:02.042019
an woman knew an outside Olivia outside company woman school I home,"[['EDUCATION', 0.05605568], ['HOME AND GARDEN', 0.05496603], ['RELIGION AND SPIRITUALITY', 0.05431759], ['BUSINESS', 0.05376922], ['REAL ESTATE', 0.05209328]]","[['LOCAL NEWS', 0.52], ['ACCESSORIES', 0.33], ['WEDDINGS', 0.25], ['HOBBIES & INTERESTS', 0.06], ['SOCIETY', 0.06]]",True,47,37,22:11:03.498571
Olivia knew Olivia on the room in Alexander school on Alexander Thomas,"[['EDUCATION', 0.06049101], ['HOME AND GARDEN', 0.05927617], ['FAMILY AND PARENTING', 0.05482343], ['HOBBIES AND INTERESTS', 0.0516768], ['REAL ESTATE', 0.04924379]]","[['ACCESSORIES', 0.36], ['WEDDINGS', 0.3], ['PROFANE CONTENT', 0.2], ['HOBBIES & INTERESTS', 0.06], ['STYLE & FASHION', 0.06]]",True,48,38,22:11:05.053664
I knew Thomas on Alexander,"[['HOBBIES AND INTERESTS', 0.05520886], ['TECHNOLOGY AND COMPUTING', 0.05304529], ['SPORTS', 0.05165099], ['HOME AND GARDEN', 0.04982574], ['EDUCATION', 0.04954642]]","[['WEDDINGS', 0.35], ['PROFANE CONTENT', 0.21], ['HOBBIES & INTERESTS', 0.06], ['NON-STANDARD CONTENT', 0.06], ['JEWELRY MAKING', 0.06]]",True,49,39,22:11:06.573244
I tried Alexander,"[['HOBBIES AND INTERESTS', 0.05406947], ['TECHNOLOGY AND COMPUTING', 0.05398608], ['STYLE AND FASHION', 0.05178496], ['SPORTS', 0.04996463], ['HEALTH AND FITNESS', 0.04886935]]","[['HOBBIES & INTERESTS', 0.07], ['BIRDWATCHING', 0.05]]",True,50,40,22:11:08.079198
Alexander thought I,"[['TECHNOLOGY AND COMPUTING', 0.05113944], ['HOBBIES AND INTERESTS', 0.05083215], ['SPORTS', 0.05009229], ['AUTOMOTIVE', 0.04966162], ['HEALTH AND FITNESS', 0.04913398]]","[['WEDDINGS', 0.31], ['PROFANE CONTENT', 0.2], ['ATHEISM/AGNOSTICISM', 0.16], ['HOBBIES & INTERESTS', 0.07], ['SOCIETY', 0.06]]",True,51,41,22:11:09.638734
Alexander stood woman with Olivia by Olivia with I,"[['HOBBIES AND INTERESTS', 0.05403421], ['RELIGION AND SPIRITUALITY', 0.05336852], ['HEALTH AND FITNESS', 0.05150207], ['ARTS AND ENTERTAINMENT', 0.05068102], ['STYLE AND FASHION', 0.04985296]]","[['BODY ART', 0.37], ['EXTREME GRAPHIC/EXPLICIT VIOLENCE', 0.2], ['HOBBIES & INTERESTS', 0.07], ['STYLE & FASHION', 0.06], ['NON-STANDARD CONTENT', 0.05]]",True,52,42,22:11:11.170113
the woman in my home by I tried Olivia,"[['RELIGION AND SPIRITUALITY', 0.05483416], ['HOME AND GARDEN', 0.05429072], ['HEALTH AND FITNESS', 0.05374821], ['STYLE AND FASHION', 0.05364608], ['TECHNOLOGY AND COMPUTING', 0.05269347]]","[['BODY ART', 0.34], ['WEDDINGS', 0.25], ['EXTREME GRAPHIC/EXPLICIT VIOLENCE', 0.19], ['HOBBIES & INTERESTS', 0.06], ['STYLE & FASHION', 0.06]]",True,53,43,22:11:12.740485
room on woman room by I thought Olivia outside Alexander on I,"[['RELIGION AND SPIRITUALITY', 0.06033498], ['TRAVEL', 0.05499575], ['HOME AND GARDEN', 0.0536745], ['HEALTH AND FITNESS', 0.05202036], ['BUSINESS', 0.04933972]]","[['ACCESSORIES', 0.37], ['STYLE & FASHION', 0.09]]",True,54,44,22:11:14.257589
a week in week Alexander I country on Alexander stood a school Olivia I by Olivia,"[['EDUCATION', 0.06344362], ['FAMILY AND PARENTING', 0.05511177], ['HOBBIES AND INTERESTS', 0.05210346], ['SPORTS', 0.04982168], ['STYLE AND FASHION', 0.04973876]]","[['ACCESSORIES', 0.35], ['WEDDINGS', 0.25], ['HINDUISM', 0.19], ['EXTREME GRAPHIC/EXPLICIT VIOLENCE', 0.18], ['TRAVELING WITH KIDS', 0.08]]",True,55,45,22:11:15.795721
Olivia tried the country on Olivia the home country in Thomas,"[['REAL ESTATE', 0.05846787], ['HOME AND GARDEN', 0.05757661], ['TRAVEL', 0.05369796], ['EDUCATION', 0.05026545], ['FAMILY AND PARENTING', 0.0495834]]","[['COMMENTARY', 0.27], ['EXTREME GRAPHIC/EXPLICIT VIOLENCE', 0.19], ['HINDUISM', 0.18], ['OFF-ROAD VEHICLES', 0.09], ['UNITED KINGDOM', 0.07]]",True,56,46,22:11:17.161231
the on I Alexander I,"[['HOBBIES AND INTERESTS', 0.05338392], ['TECHNOLOGY AND COMPUTING', 0.05129697], ['SPORTS', 0.05025725], ['ARTS AND ENTERTAINMENT', 0.04910015], ['HOME AND GARDEN', 0.04867019]]","[['HOBBIES & INTERESTS', 0.07], ['BIRDWATCHING', 0.05]]",True,57,47,22:11:18.829857
Thomas thought Thomas with Alexander by home in an school in Thomas business by the room by Thomas outside Alexander,"[['HOME AND GARDEN', 0.06367336], ['REAL ESTATE', 0.06016182], ['BUSINESS', 0.0580546], ['EDUCATION', 0.05745236], ['TRAVEL', 0.05355528]]","[['PROFANE CONTENT', 0.22], ['HINDUISM', 0.16], ['CONSTRUCTION', 0.13], ['HOBBIES & INTERESTS', 0.06], ['BUSINESS', 0.06]]",True,58,48,22:11:20.405609
I needed Olivia in the company outside woman school,"[['BUSINESS', 0.05751545], ['RELIGION AND SPIRITUALITY', 0.0522342], ['EDUCATION', 0.05189465], ['TECHNOLOGY AND COMPUTING', 0.05040801], ['HEALTH AND FITNESS', 0.04991198]]","[['BIOTECH/BIOMEDICAL', 0.13], ['HOMESCHOOLING', 0.09], ['HOBBIES & INTERESTS', 0.06], ['BUSINESS', 0.06], ['GETTING PUBLISHED', 0.05]]",True,59,49,22:11:21.916252
I thought Thomas in Olivia,"[['TECHNOLOGY AND COMPUTING', 0.05315491], ['HOME AND GARDEN', 0.05041067], ['SPORTS', 0.04977953], ['SCIENCE', 0.04923733], ['RELIGION AND SPIRITUALITY', 0.0489316]]","[['PROFANE CONTENT', 0.21], ['HOBBIES & INTERESTS', 0.07], ['NON-STANDARD CONTENT', 0.06], ['JEWELRY MAKING', 0.05]]",True,60,50,22:11:23.234027
Olivia stood Thomas,"[['EDUCATION', 0.04933556], ['STYLE AND FASHION', 0.04924495], ['TECHNOLOGY AND COMPUTING', 0.04913143], ['REAL ESTATE', 0.04905814], ['SOCIETY', 0.04892324]]","[['HOBBIES & INTERESTS', 0.07], ['JEWELRY MAKING', 0.05]]",True,61,51,22:11:24.718173
Alexander a on Alexander with the school I with Alexander,"[['EDUCATION', 0.06036779], ['HOBBIES AND INTERESTS', 0.05306137], ['HEALTH AND FITNESS', 0.05087496], ['FAMILY AND PARENTING', 0.05073553], ['STYLE AND FASHION', 0.05038822]]","[['WEDDINGS', 0.3], ['HOBBIES & INTERESTS', 0.07], ['SOCIETY', 0.06], ['SCREENWRITING', 0.05]]",True,62,52,22:11:26.246706
I needed Thomas,"[['TECHNOLOGY AND COMPUTING', 0.05514262], ['HOME AND GARDEN', 0.05165562], ['HOBBIES AND INTERESTS', 0.05113768], ['SPORTS', 0.04941114], ['ARTS AND ENTERTAINMENT', 0.04937774]]","[['HOME REPAIR', 0.23], ['PROFANE CONTENT', 0.2], ['HOBBIES & INTERESTS', 0.07], ['NON-STANDARD CONTENT', 0.06], ['HOME & GARDEN', 0.06]]",True,63,53,22:11:27.793989
the home with Alexander business business Thomas Olivia Thomas in I,"[['HOME AND GARDEN', 0.0565543], ['REAL ESTATE', 0.05494502], ['LAW GOVERNMENT AND POLITICS', 0.05412345], ['HOBBIES AND INTERESTS', 0.05295895], ['TECHNOLOGY AND COMPUTING', 0.05217078]]","[['BUSINESS SOFTWARE', 0.26], ['BUSINESS', 0.22]]",True,64,54,22:11:29.339057
school home by Alexander needed my school Thomas Olivia with a woman a week outside I Olivia outside I,"[['FAMILY AND PARENTING', 0.06023258], ['EDUCATION', 0.05837605], ['HEALTH AND FITNESS', 0.0568659], ['TECHNOLOGY AND COMPUTING', 0.056668], ['RELIGION AND SPIRITUALITY', 0.05543249]]","[['TEENS', 0.23], ['HOMESCHOOLING', 0.09], ['EDUCATION', 0.07], ['HOBBIES & INTERESTS', 0.06], ['SOCIETY', 0.06]]",True,65,55,22:11:30.857863
Olivia tried school business with I by I,"[['BUSINESS', 0.05691155], ['HOBBIES AND INTERESTS', 0.05557395], ['EDUCATION', 0.05534601], ['STYLE AND FASHION', 0.05322452], ['LAW GOVERNMENT AND POLITICS', 0.05310109]]","[['BUSINESS SOFTWARE', 0.2], ['BUSINESS', 0.17]]",False,66,55,22:11:32.387571
I needed a home,"[['HOME AND GARDEN', 0.05962666], ['TECHNOLOGY AND COMPUTING', 0.05145281], ['REAL ESTATE', 0.05129612], ['ARTS AND ENTERTAINMENT', 0.05048841], ['FAMILY AND PARENTING', 0.04966873]]","[['HOME REPAIR', 0.29], ['EXTREME GRAPHIC/EXPLICIT VIOLENCE', 0.19], ['HOBBIES & INTERESTS', 0.06], ['NON-STANDARD CONTENT', 0.06], ['HOME & GARDEN', 0.06]]",True,67,56,22:11:33.951167
a school needed a school by my week on I,"[['FAMILY AND PARENTING', 0.05777681], ['EDUCATION', 0.05619251], ['TECHNOLOGY AND COMPUTING', 0.05534009], ['STYLE AND FASHION', 0.05271102], ['HOBBIES AND INTERESTS', 0.05159996]]","[['EDUCATION', 0.22], ['HOMESCHOOLING', 0.1]]",False,68,56,22:11:35.429400
a woman outside the school needed home on I room I the woman Alexander Thomas outside a room outside I with school in Olivia my home Alexander Thomas I,"[['HOME AND GARDEN', 0.06732486], ['HEALTH AND FITNESS', 0.05815546], ['EDUCATION', 0.05698733], ['RELIGION AND SPIRITUALITY', 0.05508887], ['FAMILY AND PARENTING', 0.05360499]]","[['ACCESSORIES', 0.36], ['WEDDINGS', 0.27], ['SOCIETY', 0.07], ['STYLE & FASHION', 0.07], ['CIGARS', 0.06]]",True,69,57,22:11:37.015474
business school by Olivia needed I,"[['BUSINESS', 0.05676552], ['EDUCATION', 0.0550722], ['LAW GOVERNMENT AND POLITICS', 0.05363064], ['HOBBIES AND INTERESTS', 0.05334788], ['STYLE AND FASHION', 0.05129178]]","[['BUSINESS SOFTWARE', 0.18], ['BUSINESS', 0.16]]",False,70,57,22:11:38.286893
with an home home needed Olivia,"[['HOME AND GARDEN', 0.0568782], ['REAL ESTATE', 0.05448228], ['FAMILY AND PARENTING', 0.05116617], ['PERSONAL FINANCE', 0.04943473], ['PETS', 0.04942414]]","[['EXTREME GRAPHIC/EXPLICIT VIOLENCE', 0.2], ['HOBBIES & INTERESTS', 0.06], ['NON-STANDARD CONTENT', 0.05], ['SCREENWRITING', 0.05]]",True,71,58,22:11:39.585664
week woman in I an week outside I business on Olivia on Olivia,"[['BUSINESS', 0.05628517], ['LAW GOVERNMENT AND POLITICS', 0.05616288], ['RELIGION AND SPIRITUALITY', 0.05599901], ['TECHNOLOGY AND COMPUTING', 0.0518223], ['TRAVEL', 0.05052543]]","[['GREEN SOLUTIONS', 0.13], ['BUSINESS', 0.08]]",False,72,58,22:11:41.126905
I thought Thomas,"[['TECHNOLOGY AND COMPUTING', 0.0533328], ['HOME AND GARDEN', 0.05030988], ['SPORTS', 0.05006456], ['RELIGION AND SPIRITUALITY', 0.04928025], ['SCIENCE', 0.04905855]]","[['PROFANE CONTENT', 0.23], ['ATHEISM/AGNOSTICISM', 0.2], ['HOBBIES & INTERESTS', 0.08], ['NON-STANDARD CONTENT', 0.06], ['RELIGION & SPIRITUALITY', 0.06]]",True,73,59,22:11:42.467373
Alexander stood the business by Olivia on Alexander,"[['LAW GOVERNMENT AND POLITICS', 0.05922033], ['BUSINESS', 0.05615928], ['HOBBIES AND INTERESTS', 0.05215711], ['REAL ESTATE', 0.05065798], ['TRAVEL', 0.04945997]]","[['BUSINESS SOFTWARE', 0.14], ['BUSINESS', 0.08]]",False,74,59,22:11:43.861561
Thomas Thomas Thomas,"[['TECHNOLOGY AND COMPUTING', 0.05022688], ['EDUCATION', 0.04931852], ['FAMILY AND PARENTING', 0.04884833], ['HOME AND GARDEN', 0.04879727], ['HEALTH AND FITNESS', 0.04875415]]","[['HOBBIES & INTERESTS', 0.08], ['JEWELRY MAKING', 0.06]]",True,75,60,22:11:45.307661
Olivia knew Thomas,"[['FAMILY AND PARENTING', 0.05101581], ['STYLE AND FASHION', 0.05029682], ['EDUCATION', 0.04977853], ['SOCIETY', 0.04955892], ['TECHNOLOGY AND COMPUTING', 0.04941861]]","[['PROFANE CONTENT', 0.2], ['HOBBIES & INTERESTS', 0.07], ['NON-STANDARD CONTENT', 0.06], ['JEWELRY MAKING', 0.06], ['SPORTS', 0.06]]",True,76,61,22:11:47.029799
I stood Alexander outside the country with Alexander,"[['TRAVEL', 0.05429248], ['SPORTS', 0.0535888], ['ARTS AND ENTERTAINMENT', 0.05278648], ['EDUCATION', 0.05122779], ['RELIGION AND SPIRITUALITY', 0.05046038]]","[['WEDDINGS', 0.31], ['EXTREME GRAPHIC/EXPLICIT VIOLENCE', 0.2], ['HOBBIES & INTERESTS', 0.06], ['NON-STANDARD CONTENT', 0.06], ['BIRDWATCHING', 0.05]]",True,77,62,22:11:48.684300
my school thought an company in my business with country country in I by the week on I,"[['BUSINESS', 0.07047665], ['EDUCATION', 0.05819698], ['LAW GOVERNMENT AND POLITICS', 0.05780962], ['TRAVEL', 0.05170803], ['AUTOMOTIVE', 0.05119875]]","[['BUSINESS', 0.25], ['HUMAN RESOURCES', 0.14]]",False,78,62,22:11:50.211440
Olivia needed Thomas with Olivia,"[['TECHNOLOGY AND COMPUTING', 0.05127102], ['FAMILY AND PARENTING', 0.05029617], ['HOME AND GARDEN', 0.04993742], ['STYLE AND FASHION', 0.049728], ['PERSONAL FINANCE', 0.04900968]]","[['EXTREME GRAPHIC/EXPLICIT VIOLENCE', 0.19], ['HOBBIES & INTERESTS', 0.07], ['NON-STANDARD CONTENT', 0.06], ['SCREENWRITING', 0.05]]",True,79,63,22:11:51.860169
the company with home with an woman Alexander an school by my company business outside Thomas looked Olivia outside I outside Thomas outside Olivia,"[['BUSINESS', 0.05966608], ['EDUCATION', 0.0555611], ['REAL ESTATE', 0.05456007], ['HOME AND GARDEN', 0.05387839], ['RELIGION AND SPIRITUALITY', 0.05144386]]","[['BUSINESS', 0.12], ['CONSTRUCTION', 0.11]]",False,80,63,22:11:53.712526
a in company country needed Thomas,"[['BUSINESS', 0.0582045], ['HOME AND GARDEN', 0.05296093], ['REAL ESTATE', 0.05189656], ['PERSONAL FINANCE', 0.04962583], ['LAW GOVERNMENT AND POLITICS', 0.0491842]]","[['METALS', 0.16], ['BUSINESS', 0.08]]",False,81,63,22:11:55.147496
home week the in I on Alexander country tried I on I,"[['HOME AND GARDEN', 0.05735802], ['REAL ESTATE', 0.05393371], ['TRAVEL', 0.05201329], ['TECHNOLOGY AND COMPUTING', 0.05115828], ['HOBBIES AND INTERESTS', 0.05031068]]","[['ACCESSORIES', 0.36], ['WEDDINGS', 0.28], ['COMMENTARY', 0.26], ['HATE CONTENT', 0.19], ['UNITED KINGDOM', 0.07]]",True,82,64,22:11:56.670451
a outside I outside business company I country with I home,"[['BUSINESS', 0.06402587], ['TRAVEL', 0.05829274], ['REAL ESTATE', 0.05784936], ['HOME AND GARDEN', 0.05755008], ['LAW GOVERNMENT AND POLITICS', 0.05511556]]","[['BUSINESS', 0.55], ['BUSINESS SOFTWARE', 0.46]]",False,83,64,22:11:58.199815
Olivia tried a company with Olivia,"[['BUSINESS', 0.05711559], ['TECHNOLOGY AND COMPUTING', 0.05084765], ['STYLE AND FASHION', 0.0507974], ['REAL ESTATE', 0.05062619], ['HOME AND GARDEN', 0.04945207]]","[['HOBBIES & INTERESTS', 0.07], ['BIRDWATCHING', 0.05]]",True,84,65,22:11:59.738476
I looked Olivia with Olivia,"[['STYLE AND FASHION', 0.05433493], ['TECHNOLOGY AND COMPUTING', 0.05135991], ['SPORTS', 0.05027081], ['HOBBIES AND INTERESTS', 0.0502166], ['AUTOMOTIVE', 0.04983417]]","[['HOBBIES & INTERESTS', 0.07], ['SPORTS', 0.05], ['BIRDWATCHING', 0.05], ['WATERSKI/WAKEBOARD', 0.05]]",True,85,66,22:12:01.274520
my school looked my home with home country with Alexander,"[['EDUCATION', 0.06251496], ['HOME AND GARDEN', 0.05569685], ['FAMILY AND PARENTING', 0.05364208], ['TRAVEL', 0.05304724], ['REAL ESTATE', 0.05217983]]","[['WEDDINGS', 0.25], ['TRAVELING WITH KIDS', 0.16], ['HOMESCHOOLING', 0.09], ['EDUCATION', 0.07], ['SOCIETY', 0.06]]",True,86,67,22:12:02.818751
I needed Thomas,"[['TECHNOLOGY AND COMPUTING', 0.05514262], ['HOME AND GARDEN', 0.05165562], ['HOBBIES AND INTERESTS', 0.05113768], ['SPORTS', 0.04941114], ['ARTS AND ENTERTAINMENT', 0.04937774]]","[['HOME REPAIR', 0.23], ['PROFANE CONTENT', 0.2], ['HOBBIES & INTERESTS', 0.07], ['NON-STANDARD CONTENT', 0.06], ['HOME & GARDEN', 0.06]]",True,86,67,22:12:04.388394
Alexander looked I with Olivia outside I,"[['SPORTS', 0.05203409], ['TRAVEL', 0.05079744], ['RELIGION AND SPIRITUALITY', 0.05050694], ['STYLE AND FASHION', 0.05013962], ['HEALTH AND FITNESS', 0.05012956]]","[['BODY ART', 0.39], ['HOBBIES & INTERESTS', 0.07], ['STYLE & FASHION', 0.06], ['SPORTS', 0.05], ['BIRDWATCHING', 0.05]]",True,87,68,22:12:05.888232
Olivia looked I,"[['STYLE AND FASHION', 0.05426389], ['SPORTS', 0.05022755], ['TECHNOLOGY AND COMPUTING', 0.05010491], ['HOBBIES AND INTERESTS', 0.04974168], ['AUTOMOTIVE', 0.04965027]]","[['BODY ART', 0.41], ['HOBBIES & INTERESTS', 0.07], ['SPORTS', 0.06], ['STYLE & FASHION', 0.06], ['CANDLE & SOAP MAKING', 0.05]]",True,88,69,22:12:07.457686
Thomas thought Olivia room Olivia I home on Alexander an woman,"[['HOME AND GARDEN', 0.06658647], ['REAL ESTATE', 0.0553286], ['RELIGION AND SPIRITUALITY', 0.05264384], ['HEALTH AND FITNESS', 0.05204075], ['TRAVEL', 0.0514931]]","[['ACCESSORIES', 0.35], ['WEDDINGS', 0.28], ['PROFANE CONTENT', 0.2], ['STYLE & FASHION', 0.06], ['HOBBIES & INTERESTS', 0.06]]",True,89,70,22:12:09.273642
the school knew school school outside my woman,"[['RELIGION AND SPIRITUALITY', 0.06121082], ['EDUCATION', 0.05933838], ['FAMILY AND PARENTING', 0.05465268], ['HEALTH AND FITNESS', 0.05331651], ['TRAVEL', 0.04940921]]","[['EDUCATION', 0.22], ['HOMESCHOOLING', 0.1]]",False,90,70,22:12:10.557698
Olivia needed a home in Alexander I Olivia by Olivia,"[['HOME AND GARDEN', 0.05892655], ['HOBBIES AND INTERESTS', 0.05244512], ['TECHNOLOGY AND COMPUTING', 0.05154474], ['REAL ESTATE', 0.05091164], ['ARTS AND ENTERTAINMENT', 0.04969191]]","[['HOBBIES & INTERESTS', 0.07], ['SCREENWRITING', 0.05]]",True,91,71,22:12:12.034145
I knew I,"[['HOBBIES AND INTERESTS', 0.05385862], ['SPORTS', 0.05112115], ['STYLE AND FASHION', 0.04998934], ['TECHNOLOGY AND COMPUTING', 0.04949731], ['RELIGION AND SPIRITUALITY', 0.04907272]]","[['PROFANE CONTENT', 0.19], ['NON-STANDARD CONTENT', 0.07], ['HOBBIES & INTERESTS', 0.06], ['JEWELRY MAKING', 0.05], ['SPORTS', 0.05]]",True,92,72,22:12:13.398742
Thomas tried I,"[['TECHNOLOGY AND COMPUTING', 0.05588653], ['HEALTH AND FITNESS', 0.05063428], ['HOBBIES AND INTERESTS', 0.05060819], ['STYLE AND FASHION', 0.05036064], ['SPORTS', 0.04992899]]","[['HOBBIES & INTERESTS', 0.08], ['JEWELRY MAKING', 0.06]]",True,93,73,22:12:14.701060
school I business room outside Alexander needed Thomas,"[['EDUCATION', 0.05989407], ['BUSINESS', 0.05786487], ['HOME AND GARDEN', 0.05760373], ['HOBBIES AND INTERESTS', 0.05226375], ['LAW GOVERNMENT AND POLITICS', 0.05167061]]","[['BUSINESS SOFTWARE', 0.16], ['BUSINESS', 0.12]]",False,94,73,22:12:15.993031
room school with I looked school Olivia the home by I room in I,"[['HOME AND GARDEN', 0.07126251], ['EDUCATION', 0.05673543], ['FAMILY AND PARENTING', 0.05206518], ['REAL ESTATE', 0.05162023], ['STYLE AND FASHION', 0.05055327]]","[['EDUCATION', 0.1], ['HOMESCHOOLING', 0.09]]",False,95,73,22:12:17.350614
Olivia my home Alexander in Olivia,"[['HOME AND GARDEN', 0.05663403], ['REAL ESTATE', 0.05144126], ['FAMILY AND PARENTING', 0.05098841], ['PETS', 0.05098328], ['HEALTH AND FITNESS', 0.05083097]]","[['HOBBIES & INTERESTS', 0.07], ['BIRDWATCHING', 0.05]]",True,96,74,22:12:18.725357
a school with I knew I,"[['EDUCATION', 0.06130461], ['HOBBIES AND INTERESTS', 0.05350576], ['STYLE AND FASHION', 0.05302408], ['FAMILY AND PARENTING', 0.05286547], ['SPORTS', 0.05084624]]","[['EDUCATION', 0.12], ['HOMESCHOOLING', 0.1]]",False,97,74,22:12:20.057389
I I company outside Olivia school with the home by my company outside Alexander,"[['HOME AND GARDEN', 0.05922283], ['EDUCATION', 0.05361733], ['FAMILY AND PARENTING', 0.05198333], ['BUSINESS', 0.05196552], ['TECHNOLOGY AND COMPUTING', 0.05043151]]","[['BIOTECH/BIOMEDICAL', 0.15], ['BUSINESS', 0.11]]",False,98,74,22:12:21.345806
Olivia knew I,"[['HOBBIES AND INTERESTS', 0.05355137], ['STYLE AND FASHION', 0.05174556], ['SPORTS', 0.05069575], ['TECHNOLOGY AND COMPUTING', 0.04967368], ['HOME AND GARDEN', 0.04893868]]","[['BODY ART', 0.39], ['EXTREME GRAPHIC/EXPLICIT VIOLENCE', 0.19], ['HOBBIES & INTERESTS', 0.06], ['NON-STANDARD CONTENT', 0.06], ['SPORTS', 0.05]]",True,99,75,22:12:23.053340
Thomas thought I in I I I,"[['TECHNOLOGY AND COMPUTING', 0.05359824], ['SPORTS', 0.05209932], ['HOME AND GARDEN', 0.05005492], ['FOOD AND DRINK', 0.04892433], ['HOBBIES AND INTERESTS', 0.04870587]]","[['PROFANE CONTENT', 0.23], ['ATHEISM/AGNOSTICISM', 0.2], ['HOBBIES & INTERESTS', 0.08], ['NON-STANDARD CONTENT', 0.06], ['RELIGION & SPIRITUALITY', 0.06]]",True,100,76,22:12:24.618059
Alexander Thomas Olivia by Thomas,"[['HOBBIES AND INTERESTS', 0.05056625], ['HEALTH AND FITNESS', 0.05024938], ['TECHNOLOGY AND COMPUTING', 0.05018137], ['EDUCATION', 0.04961031], ['FAMILY AND PARENTING', 0.04914981]]","[['HOBBIES & INTERESTS', 0.07], ['JEWELRY MAKING', 0.06]]",True,101,77,22:12:26.467429
Thomas needed I,"[['TECHNOLOGY AND COMPUTING', 0.05451603], ['HOME AND GARDEN', 0.0514684], ['HOBBIES AND INTERESTS', 0.05104313], ['SPORTS', 0.0493905], ['HEALTH AND FITNESS', 0.04872335]]","[['HOME REPAIR', 0.23], ['PROFANE CONTENT', 0.2], ['HOBBIES & INTERESTS', 0.07], ['NON-STANDARD CONTENT', 0.06], ['HOME & GARDEN', 0.06]]",True,102,78,22:12:28.000696
my company needed Thomas with I,"[['TECHNOLOGY AND COMPUTING', 0.05753241], ['HOME AND GARDEN', 0.05452289], ['BUSINESS', 0.05126139], ['HOBBIES AND INTERESTS', 0.05060755], ['AUTOMOTIVE', 0.04946217]]","[['CONSTRUCTION', 0.12], ['BUSINESS', 0.1]]",False,103,78,22:12:29.543183
Olivia Thomas Olivia,"[['TECHNOLOGY AND COMPUTING', 0.05006447], ['STYLE AND FASHION', 0.04939971], ['FAMILY AND PARENTING', 0.04927988], ['EDUCATION', 0.04904647], ['HOME AND GARDEN', 0.04890003]]","[['HOBBIES & INTERESTS', 0.07], ['BIRDWATCHING', 0.05]]",True,104,79,22:12:31.072922
a week by Thomas looked Olivia Olivia Olivia in Thomas,"[['STYLE AND FASHION', 0.05386815], ['FAMILY AND PARENTING', 0.05333988], ['TECHNOLOGY AND COMPUTING', 0.0525562], ['HEALTH AND FITNESS', 0.05042861], ['REAL ESTATE', 0.05021343]]","[['PROFANE CONTENT', 0.19], ['HOBBIES & INTERESTS', 0.07], ['SPORTS', 0.05], ['NON-STANDARD CONTENT', 0.05], ['JEWELRY MAKING', 0.05]]",True,105,80,22:12:32.466761
Olivia thought Alexander outside business by my I my school I Thomas business by I,"[['EDUCATION', 0.06351581], ['BUSINESS', 0.05480429], ['HEALTH AND FITNESS', 0.05407674], ['HOBBIES AND INTERESTS', 0.0522801], ['LAW GOVERNMENT AND POLITICS', 0.05148037]]","[['BUSINESS SOFTWARE', 0.28], ['BUSINESS', 0.26]]",False,106,80,22:12:34.148717
Thomas tried Alexander with Alexander with Thomas,"[['HEALTH AND FITNESS', 0.05342305], ['TECHNOLOGY AND COMPUTING', 0.0526207], ['HOBBIES AND INTERESTS', 0.05036437], ['REAL ESTATE', 0.04985092], ['STYLE AND FASHION', 0.04912381]]","[['PROFANE CONTENT', 0.2], ['HOBBIES & INTERESTS', 0.07], ['NON-STANDARD CONTENT', 0.06], ['JEWELRY MAKING', 0.05]]",True,107,81,22:12:35.676666
Thomas thought an room by Thomas in Alexander,"[['HOME AND GARDEN', 0.05843686], ['HEALTH AND FITNESS', 0.05141613], ['REAL ESTATE', 0.05133853], ['TRAVEL', 0.05016623], ['BUSINESS', 0.04931239]]","[['ACCESSORIES', 0.36], ['WEDDINGS', 0.29], ['PROFANE CONTENT', 0.22], ['GARDENING', 0.2], ['HINDUISM', 0.16]]",True,108,82,22:12:37.222005
my on I Thomas Olivia with Alexander country Alexander outside an school,"[['EDUCATION', 0.06553685], ['TRAVEL', 0.05223543], ['HEALTH AND FITNESS', 0.05211857], ['FAMILY AND PARENTING', 0.05179048], ['HOBBIES AND INTERESTS', 0.05110769]]","[['WEDDINGS', 0.28], ['HINDUISM', 0.17], ['HOBBIES & INTERESTS', 0.06], ['SOCIETY', 0.06], ['RELIGION & SPIRITUALITY', 0.05]]",True,109,83,22:12:38.750394
a by Alexander outside Alexander stood Olivia,"[['RELIGION AND SPIRITUALITY', 0.05202931], ['HEALTH AND FITNESS', 0.05036791], ['BUSINESS', 0.04995073], ['TRAVEL', 0.04991104], ['SPORTS', 0.04925591]]","[['HOBBIES & INTERESTS', 0.07], ['BIRDWATCHING', 0.05]]",True,110,84,22:12:40.284425
Olivia looked an country by I in Olivia with I,"[['TRAVEL', 0.05307197], ['AUTOMOTIVE', 0.05234863], ['STYLE AND FASHION', 0.05101512], ['ARTS AND ENTERTAINMENT', 0.05079856], ['SPORTS', 0.0505629]]","[['BODY ART', 0.37], ['EXTREME GRAPHIC/EXPLICIT VIOLENCE', 0.2], ['OFF-ROAD VEHICLES', 0.1], ['HOBBIES & INTERESTS', 0.06], ['BIRDWATCHING', 0.05]]",True,111,85,22:12:41.832138
home home stood Olivia in I in I,"[['HOME AND GARDEN', 0.05686244], ['REAL ESTATE', 0.05162459], ['SPORTS', 0.0504295], ['HOBBIES AND INTERESTS', 0.04956918], ['ARTS AND ENTERTAINMENT', 0.04940889]]","[['HOBBIES & INTERESTS', 0.07], ['BIRDWATCHING', 0.05]]",True,112,86,22:12:43.418282
Thomas stood I in Alexander,"[['TECHNOLOGY AND COMPUTING', 0.05309832], ['HOBBIES AND INTERESTS', 0.05287936], ['SPORTS', 0.05111762], ['ARTS AND ENTERTAINMENT', 0.04959523], ['HEALTH AND FITNESS', 0.04957215]]","[['PROFANE CONTENT', 0.2], ['HOBBIES & INTERESTS', 0.07], ['NON-STANDARD CONTENT', 0.06], ['JEWELRY MAKING', 0.05]]",True,113,87,22:12:44.794456
Alexander thought Alexander with school by Thomas room,"[['EDUCATION', 0.05866212], ['HOME AND GARDEN', 0.05846407], ['FAMILY AND PARENTING', 0.0524897], ['HEALTH AND FITNESS', 0.05133833], ['BUSINESS', 0.05062619]]","[['ACCESSORIES', 0.36], ['WEDDINGS', 0.29], ['PROFANE CONTENT', 0.21], ['HINDUISM', 0.16], ['HOBBIES & INTERESTS', 0.06]]",True,114,88,22:12:46.184660
Thomas Alexander a country Alexander school outside I country in I,"[['EDUCATION', 0.06366823], ['SPORTS', 0.05219016], ['TRAVEL', 0.05155648], ['FAMILY AND PARENTING', 0.05139602], ['HEALTH AND FITNESS', 0.04989011]]","[['WEDDINGS', 0.28], ['PROFANE CONTENT', 0.19], ['HINDUISM', 0.18], ['WEATHER', 0.14], ['TRAVELING WITH KIDS', 0.11]]",True,115,89,22:12:47.745039
Thomas knew I,"[['TECHNOLOGY AND COMPUTING', 0.05259489], ['HOBBIES AND INTERESTS', 0.05244156], ['SPORTS', 0.05118265], ['HOME AND GARDEN', 0.05007358], ['STYLE AND FASHION', 0.04927218]]","[['PROFANE CONTENT', 0.22], ['NON-STANDARD CONTENT', 0.07], ['HOBBIES & INTERESTS', 0.06], ['JEWELRY MAKING', 0.06], ['SPORTS', 0.06]]",True,116,90,22:12:49.041021
I Thomas Olivia outside Olivia,"[['TECHNOLOGY AND COMPUTING', 0.0531418], ['SPORTS', 0.05270354], ['RELIGION AND SPIRITUALITY', 0.05034606], ['FOOD AND DRINK', 0.04918624], ['TRAVEL', 0.04897807]]","[['HOBBIES & INTERESTS', 0.07], ['BIRDWATCHING', 0.05]]",True,117,91,22:12:50.324355
the home by week home a woman outside Alexander I in I in school by country I Olivia woman week outside a business in week Alexander I room in the school,"[['EDUCATION', 0.06298798], ['HOME AND GARDEN', 0.06219942], ['TRAVEL', 0.05731396], ['REAL ESTATE', 0.05726891], ['BUSINESS', 0.05708282]]","[['ACCESSORIES', 0.35], ['WEDDINGS', 0.24], ['TRAVELING WITH KIDS', 0.14], ['HOMESCHOOLING', 0.09], ['STYLE & FASHION', 0.07]]",True,118,92,22:12:51.664312
an school thought Olivia by the woman on room by Alexander home by room woman in school country,"[['HOME AND GARDEN', 0.06364266], ['EDUCATION', 0.06189906], ['REAL ESTATE', 0.05663189], ['TRAVEL', 0.05441846], ['RELIGION AND SPIRITUALITY', 0.05134639]]","[['ACCESSORIES', 0.36], ['TEENS', 0.25], ['HOMESCHOOLING', 0.09], ['STYLE & FASHION', 0.08], ['SOCIETY', 0.07]]",True,119,93,22:12:53.215310
the school outside outside Alexander by the with a company on country school stood Olivia with the home,"[['BUSINESS', 0.05908935], ['EDUCATION', 0.05781777], ['HOME AND GARDEN', 0.05683118], ['REAL ESTATE', 0.05650225], ['TRAVEL', 0.05149994]]","[['HOMESCHOOLING', 0.09], ['EDUCATION', 0.09]]",False,120,93,22:12:54.642167
Alexander needed Alexander,"[['HOBBIES AND INTERESTS', 0.05126872], ['HEALTH AND FITNESS', 0.04971679], ['ARTS AND ENTERTAINMENT', 0.04898346], ['TECHNOLOGY AND COMPUTING', 0.04888793], ['BUSINESS', 0.04881367]]","[['WEDDINGS', 0.3], ['EXTREME GRAPHIC/EXPLICIT VIOLENCE', 0.2], ['HOBBIES & INTERESTS', 0.06], ['SOCIETY', 0.06], ['NON-STANDARD CONTENT', 0.05]]",True,121,94,22:12:55.928074
Thomas needed Alexander outside my company with Alexander,"[['BUSINESS', 0.05662509], ['HEALTH AND FITNESS', 0.05475991], ['TECHNOLOGY AND COMPUTING', 0.0534612], ['HOME AND GARDEN', 0.0504343], ['TRAVEL', 0.04830388]]","[['CONSTRUCTION', 0.14], ['HOBBIES & INTERESTS', 0.07], ['BUSINESS', 0.06], ['JEWELRY MAKING', 0.05]]",True,122,95,22:12:57.241842
Thomas tried Thomas on I,"[['TECHNOLOGY AND COMPUTING', 0.05640165], ['HOBBIES AND INTERESTS', 0.05055525], ['STYLE AND FASHION', 0.05043926], ['HEALTH AND FITNESS', 0.05012401], ['HOME AND GARDEN', 0.04982696]]","[['HOBBIES & INTERESTS', 0.08], ['JEWELRY MAKING', 0.06]]",True,123,96,22:12:58.541178
the room Alexander Thomas tried Thomas by a country with business business a country on an week by Thomas Alexander,"[['BUSINESS', 0.06211746], ['LAW GOVERNMENT AND POLITICS', 0.05798015], ['REAL ESTATE', 0.05747138], ['HOME AND GARDEN', 0.05650891], ['TRAVEL', 0.05490513]]","[['BUSINESS SOFTWARE', 0.15], ['BUSINESS', 0.12]]",False,124,96,22:12:59.907706
I needed Alexander,"[['HOBBIES AND INTERESTS', 0.05447362], ['TECHNOLOGY AND COMPUTING', 0.05239349], ['ARTS AND ENTERTAINMENT', 0.05084044], ['HOME AND GARDEN', 0.04984526], ['SPORTS', 0.04883306]]","[['WEDDINGS', 0.29], ['HOME REPAIR', 0.23], ['EXTREME GRAPHIC/EXPLICIT VIOLENCE', 0.19], ['HOBBIES & INTERESTS', 0.06], ['NON-STANDARD CONTENT', 0.06]]",True,125,97,22:13:01.308977
Olivia thought Thomas outside an week on Thomas,"[['FAMILY AND PARENTING', 0.05346248], ['HEALTH AND FITNESS', 0.05320734], ['RELIGION AND SPIRITUALITY', 0.05239849], ['BUSINESS', 0.05169617], ['TECHNOLOGY AND COMPUTING', 0.05112043]]","[['PROFANE CONTENT', 0.21], ['HINDUISM', 0.16], ['HOBBIES & INTERESTS', 0.07], ['NON-STANDARD CONTENT', 0.06], ['RELIGION & SPIRITUALITY', 0.06]]",True,126,98,22:13:02.606927
the company by I stood Alexander an school Alexander with my week by a home,"[['HOME AND GARDEN', 0.06069518], ['FAMILY AND PARENTING', 0.05584063], ['EDUCATION', 0.05306894], ['TECHNOLOGY AND COMPUTING', 0.05306533], ['BUSINESS', 0.05263987]]","[['HOBBIES & INTERESTS', 0.06], ['GETTING PUBLISHED', 0.05]]",True,127,99,22:13:03.923359
country an in a country by my country Olivia Thomas I business on an school on an school knew I with school by a country home outside Thomas on I by I,"[['EDUCATION', 0.06525059], ['HOME AND GARDEN', 0.05567085], ['TRAVEL', 0.05551091], ['BUSINESS', 0.05395746], ['REAL ESTATE', 0.05222658]]","[['TRAVELING WITH KIDS', 0.21], ['HOMESCHOOLING', 0.09], ['EDUCATION', 0.08], ['TRAVEL', 0.07]]",False,128,99,22:13:05.255138
Thomas knew Alexander in Alexander,"[['HOBBIES AND INTERESTS', 0.05107522], ['FAMILY AND PARENTING', 0.05058937], ['EDUCATION', 0.05041589], ['SOCIETY', 0.04979218], ['TECHNOLOGY AND COMPUTING', 0.04971109]]","[['WEDDINGS', 0.34], ['PROFANE CONTENT', 0.2], ['HOBBIES & INTERESTS', 0.06], ['NON-STANDARD CONTENT', 0.06], ['SOCIETY', 0.06]]",True,129,100,22:13:06.570587
a school outside Alexander looked Olivia an country I in Olivia,"[['EDUCATION', 0.0614802], ['TRAVEL', 0.05327417], ['SPORTS', 0.05149777], ['FAMILY AND PARENTING', 0.0499436], ['STYLE AND FASHION', 0.04977658]]","[['HOBBIES & INTERESTS', 0.06], ['BIRDWATCHING', 0.05]]",True,130,101,22:13:08.084499
I knew Olivia in school Alexander Thomas by an woman outside I in I,"[['EDUCATION', 0.06114569], ['RELIGION AND SPIRITUALITY', 0.05498512], ['HOBBIES AND INTERESTS', 0.05447256], ['FAMILY AND PARENTING', 0.05310654], ['SPORTS', 0.05310336]]","[['BODY ART', 0.34], ['WEDDINGS', 0.29], ['PROFANE CONTENT', 0.21], ['SOCIETY', 0.06], ['HOBBIES & INTERESTS', 0.06]]",True,131,102,22:13:09.484977
my company looked Alexander by I,"[['TECHNOLOGY AND COMPUTING', 0.05245654], ['AUTOMOTIVE', 0.05215963], ['BUSINESS', 0.05159283], ['HOBBIES AND INTERESTS', 0.05149594], ['HOME AND GARDEN', 0.05143083]]","[['CONSTRUCTION', 0.14], ['BUSINESS', 0.08], ['HOBBIES & INTERESTS', 0.06], ['INVESTORS & PATENTS', 0.06]]",True,132,103,22:13:11.026409
an country on an week looked Olivia with Thomas my in I Olivia,"[['EDUCATION', 0.05377417], ['STYLE AND FASHION', 0.05247204], ['AUTOMOTIVE', 0.05193613], ['HOME AND GARDEN', 0.0518808], ['TECHNOLOGY AND COMPUTING', 0.05163789]]","[['BODY ART', 0.36], ['GARDENING', 0.25], ['HUMOR', 0.2], ['EXTREME GRAPHIC/EXPLICIT VIOLENCE', 0.19], ['HINDUISM', 0.18]]",True,133,104,22:13:12.770981
Alexander thought Olivia outside Thomas,"[['HEALTH AND FITNESS', 0.05388446], ['RELIGION AND SPIRITUALITY', 0.05151861], ['BUSINESS', 0.05001794], ['TRAVEL', 0.0494768], ['REAL ESTATE', 0.04930966]]","[['PROFANE CONTENT', 0.21], ['HINDUISM', 0.16], ['HOBBIES & INTERESTS', 0.07], ['NON-STANDARD CONTENT', 0.06], ['RELIGION & SPIRITUALITY', 0.06]]",True,134,105,22:13:14.583251
Olivia tried Thomas in Thomas on company outside Olivia business in Thomas an school a outside my business by Olivia with Olivia,"[['BUSINESS', 0.06585505], ['EDUCATION', 0.05507188], ['LAW GOVERNMENT AND POLITICS', 0.05323005], ['TECHNOLOGY AND COMPUTING', 0.05091884], ['REAL ESTATE', 0.05090336]]","[['BUSINESS SOFTWARE', 0.12], ['BUSINESS', 0.1]]",False,135,105,22:13:16.179031
Alexander tried I,"[['HOBBIES AND INTERESTS', 0.05390531], ['TECHNOLOGY AND COMPUTING', 0.0530961], ['HEALTH AND FITNESS', 0.05158446], ['STYLE AND FASHION', 0.05012909], ['SPORTS', 0.04934094]]","[['HOBBIES & INTERESTS', 0.07], ['BIRDWATCHING', 0.05]]",True,136,106,22:13:17.766525
Thomas tried Thomas Olivia the company with my business by Thomas,"[['BUSINESS', 0.06206121], ['LAW GOVERNMENT AND POLITICS', 0.05708643], ['TECHNOLOGY AND COMPUTING', 0.05301219], ['REAL ESTATE', 0.05217771], ['HOBBIES AND INTERESTS', 0.05037344]]","[['BUSINESS SOFTWARE', 0.13], ['BUSINESS', 0.12]]",False,137,106,22:13:19.321153
I a school Thomas I woman home in woman in Alexander Alexander I in Thomas in Alexander,"[['EDUCATION', 0.05826349], ['HOME AND GARDEN', 0.05499597], ['FAMILY AND PARENTING', 0.05328007], ['HEALTH AND FITNESS', 0.05282779], ['TECHNOLOGY AND COMPUTING', 0.05077753]]","[['WEDDINGS', 0.3], ['SOCIETY', 0.07], ['HOBBIES & INTERESTS', 0.07], ['CIGARS', 0.05]]",True,138,107,22:13:20.861749
Olivia thought Thomas in Thomas,"[['HEALTH AND FITNESS', 0.05007679], ['FAMILY AND PARENTING', 0.04895918], ['REAL ESTATE', 0.04886074], ['SOCIETY', 0.04849407], ['TECHNOLOGY AND COMPUTING', 0.04844069]]","[['PROFANE CONTENT', 0.22], ['HOBBIES & INTERESTS', 0.07], ['NON-STANDARD CONTENT', 0.06], ['JEWELRY MAKING', 0.06]]",True,139,108,22:13:22.374026
Alexander stood Thomas by Thomas outside Olivia in I by Thomas,"[['SPORTS', 0.0530675], ['TECHNOLOGY AND COMPUTING', 0.05225779], ['HOBBIES AND INTERESTS', 0.05084298], ['RELIGION AND SPIRITUALITY', 0.05070654], ['HEALTH AND FITNESS', 0.05051024]]","[['PROFANE CONTENT', 0.21], ['HOBBIES & INTERESTS', 0.07], ['NON-STANDARD CONTENT', 0.06], ['JEWELRY MAKING', 0.06]]",True,140,109,22:13:23.752297
the school needed an company on the business,"[['BUSINESS', 0.07002377], ['LAW GOVERNMENT AND POLITICS', 0.05684147], ['EDUCATION', 0.05228014], ['PERSONAL FINANCE', 0.05060895], ['REAL ESTATE', 0.05012126]]","[['BUSINESS', 0.47], ['BUSINESS SOFTWARE', 0.31]]",False,141,109,22:13:25.174229
room on an company company needed Thomas,"[['HOME AND GARDEN', 0.06447739], ['BUSINESS', 0.0573496], ['REAL ESTATE', 0.05320416], ['TECHNOLOGY AND COMPUTING', 0.05172943], ['PERSONAL FINANCE', 0.05026075]]","[['BUSINESS', 0.15], ['CONSTRUCTION', 0.14]]",False,142,109,22:13:26.780098
a country Alexander I in Alexander,"[['HOBBIES AND INTERESTS', 0.05257444], ['TRAVEL', 0.05210355], ['ARTS AND ENTERTAINMENT', 0.05164033], ['EDUCATION', 0.05092876], ['FOOD AND DRINK', 0.05031166]]","[['WEDDINGS', 0.32], ['EXTREME GRAPHIC/EXPLICIT VIOLENCE', 0.2], ['UNITED KINGDOM', 0.07], ['HOBBIES & INTERESTS', 0.06], ['SOCIETY', 0.05]]",True,143,110,22:13:28.522394
Olivia needed Olivia outside my school,"[['EDUCATION', 0.05658056], ['FAMILY AND PARENTING', 0.05516506], ['RELIGION AND SPIRITUALITY', 0.05145755], ['HEALTH AND FITNESS', 0.05117569], ['STYLE AND FASHION', 0.05036222]]","[['HOBBIES & INTERESTS', 0.07], ['SCREENWRITING', 0.05]]",True,144,111,22:13:30.053092
Alexander tried Alexander,"[['HEALTH AND FITNESS', 0.05217644], ['HOBBIES AND INTERESTS', 0.05078019], ['TECHNOLOGY AND COMPUTING', 0.04988589], ['STYLE AND FASHION', 0.0494379], ['REAL ESTATE', 0.04872766]]","[['HOBBIES & INTERESTS', 0.07], ['BIRDWATCHING', 0.05]]",True,145,112,22:13:31.619216
I a home with Olivia I with Thomas,"[['HOME AND GARDEN', 0.05985855], ['TECHNOLOGY AND COMPUTING', 0.05309787], ['REAL ESTATE', 0.05200613], ['FAMILY AND PARENTING', 0.05002437], ['SPORTS', 0.04892356]]","[['HOBBIES & INTERESTS', 0.07], ['JEWELRY MAKING', 0.05]]",True,146,113,22:13:33.132492
school business needed Alexander in my school in Olivia,"[['EDUCATION', 0.05730754], ['BUSINESS', 0.05719656], ['HOBBIES AND INTERESTS', 0.05432861], ['LAW GOVERNMENT AND POLITICS', 0.05425102], ['STYLE AND FASHION', 0.05093356]]","[['HUMAN RESOURCES', 0.15], ['EDUCATION', 0.11], ['BUSINESS', 0.09], ['HOMESCHOOLING', 0.09]]",False,147,113,22:13:34.715557
I looked Thomas with Thomas,"[['TECHNOLOGY AND COMPUTING', 0.05437063], ['STYLE AND FASHION', 0.05172859], ['SPORTS', 0.05118919], ['HOME AND GARDEN', 0.05043517], ['HOBBIES AND INTERESTS', 0.04897739]]","[['HOBBIES & INTERESTS', 0.07], ['JEWELRY MAKING', 0.06]]",True,148,114,22:13:36.138306
Olivia needed Alexander by Alexander on Alexander,"[['HOBBIES AND INTERESTS', 0.05193778], ['STYLE AND FASHION', 0.04950423], ['HEALTH AND FITNESS', 0.049101], ['FAMILY AND PARENTING', 0.04876183], ['TECHNOLOGY AND COMPUTING', 0.04871583]]","[['WEDDINGS', 0.3], ['EXTREME GRAPHIC/EXPLICIT VIOLENCE', 0.2], ['HOBBIES & INTERESTS', 0.07], ['SOCIETY', 0.05], ['NON-STANDARD CONTENT', 0.05]]",True,149,115,22:13:37.498936
Thomas knew Thomas on I,"[['TECHNOLOGY AND COMPUTING', 0.0532859], ['SPORTS', 0.05193909], ['HOBBIES AND INTERESTS', 0.05127161], ['HOME AND GARDEN', 0.05036157], ['FAMILY AND PARENTING', 0.04907576]]","[['PROFANE CONTENT', 0.22], ['HOBBIES & INTERESTS', 0.07], ['NON-STANDARD CONTENT', 0.06], ['JEWELRY MAKING', 0.06], ['SPORTS', 0.06]]",True,150,116,22:13:38.931696
Thomas an room I,"[['HOME AND GARDEN', 0.06198374], ['TECHNOLOGY AND COMPUTING', 0.05265145], ['HOBBIES AND INTERESTS', 0.05046529], ['TRAVEL', 0.04963451], ['SPORTS', 0.04937671]]","[['APARTMENTS', 0.42], ['ACCESSORIES', 0.38], ['PROFANE CONTENT', 0.22], ['HOME THEATER', 0.18], ['STYLE & FASHION', 0.07]]",True,151,117,22:13:40.485735
company with an in Alexander by I business knew Alexander in Olivia,"[['BUSINESS', 0.06339719], ['LAW GOVERNMENT AND POLITICS', 0.05870798], ['HOBBIES AND INTERESTS', 0.05504108], ['TECHNOLOGY AND COMPUTING', 0.05073887], ['CAREERS', 0.05039092]]","[['BUSINESS SOFTWARE', 0.14], ['BUSINESS', 0.13]]",False,152,117,22:13:42.026101
Olivia home company I,"[['HOME AND GARDEN', 0.0608892], ['REAL ESTATE', 0.05276582], ['TECHNOLOGY AND COMPUTING', 0.05139511], ['BUSINESS', 0.05076345], ['FOOD AND DRINK', 0.04898774]]","[['CONSTRUCTION', 0.12], ['BUSINESS', 0.09]]",False,153,117,22:13:43.530489
Alexander tried the week outside Olivia,"[['HEALTH AND FITNESS', 0.05475355], ['TECHNOLOGY AND COMPUTING', 0.05246212], ['BUSINESS', 0.05224762], ['FAMILY AND PARENTING', 0.05208289], ['RELIGION AND SPIRITUALITY', 0.05000231]]","[['ACCESSORIES', 0.36], ['WEDDINGS', 0.27], ['HUMOR', 0.2], ['EXTREME GRAPHIC/EXPLICIT VIOLENCE', 0.19], ['HOBBIES & INTERESTS', 0.06]]",True,154,118,22:13:45.172897
I thought Alexander,"[['TECHNOLOGY AND COMPUTING', 0.05067499], ['RELIGION AND SPIRITUALITY', 0.05034257], ['HOBBIES AND INTERESTS', 0.05006093], ['SPORTS', 0.04947991], ['ARTS AND ENTERTAINMENT', 0.04914051]]","[['WEDDINGS', 0.31], ['PROFANE CONTENT', 0.2], ['ATHEISM/AGNOSTICISM', 0.16], ['HOBBIES & INTERESTS', 0.07], ['SOCIETY', 0.06]]",True,155,119,22:13:46.483825
I thought a on Thomas,"[['TECHNOLOGY AND COMPUTING', 0.0533328], ['HOME AND GARDEN', 0.05030988], ['SPORTS', 0.05006456], ['RELIGION AND SPIRITUALITY', 0.04928025], ['SCIENCE', 0.04905855]]","[['PROFANE CONTENT', 0.23], ['ATHEISM/AGNOSTICISM', 0.2], ['HOBBIES & INTERESTS', 0.08], ['NON-STANDARD CONTENT', 0.06], ['RELIGION & SPIRITUALITY', 0.06]]",True,156,120,22:13:47.844527
Alexander needed I,"[['HOBBIES AND INTERESTS', 0.05436964], ['TECHNOLOGY AND COMPUTING', 0.05179503], ['ARTS AND ENTERTAINMENT', 0.04984263], ['HOME AND GARDEN', 0.04966162], ['HEALTH AND FITNESS', 0.04963862]]","[['WEDDINGS', 0.29], ['HOME REPAIR', 0.23], ['EXTREME GRAPHIC/EXPLICIT VIOLENCE', 0.19], ['HOBBIES & INTERESTS', 0.06], ['NON-STANDARD CONTENT', 0.06]]",True,157,121,22:13:49.396686
week woman by I stood I,"[['RELIGION AND SPIRITUALITY', 0.05435377], ['TECHNOLOGY AND COMPUTING', 0.05223928], ['HEALTH AND FITNESS', 0.05186325], ['SPORTS', 0.05019606], ['STYLE AND FASHION', 0.0493191]]","[['BODY ART', 0.36], ['PORNOGRAPHY', 0.21], ['STYLE & FASHION', 0.07], ['NON-STANDARD CONTENT', 0.06]]",True,158,122,22:13:50.924320
an woman outside Olivia needed Alexander by I,"[['RELIGION AND SPIRITUALITY', 0.0552762], ['HEALTH AND FITNESS', 0.05344075], ['HOBBIES AND INTERESTS', 0.05253741], ['TECHNOLOGY AND COMPUTING', 0.05061586], ['SPORTS', 0.04960055]]","[['ACCESSORIES', 0.34], ['WEDDINGS', 0.28], ['EXTREME GRAPHIC/EXPLICIT VIOLENCE', 0.19], ['SOCIETY', 0.06], ['HOBBIES & INTERESTS', 0.06]]",True,159,123,22:13:52.240036
Thomas knew woman room my school on company in Thomas week with Thomas Olivia,"[['HOME AND GARDEN', 0.05903775], ['EDUCATION', 0.0590021], ['BUSINESS', 0.05740349], ['FAMILY AND PARENTING', 0.05547982], ['TECHNOLOGY AND COMPUTING', 0.05179969]]","[['ACCESSORIES', 0.35], ['GARDENING', 0.22], ['PROFANE CONTENT', 0.21], ['HOBBIES & INTERESTS', 0.06], ['STYLE & FASHION', 0.06]]",True,160,124,22:13:53.573186
Olivia looked Alexander outside a business outside home school in Thomas outside Thomas,"[['REAL ESTATE', 0.05875337], ['EDUCATION', 0.05864425], ['BUSINESS', 0.05583778], ['FAMILY AND PARENTING', 0.05448187], ['HOME AND GARDEN', 0.052471]]","[['BUSINESS SOFTWARE', 0.12], ['BUSINESS', 0.08]]",False,161,124,22:13:54.886539
Olivia stood an school in Thomas in week week,"[['FAMILY AND PARENTING', 0.06109053], ['EDUCATION', 0.06106184], ['STYLE AND FASHION', 0.05225326], ['TECHNOLOGY AND COMPUTING', 0.05123088], ['BUSINESS', 0.04912919]]","[['BODY ART', 0.34], ['PROFANE CONTENT', 0.19], ['HUMOR', 0.19], ['HINDUISM', 0.17], ['HOMESCHOOLING', 0.09]]",True,162,125,22:13:56.367820
Alexander knew I on Thomas on Alexander,"[['HOBBIES AND INTERESTS', 0.05540632], ['TECHNOLOGY AND COMPUTING', 0.05271348], ['SPORTS', 0.05075811], ['HOME AND GARDEN', 0.04951793], ['EDUCATION', 0.04944398]]","[['WEDDINGS', 0.34], ['PROFANE CONTENT', 0.2], ['HOBBIES & INTERESTS', 0.06], ['NON-STANDARD CONTENT', 0.06], ['SOCIETY', 0.06]]",True,163,126,22:13:57.685475
school I Thomas by I by Thomas thought a room outside Olivia,"[['EDUCATION', 0.05979981], ['HOME AND GARDEN', 0.05895071], ['HEALTH AND FITNESS', 0.0514311], ['RELIGION AND SPIRITUALITY', 0.05116925], ['SPORTS', 0.05069225]]","[['ACCESSORIES', 0.36], ['PROFANE CONTENT', 0.23], ['ATHEISM/AGNOSTICISM', 0.15], ['HOBBIES & INTERESTS', 0.07], ['NON-STANDARD CONTENT', 0.06]]",True,164,127,22:13:59.035616
Thomas my school an company on I,"[['EDUCATION', 0.05521692], ['TECHNOLOGY AND COMPUTING', 0.05477289], ['HOME AND GARDEN', 0.05307389], ['BUSINESS', 0.05202514], ['FAMILY AND PARENTING', 0.05109189]]","[['BIOTECH/BIOMEDICAL', 0.17], ['HOMESCHOOLING', 0.09], ['BUSINESS', 0.09], ['EDUCATION', 0.08], ['HOBBIES & INTERESTS', 0.08]]",False,165,127,22:14:00.394185
home I Alexander company knew Thomas Alexander my company Olivia the school on Thomas my outside I Thomas,"[['HOME AND GARDEN', 0.06057322], ['FAMILY AND PARENTING', 0.05571209], ['EDUCATION', 0.05564643], ['TECHNOLOGY AND COMPUTING', 0.05203853], ['BUSINESS', 0.05183745]]","[['CONSTRUCTION', 0.14], ['HOBBIES & INTERESTS', 0.07], ['BUSINESS', 0.06], ['JEWELRY MAKING', 0.05]]",True,166,128,22:14:01.954058
Olivia needed Alexander,"[['HOBBIES AND INTERESTS', 0.05193778], ['STYLE AND FASHION', 0.04950423], ['HEALTH AND FITNESS', 0.049101], ['FAMILY AND PARENTING', 0.04876183], ['TECHNOLOGY AND COMPUTING', 0.04871583]]","[['EXTREME GRAPHIC/EXPLICIT VIOLENCE', 0.2], ['HOBBIES & INTERESTS', 0.06], ['NON-STANDARD CONTENT', 0.05], ['SCREENWRITING', 0.05]]",True,167,129,22:14:03.358264
Alexander tried the week with Olivia on a week in Thomas outside woman I I week by Olivia,"[['HEALTH AND FITNESS', 0.05864991], ['TECHNOLOGY AND COMPUTING', 0.05785436], ['RELIGION AND SPIRITUALITY', 0.05296289], ['HOBBIES AND INTERESTS', 0.05143435], ['SPORTS', 0.05032181]]","[['ACCESSORIES', 0.34], ['HUMOR', 0.23], ['PORNOGRAPHY', 0.18], ['STYLE & FASHION', 0.06], ['ARTS & ENTERTAINMENT', 0.05]]",True,168,130,22:14:04.630794
Olivia looked woman outside Olivia school outside Olivia,"[['EDUCATION', 0.0581453], ['RELIGION AND SPIRITUALITY', 0.05691937], ['STYLE AND FASHION', 0.0534406], ['HEALTH AND FITNESS', 0.05280285], ['FAMILY AND PARENTING', 0.05200884]]","[['HOBBIES & INTERESTS', 0.07], ['CIGARS', 0.05]]",True,169,131,22:14:05.956046
I stood a school outside I,"[['EDUCATION', 0.05667224], ['RELIGION AND SPIRITUALITY', 0.05392377], ['SPORTS', 0.05331177], ['FAMILY AND PARENTING', 0.0514811], ['BUSINESS', 0.04845094]]","[['EDUCATION', 0.11], ['HOMESCHOOLING', 0.09]]",False,170,131,22:14:07.504268
I needed an room with room in I Alexander Alexander in Olivia Thomas the school with I,"[['HOME AND GARDEN', 0.06300274], ['EDUCATION', 0.05926378], ['HOBBIES AND INTERESTS', 0.05474931], ['FAMILY AND PARENTING', 0.0516889], ['TECHNOLOGY AND COMPUTING', 0.05108228]]","[['ACCESSORIES', 0.38], ['WEDDINGS', 0.28], ['PROFANE CONTENT', 0.2], ['HOME REPAIR', 0.19], ['STYLE & FASHION', 0.06]]",True,171,132,22:14:09.077802
room Thomas I on I business with Alexander country outside I Olivia,"[['TRAVEL', 0.0597086], ['HOME AND GARDEN', 0.05719501], ['BUSINESS', 0.05618668], ['LAW GOVERNMENT AND POLITICS', 0.05472931], ['REAL ESTATE', 0.0524684]]","[['BUSINESS SOFTWARE', 0.15], ['BUSINESS', 0.1]]",False,172,132,22:14:10.447924
Thomas looked I,"[['TECHNOLOGY AND COMPUTING', 0.05305851], ['STYLE AND FASHION', 0.05167698], ['SPORTS', 0.05071667], ['HOME AND GARDEN', 0.05032626], ['SCIENCE', 0.04893543]]","[['HOBBIES & INTERESTS', 0.07], ['SPORTS', 0.06], ['JEWELRY MAKING', 0.05], ['WATERSKI/WAKEBOARD', 0.04]]",True,173,133,22:14:11.710163
Alexander knew room an company an week school in I on Thomas,"[['HOME AND GARDEN', 0.06395037], ['EDUCATION', 0.05981543], ['BUSINESS', 0.05783432], ['TECHNOLOGY AND COMPUTING', 0.05464188], ['FAMILY AND PARENTING', 0.05347414]]","[['APARTMENTS', 0.4], ['ACCESSORIES', 0.37], ['CONSTRUCTION', 0.15], ['TRAVELING WITH KIDS', 0.11], ['HOMESCHOOLING', 0.09]]",True,174,134,22:14:13.466482
Alexander needed Alexander outside Olivia in Olivia,"[['HEALTH AND FITNESS', 0.05066687], ['BUSINESS', 0.05057327], ['HOBBIES AND INTERESTS', 0.0494944], ['RELIGION AND SPIRITUALITY', 0.04932374], ['FAMILY AND PARENTING', 0.04881446]]","[['EXTREME GRAPHIC/EXPLICIT VIOLENCE', 0.2], ['HOBBIES & INTERESTS', 0.07], ['NON-STANDARD CONTENT', 0.05], ['SCREENWRITING', 0.05]]",True,175,135,22:14:15.527743
Thomas needed Alexander Alexander Olivia home room outside an school outside my week in Alexander school Olivia I,"[['HOME AND GARDEN', 0.07257325], ['FAMILY AND PARENTING', 0.06117581], ['EDUCATION', 0.05631119], ['TECHNOLOGY AND COMPUTING', 0.0557542], ['HEALTH AND FITNESS', 0.05125087]]","[['ACCESSORIES', 0.36], ['WEDDINGS', 0.26], ['PROFANE CONTENT', 0.19], ['WEATHER', 0.15], ['HOMESCHOOLING', 0.09]]",True,176,136,22:14:16.838657
a school thought school school,"[['EDUCATION', 0.05634662], ['FAMILY AND PARENTING', 0.05329305], ['BUSINESS', 0.05041003], ['HEALTH AND FITNESS', 0.04959759], ['RELIGION AND SPIRITUALITY', 0.04952914]]","[['EDUCATION', 0.27], ['GRADUATE SCHOOL', 0.11]]",False,177,136,22:14:18.325131
an room tried I outside Olivia by Olivia,"[['HOME AND GARDEN', 0.05766869], ['TRAVEL', 0.05498635], ['TECHNOLOGY AND COMPUTING', 0.05139134], ['RELIGION AND SPIRITUALITY', 0.0508653], ['SPORTS', 0.05060316]]","[['ACCESSORIES', 0.37], ['HOME THEATER', 0.33], ['EXTREME GRAPHIC/EXPLICIT VIOLENCE', 0.2], ['HOBBIES & INTERESTS', 0.06], ['STYLE & FASHION', 0.06]]",True,178,137,22:14:19.829855
Olivia looked Olivia,"[['STYLE AND FASHION', 0.05375002], ['AUTOMOTIVE', 0.04919569], ['SCIENCE', 0.04890096], ['REAL ESTATE', 0.0485831], ['TRAVEL', 0.04783721]]","[['HOBBIES & INTERESTS', 0.07], ['SPORTS', 0.05], ['BIRDWATCHING', 0.05], ['WATERSKI/WAKEBOARD', 0.05]]",True,179,138,22:14:21.424806
an business in Thomas needed a with Thomas,"[['LAW GOVERNMENT AND POLITICS', 0.05701708], ['BUSINESS', 0.05573053], ['REAL ESTATE', 0.0515944], ['TECHNOLOGY AND COMPUTING', 0.05052047], ['CAREERS', 0.05019336]]","[['BUSINESS SOFTWARE', 0.17], ['BUSINESS', 0.13]]",False,180,138,22:14:23.023150
Alexander knew I outside Olivia,"[['HOBBIES AND INTERESTS', 0.05390217], ['RELIGION AND SPIRITUALITY', 0.05301282], ['SPORTS', 0.05235639], ['TRAVEL', 0.04952162], ['TECHNOLOGY AND COMPUTING', 0.04916598]]","[['BODY ART', 0.37], ['WEDDINGS', 0.33], ['EXTREME GRAPHIC/EXPLICIT VIOLENCE', 0.19], ['HOBBIES & INTERESTS', 0.06], ['NON-STANDARD CONTENT', 0.06]]",True,181,139,22:14:24.756474
I knew school home on Thomas by Alexander with Alexander by Olivia in my school on an country outside Thomas,"[['EDUCATION', 0.06615511], ['HOME AND GARDEN', 0.05826121], ['FAMILY AND PARENTING', 0.05630905], ['TRAVEL', 0.05257294], ['HOBBIES AND INTERESTS', 0.05093807]]","[['WEDDINGS', 0.28], ['PROFANE CONTENT', 0.21], ['HINDUISM', 0.16], ['PARANORMAL PHENOMENA', 0.13], ['HOMESCHOOLING', 0.09]]",True,182,140,22:14:26.329360
I needed Alexander I Olivia I Olivia,"[['HOBBIES AND INTERESTS', 0.05517987], ['TECHNOLOGY AND COMPUTING', 0.05220466], ['STYLE AND FASHION', 0.05049824], ['ARTS AND ENTERTAINMENT', 0.05035621], ['HOME AND GARDEN', 0.04993166]]","[['EXTREME GRAPHIC/EXPLICIT VIOLENCE', 0.2], ['HOBBIES & INTERESTS', 0.07], ['NON-STANDARD CONTENT', 0.05], ['SCREENWRITING', 0.05]]",True,183,141,22:14:27.901809
my woman on an school looked a room in week outside Olivia on the school on Thomas outside Olivia,"[['EDUCATION', 0.06110778], ['HEALTH AND FITNESS', 0.05714486], ['FAMILY AND PARENTING', 0.05614104], ['RELIGION AND SPIRITUALITY', 0.05579398], ['HOME AND GARDEN', 0.05447677]]","[['ACCESSORIES', 0.34], ['HOMESCHOOLING', 0.09], ['EDUCATION', 0.07], ['STYLE & FASHION', 0.06], ['HOBBIES & INTERESTS', 0.06]]",True,184,142,22:14:29.373842
the business Olivia Thomas needed Olivia,"[['LAW GOVERNMENT AND POLITICS', 0.05694765], ['BUSINESS', 0.05535602], ['REAL ESTATE', 0.05146227], ['TECHNOLOGY AND COMPUTING', 0.05034568], ['CAREERS', 0.0501051]]","[['BUSINESS SOFTWARE', 0.13], ['BUSINESS', 0.09]]",False,185,142,22:14:30.879402
Olivia looked Thomas on Olivia on a school,"[['EDUCATION', 0.05926206], ['STYLE AND FASHION', 0.05639897], ['FAMILY AND PARENTING', 0.05466882], ['SOCIETY', 0.04930127], ['HEALTH AND FITNESS', 0.04881336]]","[['HOBBIES & INTERESTS', 0.07], ['CIGARS', 0.05]]",True,186,143,22:14:32.475415
my on a woman tried Alexander,"[['HEALTH AND FITNESS', 0.05904628], ['RELIGION AND SPIRITUALITY', 0.05266045], ['HOBBIES AND INTERESTS', 0.05190198], ['STYLE AND FASHION', 0.05080495], ['TRAVEL', 0.05059177]]","[['ACCESSORIES', 0.33], ['WEDDINGS', 0.32], ['SOCIETY', 0.07], ['STYLE & FASHION', 0.06], ['HOBBIES & INTERESTS', 0.06]]",True,187,144,22:14:34.116811
my school knew Olivia,"[['EDUCATION', 0.05956932], ['FAMILY AND PARENTING', 0.05608701], ['STYLE AND FASHION', 0.05437198], ['HOBBIES AND INTERESTS', 0.0504751], ['RELIGION AND SPIRITUALITY', 0.04956164]]","[['HOMESCHOOLING', 0.09], ['EDUCATION', 0.07], ['HOBBIES & INTERESTS', 0.07], ['FREELANCE WRITING', 0.05]]",True,188,145,22:14:35.625267
Olivia needed my woman by the school school with a company by Alexander company outside Thomas I,"[['HEALTH AND FITNESS', 0.05620742], ['BUSINESS', 0.05450983], ['TECHNOLOGY AND COMPUTING', 0.05413158], ['EDUCATION', 0.05410201], ['HOBBIES AND INTERESTS', 0.05202615]]","[['BIOTECH/BIOMEDICAL', 0.15], ['HOMESCHOOLING', 0.09], ['BUSINESS', 0.07], ['EDUCATION', 0.07], ['HOBBIES & INTERESTS', 0.07]]",False,189,145,22:14:37.150823
Olivia tried I in room with my business I Thomas country by Alexander,"[['TRAVEL', 0.0615632], ['HOBBIES AND INTERESTS', 0.0586268], ['HOME AND GARDEN', 0.05833264], ['LAW GOVERNMENT AND POLITICS', 0.05512998], ['BUSINESS', 0.05234984]]","[['BUSINESS SOFTWARE', 0.15], ['BUSINESS', 0.1]]",False,190,145,22:14:38.453934
an Olivia Alexander looked Thomas,"[['STYLE AND FASHION', 0.05285273], ['HEALTH AND FITNESS', 0.05106367], ['REAL ESTATE', 0.04957366], ['EDUCATION', 0.04939591], ['TECHNOLOGY AND COMPUTING', 0.04927913]]","[['HOBBIES & INTERESTS', 0.07], ['SPORTS', 0.05], ['JEWELRY MAKING', 0.05], ['WATERSKI/WAKEBOARD', 0.04]]",True,191,146,22:14:40.131828
Olivia tried the woman by Thomas,"[['HEALTH AND FITNESS', 0.05449456], ['STYLE AND FASHION', 0.05232818], ['TECHNOLOGY AND COMPUTING', 0.05121761], ['REAL ESTATE', 0.05038184], ['RELIGION AND SPIRITUALITY', 0.04961025]]","[['BODY ART', 0.35], ['PROFANE CONTENT', 0.2], ['HOBBIES & INTERESTS', 0.07], ['NON-STANDARD CONTENT', 0.06], ['STYLE & FASHION', 0.06]]",True,192,147,22:14:41.752644
Thomas thought a business outside Alexander,"[['BUSINESS', 0.05916578], ['LAW GOVERNMENT AND POLITICS', 0.05637916], ['REAL ESTATE', 0.05272025], ['TRAVEL', 0.05206537], ['RELIGION AND SPIRITUALITY', 0.05013007]]","[['BUSINESS SOFTWARE', 0.2], ['BUSINESS', 0.17]]",False,193,147,22:14:43.175525
an on Thomas thought a country outside Alexander,"[['TRAVEL', 0.05419095], ['HEALTH AND FITNESS', 0.05391601], ['EDUCATION', 0.05280732], ['BUSINESS', 0.05156218], ['REAL ESTATE', 0.05069925]]","[['WEDDINGS', 0.3], ['PROFANE CONTENT', 0.2], ['HINDUISM', 0.17], ['RELIGION & SPIRITUALITY', 0.07], ['NON-STANDARD CONTENT', 0.06]]",True,194,148,22:14:44.720761
I looked an room on Thomas in the woman in my Thomas my home by school woman in I on Thomas on Alexander in Olivia,"[['HOME AND GARDEN', 0.06827745], ['EDUCATION', 0.05722276], ['HEALTH AND FITNESS', 0.05499049], ['FAMILY AND PARENTING', 0.05360325], ['TECHNOLOGY AND COMPUTING', 0.05203415]]","[['BODY ART', 0.35], ['WEDDINGS', 0.26], ['PROFANE CONTENT', 0.21], ['STYLE & FASHION', 0.06], ['HOBBIES & INTERESTS', 0.06]]",True,195,149,22:14:46.039704
I looked Alexander on Thomas,"[['TECHNOLOGY AND COMPUTING', 0.05451266], ['HOBBIES AND INTERESTS', 0.05196535], ['STYLE AND FASHION', 0.05118703], ['HEALTH AND FITNESS', 0.05073239], ['SPORTS', 0.05034166]]","[['HOBBIES & INTERESTS', 0.07], ['SPORTS', 0.05], ['JEWELRY MAKING', 0.05], ['WATERSKI/WAKEBOARD', 0.04]]",True,196,150,22:14:47.349251
Olivia tried Alexander by the business in Alexander,"[['LAW GOVERNMENT AND POLITICS', 0.05748583], ['BUSINESS', 0.05651877], ['HOBBIES AND INTERESTS', 0.05272341], ['REAL ESTATE', 0.05152427], ['TRAVEL', 0.05065101]]","[['BUSINESS SOFTWARE', 0.14], ['BUSINESS', 0.09]]",False,197,150,22:14:48.679877
a school thought an business in Thomas outside I,"[['EDUCATION', 0.05736791], ['BUSINESS', 0.05721457], ['LAW GOVERNMENT AND POLITICS', 0.05263982], ['RELIGION AND SPIRITUALITY', 0.05099591], ['TRAVEL', 0.05023458]]","[['BUSINESS SOFTWARE', 0.21], ['BUSINESS', 0.2]]",False,198,150,22:14:50.092859
my week in a woman looked Olivia a country Thomas,"[['HEALTH AND FITNESS', 0.05656584], ['EDUCATION', 0.05511298], ['STYLE AND FASHION', 0.0525049], ['AUTOMOTIVE', 0.05110631], ['TRAVEL', 0.05015418]]","[['BODY ART', 0.34], ['WEDDINGS', 0.23], ['PROFANE CONTENT', 0.18], ['CHRISTIANITY', 0.16], ['STYLE & FASHION', 0.06]]",True,199,151,22:14:51.630034
