the elephant with my cat walked I with an dog outside John with an cat outside my dog with the man with my man,"[['PETS', 0.07936443], ['ARTS AND ENTERTAINMENT', 0.05241318], ['EDUCATION', 0.05197911], ['TRAVEL', 0.05152936], ['HOBBIES AND INTERESTS', 0.051242]]","[['PETS', 0.95227], ['ARTS AND ENTERTAINMENT', 0.001582], ['SPORTS', 0.00121031], ['SOCIETY', 0.000424951], ['HOBBIES AND INTERESTS', 6.92054e-05]]",False,1,0,18:37:50.148976
the elephant with my cat walked I with the dog outside John with an cat outside my dog with the man with my man,"[['PETS', 0.07936443], ['ARTS AND ENTERTAINMENT', 0.05241318], ['EDUCATION', 0.05197911], ['TRAVEL', 0.05152936], ['HOBBIES AND INTERESTS', 0.051242]]","[['PETS', 0.510932], ['ARTS AND ENTERTAINMENT', 0.000928355], ['SPORTS', 0.000272698], ['SOCIETY', 0.000103396], ['HOBBIES AND INTERESTS', 1.72945e-05]]",False,2,0,18:37:55.621200
the elephant with my cat walked I with the dog outside John in an cat outside my dog with the man with my man,"[['PETS', 0.07936443], ['ARTS AND ENTERTAINMENT', 0.05241318], ['EDUCATION', 0.05197911], ['TRAVEL', 0.05152936], ['HOBBIES AND INTERESTS', 0.051242]]","[['PETS', 0.509469], ['ARTS AND ENTERTAINMENT', 0.000925733], ['SPORTS', 0.000197234], ['HOBBIES AND INTERESTS', 1.2717e-05], ['HEALTH AND FITNESS', 4.95944e-06]]",False,3,0,18:38:01.149508
the elephant by my cat walked I with the dog outside John in an cat outside my dog with the man with my man,"[['PETS', 0.07936443], ['ARTS AND ENTERTAINMENT', 0.05241318], ['EDUCATION', 0.05197911], ['TRAVEL', 0.05152936], ['HOBBIES AND INTERESTS', 0.051242]]","[['PETS', 0.516599], ['ARTS AND ENTERTAINMENT', 0.000929408], ['SPORTS', 0.000129889], ['NON STANDARD CONTENT', 7.04988e-06], ['HOBBIES AND INTERESTS', 3.04556e-06]]",False,4,0,18:38:06.372807
the elephant by my cat killed I with the dog outside John in an cat outside my dog with the man with my man,"[['PETS', 0.07851425], ['RELIGION AND SPIRITUALITY', 0.05450732], ['EDUCATION', 0.05283225], ['TRAVEL', 0.05211531], ['HOBBIES AND INTERESTS', 0.05125139]]","[['PETS', 0.984522], ['ARTS AND ENTERTAINMENT', 0.00275336], ['SPORTS', 0.000118711], ['NON STANDARD CONTENT', 1.78011e-05], ['HOBBIES AND INTERESTS', 1.32054e-05]]",True,5,1,18:38:11.800230
the elephant by my cat killed I with the cat outside John in an cat outside my dog with the man with my man,"[['PETS', 0.07881322], ['RELIGION AND SPIRITUALITY', 0.05451091], ['EDUCATION', 0.05274429], ['TRAVEL', 0.05211874], ['HOBBIES AND INTERESTS', 0.05125477]]","[['PETS', 0.999979], ['ARTS AND ENTERTAINMENT', 1.55696e-05], ['SPORTS', 8.01276e-07], ['HOBBIES AND INTERESTS', 3.36871e-07], ['HEALTH AND FITNESS', 1.46541e-07]]",True,6,2,18:38:17.329306
the elephant by my cat killed I with the cat outside John in an park outside my dog with the man with my man,"[['PETS', 0.07671247], ['TRAVEL', 0.06131439], ['RELIGION AND SPIRITUALITY', 0.05301947], ['EDUCATION', 0.05298563], ['HOBBIES AND INTERESTS', 0.05089291]]","[['PETS', 0.997757], ['ARTS AND ENTERTAINMENT', 0.00141783], ['TRAVEL', 0.000136345], ['SPORTS', 8.80541e-05], ['HOBBIES AND INTERESTS', 1.82812e-05]]",False,7,2,18:38:22.858922
the elephant by my cat killed I with the cat outside John with an cat outside my dog with the man with my man,"[['PETS', 0.07881322], ['RELIGION AND SPIRITUALITY', 0.05451091], ['EDUCATION', 0.05274429], ['TRAVEL', 0.05211874], ['HOBBIES AND INTERESTS', 0.05125477]]","[['PETS', 0.999963], ['ARTS AND ENTERTAINMENT', 1.68593e-05], ['SOCIETY', 1.22942e-05], ['SPORTS', 1.26907e-06], ['HOBBIES AND INTERESTS', 5.53665e-07]]",True,8,3,18:38:28.389352
the elephant by my cat killed I with the cat outside John with an cat outside my dog with the man with an man,"[['PETS', 0.07902241], ['RELIGION AND SPIRITUALITY', 0.05442669], ['EDUCATION', 0.05373916], ['TRAVEL', 0.05191398], ['HOBBIES AND INTERESTS', 0.05096838]]","[['PETS', 0.999982], ['SOCIETY', 8.80571e-06], ['ARTS AND ENTERTAINMENT', 3.46395e-06], ['HOBBIES AND INTERESTS', 4.13531e-07], ['HEALTH AND FITNESS', 2.91851e-07]]",True,9,4,18:38:34.228621
the elephant by my cat killed John with the cat outside John with an cat outside my dog with the man with an man,"[['PETS', 0.08145287], ['EDUCATION', 0.05498682], ['RELIGION AND SPIRITUALITY', 0.05388393], ['TRAVEL', 0.05161119], ['LAW GOVERNMENT AND POLITICS', 0.0491086]]","[['PETS', 0.956487], ['SOCIETY', 0.0434648], ['RELIGION AND SPIRITUALITY', 3.72099e-05], ['ARTS AND ENTERTAINMENT', 7.94526e-06], ['HOBBIES AND INTERESTS', 4.60163e-07]]",True,10,5,18:38:39.396868
the elephant by my cat killed John with the cat outside John in an cat outside my dog with the man with an man,"[['PETS', 0.08145287], ['EDUCATION', 0.05498682], ['RELIGION AND SPIRITUALITY', 0.05388393], ['TRAVEL', 0.05161119], ['LAW GOVERNMENT AND POLITICS', 0.0491086]]","[['PETS', 0.9999], ['RELIGION AND SPIRITUALITY', 8.65311e-05], ['SOCIETY', 7.31677e-06], ['ARTS AND ENTERTAINMENT', 5.45561e-06], ['HOBBIES AND INTERESTS', 1.96891e-07]]",True,11,6,18:38:44.363978
the elephant by my cat killed John with the cat outside John in an cat outside my dog with the man in an man,"[['PETS', 0.08145287], ['EDUCATION', 0.05498682], ['RELIGION AND SPIRITUALITY', 0.05388393], ['TRAVEL', 0.05161119], ['LAW GOVERNMENT AND POLITICS', 0.0491086]]","[['PETS', 0.99994], ['RELIGION AND SPIRITUALITY', 5.20654e-05], ['SOCIETY', 4.40121e-06], ['ARTS AND ENTERTAINMENT', 2.71528e-06], ['HOBBIES AND INTERESTS', 2.15675e-07]]",True,12,7,18:38:49.236856
the elephant by my cat killed John with the cat outside John in an cat outside the dog with the man in an man,"[['PETS', 0.07757808], ['EDUCATION', 0.05500097], ['RELIGION AND SPIRITUALITY', 0.05412453], ['TRAVEL', 0.05156646], ['LAW GOVERNMENT AND POLITICS', 0.0495327]]","[['PETS', 0.999966], ['RELIGION AND SPIRITUALITY', 1.74785e-05], ['ARTS AND ENTERTAINMENT', 2.67944e-06], ['SOCIETY', 2.02771e-06], ['HOBBIES AND INTERESTS', 1.1258e-07]]",True,13,8,18:38:54.090815
the elephant by my cat killed John with the cat outside John in an dog outside the dog with the man in an man,"[['PETS', 0.07728181], ['EDUCATION', 0.05509128], ['RELIGION AND SPIRITUALITY', 0.05411957], ['TRAVEL', 0.05156174], ['LAW GOVERNMENT AND POLITICS', 0.04952817]]","[['PETS', 0.981729], ['RELIGION AND SPIRITUALITY', 0.00226444], ['ARTS AND ENTERTAINMENT', 0.000241124], ['SOCIETY', 0.000142242], ['NON STANDARD CONTENT', 5.10278e-06]]",True,14,9,18:38:59.633654
the elephant by my cat killed John with the cat outside John in an dog in the dog with the man in an man,"[['PETS', 0.07819606], ['EDUCATION', 0.05500225], ['RELIGION AND SPIRITUALITY', 0.05412578], ['TRAVEL', 0.05185126], ['LAW GOVERNMENT AND POLITICS', 0.04953385]]","[['PETS', 0.821961], ['RELIGION AND SPIRITUALITY', 0.00157265], ['ARTS AND ENTERTAINMENT', 0.000773957], ['SOCIETY', 8.37433e-05], ['NON STANDARD CONTENT', 7.25482e-06]]",True,15,10,18:39:04.860915
the elephant by my cat killed Bob with the cat outside John in an dog in the dog with the man in an man,"[['PETS', 0.08072618], ['EDUCATION', 0.05390491], ['TRAVEL', 0.05138951], ['ARTS AND ENTERTAINMENT', 0.0511419], ['RELIGION AND SPIRITUALITY', 0.05082916]]","[['PETS', 0.946699], ['ARTS AND ENTERTAINMENT', 0.00032362], ['HOBBIES AND INTERESTS', 6.56352e-06], ['NON STANDARD CONTENT', 6.33825e-06], ['SPORTS', 2.3757e-06]]",True,16,11,18:39:10.474655
the elephant by my cat killed John with the cat outside John in an dog in the dog with the man in an man,"[['PETS', 0.07819606], ['EDUCATION', 0.05500225], ['RELIGION AND SPIRITUALITY', 0.05412578], ['TRAVEL', 0.05185126], ['LAW GOVERNMENT AND POLITICS', 0.04953385]]","[['PETS', 0.821961], ['RELIGION AND SPIRITUALITY', 0.00157265], ['ARTS AND ENTERTAINMENT', 0.000773957], ['SOCIETY', 8.37433e-05], ['NON STANDARD CONTENT', 7.25482e-06]]",True,16,11,18:39:15.903093
the elephant by my cat saw John with the cat outside John in an dog in the dog with the man in an man,"[['PETS', 0.0767766], ['EDUCATION', 0.05621887], ['HOBBIES AND INTERESTS', 0.05195398], ['ARTS AND ENTERTAINMENT', 0.05137574], ['AUTOMOTIVE', 0.05130919]]","[['PETS', 0.78199], ['ARTS AND ENTERTAINMENT', 0.0010978], ['SOCIETY', 8.50635e-05], ['NON STANDARD CONTENT', 1.18816e-05], ['HOBBIES AND INTERESTS', 6.35497e-06]]",False,17,11,18:39:21.378538
the elephant by my cat killed John with a cat outside John in an dog in the dog with the man in an man,"[['PETS', 0.07819606], ['EDUCATION', 0.05500225], ['RELIGION AND SPIRITUALITY', 0.05412578], ['TRAVEL', 0.05185126], ['LAW GOVERNMENT AND POLITICS', 0.04953385]]","[['PETS', 0.840615], ['RELIGION AND SPIRITUALITY', 0.000788942], ['ARTS AND ENTERTAINMENT', 0.000155968], ['SOCIETY', 4.60741e-05], ['NON STANDARD CONTENT', 3.50163e-06]]",True,18,12,18:39:26.391743
the elephant by my cat killed John with a cat outside I in an dog in the dog with the man in an man,"[['PETS', 0.07579963], ['RELIGION AND SPIRITUALITY', 0.05462548], ['EDUCATION', 0.0537095], ['TRAVEL', 0.05211777], ['HOBBIES AND INTERESTS', 0.0512066]]","[['PETS', 0.802316], ['RELIGION AND SPIRITUALITY', 0.000162131], ['ARTS AND ENTERTAINMENT', 0.000140324], ['SOCIETY', 3.31107e-05], ['NON STANDARD CONTENT', 2.83437e-06]]",True,19,13,18:39:31.678190
the elephant by my cat killed John with a cat outside I in an dog in the dog with the man outside an man,"[['PETS', 0.07565601], ['RELIGION AND SPIRITUALITY', 0.05475853], ['EDUCATION', 0.05280189], ['TRAVEL', 0.05236282], ['HOBBIES AND INTERESTS', 0.05153319]]","[['PETS', 0.671201], ['RELIGION AND SPIRITUALITY', 0.000147145], ['SOCIETY', 7.12109e-05], ['ARTS AND ENTERTAINMENT', 6.39198e-05], ['NON STANDARD CONTENT', 2.43745e-06]]",True,20,14,18:39:37.202977
the elephant by my cat killed John with a cat outside I in an dog in a dog with the man outside an man,"[['PETS', 0.07565601], ['RELIGION AND SPIRITUALITY', 0.05475853], ['EDUCATION', 0.05280189], ['TRAVEL', 0.05236282], ['HOBBIES AND INTERESTS', 0.05153319]]","[['PETS', 0.692366], ['RELIGION AND SPIRITUALITY', 0.000166112], ['SOCIETY', 8.7692e-05], ['ARTS AND ENTERTAINMENT', 7.24663e-05], ['NON STANDARD CONTENT', 6.31451e-06]]",True,21,15,18:39:42.110085
the elephant outside my cat killed John with a cat outside I in an dog in a dog with the man outside an man,"[['PETS', 0.07553492], ['RELIGION AND SPIRITUALITY', 0.05467404], ['EDUCATION', 0.05268303], ['TRAVEL', 0.05253122], ['HOBBIES AND INTERESTS', 0.05157738]]","[['PETS', 0.69174], ['RELIGION AND SPIRITUALITY', 0.000334328], ['SOCIETY', 5.59433e-05], ['ARTS AND ENTERTAINMENT', 2.44863e-05], ['NON STANDARD CONTENT', 4.71961e-06]]",True,22,16,18:39:47.340694
the elephant outside my cat walked John with a cat outside I in an dog in a dog with the man outside an man,"[['PETS', 0.07635842], ['ARTS AND ENTERTAINMENT', 0.05262382], ['TRAVEL', 0.05194438], ['EDUCATION', 0.05183609], ['HOBBIES AND INTERESTS', 0.05157169]]","[['PETS', 0.997612], ['SOCIETY', 2.18289e-07], ['ARTS AND ENTERTAINMENT', 1.14818e-07], ['NON STANDARD CONTENT', 2.52421e-08], ['HOBBIES AND INTERESTS', 2.01273e-08]]",False,23,16,18:39:52.869600
the elephant outside my cat killed John with a cat on I in an dog in a dog with the man outside an man,"[['PETS', 0.07621232], ['RELIGION AND SPIRITUALITY', 0.0546159], ['EDUCATION', 0.05267923], ['TRAVEL', 0.05252829], ['HOBBIES AND INTERESTS', 0.05158018]]","[['PETS', 1.0], ['RELIGION AND SPIRITUALITY', 4.2296e-12], ['SOCIETY', 5.05439e-13], ['ARTS AND ENTERTAINMENT', 4.24102e-13], ['NON STANDARD CONTENT', 3.7103e-14]]",True,24,17,18:39:58.296990
the elephant outside my cat killed John with a elephant on I in an dog in a dog with the man outside an man,"[['PETS', 0.07558638], ['RELIGION AND SPIRITUALITY', 0.05471128], ['EDUCATION', 0.05271891], ['TRAVEL', 0.05256121], ['HOBBIES AND INTERESTS', 0.05161251]]","[['PETS', 0.992949], ['RELIGION AND SPIRITUALITY', 0.00633152], ['ARTS AND ENTERTAINMENT', 0.000384738], ['SOCIETY', 0.000173722], ['SPORTS', 4.67602e-05]]",True,25,18,18:40:03.747822
the elephant outside my cat killed John with a elephant on I in an dog in a dog with the man by an man,"[['PETS', 0.07573017], ['RELIGION AND SPIRITUALITY', 0.05457858], ['EDUCATION', 0.05362531], ['TRAVEL', 0.05231545], ['HOBBIES AND INTERESTS', 0.05128563]]","[['PETS', 0.995198], ['RELIGION AND SPIRITUALITY', 0.00428182], ['ARTS AND ENTERTAINMENT', 0.000331441], ['SOCIETY', 7.95807e-05], ['SPORTS', 3.8995e-05]]",True,26,19,18:40:08.638853
the elephant outside my cat saw John with a elephant on I in an dog in a dog with the man by an man,"[['PETS', 0.07432035], ['HOBBIES AND INTERESTS', 0.05522708], ['EDUCATION', 0.05478558], ['ARTS AND ENTERTAINMENT', 0.05217295], ['AUTOMOTIVE', 0.05189022]]","[['PETS', 0.999456], ['ARTS AND ENTERTAINMENT', 0.00037948], ['SOCIETY', 6.21853e-05], ['SPORTS', 2.40226e-05], ['NON STANDARD CONTENT', 1.23514e-05]]",True,27,20,18:40:14.109117
the elephant outside my cat walked John with a elephant on I in an dog in a dog with the man by an man,"[['PETS', 0.07656231], ['EDUCATION', 0.05276771], ['ARTS AND ENTERTAINMENT', 0.0527546], ['TRAVEL', 0.05173543], ['HOBBIES AND INTERESTS', 0.05128434]]","[['PETS', 0.997618], ['ARTS AND ENTERTAINMENT', 0.000192491], ['SOCIETY', 3.78698e-05], ['SPORTS', 2.63551e-05], ['NON STANDARD CONTENT', 6.09405e-06]]",True,28,21,18:40:19.056858
the elephant outside my cat walked I with a elephant on I in an dog in a dog with the man by an man,"[['PETS', 0.07703915], ['TRAVEL', 0.05435407], ['HOBBIES AND INTERESTS', 0.05203362], ['AUTOMOTIVE', 0.05062426], ['RELIGION AND SPIRITUALITY', 0.05019559]]","[['PETS', 0.999775], ['ARTS AND ENTERTAINMENT', 2.16428e-05], ['SPORTS', 3.26115e-06], ['NON STANDARD CONTENT', 7.31447e-07], ['FOOD AND DRINK', 3.64515e-07]]",True,29,22,18:40:24.102154
the elephant outside my cat walked I with a dog on I in an dog in a dog with the man by an man,"[['PETS', 0.07664439], ['TRAVEL', 0.05410264], ['HOBBIES AND INTERESTS', 0.05198439], ['AUTOMOTIVE', 0.05135137], ['ARTS AND ENTERTAINMENT', 0.05053048]]","[['PETS', 1.0], ['ARTS AND ENTERTAINMENT', 8.47743e-09], ['SPORTS', 4.29576e-09], ['HOBBIES AND INTERESTS', 3.09645e-10], ['NON STANDARD CONTENT', 2.49989e-10]]",False,30,22,18:40:29.633063
the elephant outside my cat killed I with a elephant on I in an dog in a dog with the man by an man,"[['PETS', 0.07620032], ['TRAVEL', 0.05496237], ['RELIGION AND SPIRITUALITY', 0.05353011], ['HOBBIES AND INTERESTS', 0.0520339], ['EDUCATION', 0.05071113]]","[['PETS', 0.999939], ['ARTS AND ENTERTAINMENT', 3.3779e-05], ['SPORTS', 1.17231e-05], ['FOOD AND DRINK', 1.861e-06], ['NON STANDARD CONTENT', 9.65281e-07]]",True,31,23,18:40:35.059529
the elephant outside my cat killed I with a elephant on I in an dog in a dog with the cat by an man,"[['PETS', 0.07354746], ['TRAVEL', 0.05607729], ['RELIGION AND SPIRITUALITY', 0.05390243], ['HOBBIES AND INTERESTS', 0.0521545], ['EDUCATION', 0.05039698]]","[['PETS', 0.853249], ['ARTS AND ENTERTAINMENT', 5.11769e-06], ['SPORTS', 4.75865e-07], ['FOOD AND DRINK', 9.70438e-08], ['HOBBIES AND INTERESTS', 8.92954e-08]]",True,32,24,18:40:40.588911
the elephant outside my cat killed I with a elephant on I in an dog in a dog with the cat by an telescope,"[['PETS', 0.07724309], ['TRAVEL', 0.05386131], ['RELIGION AND SPIRITUALITY', 0.05206621], ['SCIENCE', 0.05150597], ['HOBBIES AND INTERESTS', 0.05050384]]","[['PETS', 0.831423], ['ARTS AND ENTERTAINMENT', 4.21037e-06], ['SPORTS', 4.40635e-07], ['FOOD AND DRINK', 1.16652e-07], ['HOBBIES AND INTERESTS', 7.34601e-08]]",True,33,25,18:40:46.119516
the elephant outside my cat shot I with a elephant on I in an dog in a dog with the cat by an telescope,"[['PETS', 0.07595838], ['TRAVEL', 0.05539446], ['TECHNOLOGY AND COMPUTING', 0.05260925], ['SPORTS', 0.05036041], ['HOBBIES AND INTERESTS', 0.04918223]]","[['PETS', 0.618298], ['ARTS AND ENTERTAINMENT', 1.02385e-05], ['SPORTS', 1.30573e-06], ['FOOD AND DRINK', 9.4635e-08], ['NON STANDARD CONTENT', 6.51231e-08]]",True,34,26,18:40:51.225150
the elephant outside my cat shot I with the elephant on I in an dog in a dog with the cat by an telescope,"[['PETS', 0.07595838], ['TRAVEL', 0.05539446], ['TECHNOLOGY AND COMPUTING', 0.05260925], ['SPORTS', 0.05036041], ['HOBBIES AND INTERESTS', 0.04918223]]","[['PETS', 0.624307], ['ARTS AND ENTERTAINMENT', 5.36904e-05], ['SPORTS', 2.6705e-06], ['FOOD AND DRINK', 5.82243e-07], ['HOBBIES AND INTERESTS', 3.62158e-07]]",False,35,26,18:40:55.846870
the elephant outside my cat shot I with a elephant on I in an dog in a dog in the cat by an telescope,"[['PETS', 0.07595838], ['TRAVEL', 0.05539446], ['TECHNOLOGY AND COMPUTING', 0.05260925], ['SPORTS', 0.05036041], ['HOBBIES AND INTERESTS', 0.04918223]]","[['PETS', 0.919407], ['ARTS AND ENTERTAINMENT', 8.46691e-05], ['SPORTS', 3.03105e-06], ['NON STANDARD CONTENT', 5.29891e-07], ['FOOD AND DRINK', 2.73257e-07]]",True,36,27,18:41:01.069030
the elephant with my cat shot I with a elephant on I in an dog in a dog in the cat by an telescope,"[['PETS', 0.07516172], ['TECHNOLOGY AND COMPUTING', 0.0528561], ['TRAVEL', 0.05219338], ['HOBBIES AND INTERESTS', 0.05161702], ['SCIENCE', 0.04996217]]","[['PETS', 0.914799], ['ARTS AND ENTERTAINMENT', 0.000352621], ['SPORTS', 1.31314e-05], ['NON STANDARD CONTENT', 3.92753e-07], ['FOOD AND DRINK', 3.25629e-07]]",True,37,28,18:41:06.495808
the elephant with my cat shot I with a elephant on Mary in an dog in a dog in the cat by an telescope,"[['PETS', 0.07502685], ['TECHNOLOGY AND COMPUTING', 0.05411547], ['HOBBIES AND INTERESTS', 0.05185611], ['SCIENCE', 0.05078077], ['TRAVEL', 0.05006662]]","[['PETS', 0.919224], ['ARTS AND ENTERTAINMENT', 0.000262062], ['SPORTS', 4.10178e-06], ['EDUCATION', 6.92765e-07], ['NON STANDARD CONTENT', 2.9014e-07]]",True,38,29,18:41:11.315213
the elephant with my cat shot I on a elephant on Mary in an dog in a dog in the cat by an telescope,"[['PETS', 0.07502685], ['TECHNOLOGY AND COMPUTING', 0.05411547], ['HOBBIES AND INTERESTS', 0.05185611], ['SCIENCE', 0.05078077], ['TRAVEL', 0.05006662]]","[['PETS', 0.990008], ['ARTS AND ENTERTAINMENT', 0.000268068], ['SPORTS', 4.32872e-06], ['EDUCATION', 6.65075e-07], ['NON STANDARD CONTENT', 2.94161e-07]]",True,39,30,18:41:16.531077
the elephant with my cat shot I on a elephant on Mary in an dog with a dog in the cat by an telescope,"[['PETS', 0.07502685], ['TECHNOLOGY AND COMPUTING', 0.05411547], ['HOBBIES AND INTERESTS', 0.05185611], ['SCIENCE', 0.05078077], ['TRAVEL', 0.05006662]]","[['PETS', 0.936222], ['ARTS AND ENTERTAINMENT', 5.42575e-05], ['SPORTS', 1.56394e-06], ['EDUCATION', 3.72558e-07], ['HOBBIES AND INTERESTS', 1.36883e-07]]",True,40,31,18:41:22.061497
the elephant with my cat shot I on a elephant on Mary in an man with a dog in the cat by an telescope,"[['PETS', 0.07088259], ['SCIENCE', 0.05351597], ['TECHNOLOGY AND COMPUTING', 0.05324306], ['HOBBIES AND INTERESTS', 0.05276397], ['TRAVEL', 0.05123711]]","[['PETS', 0.999761], ['ARTS AND ENTERTAINMENT', 0.000209315], ['SPORTS', 5.4748e-06], ['HOBBIES AND INTERESTS', 2.48481e-07], ['EDUCATION', 2.40576e-07]]",True,41,32,18:41:27.180426
the elephant with my cat shot I on a elephant on Mary in an man with a dog in the telescope by an telescope,"[['PETS', 0.07333674], ['SCIENCE', 0.05332184], ['HOBBIES AND INTERESTS', 0.05297981], ['TECHNOLOGY AND COMPUTING', 0.05182291], ['TRAVEL', 0.05045655]]","[['ARTS AND ENTERTAINMENT', 0.441879], ['SCIENCE', 0.270468], ['PETS', 0.188137], ['SPORTS', 0.0503875], ['EDUCATION', 0.015472]]",True,42,33,18:41:32.372356
the elephant with my cat wounded I on a elephant on Mary in an man with a dog in the telescope by an telescope,"[['PETS', 0.07485815], ['SCIENCE', 0.05503917], ['HOBBIES AND INTERESTS', 0.05452664], ['EDUCATION', 0.05049607], ['ARTS AND ENTERTAINMENT', 0.05033139]]","[['ARTS AND ENTERTAINMENT', 0.459455], ['PETS', 0.410423], ['SCIENCE', 0.106711], ['EDUCATION', 0.00610488], ['SPORTS', 0.0034729]]",False,43,33,18:41:37.087309
the elephant with my cat shot I on a elephant on Mary in an man with a dog in the telescope outside an telescope,"[['PETS', 0.07422889], ['TRAVEL', 0.05337659], ['SCIENCE', 0.05243078], ['HEALTH AND FITNESS', 0.05133778], ['TECHNOLOGY AND COMPUTING', 0.05113873]]","[['ARTS AND ENTERTAINMENT', 0.401878], ['SCIENCE', 0.284786], ['PETS', 0.179885], ['SPORTS', 0.0723881], ['EDUCATION', 0.0255311]]",True,44,34,18:41:41.883748
the dog with my cat shot I on a elephant on Mary in an man with a dog in the telescope outside an telescope,"[['PETS', 0.07422889], ['TRAVEL', 0.05337659], ['SCIENCE', 0.05243078], ['HEALTH AND FITNESS', 0.05133778], ['TECHNOLOGY AND COMPUTING', 0.05113873]]","[['PETS', 0.999999], ['ARTS AND ENTERTAINMENT', 6.75633e-07], ['SPORTS', 2.40285e-07], ['SCIENCE', 1.97001e-07], ['EDUCATION', 1.75261e-07]]",True,45,35,18:41:46.746531
the dog with my cat shot I on an elephant on Mary in an man with a dog in the telescope outside an telescope,"[['PETS', 0.07422889], ['TRAVEL', 0.05337659], ['SCIENCE', 0.05243078], ['HEALTH AND FITNESS', 0.05133778], ['TECHNOLOGY AND COMPUTING', 0.05113873]]","[['PETS', 0.999998], ['ARTS AND ENTERTAINMENT', 1.10143e-06], ['SPORTS', 4.83653e-07], ['SCIENCE', 3.36128e-07], ['EDUCATION', 1.43978e-07]]",True,46,36,18:41:51.625016
the dog with my cat shot I on an elephant on Mary in an man outside a dog in the telescope outside an telescope,"[['PETS', 0.07422889], ['TRAVEL', 0.05337659], ['SCIENCE', 0.05243078], ['HEALTH AND FITNESS', 0.05133778], ['TECHNOLOGY AND COMPUTING', 0.05113873]]","[['PETS', 0.999998], ['SPORTS', 7.65137e-07], ['SCIENCE', 5.15786e-07], ['ARTS AND ENTERTAINMENT', 3.42419e-07], ['EDUCATION', 2.56118e-07]]",True,47,37,18:41:56.775031
the dog with my cat shot I on an elephant on John in an man outside a dog in the telescope outside an telescope,"[['PETS', 0.07392415], ['SPORTS', 0.05406262], ['TRAVEL', 0.05297899], ['EDUCATION', 0.05169816], ['ARTS AND ENTERTAINMENT', 0.05017591]]","[['PETS', 0.999997], ['SPORTS', 1.06154e-06], ['SCIENCE', 6.52941e-07], ['ARTS AND ENTERTAINMENT', 5.20192e-07], ['TRAVEL', 8.24336e-08]]",False,48,37,18:42:02.409109
the dog with my cat shot I on an elephant on Mary in an cat outside a dog in the telescope outside an telescope,"[['PETS', 0.07796166], ['TECHNOLOGY AND COMPUTING', 0.05202686], ['TRAVEL', 0.05187991], ['SCIENCE', 0.04975868], ['HOBBIES AND INTERESTS', 0.04957462]]","[['PETS', 0.999958], ['SPORTS', 7.01941e-07], ['ARTS AND ENTERTAINMENT', 3.47765e-07], ['EDUCATION', 2.70138e-07], ['SCIENCE', 2.43956e-07]]",True,49,38,18:42:07.879073
the dog with my cat killed I on an elephant on Mary in an cat outside a dog in the telescope outside an telescope,"[['PETS', 0.07925305], ['RELIGION AND SPIRITUALITY', 0.05314889], ['SCIENCE', 0.05221345], ['HOBBIES AND INTERESTS', 0.05088931], ['TRAVEL', 0.05042673]]","[['PETS', 0.999883], ['ARTS AND ENTERTAINMENT', 3.24867e-07], ['EDUCATION', 2.28812e-07], ['SCIENCE', 2.06618e-07], ['SPORTS', 4.98796e-08]]",True,50,39,18:42:13.281329
the dog with my cat walked I on an elephant on Mary in an cat outside a dog in the telescope outside an telescope,"[['PETS', 0.08015271], ['HOBBIES AND INTERESTS', 0.05090633], ['TECHNOLOGY AND COMPUTING', 0.05070094], ['SCIENCE', 0.05045273], ['TRAVEL', 0.04988558]]","[['PETS', 0.9893], ['EDUCATION', 3.37852e-07], ['SCIENCE', 3.04986e-07], ['ARTS AND ENTERTAINMENT', 2.17465e-07], ['SPORTS', 1.33245e-08]]",True,51,40,18:42:18.091622
the dog with the cat walked I on an elephant on Mary in an cat outside a dog in the telescope outside an telescope,"[['PETS', 0.07109784], ['SCIENCE', 0.05251955], ['TECHNOLOGY AND COMPUTING', 0.05191893], ['HOBBIES AND INTERESTS', 0.04990689], ['ARTS AND ENTERTAINMENT', 0.04944092]]","[['PETS', 0.875323], ['EDUCATION', 1.8664e-07], ['SCIENCE', 1.01564e-07], ['ARTS AND ENTERTAINMENT', 3.88831e-08], ['SPORTS', 3.64151e-09]]",False,52,40,18:42:23.399506
the dog with my cat walked I on an elephant on Mary in an cat outside a dog in the telescope outside an cat,"[['PETS', 0.08015271], ['HOBBIES AND INTERESTS', 0.05090633], ['TECHNOLOGY AND COMPUTING', 0.05070094], ['SCIENCE', 0.05045273], ['TRAVEL', 0.04988558]]","[['PETS', 0.631896], ['ARTS AND ENTERTAINMENT', 8.70174e-08], ['EDUCATION', 7.68122e-09], ['NON STANDARD CONTENT', 2.82113e-09], ['HOBBIES AND INTERESTS', 2.45382e-09]]",True,53,41,18:42:28.929209
the dog with my pajamas walked I on an elephant on Mary in an cat outside a dog in the telescope outside an cat,"[['PETS', 0.0762414], ['HOBBIES AND INTERESTS', 0.05110882], ['TECHNOLOGY AND COMPUTING', 0.05072885], ['SCIENCE', 0.05051612], ['RELIGION AND SPIRITUALITY', 0.05005318]]","[['PETS', 0.999983], ['ARTS AND ENTERTAINMENT', 1.19781e-07], ['EDUCATION', 3.03626e-08], ['SCIENCE', 1.49455e-08], ['NON STANDARD CONTENT', 4.24359e-09]]",True,54,42,18:42:34.248209
the dog with my pajamas walked I on an elephant on Mary in an cat outside my dog in the telescope outside an cat,"[['PETS', 0.08005068], ['TECHNOLOGY AND COMPUTING', 0.05102074], ['HOBBIES AND INTERESTS', 0.05083069], ['SCIENCE', 0.05031413], ['TRAVEL', 0.05004025]]","[['PETS', 0.999476], ['ARTS AND ENTERTAINMENT', 4.48191e-06], ['SCIENCE', 1.18741e-06], ['EDUCATION', 9.64854e-07], ['NON STANDARD CONTENT', 2.04009e-07]]",True,55,43,18:42:39.681269
the dog with my pajamas walked I on an elephant on Mary in an cat outside my elephant in the telescope outside an cat,"[['PETS', 0.07611059], ['TECHNOLOGY AND COMPUTING', 0.05115881], ['HOBBIES AND INTERESTS', 0.05114674], ['SCIENCE', 0.05044627], ['TRAVEL', 0.05015108]]","[['PETS', 0.862049], ['ARTS AND ENTERTAINMENT', 0.00275155], ['SCIENCE', 0.001271], ['EDUCATION', 0.000509939], ['SPORTS', 0.000308989]]",True,56,44,18:42:45.047521
the dog with the pajamas walked I on an elephant on Mary in an cat outside my elephant in the telescope outside an cat,"[['PETS', 0.07611059], ['TECHNOLOGY AND COMPUTING', 0.05115881], ['HOBBIES AND INTERESTS', 0.05114674], ['SCIENCE', 0.05044627], ['TRAVEL', 0.05015108]]","[['PETS', 0.82374], ['SCIENCE', 0.0124592], ['EDUCATION', 0.00153109], ['ARTS AND ENTERTAINMENT', 0.00075962], ['SPORTS', 0.000490779]]",True,57,45,18:42:50.842148
the dog with the pajamas walked I on my elephant on Mary in an cat outside my elephant in the telescope outside an cat,"[['PETS', 0.07602955], ['HEALTH AND FITNESS', 0.05135009], ['HOBBIES AND INTERESTS', 0.05111438], ['TECHNOLOGY AND COMPUTING', 0.05107022], ['SCIENCE', 0.05054909]]","[['PETS', 0.860425], ['SCIENCE', 0.00964806], ['EDUCATION', 0.00107329], ['ARTS AND ENTERTAINMENT', 0.000852147], ['SPORTS', 0.000283148]]",True,58,46,18:42:55.962723
the dog with the pajamas walked I on my elephant on Mary in an cat outside my elephant in the telescope outside an dog,"[['PETS', 0.07602955], ['HEALTH AND FITNESS', 0.05135009], ['HOBBIES AND INTERESTS', 0.05111438], ['TECHNOLOGY AND COMPUTING', 0.05107022], ['SCIENCE', 0.05054909]]","[['PETS', 0.999456], ['SCIENCE', 0.00021686], ['EDUCATION', 0.000102057], ['ARTS AND ENTERTAINMENT', 5.19399e-05], ['SPORTS', 2.69575e-05]]",True,59,47,18:43:01.492301
the dog with the pajamas walked I on my elephant on Mary in an cat outside my elephant in a telescope outside an dog,"[['PETS', 0.07602955], ['HEALTH AND FITNESS', 0.05135009], ['HOBBIES AND INTERESTS', 0.05111438], ['TECHNOLOGY AND COMPUTING', 0.05107022], ['SCIENCE', 0.05054909]]","[['PETS', 0.99921], ['SCIENCE', 0.000383581], ['EDUCATION', 0.000171749], ['ARTS AND ENTERTAINMENT', 3.47465e-05], ['SPORTS', 2.15672e-05]]",True,60,48,18:43:06.716858
the dog with the pajamas killed I on my elephant on Mary in an cat outside my elephant in a telescope outside an dog,"[['PETS', 0.0751764], ['RELIGION AND SPIRITUALITY', 0.05312541], ['SCIENCE', 0.05231334], ['HOBBIES AND INTERESTS', 0.05109746], ['HEALTH AND FITNESS', 0.05087688]]","[['PETS', 0.996735], ['SCIENCE', 0.00257959], ['EDUCATION', 0.000126756], ['SPORTS', 0.000106844], ['ARTS AND ENTERTAINMENT', 5.90083e-05]]",True,61,49,18:43:12.038244
the dog with the pajamas ate I on my elephant on Mary in an cat outside my elephant in a telescope outside an dog,"[['PETS', 0.07547782], ['HEALTH AND FITNESS', 0.05262871], ['EDUCATION', 0.05154276], ['HOBBIES AND INTERESTS', 0.05096334], ['TECHNOLOGY AND COMPUTING', 0.05087796]]","[['PETS', 0.999058], ['SCIENCE', 0.000635672], ['EDUCATION', 0.000120621], ['ARTS AND ENTERTAINMENT', 2.40715e-05], ['FOOD AND DRINK', 2.37985e-05]]",True,62,50,18:43:17.569500
my dog with the pajamas ate I on my elephant on Mary in an cat outside my elephant in a telescope outside an dog,"[['PETS', 0.0793913], ['HEALTH AND FITNESS', 0.05181463], ['EDUCATION', 0.05165653], ['TECHNOLOGY AND COMPUTING', 0.05074458], ['SCIENCE', 0.05065476]]","[['PETS', 0.908531], ['SCIENCE', 0.0734953], ['EDUCATION', 0.00556204], ['ARTS AND ENTERTAINMENT', 0.00133655], ['SPORTS', 0.0011226]]",False,63,50,18:43:22.689862
the dog with the pajamas ate I on my elephant on John in an cat outside my elephant in a telescope outside an dog,"[['PETS', 0.07519834], ['EDUCATION', 0.05403252], ['HEALTH AND FITNESS', 0.05105377], ['HOBBIES AND INTERESTS', 0.05003305], ['AUTOMOTIVE', 0.0487839]]","[['PETS', 0.999326], ['SCIENCE', 0.000330296], ['FOOD AND DRINK', 7.02349e-05], ['ARTS AND ENTERTAINMENT', 3.7219e-05], ['TRAVEL', 2.83306e-05]]",True,64,51,18:43:28.015334
the dog with the pajamas ate John on my elephant on John in an cat outside my elephant in a telescope outside an dog,"[['PETS', 0.07764002], ['EDUCATION', 0.0554122], ['HEALTH AND FITNESS', 0.05048765], ['TRAVEL', 0.04878559], ['AUTOMOTIVE', 0.04809624]]","[['PETS', 0.998845], ['SCIENCE', 0.000624935], ['FOOD AND DRINK', 9.49452e-05], ['TRAVEL', 7.05908e-05], ['ARTS AND ENTERTAINMENT', 5.23027e-05]]",True,65,52,18:43:33.204213
the dog with the pajamas ate John on an elephant on John in an cat outside my elephant in a telescope outside an dog,"[['PETS', 0.07764002], ['EDUCATION', 0.0554122], ['HEALTH AND FITNESS', 0.05048765], ['TRAVEL', 0.04878559], ['AUTOMOTIVE', 0.04809624]]","[['PETS', 0.99815], ['SCIENCE', 0.000913368], ['SPORTS', 0.00016101], ['TRAVEL', 0.000137153], ['FOOD AND DRINK', 0.000131319]]",True,66,53,18:43:38.224685
the dog with the pajamas ate John on an cat on John in an cat outside my elephant in a telescope outside an dog,"[['PETS', 0.07764002], ['EDUCATION', 0.0554122], ['HEALTH AND FITNESS', 0.05048765], ['TRAVEL', 0.04878559], ['AUTOMOTIVE', 0.04809624]]","[['PETS', 0.999999], ['SCIENCE', 4.71696e-10], ['TRAVEL', 3.15828e-11], ['FOOD AND DRINK', 4.84373e-12], ['ARTS AND ENTERTAINMENT', 4.50424e-12]]",True,67,54,18:43:43.520190
the dog with the pajamas walked John on an cat on John in an cat outside my elephant in a telescope outside an dog,"[['PETS', 0.07819138], ['EDUCATION', 0.05343159], ['TRAVEL', 0.04952644], ['RELIGION AND SPIRITUALITY', 0.04931036], ['HEALTH AND FITNESS', 0.04925087]]","[['PETS', 0.999999], ['SCIENCE', 4.63337e-10], ['TRAVEL', 7.15501e-11], ['ARTS AND ENTERTAINMENT', 1.02205e-11], ['FOOD AND DRINK', 4.42761e-12]]",True,68,55,18:43:48.699871
the dog with the pajamas walked John on an cat on I in an cat outside my elephant in a telescope outside an dog,"[['PETS', 0.07645159], ['EDUCATION', 0.05215614], ['HOBBIES AND INTERESTS', 0.05017828], ['TRAVEL', 0.04976311], ['RELIGION AND SPIRITUALITY', 0.04969756]]","[['PETS', 0.999999], ['SCIENCE', 1.80851e-10], ['ARTS AND ENTERTAINMENT', 4.9328e-12], ['FOOD AND DRINK', 1.55418e-12], ['SPORTS', 1.24587e-12]]",True,69,56,18:43:53.969222
the dog with the pajamas walked John on an cat on Bob in an cat outside my elephant in a telescope outside an dog,"[['PETS', 0.08070164], ['EDUCATION', 0.0523528], ['HEALTH AND FITNESS', 0.04996432], ['ARTS AND ENTERTAINMENT', 0.04988314], ['TRAVEL', 0.04907341]]","[['PETS', 0.999999], ['SCIENCE', 1.42491e-10], ['SPORTS', 1.02009e-10], ['ARTS AND ENTERTAINMENT', 6.52968e-12], ['HOBBIES AND INTERESTS', 1.53735e-12]]",True,70,57,18:43:59.041893
the dog with the pajamas walked John outside an cat on Bob in an cat outside my elephant in a telescope outside an dog,"[['PETS', 0.08070164], ['EDUCATION', 0.0523528], ['HEALTH AND FITNESS', 0.04996432], ['ARTS AND ENTERTAINMENT', 0.04988314], ['TRAVEL', 0.04907341]]","[['PETS', 0.999999], ['SCIENCE', 4.00811e-10], ['SPORTS', 3.7726e-10], ['ARTS AND ENTERTAINMENT', 2.04605e-11], ['NON STANDARD CONTENT', 7.75002e-12]]",True,71,58,18:44:04.142897
the dog with the pajamas killed John outside an cat on Bob in an cat outside my elephant in a telescope outside an dog,"[['PETS', 0.07982402], ['EDUCATION', 0.05320333], ['TRAVEL', 0.04962328], ['HEALTH AND FITNESS', 0.04952122], ['RELIGION AND SPIRITUALITY', 0.04937184]]","[['PETS', 0.999999], ['RELIGION AND SPIRITUALITY', 1.92896e-09], ['SCIENCE', 4.43709e-10], ['SPORTS', 1.25711e-10], ['ARTS AND ENTERTAINMENT', 1.76321e-11]]",True,72,59,18:44:09.179527
the dog with the pajamas killed John outside an cat by Bob in an cat outside my elephant in a telescope outside an dog,"[['PETS', 0.07982402], ['EDUCATION', 0.05320333], ['TRAVEL', 0.04962328], ['HEALTH AND FITNESS', 0.04952122], ['RELIGION AND SPIRITUALITY', 0.04937184]]","[['PETS', 0.594087], ['RELIGION AND SPIRITUALITY', 0.00125369], ['SCIENCE', 0.00025918], ['SPORTS', 1.14619e-05], ['ARTS AND ENTERTAINMENT', 1.10037e-05]]",True,73,60,18:44:14.709380
the dog with the pajamas killed John outside an cat by Bob in an pajamas outside my elephant in a telescope outside an dog,"[['PETS', 0.07982402], ['EDUCATION', 0.05320333], ['TRAVEL', 0.04962328], ['HEALTH AND FITNESS', 0.04952122], ['RELIGION AND SPIRITUALITY', 0.04937184]]","[['PETS', 0.884083], ['SCIENCE', 0.0979091], ['RELIGION AND SPIRITUALITY', 0.00753422], ['FOOD AND DRINK', 0.000736172], ['SPORTS', 0.000702377]]",True,74,61,18:44:20.341636
the dog with the pajamas shot John outside an cat by Bob in an pajamas outside my elephant in a telescope outside an dog,"[['PETS', 0.07842532], ['SPORTS', 0.0547149], ['HEALTH AND FITNESS', 0.0516866], ['EDUCATION', 0.05134363], ['TRAVEL', 0.05098959]]","[['PETS', 0.898661], ['SCIENCE', 0.0904411], ['FOOD AND DRINK', 0.00221473], ['ARTS AND ENTERTAINMENT', 0.00135944], ['SPORTS', 0.000344986]]",True,75,62,18:44:25.768460
the dog with the pajamas shot John outside an cat by Bob in an pajamas outside my elephant in a pajamas outside an dog,"[['PETS', 0.07831159], ['SPORTS', 0.05566052], ['HEALTH AND FITNESS', 0.05166299], ['TRAVEL', 0.05152211], ['EDUCATION', 0.05063317]]","[['SCIENCE', 0.459128], ['PETS', 0.454602], ['FOOD AND DRINK', 0.0767682], ['SPORTS', 0.00411081], ['ARTS AND ENTERTAINMENT', 0.000932639]]",True,76,63,18:44:31.301988
the dog with the pajamas shot John outside an cat by Bob in an pajamas in my elephant in a pajamas outside an dog,"[['PETS', 0.07843863], ['SPORTS', 0.05575118], ['TRAVEL', 0.05135794], ['HEALTH AND FITNESS', 0.05119545], ['EDUCATION', 0.05074838]]","[['PETS', 0.649501], ['SCIENCE', 0.29801], ['FOOD AND DRINK', 0.0474782], ['SPORTS', 0.0019001], ['ARTS AND ENTERTAINMENT', 0.00051115]]",True,77,64,18:44:36.672104
a dog with the pajamas shot John outside an cat by Bob in an pajamas in my elephant in a pajamas outside an dog,"[['PETS', 0.07843863], ['SPORTS', 0.05575118], ['TRAVEL', 0.05135794], ['HEALTH AND FITNESS', 0.05119545], ['EDUCATION', 0.05074838]]","[['PETS', 0.548233], ['SCIENCE', 0.37834], ['FOOD AND DRINK', 0.0641509], ['SPORTS', 0.00609234], ['ARTS AND ENTERTAINMENT', 0.000692589]]",True,78,65,18:44:41.743536
a dog with the pajamas shot John in an cat by Bob in an pajamas in my elephant in a pajamas outside an dog,"[['PETS', 0.07843863], ['SPORTS', 0.05575118], ['TRAVEL', 0.05135794], ['HEALTH AND FITNESS', 0.05119545], ['EDUCATION', 0.05074838]]","[['PETS', 0.56854], ['SCIENCE', 0.363543], ['FOOD AND DRINK', 0.0588713], ['SPORTS', 0.00522869], ['ARTS AND ENTERTAINMENT', 0.000799358]]",True,79,66,18:44:47.070503
a dog with the pajamas shot John in an cat by Bob in an pajamas with my elephant in a pajamas outside an dog,"[['PETS', 0.07843863], ['SPORTS', 0.05575118], ['TRAVEL', 0.05135794], ['HEALTH AND FITNESS', 0.05119545], ['EDUCATION', 0.05074838]]","[['SCIENCE', 0.69532], ['PETS', 0.240336], ['FOOD AND DRINK', 0.0520649], ['SPORTS', 0.00943921], ['ARTS AND ENTERTAINMENT', 0.000561312]]",True,80,67,18:44:52.417694
a dog with the park shot John in an cat by Bob in an pajamas with my elephant in a pajamas outside an dog,"[['PETS', 0.0766147], ['TRAVEL', 0.06038294], ['SPORTS', 0.05827532], ['HEALTH AND FITNESS', 0.05252357], ['EDUCATION', 0.05085536]]","[['PETS', 0.999585], ['SCIENCE', 7.66675e-05], ['SPORTS', 3.88301e-05], ['ARTS AND ENTERTAINMENT', 1.39677e-05], ['FOOD AND DRINK', 1.08744e-06]]",True,81,68,18:44:57.925390
a park with the park shot John in an cat by Bob in an pajamas with my elephant in a pajamas outside an dog,"[['PETS', 0.07626915], ['TRAVEL', 0.06005393], ['SPORTS', 0.05842406], ['HEALTH AND FITNESS', 0.05244908], ['EDUCATION', 0.05092804]]","[['SCIENCE', 0.492444], ['TRAVEL', 0.208383], ['PETS', 0.170051], ['ARTS AND ENTERTAINMENT', 0.0304811], ['SPORTS', 0.0261027]]",False,82,68,18:45:03.498773
a dog with the park ate John in an cat by Bob in an pajamas with my elephant in a pajamas outside an dog,"[['PETS', 0.07836386], ['TRAVEL', 0.05730392], ['EDUCATION', 0.05383297], ['HEALTH AND FITNESS', 0.05210248], ['SPORTS', 0.05128348]]","[['PETS', 0.995454], ['SCIENCE', 0.000801101], ['SPORTS', 0.000401154], ['ARTS AND ENTERTAINMENT', 1.62572e-05], ['FOOD AND DRINK', 9.81805e-06]]",True,83,69,18:45:08.388108
a dog with the park shot John in an cat by Bob in an pajamas with my elephant in a pajamas outside an dog,"[['PETS', 0.0766147], ['TRAVEL', 0.06038294], ['SPORTS', 0.05827532], ['HEALTH AND FITNESS', 0.05252357], ['EDUCATION', 0.05085536]]","[['PETS', 0.999585], ['SCIENCE', 7.66675e-05], ['SPORTS', 3.88301e-05], ['ARTS AND ENTERTAINMENT', 1.39677e-05], ['FOOD AND DRINK', 1.08744e-06]]",True,83,69,18:45:13.794771
a dog with the park shot John in an cat by John in an pajamas with my elephant in a pajamas outside an dog,"[['PETS', 0.07433008], ['TRAVEL', 0.06102126], ['SPORTS', 0.05275492], ['EDUCATION', 0.05197218], ['HEALTH AND FITNESS', 0.05184228]]","[['PETS', 0.999204], ['SCIENCE', 0.000262101], ['ARTS AND ENTERTAINMENT', 7.76146e-05], ['SPORTS', 1.25411e-05], ['HOBBIES AND INTERESTS', 5.60541e-06]]",True,84,70,18:45:19.324532
a dog with the cat shot John in an cat by John in an pajamas with my elephant in a pajamas outside an dog,"[['PETS', 0.07354207], ['TRAVEL', 0.05269591], ['EDUCATION', 0.0524176], ['SPORTS', 0.05052663], ['RELIGION AND SPIRITUALITY', 0.04951128]]","[['PETS', 0.998459], ['ARTS AND ENTERTAINMENT', 2.33346e-05], ['SCIENCE', 4.43211e-06], ['SPORTS', 6.15718e-07], ['FOOD AND DRINK', 1.31292e-07]]",True,85,71,18:45:24.245662
a dog with the cat shot I in an cat by John in an pajamas with my elephant in a pajamas outside an dog,"[['PETS', 0.07127512], ['SPORTS', 0.05372031], ['TRAVEL', 0.05295117], ['EDUCATION', 0.05117616], ['TECHNOLOGY AND COMPUTING', 0.05037155]]","[['PETS', 0.99839], ['SPORTS', 3.13018e-06], ['SCIENCE', 2.31172e-06], ['ARTS AND ENTERTAINMENT', 1.39456e-06], ['FOOD AND DRINK', 6.33251e-08]]",True,86,72,18:45:28.838287
a dog with the telescope shot I in an cat by John in an pajamas with my elephant in a pajamas outside an dog,"[['PETS', 0.0738421], ['SPORTS', 0.05273488], ['TRAVEL', 0.05160005], ['EDUCATION', 0.05133191], ['HEALTH AND FITNESS', 0.04955634]]","[['PETS', 0.984817], ['SCIENCE', 0.00810889], ['SPORTS', 0.00172266], ['ARTS AND ENTERTAINMENT', 0.000191977], ['FOOD AND DRINK', 3.54841e-05]]",True,87,73,18:45:33.740190
a dog with the telescope killed I in an cat by John in an pajamas with my elephant in a pajamas outside an dog,"[['PETS', 0.07510472], ['RELIGION AND SPIRITUALITY', 0.05316399], ['EDUCATION', 0.05315274], ['TRAVEL', 0.05018108], ['HOBBIES AND INTERESTS', 0.05015791]]","[['PETS', 0.960427], ['SCIENCE', 0.0250777], ['SPORTS', 0.000558563], ['ARTS AND ENTERTAINMENT', 0.000174724], ['HOBBIES AND INTERESTS', 1.72941e-05]]",True,88,74,18:45:38.987225
a dog with the telescope killed I in an cat by Mary in an pajamas with my elephant in a pajamas outside an dog,"[['PETS', 0.07538254], ['RELIGION AND SPIRITUALITY', 0.05335791], ['SCIENCE', 0.0522769], ['HOBBIES AND INTERESTS', 0.05108964], ['EDUCATION', 0.05070263]]","[['PETS', 0.970424], ['SCIENCE', 0.023807], ['SPORTS', 0.000203952], ['ARTS AND ENTERTAINMENT', 4.71087e-05], ['FOOD AND DRINK', 8.94915e-06]]",True,89,75,18:45:44.257697
a dog with the telescope killed I in an cat by John in an pajamas with my elephant in a pajamas outside an dog,"[['PETS', 0.07510472], ['RELIGION AND SPIRITUALITY', 0.05316399], ['EDUCATION', 0.05315274], ['TRAVEL', 0.05018108], ['HOBBIES AND INTERESTS', 0.05015791]]","[['PETS', 0.960427], ['SCIENCE', 0.0250777], ['SPORTS', 0.000558563], ['ARTS AND ENTERTAINMENT', 0.000174724], ['HOBBIES AND INTERESTS', 1.72941e-05]]",True,89,75,18:45:49.335341
a dog with the telescope killed I in an cat by John in the pajamas with my elephant in a pajamas outside an dog,"[['PETS', 0.07510472], ['RELIGION AND SPIRITUALITY', 0.05316399], ['EDUCATION', 0.05315274], ['TRAVEL', 0.05018108], ['HOBBIES AND INTERESTS', 0.05015791]]","[['PETS', 0.606121], ['SCIENCE', 0.384781], ['SPORTS', 0.000355866], ['FOOD AND DRINK', 0.000173505], ['ARTS AND ENTERTAINMENT', 8.08085e-05]]",True,90,76,18:45:54.757714
a dog with the telescope walked I in an cat by John in the pajamas with my elephant in a pajamas outside an dog,"[['PETS', 0.07594894], ['EDUCATION', 0.05231575], ['HOBBIES AND INTERESTS', 0.05016916], ['RELIGION AND SPIRITUALITY', 0.04986373], ['TRAVEL', 0.0496371]]","[['PETS', 0.909772], ['SCIENCE', 0.0870237], ['FOOD AND DRINK', 0.0003511], ['SPORTS', 0.000279571], ['ARTS AND ENTERTAINMENT', 7.1557e-05]]",True,91,77,18:46:00.181839
a dog with the telescope walked John in an cat by John in the pajamas with my elephant in a pajamas outside an dog,"[['PETS', 0.07831743], ['EDUCATION', 0.05355262], ['RELIGION AND SPIRITUALITY', 0.049387], ['TRAVEL', 0.04936812], ['AUTOMOTIVE', 0.04902203]]","[['PETS', 0.851899], ['SCIENCE', 0.143117], ['FOOD AND DRINK', 0.00064708], ['SPORTS', 0.000401025], ['ARTS AND ENTERTAINMENT', 0.00010637]]",True,92,78,18:46:05.554268
a dog with the telescope walked John in an cat by Mary in the pajamas with my elephant in a pajamas outside an dog,"[['PETS', 0.07816161], ['EDUCATION', 0.05404699], ['RELIGION AND SPIRITUALITY', 0.05056353], ['HEALTH AND FITNESS', 0.05037539], ['ARTS AND ENTERTAINMENT', 0.04893459]]","[['PETS', 0.86893], ['SCIENCE', 0.129287], ['FOOD AND DRINK', 0.00041087], ['SPORTS', 0.000112624], ['ARTS AND ENTERTAINMENT', 2.09785e-05]]",True,93,79,18:46:10.936032
a dog with the telescope walked John by an cat by Mary in the pajamas with my elephant in a pajamas outside an dog,"[['PETS', 0.07816161], ['EDUCATION', 0.05404699], ['RELIGION AND SPIRITUALITY', 0.05056353], ['HEALTH AND FITNESS', 0.05037539], ['ARTS AND ENTERTAINMENT', 0.04893459]]","[['PETS', 0.878281], ['SCIENCE', 0.120463], ['FOOD AND DRINK', 0.000271298], ['SPORTS', 7.99869e-05], ['ARTS AND ENTERTAINMENT', 1.22331e-05]]",True,94,80,18:46:16.363665
a dog with the telescope shot John by an cat by Mary in the pajamas with my elephant in a pajamas outside an dog,"[['PETS', 0.07602911], ['EDUCATION', 0.05305552], ['HEALTH AND FITNESS', 0.05216136], ['RELIGION AND SPIRITUALITY', 0.04960375], ['TRAVEL', 0.04924275]]","[['PETS', 0.774686], ['SCIENCE', 0.222629], ['FOOD AND DRINK', 0.000614098], ['ARTS AND ENTERTAINMENT', 0.000501774], ['SPORTS', 6.71963e-05]]",True,95,81,18:46:21.892001
a dog with the telescope killed John by an cat by Mary in the pajamas with my elephant in a pajamas outside an dog,"[['PETS', 0.0772574], ['EDUCATION', 0.05488652], ['RELIGION AND SPIRITUALITY', 0.05388541], ['HEALTH AND FITNESS', 0.04989363], ['SCIENCE', 0.04913491]]","[['PETS', 0.755457], ['SCIENCE', 0.240775], ['RELIGION AND SPIRITUALITY', 0.0014590200000000001], ['FOOD AND DRINK', 0.00018523], ['SPORTS', 0.000143887]]",False,96,81,18:46:27.426538
a dog with the telescope shot John by an cat by John in the pajamas with my elephant in a pajamas outside an dog,"[['PETS', 0.07616857], ['EDUCATION', 0.05256187], ['TRAVEL', 0.0513364], ['HEALTH AND FITNESS', 0.0505269], ['SPORTS', 0.04958539]]","[['PETS', 0.756353], ['SCIENCE', 0.236522], ['ARTS AND ENTERTAINMENT', 0.0017937], ['FOOD AND DRINK', 0.000859591], ['SPORTS', 0.000217203]]",True,97,82,18:46:32.906336
a dog with the telescope shot John by an cat by John in the pajamas outside my elephant in a pajamas outside an dog,"[['PETS', 0.07604428], ['EDUCATION', 0.0524419], ['TRAVEL', 0.05149987], ['HEALTH AND FITNESS', 0.05098772], ['SPORTS', 0.04950415]]","[['PETS', 0.866195], ['SCIENCE', 0.124721], ['ARTS AND ENTERTAINMENT', 0.0025148], ['FOOD AND DRINK', 0.00107811], ['SPORTS', 0.000150856]]",True,98,83,18:46:37.868640
a dog with the telescope shot John by an cat by John in the pajamas outside an elephant in a pajamas outside an dog,"[['PETS', 0.07336628], ['EDUCATION', 0.05222038], ['SPORTS', 0.05144389], ['TRAVEL', 0.04966932], ['BUSINESS', 0.04905788]]","[['PETS', 0.849474], ['SCIENCE', 0.136645], ['ARTS AND ENTERTAINMENT', 0.0032898], ['FOOD AND DRINK', 0.00324942], ['SPORTS', 0.000245028]]",True,99,84,18:46:43.448511
a dog with the telescope shot John by an cat by John in the pajamas outside an elephant in a pajamas on an dog,"[['PETS', 0.07336628], ['EDUCATION', 0.05222038], ['SPORTS', 0.05144389], ['TRAVEL', 0.04966932], ['BUSINESS', 0.04905788]]","[['PETS', 0.839196], ['SCIENCE', 0.150353], ['FOOD AND DRINK', 0.00224673], ['ARTS AND ENTERTAINMENT', 0.00127374], ['SPORTS', 0.000170749]]",True,100,85,18:46:48.394522
a dog with the telescope shot John by an cat by John in the pajamas by an elephant in a pajamas on an dog,"[['PETS', 0.07248595], ['EDUCATION', 0.05223366], ['SPORTS', 0.04939581], ['LAW GOVERNMENT AND POLITICS', 0.04920559], ['SCIENCE', 0.04845569]]","[['PETS', 0.844918], ['SCIENCE', 0.144386], ['FOOD AND DRINK', 0.00194198], ['ARTS AND ENTERTAINMENT', 0.0015446], ['SPORTS', 0.000156334]]",False,101,85,18:46:53.009047
a dog with the telescope shot Mary by an cat by John in the pajamas outside an elephant in a pajamas on an dog,"[['PETS', 0.07323221], ['EDUCATION', 0.05271101], ['BUSINESS', 0.04984673], ['SPORTS', 0.04964827], ['HEALTH AND FITNESS', 0.04962919]]","[['PETS', 0.892765], ['SCIENCE', 0.100675], ['FOOD AND DRINK', 0.00161803], ['SPORTS', 5.20739e-05], ['HOBBIES AND INTERESTS', 2.95326e-05]]",True,102,86,18:46:57.631393
a dog with the telescope shot Mary by an cat by John in the pajamas outside an elephant in a pajamas by an dog,"[['PETS', 0.07323221], ['EDUCATION', 0.05271101], ['BUSINESS', 0.04984673], ['SPORTS', 0.04964827], ['HEALTH AND FITNESS', 0.04962919]]","[['PETS', 0.908476], ['SCIENCE', 0.0850897], ['FOOD AND DRINK', 0.00172991], ['SPORTS', 5.81572e-05], ['HOBBIES AND INTERESTS', 5.01095e-05]]",True,103,87,18:47:03.035027
the dog with the telescope shot Mary by an cat by John in the pajamas outside an elephant in a pajamas by an dog,"[['PETS', 0.07323221], ['EDUCATION', 0.05271101], ['BUSINESS', 0.04984673], ['SPORTS', 0.04964827], ['HEALTH AND FITNESS', 0.04962919]]","[['PETS', 0.934414], ['SCIENCE', 0.0597089], ['FOOD AND DRINK', 0.00120572], ['SPORTS', 4.48751e-05], ['ARTS AND ENTERTAINMENT', 2.18862e-05]]",True,104,88,18:47:07.893677
an dog with the telescope shot Mary by an cat by John in the pajamas outside an elephant in a pajamas by an dog,"[['PETS', 0.07323221], ['EDUCATION', 0.05271101], ['BUSINESS', 0.04984673], ['SPORTS', 0.04964827], ['HEALTH AND FITNESS', 0.04962919]]","[['SCIENCE', 0.81659], ['PETS', 0.143985], ['FOOD AND DRINK', 0.0167782], ['SPORTS', 0.000625312], ['HOBBIES AND INTERESTS', 0.000296312]]",True,105,89,18:47:13.451835
an dog with the telescope shot Mary by an cat by John in the pajamas outside an elephant in a pajamas on an dog,"[['PETS', 0.07323221], ['EDUCATION', 0.05271101], ['BUSINESS', 0.04984673], ['SPORTS', 0.04964827], ['HEALTH AND FITNESS', 0.04962919]]","[['SCIENCE', 0.8608], ['PETS', 0.104652], ['FOOD AND DRINK', 0.0141251], ['SPORTS', 0.000452882], ['HOBBIES AND INTERESTS', 0.000155941]]",True,106,90,18:47:18.931068
an dog with the cat shot Mary by an cat by John in the pajamas outside an elephant in a pajamas on an dog,"[['PETS', 0.07071477], ['EDUCATION', 0.05257214], ['BUSINESS', 0.05069299], ['SPORTS', 0.05059629], ['ARTS AND ENTERTAINMENT', 0.04928538]]","[['PETS', 0.99989], ['SCIENCE', 5.93852e-05], ['FOOD AND DRINK', 6.03811e-06], ['SPORTS', 7.91739e-07], ['ARTS AND ENTERTAINMENT', 1.33888e-07]]",False,107,90,18:47:24.359205
an dog with the telescope shot Mary by an cat by John in a pajamas outside an elephant in a pajamas on an dog,"[['PETS', 0.07323221], ['EDUCATION', 0.05271101], ['BUSINESS', 0.04984673], ['SPORTS', 0.04964827], ['HEALTH AND FITNESS', 0.04962919]]","[['PETS', 0.650273], ['SCIENCE', 0.226227], ['FOOD AND DRINK', 0.00346928], ['SPORTS', 0.00249171], ['HOBBIES AND INTERESTS', 0.000763595]]",True,108,91,18:47:29.515413
an dog with the telescope ate Mary by an cat by John in a pajamas outside an elephant in a pajamas on an dog,"[['PETS', 0.07477478], ['EDUCATION', 0.0557009], ['SCIENCE', 0.04927357], ['ARTS AND ENTERTAINMENT', 0.04917028], ['HEALTH AND FITNESS', 0.04914628]]","[['PETS', 0.675877], ['SCIENCE', 0.203041], ['FOOD AND DRINK', 0.00289689], ['SPORTS', 0.000966959], ['HOBBIES AND INTERESTS', 0.000301766]]",True,109,92,18:47:35.007798
an dog with the telescope ate Mary by an cat by John in a pajamas outside an elephant in a pajamas on my dog,"[['PETS', 0.08161505], ['EDUCATION', 0.05616074], ['HEALTH AND FITNESS', 0.0508295], ['RELIGION AND SPIRITUALITY', 0.04854648], ['SCIENCE', 0.04759231]]","[['PETS', 0.740461], ['SCIENCE', 0.167814], ['FOOD AND DRINK', 0.000959638], ['SPORTS', 0.000569599], ['HOBBIES AND INTERESTS', 0.000178754]]",True,110,93,18:47:40.537139
an dog with the telescope ate Mary by my cat by John in a pajamas outside an elephant in a pajamas on my dog,"[['PETS', 0.08569521], ['EDUCATION', 0.0563599], ['HEALTH AND FITNESS', 0.04967388], ['RELIGION AND SPIRITUALITY', 0.04822395], ['SCIENCE', 0.04738256]]","[['PETS', 0.738922], ['SCIENCE', 0.165937], ['ARTS AND ENTERTAINMENT', 0.000972126], ['SPORTS', 0.000513886], ['FOOD AND DRINK', 0.000424715]]",True,111,94,18:47:45.804197
an dog with the telescope ate John by my cat by John in a pajamas outside an elephant in a pajamas on my dog,"[['PETS', 0.08586443], ['EDUCATION', 0.05584334], ['TRAVEL', 0.04832894], ['HEALTH AND FITNESS', 0.04812411], ['AUTOMOTIVE', 0.04760101]]","[['PETS', 0.651404], ['SCIENCE', 0.23316], ['SPORTS', 0.00153314], ['ARTS AND ENTERTAINMENT', 0.00151013], ['FOOD AND DRINK', 0.000551495]]",True,112,95,18:47:50.798075
an dog with the telescope ate Bob by my cat by John in a pajamas outside an elephant in a pajamas on my dog,"[['PETS', 0.08859441], ['EDUCATION', 0.05469942], ['HEALTH AND FITNESS', 0.04880658], ['ARTS AND ENTERTAINMENT', 0.04847399], ['TRAVEL', 0.04787248]]","[['PETS', 0.647289], ['SCIENCE', 0.164712], ['SPORTS', 0.00261443], ['ARTS AND ENTERTAINMENT', 0.0022333], ['FOOD AND DRINK', 0.000390723]]",True,113,96,18:47:55.379448
an dog with the telescope wounded Bob by my cat by John in a pajamas outside an elephant in a pajamas on my dog,"[['PETS', 0.08860253], ['EDUCATION', 0.05298952], ['ARTS AND ENTERTAINMENT', 0.04880626], ['HEALTH AND FITNESS', 0.04846878], ['SPORTS', 0.04826419]]","[['PETS', 0.827032], ['SCIENCE', 0.0170466], ['ARTS AND ENTERTAINMENT', 0.0034572], ['SPORTS', 0.000678687], ['HOBBIES AND INTERESTS', 0.000115877]]",False,114,96,18:48:00.070700
an dog with the telescope ate Bob by my cat by I in a pajamas outside an elephant in a pajamas on my dog,"[['PETS', 0.0871828], ['TRAVEL', 0.05054763], ['EDUCATION', 0.05050478], ['SPORTS', 0.04910916], ['HOBBIES AND INTERESTS', 0.04867009]]","[['PETS', 0.859255], ['SCIENCE', 0.0571762], ['SPORTS', 0.00257115], ['ARTS AND ENTERTAINMENT', 0.000809412], ['NON STANDARD CONTENT', 0.000307639]]",True,115,97,18:48:04.883918
an dog with the telescope ate John by my cat by I in a pajamas outside an elephant in a pajamas on my dog,"[['PETS', 0.08396721], ['EDUCATION', 0.05451895], ['HOBBIES AND INTERESTS', 0.04941023], ['TRAVEL', 0.04856758], ['AUTOMOTIVE', 0.04807299]]","[['PETS', 0.870372], ['SCIENCE', 0.0804368], ['SPORTS', 0.00134136], ['ARTS AND ENTERTAINMENT', 0.000488099], ['FOOD AND DRINK', 0.00034504]]",True,116,98,18:48:10.237405
an dog with the telescope ate John by my dog by I in a pajamas outside an elephant in a pajamas on my dog,"[['PETS', 0.05973896], ['EDUCATION', 0.05474321], ['AUTOMOTIVE', 0.05120742], ['TRAVEL', 0.05085768], ['RELIGION AND SPIRITUALITY', 0.05033167]]","[['PETS', 1.0], ['SCIENCE', 6.91739e-08], ['SPORTS', 5.37808e-09], ['FOOD AND DRINK', 2.07761e-09], ['ARTS AND ENTERTAINMENT', 1.48045e-09]]",True,117,99,18:48:15.661340
an dog with the telescope walked John by my dog by I in a pajamas outside an elephant in a pajamas on my dog,"[['PETS', 0.06017513], ['EDUCATION', 0.05279698], ['RELIGION AND SPIRITUALITY', 0.05227931], ['AUTOMOTIVE', 0.05225993], ['TRAVEL', 0.05164023]]","[['PETS', 1.0], ['SCIENCE', 3.84552e-08], ['SPORTS', 7.16381e-09], ['ARTS AND ENTERTAINMENT', 1.97202e-09], ['FOOD AND DRINK', 1.07144e-09]]",True,118,100,18:48:21.190207
an dog with the telescope walked John by my dog by I in a pajamas outside a elephant in a pajamas on my dog,"[['PETS', 0.06017513], ['EDUCATION', 0.05279698], ['RELIGION AND SPIRITUALITY', 0.05227931], ['AUTOMOTIVE', 0.05225993], ['TRAVEL', 0.05164023]]","[['PETS', 1.0], ['SCIENCE', 4.51082e-08], ['SPORTS', 8.97503e-09], ['ARTS AND ENTERTAINMENT', 2.3139e-09], ['FOOD AND DRINK', 1.39609e-09]]",True,119,101,18:48:26.295304
an dog with the telescope walked John by my dog by John in a pajamas outside a elephant in a pajamas on my dog,"[['PETS', 0.06240177], ['EDUCATION', 0.05369746], ['RELIGION AND SPIRITUALITY', 0.05191433], ['TRAVEL', 0.05162429], ['AUTOMOTIVE', 0.05101312]]","[['PETS', 1.0], ['SCIENCE', 2.67038e-07], ['SPORTS', 1.99308e-08], ['ARTS AND ENTERTAINMENT', 1.34749e-08], ['FOOD AND DRINK', 4.33844e-09]]",True,120,102,18:48:31.635724
an dog with the telescope walked Mary by my dog by John in a pajamas outside a elephant in a pajamas on my dog,"[['PETS', 0.06229001], ['EDUCATION', 0.05420395], ['RELIGION AND SPIRITUALITY', 0.05316165], ['HEALTH AND FITNESS', 0.05022236], ['TRAVEL', 0.04952089]]","[['PETS', 1.0], ['SCIENCE', 1.34968e-07], ['ARTS AND ENTERTAINMENT', 6.42852e-09], ['SPORTS', 5.12512e-09], ['FOOD AND DRINK', 2.45359e-09]]",True,121,103,18:48:37.062050
an dog with the telescope walked Mary by my dog by John in my pajamas outside a elephant in a pajamas on my dog,"[['PETS', 0.06229001], ['EDUCATION', 0.05420395], ['RELIGION AND SPIRITUALITY', 0.05316165], ['HEALTH AND FITNESS', 0.05022236], ['TRAVEL', 0.04952089]]","[['PETS', 1.0], ['SCIENCE', 6.51046e-08], ['ARTS AND ENTERTAINMENT', 1.17499e-08], ['SPORTS', 3.29259e-09], ['NON STANDARD CONTENT', 1.14069e-09]]",True,122,104,18:48:42.241015
an dog with the telescope walked Mary by my dog by John outside my pajamas outside a elephant in a pajamas on my dog,"[['PETS', 0.06218927], ['EDUCATION', 0.05408101], ['RELIGION AND SPIRITUALITY', 0.05307873], ['HEALTH AND FITNESS', 0.05068112], ['TRAVEL', 0.0496793]]","[['PETS', 1.0], ['SCIENCE', 1.75794e-07], ['ARTS AND ENTERTAINMENT', 9.46851e-09], ['SPORTS', 7.25464e-09], ['NON STANDARD CONTENT', 1.80516e-09]]",True,123,105,18:48:47.403637
an dog with the telescope walked Mary by my dog by Mary outside my pajamas outside a elephant in a pajamas on my dog,"[['PETS', 0.0625815], ['TRAVEL', 0.05219797], ['RELIGION AND SPIRITUALITY', 0.05206419], ['EDUCATION', 0.05114709], ['HEALTH AND FITNESS', 0.05064521]]","[['PETS', 1.0], ['SCIENCE', 7.42442e-08], ['SPORTS', 3.51009e-09], ['ARTS AND ENTERTAINMENT', 3.36033e-09], ['NON STANDARD CONTENT', 1.59491e-09]]",True,124,106,18:48:52.957417
an park with the telescope walked Mary by my dog by Mary outside my pajamas outside a elephant in a pajamas on my dog,"[['TRAVEL', 0.06139896], ['PETS', 0.06090483], ['HEALTH AND FITNESS', 0.05193161], ['EDUCATION', 0.0513739], ['RELIGION AND SPIRITUALITY', 0.05063257]]","[['PETS', 0.999553], ['SCIENCE', 0.00042704], ['SPORTS', 4.54613e-06], ['ARTS AND ENTERTAINMENT', 3.24624e-06], ['NON STANDARD CONTENT', 1.03041e-06]]",True,125,107,18:48:58.462343
an park with the telescope killed Mary by my dog by Mary outside my pajamas outside a elephant in a pajamas on my dog,"[['TRAVEL', 0.0620299], ['PETS', 0.06018715], ['RELIGION AND SPIRITUALITY', 0.05394724], ['EDUCATION', 0.05216056], ['HEALTH AND FITNESS', 0.05142377]]","[['PETS', 0.998915], ['SCIENCE', 0.00103331], ['SPORTS', 3.16365e-05], ['ARTS AND ENTERTAINMENT', 6.14481e-06], ['NON STANDARD CONTENT', 1.71171e-06]]",True,126,108,18:49:04.094809
an park with the telescope killed Mary by my dog by Mary outside my dog outside a elephant in a pajamas on my dog,"[['TRAVEL', 0.06201969], ['PETS', 0.05995291], ['RELIGION AND SPIRITUALITY', 0.05393836], ['EDUCATION', 0.05224239], ['HEALTH AND FITNESS', 0.05149429]]","[['PETS', 0.999994], ['ARTS AND ENTERTAINMENT', 5.13254e-06], ['SCIENCE', 8.08041e-08], ['SPORTS', 7.17541e-08], ['NON STANDARD CONTENT', 5.84915e-08]]",True,127,109,18:49:09.829851
an park with the telescope killed Mary in my dog by Mary outside my dog outside a elephant in a pajamas on my dog,"[['TRAVEL', 0.06201969], ['PETS', 0.05995291], ['RELIGION AND SPIRITUALITY', 0.05393836], ['EDUCATION', 0.05224239], ['HEALTH AND FITNESS', 0.05149429]]","[['PETS', 0.999994], ['ARTS AND ENTERTAINMENT', 5.87839e-06], ['SCIENCE', 1.22576e-07], ['SPORTS', 4.28893e-08], ['FAMILY AND PARENTING', 1.84512e-08]]",True,128,110,18:49:15.255474
an park with the telescope shot Mary in my dog by Mary outside my dog outside a elephant in a pajamas on my dog,"[['TRAVEL', 0.06376227], ['PETS', 0.0589347], ['HEALTH AND FITNESS', 0.05377542], ['EDUCATION', 0.05044392], ['SPORTS', 0.0500627]]","[['PETS', 0.999989], ['ARTS AND ENTERTAINMENT', 1.03228e-05], ['SCIENCE', 9.69008e-08], ['SPORTS', 4.00687e-08], ['NON STANDARD CONTENT', 1.92897e-08]]",True,129,111,18:49:20.786083
an park with the telescope shot Mary in my dog outside Mary outside my dog outside a elephant in a pajamas on my dog,"[['TRAVEL', 0.06376227], ['PETS', 0.0589347], ['HEALTH AND FITNESS', 0.05377542], ['EDUCATION', 0.05044392], ['SPORTS', 0.0500627]]","[['ARTS AND ENTERTAINMENT', 0.999428], ['PETS', 0.000565706], ['SCIENCE', 1.41612e-06], ['NON STANDARD CONTENT', 4.59191e-07], ['HOBBIES AND INTERESTS', 2.95282e-07]]",True,130,112,18:49:26.212503
an man with the telescope shot Mary in my dog outside Mary outside my dog outside a elephant in a pajamas on my dog,"[['PETS', 0.05764729], ['TRAVEL', 0.05576088], ['HEALTH AND FITNESS', 0.05503152], ['SCIENCE', 0.05193802], ['RELIGION AND SPIRITUALITY', 0.05182318]]","[['ARTS AND ENTERTAINMENT', 0.999609], ['PETS', 0.00037711], ['NON STANDARD CONTENT', 1.60009e-06], ['SCIENCE', 1.46763e-06], ['HOBBIES AND INTERESTS', 4.25574e-07]]",True,131,113,18:49:31.845386
an man with the park shot Mary in my dog outside Mary outside my dog outside a elephant in a pajamas on my dog,"[['TRAVEL', 0.06621901], ['HEALTH AND FITNESS', 0.05635598], ['PETS', 0.05597421], ['SPORTS', 0.05262345], ['RELIGION AND SPIRITUALITY', 0.05121807]]","[['ARTS AND ENTERTAINMENT', 0.994587], ['PETS', 0.00540699], ['SPORTS', 7.06868e-07], ['SCIENCE', 3.59347e-07], ['TRAVEL', 3.01955e-07]]",False,132,113,18:49:36.807551
a man with the telescope shot Mary in my dog outside Mary outside my dog outside a elephant in a pajamas on my dog,"[['PETS', 0.05764729], ['TRAVEL', 0.05576088], ['HEALTH AND FITNESS', 0.05503152], ['SCIENCE', 0.05193802], ['RELIGION AND SPIRITUALITY', 0.05182318]]","[['ARTS AND ENTERTAINMENT', 0.999486], ['PETS', 0.000486662], ['NON STANDARD CONTENT', 3.5312e-06], ['SCIENCE', 2.31616e-06], ['SPORTS', 8.4374e-07]]",True,133,114,18:49:42.289554
a man with the elephant shot Mary in my dog outside Mary outside my dog outside a elephant in a pajamas on my dog,"[['PETS', 0.0576018], ['TRAVEL', 0.05638054], ['HEALTH AND FITNESS', 0.05504281], ['RELIGION AND SPIRITUALITY', 0.0527456], ['EDUCATION', 0.05046184]]","[['ARTS AND ENTERTAINMENT', 0.998857], ['PETS', 0.000532569], ['SPORTS', 3.93285e-05], ['NON STANDARD CONTENT', 1.68037e-05], ['FOOD AND DRINK', 3.55915e-06]]",True,134,115,18:49:47.821462
a man with the elephant shot Mary in my dog outside Mary outside my dog outside a elephant in a pajamas on the dog,"[['PETS', 0.0576018], ['TRAVEL', 0.05638054], ['HEALTH AND FITNESS', 0.05504281], ['RELIGION AND SPIRITUALITY', 0.0527456], ['EDUCATION', 0.05046184]]","[['ARTS AND ENTERTAINMENT', 0.966146], ['PETS', 0.0331669], ['SPORTS', 1.92831e-05], ['NON STANDARD CONTENT', 1.15554e-05], ['FOOD AND DRINK', 8.25735e-06]]",True,135,116,18:49:53.145314
a man with the elephant shot Mary in my dog outside Mary outside my dog outside a elephant in a pajamas on an dog,"[['PETS', 0.0576018], ['TRAVEL', 0.05638054], ['HEALTH AND FITNESS', 0.05504281], ['RELIGION AND SPIRITUALITY', 0.0527456], ['EDUCATION', 0.05046184]]","[['ARTS AND ENTERTAINMENT', 0.999281], ['PETS', 0.000385513], ['NON STANDARD CONTENT', 9.83535e-06], ['SPORTS', 5.15769e-06], ['FOOD AND DRINK', 2.48858e-06]]",True,136,117,18:49:58.673816
a man with the elephant shot Mary in my dog outside Mary outside my dog outside a elephant in a cat on an dog,"[['PETS', 0.07466485], ['TRAVEL', 0.0538071], ['HEALTH AND FITNESS', 0.05294193], ['RELIGION AND SPIRITUALITY', 0.04999235], ['EDUCATION', 0.04969283]]","[['PETS', 0.999984], ['ARTS AND ENTERTAINMENT', 1.55979e-05], ['NON STANDARD CONTENT', 3.84857e-10], ['HOBBIES AND INTERESTS', 2.63386e-10], ['SPORTS', 9.09662e-11]]",True,137,118,18:50:03.984953
a man with the elephant shot Mary in my dog outside Mary outside my dog outside an elephant in a cat on an dog,"[['PETS', 0.07466485], ['TRAVEL', 0.0538071], ['HEALTH AND FITNESS', 0.05294193], ['RELIGION AND SPIRITUALITY', 0.04999235], ['EDUCATION', 0.04969283]]","[['PETS', 0.999985], ['ARTS AND ENTERTAINMENT', 1.51737e-05], ['NON STANDARD CONTENT', 3.61237e-10], ['HOBBIES AND INTERESTS', 2.26197e-10], ['SPORTS', 2.0059e-10]]",True,138,119,18:50:09.527064
a man by the elephant shot Mary in my dog outside Mary outside my dog outside an elephant in a cat on an dog,"[['PETS', 0.07466485], ['TRAVEL', 0.0538071], ['HEALTH AND FITNESS', 0.05294193], ['RELIGION AND SPIRITUALITY', 0.04999235], ['EDUCATION', 0.04969283]]","[['PETS', 0.999983], ['ARTS AND ENTERTAINMENT', 1.71751e-05], ['NON STANDARD CONTENT', 4.41075e-10], ['HOBBIES AND INTERESTS', 2.71688e-10], ['SPORTS', 2.48805e-10]]",True,139,120,18:50:14.957782
a man by the elephant shot Mary in my dog outside Mary outside a dog outside an elephant in a cat on an dog,"[['PETS', 0.07479207], ['TRAVEL', 0.05364001], ['HEALTH AND FITNESS', 0.05246708], ['RELIGION AND SPIRITUALITY', 0.05007464], ['EDUCATION', 0.04980996]]","[['PETS', 0.999979], ['ARTS AND ENTERTAINMENT', 2.0157e-05], ['SPORTS', 5.79845e-10], ['NON STANDARD CONTENT', 4.81398e-10], ['HOBBIES AND INTERESTS', 1.84558e-10]]",True,140,121,18:50:20.490643
a man by the elephant saw Mary in my dog outside Mary outside a dog outside an elephant in a cat on an dog,"[['PETS', 0.07467007], ['HOBBIES AND INTERESTS', 0.05348989], ['HEALTH AND FITNESS', 0.0533106], ['EDUCATION', 0.05270354], ['TRAVEL', 0.04992505]]","[['PETS', 0.999984], ['ARTS AND ENTERTAINMENT', 1.58601e-05], ['NON STANDARD CONTENT', 5.69033e-10], ['SPORTS', 4.38699e-10], ['HOBBIES AND INTERESTS', 2.26433e-10]]",True,141,122,18:50:25.913354
a man by the pajamas saw Mary in my dog outside Mary outside a dog outside an elephant in a cat on an dog,"[['PETS', 0.07458824], ['HEALTH AND FITNESS', 0.05444847], ['EDUCATION', 0.05349776], ['HOBBIES AND INTERESTS', 0.05341053], ['TRAVEL', 0.04985281]]","[['PETS', 0.999988], ['ARTS AND ENTERTAINMENT', 1.18097e-05], ['SCIENCE', 1.20157e-10], ['NON STANDARD CONTENT', 7.73708e-11], ['SPORTS', 1.93574e-11]]",True,142,123,18:50:31.545453
a man by the pajamas saw Mary in my dog outside Mary outside a telescope outside an elephant in a cat on an dog,"[['PETS', 0.0746072], ['SCIENCE', 0.05443357], ['HEALTH AND FITNESS', 0.05440818], ['EDUCATION', 0.05418351], ['HOBBIES AND INTERESTS', 0.05263285]]","[['PETS', 1.0], ['SCIENCE', 4.46277e-09], ['ARTS AND ENTERTAINMENT', 1.5619e-09], ['NON STANDARD CONTENT', 4.40409e-11], ['SPORTS', 2.26685e-11]]",True,143,124,18:50:37.177358
a man by the pajamas saw Mary in an dog outside Mary outside a telescope outside an elephant in a cat on an dog,"[['PETS', 0.06834628], ['SCIENCE', 0.05634992], ['EDUCATION', 0.05373358], ['HEALTH AND FITNESS', 0.0526003], ['HOBBIES AND INTERESTS', 0.05183515]]","[['PETS', 1.0], ['SCIENCE', 7.07756e-09], ['ARTS AND ENTERTAINMENT', 1.22527e-09], ['SPORTS', 5.12848e-11], ['FOOD AND DRINK', 3.90728e-11]]",True,144,125,18:50:41.921410
an man by the pajamas saw Mary in an dog outside Mary outside a telescope outside an elephant in a cat on an dog,"[['PETS', 0.06834628], ['SCIENCE', 0.05634992], ['EDUCATION', 0.05373358], ['HEALTH AND FITNESS', 0.0526003], ['HOBBIES AND INTERESTS', 0.05183515]]","[['PETS', 1.0], ['SCIENCE', 8.2001e-09], ['ARTS AND ENTERTAINMENT', 1.43821e-09], ['FOOD AND DRINK', 8.36092e-11], ['SPORTS', 4.97829e-11]]",True,145,126,18:50:48.134118
an man by the telescope saw Mary in an dog outside Mary outside a telescope outside an elephant in a cat on an dog,"[['PETS', 0.06841553], ['SCIENCE', 0.05651515], ['EDUCATION', 0.05293142], ['HOBBIES AND INTERESTS', 0.05190782], ['HEALTH AND FITNESS', 0.05149675]]","[['PETS', 1.0], ['SCIENCE', 1.19396e-07], ['ARTS AND ENTERTAINMENT', 2.51676e-09], ['HOBBIES AND INTERESTS', 1.8375e-10], ['NON STANDARD CONTENT', 5.50968e-11]]",False,146,126,18:50:53.562180
an man by the pajamas walked Mary in an dog outside Mary outside a telescope outside an elephant in a cat on an dog,"[['PETS', 0.07042], ['SCIENCE', 0.05534279], ['EDUCATION', 0.05176326], ['ARTS AND ENTERTAINMENT', 0.05013698], ['HEALTH AND FITNESS', 0.0500253]]","[['PETS', 1.0], ['SCIENCE', 6.47672e-09], ['ARTS AND ENTERTAINMENT', 9.82504e-10], ['FOOD AND DRINK', 7.70996e-11], ['SPORTS', 4.46492e-11]]",False,147,126,18:50:59.195128
an man by the pajamas saw Bob in an dog outside Mary outside a telescope outside an elephant in a cat on an dog,"[['PETS', 0.07054568], ['SCIENCE', 0.05450913], ['HEALTH AND FITNESS', 0.05336622], ['EDUCATION', 0.05265258], ['ARTS AND ENTERTAINMENT', 0.05178455]]","[['PETS', 1.0], ['SCIENCE', 1.30406e-09], ['ARTS AND ENTERTAINMENT', 1.14886e-09], ['SPORTS', 3.2604e-11], ['FOOD AND DRINK', 3.13153e-11]]",False,148,126,18:51:04.726268
an man by the pajamas saw Mary in an dog on Mary outside a telescope outside an elephant in a cat on an dog,"[['PETS', 0.06861184], ['SCIENCE', 0.05635799], ['EDUCATION', 0.05364827], ['HEALTH AND FITNESS', 0.05252714], ['HOBBIES AND INTERESTS', 0.05184257]]","[['PETS', 1.0], ['SCIENCE', 3.69906e-09], ['EDUCATION', 2.49037e-09], ['SPORTS', 6.45835e-11], ['FOOD AND DRINK', 2.68626e-11]]",False,149,126,18:51:10.255746
an man by the pajamas killed Mary in an dog outside Mary outside a telescope outside an elephant in a cat on an dog,"[['PETS', 0.06960511], ['SCIENCE', 0.05725404], ['EDUCATION', 0.05256715], ['RELIGION AND SPIRITUALITY', 0.05180587], ['TRAVEL', 0.04992626]]","[['PETS', 1.0], ['SCIENCE', 2.42681e-09], ['ARTS AND ENTERTAINMENT', 3.0811e-10], ['SPORTS', 1.16746e-11], ['FOOD AND DRINK', 1.08951e-11]]",True,150,127,18:51:15.577686
an man by the pajamas shot Mary in an dog outside Mary outside a telescope outside an elephant in a cat on an dog,"[['PETS', 0.06845142], ['SCIENCE', 0.05462893], ['HEALTH AND FITNESS', 0.05176309], ['TRAVEL', 0.05135039], ['EDUCATION', 0.05077861]]","[['PETS', 1.0], ['SCIENCE', 7.35021e-09], ['ARTS AND ENTERTAINMENT', 1.84267e-09], ['FOOD AND DRINK', 9.98729e-11], ['SPORTS', 5.9988e-11]]",True,151,128,18:51:21.054760
an man by the pajamas shot Mary in an dog outside Mary outside the telescope outside an elephant in a cat on an dog,"[['PETS', 0.06845142], ['SCIENCE', 0.05462893], ['HEALTH AND FITNESS', 0.05176309], ['TRAVEL', 0.05135039], ['EDUCATION', 0.05077861]]","[['PETS', 1.0], ['SCIENCE', 3.5108e-09], ['ARTS AND ENTERTAINMENT', 1.86552e-09], ['SPORTS', 5.61663e-11], ['FOOD AND DRINK', 4.71657e-11]]",True,152,129,18:51:26.536046
an man by the dog shot Mary in an dog outside Mary outside the telescope outside an elephant in a cat on an dog,"[['PETS', 0.06851891], ['SCIENCE', 0.05478763], ['TRAVEL', 0.05141909], ['HEALTH AND FITNESS', 0.05067572], ['EDUCATION', 0.0500192]]","[['PETS', 1.0], ['ARTS AND ENTERTAINMENT', 5.20326e-10], ['SPORTS', 1.12826e-11], ['HOBBIES AND INTERESTS', 1.07249e-11], ['NON STANDARD CONTENT', 8.64754e-12]]",True,153,130,18:51:31.961306
an man by the dog shot Mary in my dog outside Mary outside the telescope outside an elephant in a cat on an dog,"[['PETS', 0.07483205], ['TRAVEL', 0.05303695], ['SCIENCE', 0.05295016], ['HEALTH AND FITNESS', 0.05244296], ['EDUCATION', 0.05046258]]","[['PETS', 1.0], ['ARTS AND ENTERTAINMENT', 4.84322e-10], ['NON STANDARD CONTENT', 9.07245e-12], ['HOBBIES AND INTERESTS', 4.48561e-12], ['SCIENCE', 3.79414e-12]]",True,154,131,18:51:37.183466
an man by the dog wounded Mary in my dog outside Mary outside the telescope outside an elephant in a cat on an dog,"[['PETS', 0.07641828], ['SCIENCE', 0.05459745], ['EDUCATION', 0.05166001], ['HEALTH AND FITNESS', 0.05157524], ['RELIGION AND SPIRITUALITY', 0.04974342]]","[['PETS', 1.0], ['ARTS AND ENTERTAINMENT', 4.81445e-11], ['SPORTS', 3.83751e-12], ['NON STANDARD CONTENT', 1.73623e-12], ['TRAVEL', 1.20423e-12]]",True,155,132,18:51:42.406799
an man by the dog wounded Mary in my dog outside Mary outside the telescope on an elephant in a cat on an dog,"[['PETS', 0.07641828], ['SCIENCE', 0.05459745], ['EDUCATION', 0.05166001], ['HEALTH AND FITNESS', 0.05157524], ['RELIGION AND SPIRITUALITY', 0.04974342]]","[['PETS', 1.0], ['ARTS AND ENTERTAINMENT', 1.72145e-11], ['SPORTS', 1.83095e-12], ['TRAVEL', 5.82924e-13], ['NON STANDARD CONTENT', 4.68895e-13]]",True,156,133,18:51:47.833480
an man by the dog walked Mary in my dog outside Mary outside the telescope on an elephant in a cat on an dog,"[['PETS', 0.07694827], ['SCIENCE', 0.0536171], ['EDUCATION', 0.05141715], ['TRAVEL', 0.05100684], ['HEALTH AND FITNESS', 0.05065874]]","[['PETS', 1.0], ['HEALTH AND FITNESS', 1.82152e-09], ['ARTS AND ENTERTAINMENT', 1.12572e-10], ['HOBBIES AND INTERESTS', 4.78752e-12], ['SCIENCE', 4.37995e-12]]",False,157,133,18:51:53.158884
an man by the dog wounded Mary in my dog on Mary outside the telescope on an elephant in a cat on an dog,"[['PETS', 0.07671134], ['SCIENCE', 0.05460251], ['EDUCATION', 0.05157539], ['HEALTH AND FITNESS', 0.05150091], ['RELIGION AND SPIRITUALITY', 0.04974804]]","[['PETS', 1.0], ['SPORTS', 3.96284e-11], ['ARTS AND ENTERTAINMENT', 1.52348e-11], ['EDUCATION', 4.14494e-12], ['TRAVEL', 5.95775e-13]]",True,158,134,18:51:58.688554
an man by the dog walked Mary in my dog on Mary outside the telescope on an elephant in a cat on an dog,"[['PETS', 0.07724255], ['SCIENCE', 0.05362151], ['EDUCATION', 0.05133239], ['TRAVEL', 0.05101103], ['HEALTH AND FITNESS', 0.0505852]]","[['PETS', 1.0], ['HEALTH AND FITNESS', 3.39284e-09], ['EDUCATION', 2.71053e-11], ['SPORTS', 2.12683e-11], ['ARTS AND ENTERTAINMENT', 1.97951e-11]]",False,159,134,18:52:04.263153
an man with the dog wounded Mary in my dog on Mary outside the telescope on an elephant in a cat on an dog,"[['PETS', 0.07671134], ['SCIENCE', 0.05460251], ['EDUCATION', 0.05157539], ['HEALTH AND FITNESS', 0.05150091], ['RELIGION AND SPIRITUALITY', 0.04974804]]","[['PETS', 1.0], ['ARTS AND ENTERTAINMENT', 4.07571e-11], ['SPORTS', 3.13367e-11], ['EDUCATION', 3.35559e-12], ['TRAVEL', 4.6668e-13]]",True,160,135,18:52:09.645468
an man with the park wounded Mary in my dog on Mary outside the telescope on an elephant in a cat on an dog,"[['PETS', 0.07470924], ['TRAVEL', 0.05847335], ['HEALTH AND FITNESS', 0.05284662], ['SCIENCE', 0.05277191], ['EDUCATION', 0.05184096]]","[['PETS', 1.0], ['SPORTS', 1.76352e-11], ['ARTS AND ENTERTAINMENT', 1.17809e-11], ['EDUCATION', 5.39358e-12], ['TRAVEL', 1.07045e-12]]",False,161,135,18:52:15.174229
an man with the pajamas wounded Mary in my dog on Mary outside the telescope on an elephant in a cat on an dog,"[['PETS', 0.07663187], ['SCIENCE', 0.05444157], ['HEALTH AND FITNESS', 0.0526033], ['EDUCATION', 0.05235574], ['RELIGION AND SPIRITUALITY', 0.0496243]]","[['PETS', 1.0], ['SCIENCE', 1.1976e-10], ['ARTS AND ENTERTAINMENT', 2.47168e-11], ['SPORTS', 1.56182e-11], ['EDUCATION', 1.13478e-11]]",False,162,135,18:52:20.704601
an man with the dog wounded John in my dog on Mary outside the telescope on an elephant in a cat on an dog,"[['PETS', 0.07623149], ['EDUCATION', 0.05453455], ['SCIENCE', 0.05165168], ['HEALTH AND FITNESS', 0.05153806], ['ARTS AND ENTERTAINMENT', 0.05120727]]","[['PETS', 1.0], ['SPORTS', 5.14824e-11], ['ARTS AND ENTERTAINMENT', 3.34817e-11], ['EDUCATION', 1.82181e-12], ['HOBBIES AND INTERESTS', 3.24262e-13]]",False,163,135,18:52:26.235073
an man with my dog wounded Mary in my dog on Mary outside the telescope on an elephant in a cat on an dog,"[['PETS', 0.07671538], ['SCIENCE', 0.05460539], ['EDUCATION', 0.05153225], ['HEALTH AND FITNESS', 0.05150363], ['RELIGION AND SPIRITUALITY', 0.04974408]]","[['PETS', 1.0], ['ARTS AND ENTERTAINMENT', 1.79782e-10], ['SPORTS', 2.31431e-11], ['EDUCATION', 3.99605e-12], ['SCIENCE', 1.2085e-12]]",False,164,135,18:52:31.866376
an man with the cat wounded Mary in my dog on Mary outside the telescope on an elephant in a cat on an dog,"[['PETS', 0.07671134], ['SCIENCE', 0.05460251], ['EDUCATION', 0.05157539], ['HEALTH AND FITNESS', 0.05150091], ['RELIGION AND SPIRITUALITY', 0.04974804]]","[['PETS', 1.0], ['ARTS AND ENTERTAINMENT', 1.1091e-15], ['SPORTS', 7.02034e-17], ['EDUCATION', 5.11419e-17], ['HOBBIES AND INTERESTS', 3.61997e-17]]",True,165,136,18:52:37.088955
an man with the cat saw Mary in my dog on Mary outside the telescope on an elephant in a cat on an dog,"[['PETS', 0.07497678], ['SCIENCE', 0.05460378], ['EDUCATION', 0.05329261], ['HEALTH AND FITNESS', 0.05319531], ['HOBBIES AND INTERESTS', 0.05271687]]","[['PETS', 1.0], ['ARTS AND ENTERTAINMENT', 1.27506e-15], ['HOBBIES AND INTERESTS', 3.07681e-16], ['EDUCATION', 2.66453e-16], ['SPORTS', 1.79218e-16]]",False,166,136,18:52:42.720990
an man with the cat wounded Mary in my dog on John outside the telescope on an elephant in a cat on an dog,"[['PETS', 0.07623149], ['EDUCATION', 0.05453455], ['SCIENCE', 0.05165168], ['HEALTH AND FITNESS', 0.05153806], ['ARTS AND ENTERTAINMENT', 0.05120727]]","[['PETS', 1.0], ['ARTS AND ENTERTAINMENT', 7.65384e-16], ['SPORTS', 9.41676e-17], ['TRAVEL', 6.30869e-17], ['HOBBIES AND INTERESTS', 1.79128e-17]]",True,167,137,18:52:48.207467
an man with the cat wounded Mary in my dog on John outside the telescope on an elephant in a cat in an dog,"[['PETS', 0.07623149], ['EDUCATION', 0.05453455], ['SCIENCE', 0.05165168], ['HEALTH AND FITNESS', 0.05153806], ['ARTS AND ENTERTAINMENT', 0.05120727]]","[['PETS', 1.0], ['ARTS AND ENTERTAINMENT', 8.22712e-11], ['SPORTS', 8.95766e-12], ['TRAVEL', 4.71538e-12], ['HOBBIES AND INTERESTS', 1.26764e-12]]",True,168,138,18:52:53.758166
an dog with the cat wounded Mary in my dog on John outside the telescope on an elephant in a cat in an dog,"[['PETS', 0.07739373], ['EDUCATION', 0.05413578], ['RELIGION AND SPIRITUALITY', 0.05013179], ['SCIENCE', 0.04920288], ['ARTS AND ENTERTAINMENT', 0.04885212]]","[['PETS', 0.999999], ['ARTS AND ENTERTAINMENT', 4.27733e-11], ['TRAVEL', 2.87834e-11], ['SPORTS', 1.72334e-11], ['HOBBIES AND INTERESTS', 1.39921e-12]]",True,169,139,18:52:59.311818
an dog with the cat wounded Mary in my dog on John outside an telescope on an elephant in a cat in an dog,"[['PETS', 0.07739373], ['EDUCATION', 0.05413578], ['RELIGION AND SPIRITUALITY', 0.05013179], ['SCIENCE', 0.04920288], ['ARTS AND ENTERTAINMENT', 0.04885212]]","[['PETS', 0.999999], ['ARTS AND ENTERTAINMENT', 7.02309e-11], ['SPORTS', 6.6787e-11], ['TRAVEL', 3.98528e-11], ['NON STANDARD CONTENT', 2.15196e-12]]",True,170,140,18:53:04.839567
an dog with the cat wounded Mary in my dog on John outside my telescope on an elephant in a cat in an dog,"[['PETS', 0.07727044], ['EDUCATION', 0.05401432], ['RELIGION AND SPIRITUALITY', 0.05005481], ['SCIENCE', 0.04914088], ['ARTS AND ENTERTAINMENT', 0.04862387]]","[['PETS', 0.999999], ['ARTS AND ENTERTAINMENT', 4.79224e-11], ['SPORTS', 2.82526e-11], ['TRAVEL', 1.66891e-11], ['NON STANDARD CONTENT', 1.25774e-12]]",True,171,141,18:53:10.341144
the dog with the cat wounded Mary in my dog on John outside my telescope on an elephant in a cat in an dog,"[['PETS', 0.07727044], ['EDUCATION', 0.05401432], ['RELIGION AND SPIRITUALITY', 0.05005481], ['SCIENCE', 0.04914088], ['ARTS AND ENTERTAINMENT', 0.04862387]]","[['PETS', 0.999984], ['ARTS AND ENTERTAINMENT', 3.44405e-11], ['SPORTS', 2.53381e-11], ['TRAVEL', 1.5931e-11], ['NON STANDARD CONTENT', 2.77689e-13]]",True,172,142,18:53:15.689168
the dog with the cat wounded Mary in my dog on Bob outside my telescope on an elephant in a cat in an dog,"[['PETS', 0.08026807], ['SCIENCE', 0.05025691], ['EDUCATION', 0.05006132], ['HEALTH AND FITNESS', 0.04908315], ['TRAVEL', 0.04875172]]","[['PETS', 0.99999], ['ARTS AND ENTERTAINMENT', 3.36945e-11], ['SPORTS', 2.5701e-11], ['HOBBIES AND INTERESTS', 3.56329e-13], ['NON STANDARD CONTENT', 3.05451e-13]]",True,173,143,18:53:20.812708
the pajamas with the cat wounded Mary in my dog on Bob outside my telescope on an elephant in a cat in an dog,"[['PETS', 0.08292871], ['HEALTH AND FITNESS', 0.0513069], ['EDUCATION', 0.0502538], ['SCIENCE', 0.0499075], ['TRAVEL', 0.0479237]]","[['PETS', 1.0], ['ARTS AND ENTERTAINMENT', 1.5924e-11], ['SCIENCE', 1.33678e-11], ['SPORTS', 9.87494e-12], ['HOBBIES AND INTERESTS', 7.70422e-13]]",True,174,144,18:53:26.238973
the pajamas with the man wounded Mary in my dog on Bob outside my telescope on an elephant in a cat in an dog,"[['PETS', 0.07898026], ['HEALTH AND FITNESS', 0.05386379], ['SCIENCE', 0.05260233], ['EDUCATION', 0.05119278], ['ARTS AND ENTERTAINMENT', 0.04976965]]","[['PETS', 0.99998], ['SPORTS', 4.77432e-06], ['SCIENCE', 2.94288e-06], ['ARTS AND ENTERTAINMENT', 2.03285e-06], ['NON STANDARD CONTENT', 3.9816e-07]]",False,175,144,18:53:31.580955
the pajamas with the cat wounded Mary in my dog on Bob with my telescope on an elephant in a cat in an dog,"[['PETS', 0.08201281], ['SCIENCE', 0.05078879], ['EDUCATION', 0.05034796], ['HEALTH AND FITNESS', 0.04929138], ['HOBBIES AND INTERESTS', 0.04910672]]","[['PETS', 1.0], ['ARTS AND ENTERTAINMENT', 9.18744e-11], ['SCIENCE', 4.62856e-11], ['SPORTS', 1.63225e-11], ['HOBBIES AND INTERESTS', 1.34371e-12]]",False,176,144,18:53:37.102767
the pajamas with the cat wounded Mary in my dog on Bob outside my telescope on an elephant on a cat in an dog,"[['PETS', 0.08292871], ['HEALTH AND FITNESS', 0.0513069], ['EDUCATION', 0.0502538], ['SCIENCE', 0.0499075], ['TRAVEL', 0.0479237]]","[['PETS', 1.0], ['ARTS AND ENTERTAINMENT', 1.56205e-11], ['SCIENCE', 1.37888e-11], ['SPORTS', 9.2389e-12], ['HOBBIES AND INTERESTS', 7.23821e-13]]",True,177,145,18:53:42.364546
the pajamas with the cat wounded I in my dog on Bob outside my telescope on an elephant on a cat in an dog,"[['PETS', 0.08049136], ['HEALTH AND FITNESS', 0.05027106], ['SPORTS', 0.04974164], ['TRAVEL', 0.0496313], ['SCIENCE', 0.0495342]]","[['PETS', 1.0], ['ARTS AND ENTERTAINMENT', 1.7436e-11], ['SPORTS', 1.69858e-11], ['SCIENCE', 3.63813e-12], ['NON STANDARD CONTENT', 6.79e-13]]",False,178,145,18:53:47.645069
the pajamas with the cat wounded Mary in my dog on Bob outside my telescope on an man on a cat in an dog,"[['PETS', 0.08038933], ['HEALTH AND FITNESS', 0.05348714], ['SCIENCE', 0.05312446], ['EDUCATION', 0.0509419], ['ARTS AND ENTERTAINMENT', 0.050435]]","[['PETS', 1.0], ['SCIENCE', 3.52459e-11], ['SPORTS', 2.33712e-12], ['ARTS AND ENTERTAINMENT', 1.91534e-12], ['HOBBIES AND INTERESTS', 1.55573e-13]]",False,179,145,18:53:52.799742
the pajamas with the cat wounded Mary in my dog on Bob outside my telescope on an elephant by a cat in an dog,"[['PETS', 0.08292871], ['HEALTH AND FITNESS', 0.0513069], ['EDUCATION', 0.0502538], ['SCIENCE', 0.0499075], ['TRAVEL', 0.0479237]]","[['PETS', 1.0], ['ARTS AND ENTERTAINMENT', 6.58134e-12], ['SCIENCE', 5.37949e-12], ['SPORTS', 4.00454e-12], ['HOBBIES AND INTERESTS', 2.97901e-13]]",True,180,146,18:53:58.085771
the pajamas with the cat wounded Mary in my dog on Mary outside my telescope on an elephant by a cat in an dog,"[['PETS', 0.08032516], ['SCIENCE', 0.05158128], ['EDUCATION', 0.051274], ['HEALTH AND FITNESS', 0.05055916], ['RELIGION AND SPIRITUALITY', 0.04873291]]","[['PETS', 1.0], ['SCIENCE', 1.64696e-11], ['ARTS AND ENTERTAINMENT', 8.87118e-12], ['EDUCATION', 4.58956e-12], ['SPORTS', 2.49033e-12]]",False,181,146,18:54:03.207784
the pajamas with the cat wounded Mary in a dog on Bob outside my telescope on an elephant by a cat in an dog,"[['PETS', 0.07886125], ['HEALTH AND FITNESS', 0.05212648], ['EDUCATION', 0.05015608], ['SCIENCE', 0.05004763], ['TRAVEL', 0.04803854]]","[['PETS', 1.0], ['SPORTS', 6.56434e-12], ['SCIENCE', 2.09351e-12], ['ARTS AND ENTERTAINMENT', 2.0097e-12], ['HOBBIES AND INTERESTS', 1.12875e-13]]",True,182,147,18:54:08.634999
the pajamas with the cat wounded Mary by a dog on Bob outside my telescope on an elephant by a cat in an dog,"[['PETS', 0.07886125], ['HEALTH AND FITNESS', 0.05212648], ['EDUCATION', 0.05015608], ['SCIENCE', 0.05004763], ['TRAVEL', 0.04803854]]","[['PETS', 1.0], ['SPORTS', 5.18174e-12], ['ARTS AND ENTERTAINMENT', 1.5722e-12], ['SCIENCE', 5.17768e-13], ['HOBBIES AND INTERESTS', 8.98018e-14]]",True,183,148,18:54:14.165644
the pajamas with the cat wounded Mary by a dog on Bob outside my telescope outside an elephant by a cat in an dog,"[['PETS', 0.07886125], ['HEALTH AND FITNESS', 0.05212648], ['EDUCATION', 0.05015608], ['SCIENCE', 0.05004763], ['TRAVEL', 0.04803854]]","[['PETS', 1.0], ['SPORTS', 7.98024e-12], ['ARTS AND ENTERTAINMENT', 2.36571e-12], ['SCIENCE', 8.27884e-13], ['HOBBIES AND INTERESTS', 1.32811e-13]]",True,184,149,18:54:19.694190
the pajamas with the cat wounded Mary by a dog on Bob outside my telescope outside an elephant by a cat on an dog,"[['PETS', 0.07886125], ['HEALTH AND FITNESS', 0.05212648], ['EDUCATION', 0.05015608], ['SCIENCE', 0.05004763], ['TRAVEL', 0.04803854]]","[['PETS', 1.0], ['SPORTS', 5.27669e-17], ['ARTS AND ENTERTAINMENT', 1.45961e-17], ['SCIENCE', 7.69299e-18], ['HOBBIES AND INTERESTS', 1.24233e-18]]",True,185,150,18:54:25.004069
an pajamas with the cat wounded Mary by a dog on Bob outside my telescope outside an elephant by a cat on an dog,"[['PETS', 0.07886125], ['HEALTH AND FITNESS', 0.05212648], ['EDUCATION', 0.05015608], ['SCIENCE', 0.05004763], ['TRAVEL', 0.04803854]]","[['PETS', 1.0], ['SPORTS', 7.48393e-17], ['ARTS AND ENTERTAINMENT', 2.16734e-17], ['HOBBIES AND INTERESTS', 1.6903e-18], ['NON STANDARD CONTENT', 5.35203e-19]]",True,186,151,18:54:30.389887
an pajamas with the cat wounded Mary by a dog on Bob outside my cat outside an elephant by a cat on an dog,"[['PETS', 0.08276142], ['HEALTH AND FITNESS', 0.05096599], ['EDUCATION', 0.04968415], ['TRAVEL', 0.04840113], ['ARTS AND ENTERTAINMENT', 0.04828211]]","[['PETS', 1.0], ['SPORTS', 3.76791e-19], ['ARTS AND ENTERTAINMENT', 3.48879e-19], ['HOBBIES AND INTERESTS', 4.21673e-20], ['NON STANDARD CONTENT', 7.74993e-21]]",True,187,152,18:54:35.771214
an pajamas with the cat wounded Mary by a dog on Bob outside my cat outside an elephant by a cat outside an dog,"[['PETS', 0.08447181], ['HEALTH AND FITNESS', 0.05130024], ['EDUCATION', 0.04973346], ['TRAVEL', 0.04851901], ['ARTS AND ENTERTAINMENT', 0.0481352]]","[['PETS', 1.0], ['SPORTS', 3.23997e-11], ['ARTS AND ENTERTAINMENT', 2.88819e-11], ['HOBBIES AND INTERESTS', 3.55651e-12], ['NON STANDARD CONTENT', 1.33465e-12]]",True,188,153,18:54:41.304197
my pajamas with the cat wounded Mary by a dog on Bob outside my cat outside an elephant by a cat outside an dog,"[['PETS', 0.08447181], ['HEALTH AND FITNESS', 0.05130024], ['EDUCATION', 0.04973346], ['TRAVEL', 0.04851901], ['ARTS AND ENTERTAINMENT', 0.0481352]]","[['PETS', 1.0], ['ARTS AND ENTERTAINMENT', 2.78661e-11], ['SPORTS', 1.95155e-11], ['HOBBIES AND INTERESTS', 2.68124e-12], ['NON STANDARD CONTENT', 1.17199e-12]]",True,189,154,18:54:46.522184
my pajamas with the cat killed Mary by a dog on Bob outside my cat outside an elephant by a cat outside an dog,"[['PETS', 0.08413635], ['TRAVEL', 0.05038455], ['EDUCATION', 0.05030604], ['RELIGION AND SPIRITUALITY', 0.05014539], ['HEALTH AND FITNESS', 0.04994396]]","[['PETS', 1.0], ['ARTS AND ENTERTAINMENT', 8.4362e-12], ['HOBBIES AND INTERESTS', 5.70608e-12], ['SPORTS', 5.08237e-12], ['NON STANDARD CONTENT', 1.60139e-12]]",True,190,155,18:54:51.606871
my pajamas with the cat killed Bob by a dog on Bob outside my cat outside an elephant by a cat outside an dog,"[['PETS', 0.08429508], ['TRAVEL', 0.05252947], ['EDUCATION', 0.04984057], ['RELIGION AND SPIRITUALITY', 0.04897336], ['HEALTH AND FITNESS', 0.04838151]]","[['PETS', 1.0], ['SPORTS', 6.59423e-11], ['HOBBIES AND INTERESTS', 3.89986e-11], ['ARTS AND ENTERTAINMENT', 1.77718e-11], ['NON STANDARD CONTENT', 8.43322e-12]]",True,191,156,18:54:57.172628
my pajamas with the cat killed Bob with a dog on Bob outside my cat outside an elephant by a cat outside an dog,"[['PETS', 0.08429508], ['TRAVEL', 0.05252947], ['EDUCATION', 0.04984057], ['RELIGION AND SPIRITUALITY', 0.04897336], ['HEALTH AND FITNESS', 0.04838151]]","[['PETS', 1.0], ['SPORTS', 6.92232e-11], ['HOBBIES AND INTERESTS', 4.11614e-11], ['ARTS AND ENTERTAINMENT', 1.93689e-11], ['NON STANDARD CONTENT', 8.32713e-12]]",True,192,157,18:55:02.487358
my pajamas with the cat killed Bob with a dog on Bob outside my cat outside an elephant by a telescope outside an dog,"[['PETS', 0.08436162], ['TRAVEL', 0.05195213], ['EDUCATION', 0.05050646], ['SCIENCE', 0.04920632], ['HEALTH AND FITNESS', 0.04837158]]","[['PETS', 0.999937], ['SPORTS', 1.19928e-05], ['ARTS AND ENTERTAINMENT', 1.07904e-06], ['NON STANDARD CONTENT', 5.51329e-07], ['HOBBIES AND INTERESTS', 4.90372e-07]]",True,193,158,18:55:08.230305
my pajamas with the cat killed Bob with a dog on Mary outside my cat outside an elephant by a telescope outside an dog,"[['PETS', 0.08419363], ['EDUCATION', 0.05097261], ['SCIENCE', 0.05000265], ['HEALTH AND FITNESS', 0.04992828], ['TRAVEL', 0.04982537]]","[['PETS', 0.999915], ['SPORTS', 4.10476e-06], ['EDUCATION', 2.96402e-06], ['ARTS AND ENTERTAINMENT', 7.48395e-07], ['SCIENCE', 4.96249e-07]]",False,194,158,18:55:13.081181
my telescope with the cat killed Bob with a dog on Bob outside my cat outside an elephant by a telescope outside an dog,"[['PETS', 0.08443888], ['TRAVEL', 0.05201799], ['EDUCATION', 0.04974764], ['SCIENCE', 0.0493458], ['RELIGION AND SPIRITUALITY', 0.04823102]]","[['PETS', 0.999826], ['SCIENCE', 8.27777e-05], ['SPORTS', 1.67365e-05], ['ARTS AND ENTERTAINMENT', 1.61641e-06], ['NON STANDARD CONTENT', 8.42343e-07]]",True,195,159,18:55:18.172079
my telescope with the cat killed Bob with a dog on Mary outside my cat outside an elephant by a telescope outside an dog,"[['PETS', 0.0842741], ['EDUCATION', 0.05020879], ['SCIENCE', 0.0501464], ['TRAVEL', 0.04989052], ['RELIGION AND SPIRITUALITY', 0.0493819]]","[['PETS', 0.99981], ['SCIENCE', 5.54277e-05], ['EDUCATION', 2.53634e-05], ['SPORTS', 5.97777e-06], ['ARTS AND ENTERTAINMENT', 1.14759e-06]]",False,196,159,18:55:23.597764
my telescope with the cat killed Bob with a dog on Bob outside my cat outside an elephant by a telescope outside an telescope,"[['PETS', 0.08443888], ['TRAVEL', 0.05201799], ['EDUCATION', 0.04974764], ['SCIENCE', 0.0493458], ['RELIGION AND SPIRITUALITY', 0.04823102]]","[['PETS', 0.942414], ['SCIENCE', 0.0573661], ['SPORTS', 0.000148125], ['HOBBIES AND INTERESTS', 1.66245e-05], ['ARTS AND ENTERTAINMENT', 2.79448e-06]]",True,197,160,18:55:29.122565
