my lemur grabbed the baboon on I with the woman in I,"[['EDUCATION', 0.994366], ['PETS', 0.00512777], ['SOCIETY', 0.000296858], ['SCIENCE', 4.1183e-05], ['RELIGION AND SPIRITUALITY', 1.41161e-05]]","[['HOBBIES & INTERESTS', 0.07], ['NEEDLEWORK', 0.05]]",True,1,1,16:41:23.371399
my lemur saw the baboon on I with the woman in I,"[['EDUCATION', 0.999744], ['PETS', 0.000206414], ['RELIGION AND SPIRITUALITY', 5.39962e-06], ['TRAVEL', 5.0631e-06], ['SOCIETY', 4.38497e-06]]","[['HOBBIES & INTERESTS', 0.07], ['NEEDLEWORK', 0.05]]",True,2,2,16:41:27.163499
an lemur saw the baboon on I with the woman in I,"[['EDUCATION', 0.999862], ['PETS', 9.51851e-05], ['RELIGION AND SPIRITUALITY', 7.07865e-06], ['TRAVEL', 3.70398e-06], ['SOCIETY', 2.41192e-06]]","[['HOBBIES & INTERESTS', 0.07], ['NEEDLEWORK', 0.05]]",True,3,3,16:41:30.644038
an lemur saw the baboon near I with the woman in I,"[['EDUCATION', 0.999858], ['PETS', 0.00010003], ['RELIGION AND SPIRITUALITY', 8.1047e-06], ['TRAVEL', 5.1917e-06], ['SPORTS', 1.89173e-06]]","[['HOBBIES & INTERESTS', 0.07], ['NEEDLEWORK', 0.05]]",True,4,4,16:41:34.486719
an lemur saw the baboon near I with the river in I,"[['EDUCATION', 0.98811], ['PETS', 0.0113116], ['RELIGION AND SPIRITUALITY', 0.000177538], ['TRAVEL', 0.000121714], ['SPORTS', 0.000103524]]","[['FLY FISHING', 0.15], ['HOBBIES & INTERESTS', 0.07], ['BIRDWATCHING', 0.07], ['SPORTS', 0.06]]",False,5,4,16:41:38.239732
an lemur saw the baboon inside I with the woman in I,"[['FAMILY AND PARENTING', 0.984292], ['EDUCATION', 0.0156972], ['PETS', 4.35519e-06], ['RELIGION AND SPIRITUALITY', 6.49373e-07], ['SCIENCE', 5.07037e-07]]","[['BODY ART', 0.35], ['DOGS', 0.17], ['HOBBIES & INTERESTS', 0.06], ['PETS', 0.06], ['STYLE & FASHION', 0.05]]",False,6,4,16:41:41.810761
an lemur grabbed the baboon near I with the woman in I,"[['EDUCATION', 0.99716], ['PETS', 0.00249165], ['SOCIETY', 0.000173463], ['SCIENCE', 3.99732e-05], ['FAMILY AND PARENTING', 2.66252e-05]]","[['HOBBIES & INTERESTS', 0.07], ['NEEDLEWORK', 0.05]]",True,7,5,16:41:45.154125
an lemur damaged the baboon near I with the woman in I,"[['EDUCATION', 0.995945], ['PETS', 0.00248884], ['FAMILY AND PARENTING', 0.000449151], ['RELIGION AND SPIRITUALITY', 0.000153834], ['SOCIETY', 0.000111069]]","[['HOBBIES & INTERESTS', 0.07], ['NEEDLEWORK', 0.05]]",True,8,6,16:41:48.299960
an lemur damaged the baboon near Gary with the woman in I,"[['EDUCATION', 0.999242], ['PETS', 0.000446879], ['FAMILY AND PARENTING', 0.00011965], ['SOCIETY', 5.12831e-05], ['TRAVEL', 2.64881e-05]]","[['HOBBIES & INTERESTS', 0.07], ['NEEDLEWORK', 0.05]]",True,9,7,16:41:52.027332
an lemur apprehended the baboon near Gary with the woman in I,"[['EDUCATION', 0.999508], ['PETS', 0.000446946], ['REAL ESTATE', 9.64524e-06], ['FAMILY AND PARENTING', 6.17284e-06], ['SPORTS', 4.63684e-06]]","[['HOBBIES & INTERESTS', 0.07], ['NEEDLEWORK', 0.05]]",True,10,8,16:41:55.428828
an lemur apprehended the baboon near Gary with the woman in Gemma,"[['EDUCATION', 0.999529], ['PETS', 0.000425618], ['FAMILY AND PARENTING', 9.48331e-06], ['REAL ESTATE', 9.29711e-06], ['SPORTS', 4.27757e-06]]","[['HOBBIES & INTERESTS', 0.07], ['NEEDLEWORK', 0.05]]",True,11,9,16:41:58.468008
an lemur disabled the baboon near Gary with the woman in Gemma,"[['EDUCATION', 0.99894], ['PETS', 0.000425418], ['FAMILY AND PARENTING', 0.000409457], ['SOCIETY', 3.64732e-05], ['HEALTH AND FITNESS', 1.58292e-05]]","[['HOBBIES & INTERESTS', 0.07], ['NEEDLEWORK', 0.05]]",True,12,10,16:42:01.924337
an lemur disabled my baboon near Gary with the woman in Gemma,"[['PETS', 0.582624], ['FAMILY AND PARENTING', 0.332828], ['SOCIETY', 0.041477], ['SPORTS', 0.00280945], ['REAL ESTATE', 0.00179725]]","[['HOBBIES & INTERESTS', 0.07], ['NEEDLEWORK', 0.05]]",True,13,11,16:42:05.367079
an lemur disabled my baboon near Gary by the woman in Gemma,"[['PETS', 0.581558], ['FAMILY AND PARENTING', 0.315645], ['SOCIETY', 0.0464234], ['SPORTS', 0.00354779], ['HEALTH AND FITNESS', 0.00244367]]","[['HOBBIES & INTERESTS', 0.07], ['NEEDLEWORK', 0.05]]",True,14,12,16:42:08.745785
an lemur disabled my baboon near Gemma by the woman in Gemma,"[['PETS', 0.75366], ['FAMILY AND PARENTING', 0.108019], ['HEALTH AND FITNESS', 0.0508332], ['SOCIETY', 0.0158098], ['HOBBIES AND INTERESTS', 0.0100512]]","[['HOBBIES & INTERESTS', 0.07], ['NEEDLEWORK', 0.05]]",True,15,13,16:42:12.392810
a lemur disabled my baboon near Gemma by the woman in Gemma,"[['PETS', 0.786337], ['FAMILY AND PARENTING', 0.0903206], ['HEALTH AND FITNESS', 0.0433439], ['SOCIETY', 0.0156419], ['HOBBIES AND INTERESTS', 0.0102256]]","[['HOBBIES & INTERESTS', 0.07], ['NEEDLEWORK', 0.05]]",True,16,14,16:42:15.762992
a lemur disabled my owl near Gemma by the woman in Gemma,"[['FAMILY AND PARENTING', 0.396865], ['HEALTH AND FITNESS', 0.190456], ['PETS', 0.17948], ['SOCIETY', 0.0687311], ['HOBBIES AND INTERESTS', 0.0449306]]","[['HOBBIES & INTERESTS', 0.07], ['NEEDLEWORK', 0.05]]",True,17,15,16:42:19.153673
a lemur apprehended my owl near Gemma by the woman in Gemma,"[['PETS', 0.50464], ['RELIGION AND SPIRITUALITY', 0.28402], ['SOCIETY', 0.0570768], ['REAL ESTATE', 0.0161973], ['HEALTH AND FITNESS', 0.010253]]","[['HOBBIES & INTERESTS', 0.07], ['SCREENWRITING', 0.05]]",True,18,16,16:42:22.858512
a lemur apprehended my owl near Gemma by a woman in Gemma,"[['RELIGION AND SPIRITUALITY', 0.566819], ['PETS', 0.246263], ['SOCIETY', 0.0506533], ['REAL ESTATE', 0.03819], ['HOBBIES AND INTERESTS', 0.0250881]]","[['HOBBIES & INTERESTS', 0.07], ['SCREENWRITING', 0.05]]",True,19,17,16:42:26.317577
a lemur apprehended my owl near Gemma by a woman in Nick,"[['HOBBIES AND INTERESTS', 0.823013], ['RELIGION AND SPIRITUALITY', 0.0874727], ['PETS', 0.0375865], ['REAL ESTATE', 0.0228441], ['NON STANDARD CONTENT', 0.00779746]]","[['HOBBIES & INTERESTS', 0.07], ['SCREENWRITING', 0.05]]",True,20,18,16:42:29.772631
my lemur apprehended my owl near Gemma by a woman in Nick,"[['HOBBIES AND INTERESTS', 0.761468], ['RELIGION AND SPIRITUALITY', 0.126099], ['PETS', 0.059161], ['REAL ESTATE', 0.0218749], ['NON STANDARD CONTENT', 0.00665215]]","[['HOBBIES & INTERESTS', 0.07], ['SCREENWRITING', 0.05]]",True,21,19,16:42:33.565545
my lemur apprehended my owl by Gemma by a woman in Nick,"[['HEALTH AND FITNESS', 0.996415], ['HOBBIES AND INTERESTS', 0.00255499], ['RELIGION AND SPIRITUALITY', 0.000540432], ['PETS', 0.000200618], ['REAL ESTATE', 8.3654e-05]]","[['HOBBIES & INTERESTS', 0.07], ['SCREENWRITING', 0.05]]",True,22,20,16:42:36.883926
my river apprehended my owl by Gemma by a woman in Nick,"[['HEALTH AND FITNESS', 0.989079], ['HOBBIES AND INTERESTS', 0.00707857], ['RELIGION AND SPIRITUALITY', 0.00268124], ['REAL ESTATE', 0.000432517], ['NON STANDARD CONTENT', 0.000173702]]","[['HOBBIES & INTERESTS', 0.06], ['WATERSKI/WAKEBOARD', 0.06], ['SPORTS', 0.06], ['BIRDWATCHING', 0.06]]",True,23,21,16:42:40.382581
my river apprehended my owl by Gemma by my woman in Nick,"[['HEALTH AND FITNESS', 0.812375], ['HOBBIES AND INTERESTS', 0.000504565], ['RELIGION AND SPIRITUALITY', 0.00026424], ['REAL ESTATE', 4.2072e-05], ['NON STANDARD CONTENT', 3.93107e-05]]","[['HOBBIES & INTERESTS', 0.06], ['WATERSKI/WAKEBOARD', 0.06], ['SPORTS', 0.06], ['BIRDWATCHING', 0.06]]",True,24,22,16:42:44.018078
my river apprehended my owl by Gemma by my woman inside Nick,"[['HEALTH AND FITNESS', 0.556034], ['RELIGION AND SPIRITUALITY', 0.000501918], ['REAL ESTATE', 0.00012229], ['NON STANDARD CONTENT', 0.00011654], ['HOBBIES AND INTERESTS', 0.0001006]]","[['BODY ART', 0.33], ['GARDENING', 0.21], ['HOBBIES & INTERESTS', 0.06], ['WATERSKI/WAKEBOARD', 0.06], ['SPORTS', 0.06]]",True,25,23,16:42:47.351431
my river chased my owl by Gemma by my woman inside Nick,"[['HEALTH AND FITNESS', 0.884723], ['HOBBIES AND INTERESTS', 2.61611e-05], ['ARTS AND ENTERTAINMENT', 1.17502e-05], ['RELIGION AND SPIRITUALITY', 7.36399e-06], ['SOCIETY', 6.12448e-06]]","[['BODY ART', 0.33], ['BIRDS', 0.21], ['GARDENING', 0.2], ['WATERSKI/WAKEBOARD', 0.06], ['HOBBIES & INTERESTS', 0.06]]",True,26,24,16:42:50.726096
my river chased my owl by Gemma by my woman inside I,"[['HEALTH AND FITNESS', 0.738732], ['HOBBIES AND INTERESTS', 4.22883e-05], ['SCIENCE', 3.4544e-05], ['RELIGION AND SPIRITUALITY', 1.82151e-05], ['NON STANDARD CONTENT', 1.77226e-05]]","[['BODY ART', 0.34], ['BIRDS', 0.22], ['GARDENING', 0.21], ['WATERSKI/WAKEBOARD', 0.06], ['HOBBIES & INTERESTS', 0.06]]",True,27,25,16:42:53.980869
my river grabbed my owl by Gemma by my woman inside I,"[['HEALTH AND FITNESS', 0.677444], ['SPORTS', 0.0047734], ['SOCIETY', 0.000397469], ['SCIENCE', 0.000140346], ['RELIGION AND SPIRITUALITY', 5.60169e-05]]","[['BIRDS', 0.24], ['GARDENING', 0.21], ['HOBBIES & INTERESTS', 0.06], ['WATERSKI/WAKEBOARD', 0.06], ['SPORTS', 0.06]]",False,28,25,16:42:57.551844
my river chased my owl by Nick by my woman inside I,"[['HEALTH AND FITNESS', 0.999972], ['HOBBIES AND INTERESTS', 1.05559e-05], ['SCIENCE', 2.54218e-06], ['ARTS AND ENTERTAINMENT', 2.20511e-06], ['RELIGION AND SPIRITUALITY', 1.33994e-06]]","[['BODY ART', 0.32], ['WEDDINGS', 0.26], ['BIRDS', 0.23], ['GARDENING', 0.2], ['OFF-ROAD VEHICLES', 0.09]]",True,29,26,16:43:01.233670
my river chased my owl by Nick by the woman inside I,"[['HOBBIES AND INTERESTS', 0.529636], ['SCIENCE', 0.220522], ['PETS', 0.0504702], ['FAMILY AND PARENTING', 0.0277615], ['TRAVEL', 0.0253663]]","[['BODY ART', 0.32], ['WEDDINGS', 0.26], ['BIRDS', 0.23], ['GARDENING', 0.2], ['OFF-ROAD VEHICLES', 0.09]]",True,30,27,16:43:05.258307
my river chased my owl by Nick by the woman in I,"[['HOBBIES AND INTERESTS', 0.617017], ['PETS', 0.0836704], ['SCIENCE', 0.0612253], ['FAMILY AND PARENTING', 0.0462386], ['SOCIETY', 0.0312806]]","[['BODY ART', 0.32], ['WEDDINGS', 0.27], ['BIRDS', 0.25], ['GARDENING', 0.21], ['WATERSKI/WAKEBOARD', 0.07]]",True,31,28,16:43:08.962927
my river chased my owl by Nick by the woman by I,"[['HOBBIES AND INTERESTS', 0.290999], ['SOCIETY', 0.168004], ['PETS', 0.0613336], ['HEALTH AND FITNESS', 0.0486945], ['SCIENCE', 0.0369844]]","[['BODY ART', 0.32], ['WEDDINGS', 0.27], ['BIRDS', 0.25], ['GARDENING', 0.21], ['WATERSKI/WAKEBOARD', 0.07]]",True,32,29,16:43:12.576741
my river chased my owl by Nick by the woman in I,"[['HOBBIES AND INTERESTS', 0.617017], ['PETS', 0.0836704], ['SCIENCE', 0.0612253], ['FAMILY AND PARENTING', 0.0462386], ['SOCIETY', 0.0312806]]","[['BODY ART', 0.32], ['WEDDINGS', 0.27], ['BIRDS', 0.25], ['GARDENING', 0.21], ['WATERSKI/WAKEBOARD', 0.07]]",True,32,29,16:43:15.972656
my river damaged my owl by Nick by the woman in I,"[['HOBBIES AND INTERESTS', 0.422844], ['SPORTS', 0.191321], ['FAMILY AND PARENTING', 0.0646269], ['SOCIETY', 0.0635674], ['TRAVEL', 0.0564733]]","[['BODY ART', 0.33], ['WEDDINGS', 0.26], ['BIRDS', 0.25], ['HOME REPAIR', 0.22], ['WATERSKI/WAKEBOARD', 0.07]]",True,33,30,16:43:19.809701
the river damaged my owl by Nick by the woman in I,"[['SPORTS', 0.431402], ['HOBBIES AND INTERESTS', 0.137049], ['PETS', 0.090397], ['FAMILY AND PARENTING', 0.0747576], ['TRAVEL', 0.0740588]]","[['BODY ART', 0.33], ['WEDDINGS', 0.26], ['BIRDS', 0.25], ['HOME REPAIR', 0.22], ['WATERSKI/WAKEBOARD', 0.07]]",True,34,31,16:43:23.195383
the river damaged my owl by Nick by the woman in Nick,"[['HOBBIES AND INTERESTS', 0.966298], ['SPORTS', 0.0107225], ['NON STANDARD CONTENT', 0.00939768], ['FAMILY AND PARENTING', 0.00504679], ['PETS', 0.00285386]]","[['BODY ART', 0.33], ['WEDDINGS', 0.25], ['HOME REPAIR', 0.22], ['WATERSKI/WAKEBOARD', 0.06], ['SOCIETY', 0.06]]",True,35,32,16:43:26.457662
a river damaged my owl by Nick by the woman in Nick,"[['HOBBIES AND INTERESTS', 0.985919], ['SPORTS', 0.0080768], ['NON STANDARD CONTENT', 0.00262438], ['FAMILY AND PARENTING', 0.00107177], ['PETS', 0.000559591]]","[['BODY ART', 0.33], ['WEDDINGS', 0.25], ['HOME REPAIR', 0.22], ['WATERSKI/WAKEBOARD', 0.06], ['SOCIETY', 0.06]]",True,36,33,16:43:30.026262
a river damaged my elephant by Nick by the woman in Nick,"[['HOBBIES AND INTERESTS', 0.966684], ['SPORTS', 0.01483], ['NON STANDARD CONTENT', 0.00491196], ['TRAVEL', 0.00214267], ['HEALTH AND FITNESS', 0.00205518]]","[['BODY ART', 0.33], ['LARGE ANIMALS', 0.32], ['WEDDINGS', 0.25], ['HOME REPAIR', 0.22], ['WATERSKI/WAKEBOARD', 0.06]]",True,37,34,16:43:33.968164
an river damaged my elephant by Nick by the woman in Nick,"[['HOBBIES AND INTERESTS', 0.986746], ['NON STANDARD CONTENT', 0.00465979], ['FAMILY AND PARENTING', 0.00192455], ['HEALTH AND FITNESS', 0.00185593], ['SPORTS', 0.00119328]]","[['BODY ART', 0.33], ['LARGE ANIMALS', 0.32], ['WEDDINGS', 0.25], ['HOME REPAIR', 0.22], ['WATERSKI/WAKEBOARD', 0.06]]",True,38,35,16:43:37.402307
an salmon damaged my elephant by Nick by the woman in Nick,"[['HOBBIES AND INTERESTS', 0.621707], ['SPORTS', 0.371438], ['NON STANDARD CONTENT', 0.00189143], ['HEALTH AND FITNESS', 0.00163986], ['FAMILY AND PARENTING', 0.000756614]]","[['BODY ART', 0.33], ['LARGE ANIMALS', 0.3], ['WEDDINGS', 0.23], ['FLY FISHING', 0.07], ['HOBBIES & INTERESTS', 0.06]]",True,39,36,16:43:40.823047
an salmon damaged the elephant by Nick by the woman in Nick,"[['HOBBIES AND INTERESTS', 0.699298], ['SPORTS', 0.23396], ['HEALTH AND FITNESS', 0.0545444], ['NON STANDARD CONTENT', 0.00317392], ['FAMILY AND PARENTING', 0.00158991]]","[['BODY ART', 0.33], ['LARGE ANIMALS', 0.3], ['WEDDINGS', 0.23], ['FLY FISHING', 0.07], ['HOBBIES & INTERESTS', 0.06]]",True,40,37,16:43:44.470266
an salmon damaged the elephant by Nick by the woman near Nick,"[['SPORTS', 0.821807], ['HEALTH AND FITNESS', 0.157981], ['HOBBIES AND INTERESTS', 0.00512222], ['ARTS AND ENTERTAINMENT', 0.00164103], ['FAMILY AND PARENTING', 0.000837496]]","[['BODY ART', 0.33], ['LARGE ANIMALS', 0.3], ['WEDDINGS', 0.23], ['FLY FISHING', 0.07], ['HOBBIES & INTERESTS', 0.06]]",True,41,38,16:43:48.009059
an salmon damaged the elephant by Nick by the woman near I,"[['SPORTS', 0.708111], ['HEALTH AND FITNESS', 0.276408], ['FOOD AND DRINK', 0.00174447], ['HOBBIES AND INTERESTS', 0.00133818], ['FAMILY AND PARENTING', 0.00105583]]","[['LARGE ANIMALS', 0.36], ['BODY ART', 0.33], ['WEDDINGS', 0.25], ['FLY FISHING', 0.08], ['HOBBIES & INTERESTS', 0.06]]",True,42,39,16:43:52.184261
an owl damaged the elephant by Nick by the woman near I,"[['RELIGION AND SPIRITUALITY', 0.996918], ['HEALTH AND FITNESS', 0.00252702], ['HOBBIES AND INTERESTS', 0.000206214], ['FOOD AND DRINK', 5.24756e-05], ['SPORTS', 3.45507e-05]]","[['LARGE ANIMALS', 0.3], ['WEDDINGS', 0.24], ['PETS', 0.07], ['HOBBIES & INTERESTS', 0.07], ['SOCIETY', 0.06]]",True,43,40,16:43:55.491281
an owl damaged the elephant by Nick by the woman with I,"[['HOBBIES AND INTERESTS', 0.984518], ['RELIGION AND SPIRITUALITY', 0.0151675], ['HEALTH AND FITNESS', 0.00030002], ['FAMILY AND PARENTING', 1.78128e-06], ['STYLE AND FASHION', 1.7573e-06]]","[['LARGE ANIMALS', 0.3], ['WEDDINGS', 0.24], ['PETS', 0.07], ['HOBBIES & INTERESTS', 0.07], ['SOCIETY', 0.06]]",True,44,41,16:43:58.768466
an owl damaged the elephant by Nick by the owl with I,"[['RELIGION AND SPIRITUALITY', 0.66509], ['HOBBIES AND INTERESTS', 0.334739], ['PETS', 0.000164777], ['HEALTH AND FITNESS', 1.24811e-06], ['SPORTS', 2.48299e-07]]","[['BIRDS', 0.26], ['HOBBIES & INTERESTS', 0.07], ['PETS', 0.07], ['BIRDWATCHING', 0.05]]",False,45,41,16:44:02.535250
an owl disabled the elephant by Nick by the woman with I,"[['HOBBIES AND INTERESTS', 0.984097], ['RELIGION AND SPIRITUALITY', 0.015161], ['HEALTH AND FITNESS', 0.000702118], ['FAMILY AND PARENTING', 2.06175e-05], ['SPORTS', 5.65788e-06]]","[['LARGE ANIMALS', 0.29], ['WEDDINGS', 0.22], ['SOCIETY', 0.07], ['PETS', 0.07], ['HOBBIES & INTERESTS', 0.06]]",True,46,42,16:44:05.792493
an owl disabled the elephant by I by the woman with I,"[['HOBBIES AND INTERESTS', 0.975349], ['RELIGION AND SPIRITUALITY', 0.0239378], ['HEALTH AND FITNESS', 0.000681112], ['SPORTS', 1.32179e-05], ['FAMILY AND PARENTING', 7.75008e-06]]","[['LARGE ANIMALS', 0.31], ['WEDDINGS', 0.23], ['PETS', 0.07], ['HOBBIES & INTERESTS', 0.06], ['SOCIETY', 0.06]]",True,47,43,16:44:09.550030
an owl disabled the elephant by I by my woman with I,"[['HOBBIES AND INTERESTS', 0.945953], ['HEALTH AND FITNESS', 0.027887], ['RELIGION AND SPIRITUALITY', 0.0261192], ['SPORTS', 1.5508e-05], ['FAMILY AND PARENTING', 4.98539e-06]]","[['LARGE ANIMALS', 0.31], ['WEDDINGS', 0.23], ['PETS', 0.07], ['HOBBIES & INTERESTS', 0.06], ['SOCIETY', 0.06]]",True,48,44,16:44:14.182703
an owl disabled the elephant by I near my woman with I,"[['HOBBIES AND INTERESTS', 0.953249], ['RELIGION AND SPIRITUALITY', 0.0210669], ['HEALTH AND FITNESS', 0.0202454], ['TECHNOLOGY AND COMPUTING', 0.00541517], ['SPORTS', 1.01977e-05]]","[['LARGE ANIMALS', 0.31], ['WEDDINGS', 0.23], ['PETS', 0.07], ['HOBBIES & INTERESTS', 0.06], ['SOCIETY', 0.06]]",True,49,45,16:44:17.863083
an owl disabled the elephant by I on my woman with I,"[['HOBBIES AND INTERESTS', 0.843202], ['HEALTH AND FITNESS', 0.141145], ['RELIGION AND SPIRITUALITY', 0.0155216], ['SPORTS', 0.000119706], ['FAMILY AND PARENTING', 2.23285e-06]]","[['LARGE ANIMALS', 0.31], ['WEDDINGS', 0.23], ['PETS', 0.07], ['HOBBIES & INTERESTS', 0.06], ['SOCIETY', 0.06]]",True,50,46,16:44:21.353966
an owl disabled the woman by I on my woman with I,"[['HEALTH AND FITNESS', 0.969333], ['RELIGION AND SPIRITUALITY', 0.029282], ['HOBBIES AND INTERESTS', 0.000822301], ['SOCIETY', 0.000542033], ['FAMILY AND PARENTING', 7.1255e-06]]","[['WEDDINGS', 0.23], ['SOCIETY', 0.07], ['HOBBIES & INTERESTS', 0.06], ['NEEDLEWORK', 0.06]]",False,51,46,16:44:24.884322
an owl apprehended the elephant by I on my woman with I,"[['RELIGION AND SPIRITUALITY', 0.668607], ['HOBBIES AND INTERESTS', 0.329623], ['HEALTH AND FITNESS', 0.00176844], ['SPORTS', 8.24926e-07], ['STYLE AND FASHION', 4.84633e-08]]","[['LARGE ANIMALS', 0.37], ['HOBBIES & INTERESTS', 0.07], ['PETS', 0.07], ['BIRDWATCHING', 0.05]]",True,52,47,16:44:28.882959
an owl apprehended the elephant by I on my woman with Gary,"[['RELIGION AND SPIRITUALITY', 0.993068], ['HEALTH AND FITNESS', 0.00692871], ['SPORTS', 2.54638e-06], ['HOBBIES AND INTERESTS', 1.60521e-07], ['STYLE AND FASHION', 4.98421e-08]]","[['LARGE ANIMALS', 0.34], ['HOBBIES & INTERESTS', 0.07], ['PETS', 0.06], ['BIRDWATCHING', 0.05]]",True,53,48,16:44:32.227280
an owl apprehended the elephant by I on my river with Gary,"[['RELIGION AND SPIRITUALITY', 0.999997], ['SPORTS', 2.63856e-06], ['HOBBIES AND INTERESTS', 1.89797e-07], ['PETS', 5.69033e-08], ['HEALTH AND FITNESS', 2.19545e-08]]","[['LARGE ANIMALS', 0.39], ['HOBBIES & INTERESTS', 0.07], ['PETS', 0.06], ['BIRDWATCHING', 0.06]]",False,54,48,16:44:36.725620
an owl apprehended the elephant by I on my woman outside Gary,"[['RELIGION AND SPIRITUALITY', 0.98778], ['SOCIETY', 0.010087], ['HEALTH AND FITNESS', 0.00213254], ['SPORTS', 1.49758e-07], ['HOBBIES AND INTERESTS', 9.64551e-08]]","[['LARGE ANIMALS', 0.34], ['HOBBIES & INTERESTS', 0.07], ['PETS', 0.06], ['BIRDWATCHING', 0.05]]",True,55,49,16:44:40.399909
a owl apprehended the elephant by I on my woman outside Gary,"[['SOCIETY', 0.848361], ['HEALTH AND FITNESS', 0.151615], ['SPORTS', 8.59685e-06], ['HOBBIES AND INTERESTS', 5.67497e-06], ['RELIGION AND SPIRITUALITY', 3.23192e-06]]","[['LARGE ANIMALS', 0.34], ['HOBBIES & INTERESTS', 0.07], ['PETS', 0.06], ['BIRDWATCHING', 0.05]]",True,56,50,16:44:44.100053
a owl apprehended the elephant by I inside my woman outside Gary,"[['SOCIETY', 0.973239], ['HEALTH AND FITNESS', 0.0266794], ['HOBBIES AND INTERESTS', 2.92396e-05], ['RELIGION AND SPIRITUALITY', 1.64222e-05], ['NON STANDARD CONTENT', 5.01929e-06]]","[['LARGE ANIMALS', 0.32], ['HOBBIES & INTERESTS', 0.07], ['PETS', 0.07], ['SCREENWRITING', 0.05]]",True,57,51,16:44:47.521950
a owl apprehended the elephant outside I inside my woman outside Gary,"[['SOCIETY', 0.982973], ['HEALTH AND FITNESS', 0.01678], ['HOBBIES AND INTERESTS', 6.30718e-05], ['RELIGION AND SPIRITUALITY', 5.35904e-05], ['NON STANDARD CONTENT', 2.92929e-05]]","[['LARGE ANIMALS', 0.32], ['HOBBIES & INTERESTS', 0.07], ['PETS', 0.07], ['SCREENWRITING', 0.05]]",True,58,52,16:44:51.370400
a owl saw the elephant outside I inside my woman outside Gary,"[['SOCIETY', 0.923866], ['HEALTH AND FITNESS', 0.0759158], ['HOBBIES AND INTERESTS', 6.63359e-05], ['SPORTS', 1.73047e-05], ['NON STANDARD CONTENT', 1.47763e-05]]","[['LARGE ANIMALS', 0.32], ['PETS', 0.07], ['HOBBIES & INTERESTS', 0.07], ['SCREENWRITING', 0.05]]",True,59,53,16:44:54.728996
a owl saw the elephant inside I inside my woman outside Gary,"[['SOCIETY', 0.95375], ['HEALTH AND FITNESS', 0.0458388], ['SPORTS', 0.000201005], ['HOBBIES AND INTERESTS', 6.17678e-05], ['STYLE AND FASHION', 9.56468e-06]]","[['LARGE ANIMALS', 0.28], ['PETS', 0.07], ['HOBBIES & INTERESTS', 0.06], ['SCREENWRITING', 0.05]]",True,60,54,16:44:58.330997
a owl saw the elephant near I inside my woman outside Gary,"[['SOCIETY', 0.84513], ['HEALTH AND FITNESS', 0.154764], ['HOBBIES AND INTERESTS', 3.9578e-05], ['SPORTS', 1.99383e-05], ['FOOD AND DRINK', 6.31302e-06]]","[['LARGE ANIMALS', 0.32], ['PETS', 0.07], ['HOBBIES & INTERESTS', 0.07], ['SCREENWRITING', 0.05]]",True,61,55,16:45:01.725795
a owl saw the elephant near I inside my woman outside Gemma,"[['SOCIETY', 0.840404], ['HEALTH AND FITNESS', 0.15931], ['SPORTS', 7.89048e-05], ['HOBBIES AND INTERESTS', 4.23983e-05], ['FOOD AND DRINK', 2.4987e-05]]","[['LARGE ANIMALS', 0.28], ['PETS', 0.07], ['HOBBIES & INTERESTS', 0.07], ['SCREENWRITING', 0.05]]",True,62,56,16:45:05.090425
an owl saw the elephant near I inside my woman outside Gemma,"[['RELIGION AND SPIRITUALITY', 0.985537], ['SOCIETY', 0.0118122], ['HEALTH AND FITNESS', 0.00264493], ['SPORTS', 1.53581e-06], ['HOBBIES AND INTERESTS', 7.43045e-07]]","[['LARGE ANIMALS', 0.28], ['PETS', 0.07], ['HOBBIES & INTERESTS', 0.07], ['SCREENWRITING', 0.05]]",True,63,57,16:45:08.331682
an owl apprehended the elephant near I inside my woman outside Gemma,"[['RELIGION AND SPIRITUALITY', 0.999492], ['SOCIETY', 0.000488196], ['HEALTH AND FITNESS', 1.95463e-05], ['HOBBIES AND INTERESTS', 2.65958e-08], ['SPORTS', 1.4104e-08]]","[['LARGE ANIMALS', 0.28], ['HOBBIES & INTERESTS', 0.07], ['PETS', 0.06], ['SCREENWRITING', 0.05]]",True,64,58,16:45:12.016409
an owl apprehended the elephant near I inside my woman by Gemma,"[['RELIGION AND SPIRITUALITY', 0.998757], ['HEALTH AND FITNESS', 0.00119436], ['SPORTS', 4.35212e-08], ['HOBBIES AND INTERESTS', 3.91007e-08], ['NON STANDARD CONTENT', 2.74862e-08]]","[['LARGE ANIMALS', 0.28], ['HOBBIES & INTERESTS', 0.07], ['PETS', 0.06], ['SCREENWRITING', 0.05]]",True,65,59,16:45:15.942323
an owl apprehended the elephant near I outside my woman by Gemma,"[['RELIGION AND SPIRITUALITY', 0.999409], ['HEALTH AND FITNESS', 0.000535603], ['NON STANDARD CONTENT', 2.61797e-08], ['HOBBIES AND INTERESTS', 2.02731e-08], ['PETS', 1.19814e-08]]","[['LARGE ANIMALS', 0.3], ['HOBBIES & INTERESTS', 0.07], ['PETS', 0.06], ['BIRDWATCHING', 0.05]]",False,66,59,16:45:19.367887
an owl apprehended the elephant by I inside my woman by Gemma,"[['RELIGION AND SPIRITUALITY', 0.998499], ['HEALTH AND FITNESS', 0.0014149], ['SPORTS', 8.43732e-08], ['HOBBIES AND INTERESTS', 8.11619e-08], ['NON STANDARD CONTENT', 6.4429e-08]]","[['LARGE ANIMALS', 0.28], ['HOBBIES & INTERESTS', 0.07], ['PETS', 0.06], ['SCREENWRITING', 0.05]]",True,67,60,16:45:22.846482
an owl spent the elephant by I inside my woman by Gemma,"[['RELIGION AND SPIRITUALITY', 0.977194], ['HEALTH AND FITNESS', 0.0206611], ['SPORTS', 1.79876e-06], ['HOBBIES AND INTERESTS', 9.757e-07], ['FOOD AND DRINK', 2.08043e-07]]","[['LARGE ANIMALS', 0.28], ['PETS', 0.07], ['HOBBIES & INTERESTS', 0.07], ['SCREENWRITING', 0.05]]",True,68,61,16:45:26.770697
an lemur spent the elephant by I inside my woman by Gemma,"[['TRAVEL', 0.740455], ['HEALTH AND FITNESS', 0.217629], ['PETS', 0.0193204], ['SPORTS', 1.89455e-05], ['HOBBIES AND INTERESTS', 1.02772e-05]]","[['LARGE ANIMALS', 0.29], ['HOBBIES & INTERESTS', 0.07], ['PETS', 0.07], ['SCREENWRITING', 0.05]]",False,69,61,16:45:30.415246
a owl spent the elephant by I inside my woman by Gemma,"[['HEALTH AND FITNESS', 0.908961], ['SPORTS', 6.6789e-05], ['HOBBIES AND INTERESTS', 3.69561e-05], ['FOOD AND DRINK', 7.52172e-06], ['RELIGION AND SPIRITUALITY', 4.32122e-06]]","[['LARGE ANIMALS', 0.28], ['PETS', 0.07], ['HOBBIES & INTERESTS', 0.07], ['SCREENWRITING', 0.05]]",True,70,62,16:45:34.276910
a owl spent the elephant by I inside my park by Gemma,"[['HEALTH AND FITNESS', 0.999368], ['SPORTS', 0.000283115], ['HOBBIES AND INTERESTS', 0.000121021], ['TRAVEL', 3.4267e-05], ['FOOD AND DRINK', 2.16741e-05]]","[['LARGE ANIMALS', 0.32], ['NATIONAL PARKS', 0.28], ['PETS', 0.09], ['TRAVEL', 0.07]]",False,71,62,16:45:38.050533
a owl spent the elephant by Nick inside my woman by Gemma,"[['HEALTH AND FITNESS', 0.668632], ['HOBBIES AND INTERESTS', 0.000109204], ['SPORTS', 1.9894e-05], ['FOOD AND DRINK', 3.51784e-06], ['PETS', 2.4178e-06]]","[['LARGE ANIMALS', 0.27], ['PETS', 0.07], ['HOBBIES & INTERESTS', 0.07], ['SCREENWRITING', 0.05]]",False,72,62,16:45:42.169963
a owl apprehended the elephant by I inside my woman by Gemma,"[['HEALTH AND FITNESS', 0.945077], ['RELIGION AND SPIRITUALITY', 7.14407e-05], ['SPORTS', 4.71432e-05], ['HOBBIES AND INTERESTS', 4.68877e-05], ['NON STANDARD CONTENT', 3.41829e-05]]","[['LARGE ANIMALS', 0.28], ['HOBBIES & INTERESTS', 0.07], ['PETS', 0.06], ['SCREENWRITING', 0.05]]",True,73,63,16:45:45.679522
an owl apprehended the elephant by I inside my woman by Gemma,"[['RELIGION AND SPIRITUALITY', 0.998499], ['HEALTH AND FITNESS', 0.0014149], ['SPORTS', 8.43732e-08], ['HOBBIES AND INTERESTS', 8.11619e-08], ['NON STANDARD CONTENT', 6.4429e-08]]","[['LARGE ANIMALS', 0.28], ['HOBBIES & INTERESTS', 0.07], ['PETS', 0.06], ['SCREENWRITING', 0.05]]",True,73,63,16:45:49.085489
an owl apprehended the owl by I inside my woman by Gemma,"[['RELIGION AND SPIRITUALITY', 0.99997], ['HEALTH AND FITNESS', 2.81427e-05], ['PETS', 9.08681e-09], ['SOCIETY', 2.23337e-10], ['HOBBIES AND INTERESTS', 1.24894e-10]]","[['BIRDS', 0.28], ['HOBBIES & INTERESTS', 0.07], ['PETS', 0.05], ['SCREENWRITING', 0.05]]",False,74,63,16:45:52.453104
an owl apprehended the salmon by I inside my woman by Gemma,"[['RELIGION AND SPIRITUALITY', 0.812467], ['SPORTS', 0.181877], ['HEALTH AND FITNESS', 0.00531596], ['SOCIETY', 3.21227e-08], ['HOBBIES AND INTERESTS', 2.95225e-08]]","[['BODY ART', 0.34], ['HOBBIES & INTERESTS', 0.07], ['STYLE & FASHION', 0.05], ['SCREENWRITING', 0.05]]",True,75,64,16:45:55.772265
an owl apprehended an salmon by I inside my woman by Gemma,"[['RELIGION AND SPIRITUALITY', 0.99041], ['HEALTH AND FITNESS', 0.00899287], ['SPORTS', 2.78817e-06], ['HOBBIES AND INTERESTS', 6.35156e-08], ['SOCIETY', 6.25732e-08]]","[['BODY ART', 0.34], ['HOBBIES & INTERESTS', 0.07], ['STYLE & FASHION', 0.05], ['SCREENWRITING', 0.05]]",True,76,65,16:45:59.283844
an owl apprehended an salmon by I inside my woman by Gary,"[['RELIGION AND SPIRITUALITY', 0.99795], ['HEALTH AND FITNESS', 0.00202792], ['SPORTS', 1.12985e-05], ['TECHNOLOGY AND COMPUTING', 3.20748e-07], ['HOBBIES AND INTERESTS', 2.2979e-07]]","[['HOBBIES & INTERESTS', 0.07], ['SCREENWRITING', 0.05]]",True,77,66,16:46:03.434570
an owl apprehended an salmon by I inside my woman by I,"[['RELIGION AND SPIRITUALITY', 0.99926], ['HEALTH AND FITNESS', 0.000733724], ['SPORTS', 4.02084e-06], ['SOCIETY', 7.40108e-08], ['NON STANDARD CONTENT', 6.89116e-08]]","[['BODY ART', 0.32], ['BIRDS', 0.23], ['FLY FISHING', 0.07], ['HOBBIES & INTERESTS', 0.06], ['SPORTS', 0.05]]",False,78,66,16:46:07.665052
an gibbon apprehended an salmon by I inside my woman by Gary,"[['HEALTH AND FITNESS', 0.920718], ['TRAVEL', 0.0411925], ['SPORTS', 0.0330565], ['TECHNOLOGY AND COMPUTING', 0.000145626], ['HOBBIES AND INTERESTS', 0.000104329]]","[['HOBBIES & INTERESTS', 0.07], ['SCREENWRITING', 0.05]]",True,79,67,16:46:11.629927
an river apprehended an salmon by I inside my woman by Gary,"[['HEALTH AND FITNESS', 0.935764], ['SPORTS', 0.0470628], ['REAL ESTATE', 0.000117915], ['NON STANDARD CONTENT', 7.21063e-05], ['TECHNOLOGY AND COMPUTING', 3.87249e-05]]","[['GARDENING', 0.21], ['FLY FISHING', 0.11], ['FRENCH CUISINE', 0.1], ['HOBBIES & INTERESTS', 0.06], ['SPORTS', 0.06]]",False,80,67,16:46:15.641879
an gibbon apprehended an salmon by I inside my woman on Gary,"[['HEALTH AND FITNESS', 0.940549], ['TRAVEL', 0.0287682], ['SPORTS', 0.0275101], ['REAL ESTATE', 4.64514e-05], ['HOBBIES AND INTERESTS', 4.41805e-05]]","[['HOBBIES & INTERESTS', 0.07], ['SCREENWRITING', 0.05]]",True,81,68,16:46:19.951198
an gibbon apprehended an salmon by I in my woman on Gary,"[['HEALTH AND FITNESS', 0.985361], ['SPORTS', 0.0072937], ['TRAVEL', 0.00670887], ['REAL ESTATE', 9.34262e-06], ['HOBBIES AND INTERESTS', 3.34868e-06]]","[['HOBBIES & INTERESTS', 0.07], ['NEEDLEWORK', 0.05]]",True,82,69,16:46:23.609685
an gibbon saw an salmon by I in my woman on Gary,"[['HEALTH AND FITNESS', 0.995997], ['SPORTS', 0.00399109], ['HOBBIES AND INTERESTS', 1.33389e-06], ['RELIGION AND SPIRITUALITY', 1.03806e-06], ['SCIENCE', 3.32859e-07]]","[['HOBBIES & INTERESTS', 0.07], ['NEEDLEWORK', 0.05]]",True,83,70,16:46:27.437788
an lemur saw an salmon by I in my woman on Gary,"[['HEALTH AND FITNESS', 0.999392], ['SPORTS', 0.000515611], ['PETS', 8.14472e-05], ['HOBBIES AND INTERESTS', 1.33837e-06], ['SCIENCE', 3.34001e-07]]","[['HOBBIES & INTERESTS', 0.07], ['NEEDLEWORK', 0.05]]",True,84,71,16:46:31.286325
an lemur saw an salmon by I in my baboon on Gary,"[['PETS', 0.909743], ['SPORTS', 0.0892074], ['HOBBIES AND INTERESTS', 7.57771e-05], ['RELIGION AND SPIRITUALITY', 1.16726e-05], ['STYLE AND FASHION', 6.69344e-06]]","[['HOBBIES & INTERESTS', 0.07], ['BIRDWATCHING', 0.05]]",True,85,72,16:46:34.979196
an lemur saw an salmon by I in my lemur on Gary,"[['PETS', 0.999984], ['SPORTS', 1.54291e-05], ['HOBBIES AND INTERESTS', 1.92117e-08], ['RELIGION AND SPIRITUALITY', 3.27488e-09], ['TRAVEL', 3.21831e-09]]","[['HOBBIES & INTERESTS', 0.07], ['BIRDWATCHING', 0.05]]",True,86,73,16:46:39.132861
a lemur saw an salmon by I in my lemur on Gary,"[['PETS', 0.999993], ['SPORTS', 6.95268e-06], ['HOBBIES AND INTERESTS', 5.72131e-09], ['TRAVEL', 9.50772e-10], ['RELIGION AND SPIRITUALITY', 9.16203e-10]]","[['HOBBIES & INTERESTS', 0.07], ['BIRDWATCHING', 0.05]]",True,87,74,16:46:43.086848
a lemur spent an salmon by I in my lemur on Gary,"[['PETS', 0.929405], ['TRAVEL', 0.0705807], ['SPORTS', 1.45477e-05], ['HEALTH AND FITNESS', 2.71584e-09], ['HOBBIES AND INTERESTS', 2.61209e-09]]","[['HOBBIES & INTERESTS', 0.08], ['BIRDWATCHING', 0.05]]",True,88,75,16:46:47.185274
a lemur spent an salmon by I by my lemur on Gary,"[['PETS', 0.645976], ['TRAVEL', 0.353995], ['SPORTS', 2.8669e-05], ['HOBBIES AND INTERESTS', 3.17261e-08], ['ARTS AND ENTERTAINMENT', 2.05237e-08]]","[['HOBBIES & INTERESTS', 0.08], ['BIRDWATCHING', 0.05]]",True,89,76,16:46:50.865485
a lemur spent an salmon by Gemma by my lemur on Gary,"[['PETS', 0.576236], ['TRAVEL', 0.408275], ['HEALTH AND FITNESS', 0.0154712], ['SPORTS', 1.70767e-05], ['HOBBIES AND INTERESTS', 5.19136e-08]]","[['HOBBIES & INTERESTS', 0.08], ['BIRDWATCHING', 0.05]]",True,90,77,16:46:54.497422
a lemur spent an salmon by Gemma by my lemur on I,"[['PETS', 0.859318], ['TRAVEL', 0.114967], ['HEALTH AND FITNESS', 0.0257057], ['SPORTS', 8.51349e-06], ['HOBBIES AND INTERESTS', 1.64757e-08]]","[['HOBBIES & INTERESTS', 0.07], ['BIRDWATCHING', 0.05]]",True,91,78,16:46:58.867175
a lemur spent an salmon by Gary by my lemur on I,"[['TRAVEL', 0.772026], ['PETS', 0.227961], ['SPORTS', 1.26802e-05], ['HOBBIES AND INTERESTS', 1.66382e-08], ['ARTS AND ENTERTAINMENT', 1.08961e-08]]","[['HOBBIES & INTERESTS', 0.08], ['BIRDWATCHING', 0.05]]",True,92,79,16:47:03.061437
a lemur spent an gibbon by Gary by my lemur on I,"[['TRAVEL', 0.951098], ['PETS', 0.0489016], ['ARTS AND ENTERTAINMENT', 8.60879e-09], ['SPORTS', 6.02696e-09], ['HEALTH AND FITNESS', 3.44224e-09]]","[['HOBBIES & INTERESTS', 0.08], ['FREELANCE WRITING', 0.05]]",True,93,80,16:47:07.000333
a lemur spent an gibbon by Gary by the lemur on I,"[['PETS', 1.0], ['TRAVEL', 2.08087e-08], ['SPORTS', 3.12627e-17], ['HEALTH AND FITNESS', 1.56353e-17], ['LAW AND GOVERNMENT AND POLITICS', 1.42004e-17]]","[['HOBBIES & INTERESTS', 0.08], ['FREELANCE WRITING', 0.05]]",True,94,81,16:47:10.606604
a lemur spent my gibbon by Gary by the lemur on I,"[['PETS', 1.0], ['TRAVEL', 1.52802e-09], ['SPORTS', 7.18502e-18], ['RELIGION AND SPIRITUALITY', 4.5211e-18], ['HOBBIES AND INTERESTS', 2.39402e-18]]","[['HOBBIES & INTERESTS', 0.08], ['FREELANCE WRITING', 0.05]]",True,95,82,16:47:14.301555
a lemur spent my gibbon by I by the lemur on I,"[['PETS', 1.0], ['TRAVEL', 7.72615e-11], ['SPORTS', 6.31783e-18], ['RELIGION AND SPIRITUALITY', 2.69111e-18], ['CAREERS', 1.50496e-18]]","[['HOBBIES & INTERESTS', 0.08], ['FREELANCE WRITING', 0.06]]",True,96,83,16:47:18.153254
a lemur spent my salmon by I by the lemur on I,"[['PETS', 1.0], ['TRAVEL', 2.56523e-11], ['SPORTS', 4.23435e-15], ['HOBBIES AND INTERESTS', 4.50271e-18], ['HOME AND GARDEN', 4.37606e-18]]","[['HOBBIES & INTERESTS', 0.07], ['FREELANCE WRITING', 0.05]]",True,97,84,16:47:22.346115
a lemur spent my salmon by Gemma by the lemur on I,"[['PETS', 1.0], ['TRAVEL', 1.8415e-11], ['HEALTH AND FITNESS', 3.31503e-12], ['SPORTS', 1.01919e-15], ['HOBBIES AND INTERESTS', 2.15082e-18]]","[['HOBBIES & INTERESTS', 0.07], ['BIRDWATCHING', 0.05]]",True,98,85,16:47:26.049498
a lemur spent my salmon by Gary by the lemur on I,"[['PETS', 1.0], ['TRAVEL', 4.66147e-10], ['SPORTS', 5.72224e-15], ['HOBBIES AND INTERESTS', 8.18765e-18], ['RELIGION AND SPIRITUALITY', 1.15211e-18]]","[['HOBBIES & INTERESTS', 0.08], ['BIRDWATCHING', 0.05]]",True,99,86,16:47:29.865328
a lemur spent my river by Gary by the lemur on I,"[['PETS', 1.0], ['TRAVEL', 3.8046e-09], ['HOBBIES AND INTERESTS', 3.97965e-17], ['SPORTS', 1.46051e-17], ['HOME AND GARDEN', 1.91878e-18]]","[['HOBBIES & INTERESTS', 0.07], ['BIRDWATCHING', 0.06]]",True,100,87,16:47:34.001429
a lemur spent my river by Gary in the lemur on I,"[['PETS', 1.0], ['TRAVEL', 1.30516e-09], ['HOBBIES AND INTERESTS', 4.02969e-18], ['SPORTS', 1.88319e-18], ['HOME AND GARDEN', 2.0081e-19]]","[['HOBBIES & INTERESTS', 0.07], ['BIRDWATCHING', 0.06]]",True,101,88,16:47:38.664734
a lemur apprehended my river by Gary in the lemur on I,"[['PETS', 1.0], ['SPORTS', 1.15211e-17], ['TRAVEL', 9.14365e-18], ['HOBBIES AND INTERESTS', 8.46081e-19], ['RELIGION AND SPIRITUALITY', 5.75764e-19]]","[['HOBBIES & INTERESTS', 0.07], ['BIRDWATCHING', 0.06]]",True,102,89,16:47:42.558312
a gibbon apprehended my river by Gary in the lemur on I,"[['PETS', 1.0], ['TRAVEL', 2.10367e-08], ['SPORTS', 6.9207e-13], ['HOBBIES AND INTERESTS', 4.76194e-14], ['RELIGION AND SPIRITUALITY', 3.16354e-14]]","[['HOBBIES & INTERESTS', 0.07], ['BIRDWATCHING', 0.06]]",True,103,90,16:47:46.612040
my gibbon apprehended my river by Gary in the lemur on I,"[['PETS', 1.0], ['TRAVEL', 6.83005e-09], ['SPORTS', 1.06559e-12], ['HOBBIES AND INTERESTS', 1.70378e-13], ['RELIGION AND SPIRITUALITY', 1.31804e-13]]","[['HOBBIES & INTERESTS', 0.07], ['BIRDWATCHING', 0.06]]",True,104,91,16:47:50.241349
my gibbon apprehended my river by Nick in the lemur on I,"[['PETS', 1.0], ['TRAVEL', 6.83016e-09], ['SPORTS', 8.66408e-13], ['RELIGION AND SPIRITUALITY', 1.3181e-13], ['FAMILY AND PARENTING', 5.75457e-14]]","[['WATERSKI/WAKEBOARD', 0.08], ['HOBBIES & INTERESTS', 0.07], ['BIRDWATCHING', 0.06], ['SPORTS', 0.06]]",False,105,91,16:47:53.865703
my gibbon apprehended my river by Nick in the lemur on I,"[['PETS', 1.0], ['TRAVEL', 6.83016e-09], ['SPORTS', 8.66408e-13], ['RELIGION AND SPIRITUALITY', 1.3181e-13], ['FAMILY AND PARENTING', 5.75457e-14]]","[['WATERSKI/WAKEBOARD', 0.08], ['HOBBIES & INTERESTS', 0.07], ['BIRDWATCHING', 0.06], ['SPORTS', 0.06]]",False,105,91,16:47:57.883350
my gibbon disabled my river by Gary in the lemur on I,"[['PETS', 1.0], ['SPORTS', 4.86333e-12], ['FAMILY AND PARENTING', 9.16275e-13], ['HOBBIES AND INTERESTS', 7.97875e-14], ['HEALTH AND FITNESS', 6.33178e-14]]","[['FLY FISHING', 0.08], ['HOBBIES & INTERESTS', 0.07], ['BIRDWATCHING', 0.06], ['SPORTS', 0.06]]",False,106,91,16:48:01.997771
my gibbon apprehended my salmon by Gary in the lemur on I,"[['PETS', 1.0], ['TRAVEL', 5.49059e-10], ['SPORTS', 3.6299e-10], ['HOBBIES AND INTERESTS', 9.86673e-14], ['RELIGION AND SPIRITUALITY', 5.87625e-14]]","[['HOBBIES & INTERESTS', 0.07], ['BIRDWATCHING', 0.05]]",True,107,92,16:48:06.258935
my gibbon apprehended my salmon by Gary in a lemur on I,"[['TRAVEL', 0.48215], ['SPORTS', 0.43261], ['PETS', 0.0750487], ['HOBBIES AND INTERESTS', 7.24756e-05], ['RELIGION AND SPIRITUALITY', 3.71248e-05]]","[['HOBBIES & INTERESTS', 0.07], ['BIRDWATCHING', 0.05]]",True,108,93,16:48:10.285170
my gibbon damaged my salmon by Gary in a lemur on I,"[['SPORTS', 0.991119], ['PETS', 0.00797424], ['HOBBIES AND INTERESTS', 0.000134112], ['RELIGION AND SPIRITUALITY', 6.12279e-05], ['HOME AND GARDEN', 8.54867e-06]]","[['HOBBIES & INTERESTS', 0.07], ['BIRDWATCHING', 0.05]]",True,109,94,16:48:14.153375
a gibbon damaged my salmon by Gary in a lemur on I,"[['SPORTS', 0.986683], ['PETS', 0.0101732], ['HOBBIES AND INTERESTS', 0.000473635], ['RELIGION AND SPIRITUALITY', 6.317620000000001e-05], ['TRAVEL', 4.46117e-05]]","[['HOBBIES & INTERESTS', 0.07], ['BIRDWATCHING', 0.05]]",True,110,95,16:48:18.557659
a gibbon disabled my salmon by Gary in a lemur on I,"[['SPORTS', 0.984584], ['PETS', 0.014353], ['FAMILY AND PARENTING', 0.000727773], ['HOBBIES AND INTERESTS', 3.16769e-05], ['TECHNOLOGY AND COMPUTING', 5.2272e-06]]","[['HOBBIES & INTERESTS', 0.07], ['NEEDLEWORK', 0.05]]",True,111,96,16:48:22.571308
a gibbon disabled a salmon by Gary in a lemur on I,"[['SPORTS', 0.99892], ['PETS', 0.000789278], ['FAMILY AND PARENTING', 0.000101928], ['HEALTH AND FITNESS', 8.56784e-05], ['HOBBIES AND INTERESTS', 8.85382e-06]]","[['HOBBIES & INTERESTS', 0.07], ['NEEDLEWORK', 0.05]]",True,112,97,16:48:26.550485
my gibbon disabled a salmon by Gary in a lemur on I,"[['SPORTS', 0.999681], ['PETS', 0.000292051], ['FAMILY AND PARENTING', 1.58686e-05], ['HEALTH AND FITNESS', 2.77091e-06], ['HOBBIES AND INTERESTS', 7.58215e-07]]","[['HOBBIES & INTERESTS', 0.07], ['NEEDLEWORK', 0.05]]",True,113,98,16:48:30.348776
my gibbon disabled a salmon by Gary in the lemur on I,"[['PETS', 1.0], ['SPORTS', 6.65128e-08], ['FAMILY AND PARENTING', 9.45599e-13], ['HEALTH AND FITNESS', 1.89547e-13], ['HOBBIES AND INTERESTS', 5.24977e-14]]","[['HOBBIES & INTERESTS', 0.07], ['NEEDLEWORK', 0.05]]",True,114,99,16:48:34.363580
my gibbon spent a salmon by Gary in the lemur on I,"[['PETS', 1.0], ['SPORTS', 1.62576e-07], ['RELIGION AND SPIRITUALITY', 2.1286e-13], ['HEALTH AND FITNESS', 1.52296e-13], ['HOBBIES AND INTERESTS', 5.25e-14]]","[['HOBBIES & INTERESTS', 0.08], ['BIRDWATCHING', 0.05]]",True,115,100,16:48:38.778684
my gibbon spent a salmon by Gary in the owl on I,"[['SPORTS', 0.99999], ['RELIGION AND SPIRITUALITY', 1.30907e-06], ['HEALTH AND FITNESS', 9.36945e-07], ['PETS', 3.3237e-07], ['HOBBIES AND INTERESTS', 3.22984e-07]]","[['HOBBIES & INTERESTS', 0.08], ['BIRDWATCHING', 0.05]]",True,116,101,16:48:42.407891
the gibbon spent a salmon by Gary in the owl on I,"[['SPORTS', 0.999588], ['HEALTH AND FITNESS', 0.000340883], ['RELIGION AND SPIRITUALITY', 4.13125e-06], ['HOBBIES AND INTERESTS', 4.10464e-06], ['PETS', 2.99395e-06]]","[['HOBBIES & INTERESTS', 0.08], ['BIRDWATCHING', 0.05]]",True,117,102,16:48:46.512965
the gibbon spent a park by Gary in the owl on I,"[['TRAVEL', 0.894014], ['HOBBIES AND INTERESTS', 0.0774086], ['SPORTS', 0.00406723], ['HEALTH AND FITNESS', 0.00214325], ['LAW AND GOVERNMENT AND POLITICS', 0.00205688]]","[['NATIONAL PARKS', 0.26], ['BIRDS', 0.22], ['HOBBIES & INTERESTS', 0.07], ['TRAVEL', 0.07], ['BIRDWATCHING', 0.06]]",False,118,102,16:48:50.221621
the gibbon spent a salmon by Gary in the owl on Gemma,"[['SPORTS', 0.999085], ['HEALTH AND FITNESS', 0.000748941], ['HOBBIES AND INTERESTS', 1.01405e-05], ['PETS', 6.30119e-06], ['RELIGION AND SPIRITUALITY', 5.13478e-06]]","[['HOBBIES & INTERESTS', 0.08], ['BIRDWATCHING', 0.05]]",True,119,103,16:48:53.948805
the gibbon spent a owl by Gary in the owl on Gemma,"[['PETS', 0.825271], ['RELIGION AND SPIRITUALITY', 0.0596697], ['HOBBIES AND INTERESTS', 0.045458], ['HEALTH AND FITNESS', 0.0161369], ['LAW AND GOVERNMENT AND POLITICS', 0.0075554]]","[['HOBBIES & INTERESTS', 0.08], ['BIRDWATCHING', 0.05]]",True,120,104,16:48:57.822699
the gibbon spent a owl by Gary in my owl on Gemma,"[['PETS', 0.975525], ['SPORTS', 0.00769459], ['RELIGION AND SPIRITUALITY', 0.0020421], ['FAMILY AND PARENTING', 0.00184126], ['HOBBIES AND INTERESTS', 0.00122526]]","[['HOBBIES & INTERESTS', 0.08], ['BIRDWATCHING', 0.05]]",True,121,105,16:49:01.716659
the gibbon spent my owl by Gary in my owl on Gemma,"[['PETS', 0.967983], ['SPORTS', 0.00560912], ['RELIGION AND SPIRITUALITY', 0.00546241], ['HOBBIES AND INTERESTS', 0.00394081], ['CAREERS', 0.00128098]]","[['HOBBIES & INTERESTS', 0.08], ['BIRDWATCHING', 0.05]]",True,122,106,16:49:05.502828
the gibbon disabled my owl by Gary in my owl on Gemma,"[['PETS', 0.890331], ['FAMILY AND PARENTING', 0.0484881], ['SPORTS', 0.0117712], ['HOBBIES AND INTERESTS', 0.00421124], ['TECHNOLOGY AND COMPUTING', 0.00287507]]","[['HOBBIES & INTERESTS', 0.07], ['NEEDLEWORK', 0.05]]",True,123,107,16:49:09.196208
the gibbon disabled my owl by Nick in my owl on Gemma,"[['PETS', 0.771947], ['HOBBIES AND INTERESTS', 0.111119], ['FAMILY AND PARENTING', 0.0440211], ['HEALTH AND FITNESS', 0.0170092], ['SPORTS', 0.0110603]]","[['HOBBIES & INTERESTS', 0.07], ['NEEDLEWORK', 0.05]]",True,124,108,16:49:13.121108
the gibbon disabled my owl by Nick in my owl in Gemma,"[['HOBBIES AND INTERESTS', 0.946145], ['PETS', 0.0441494], ['FAMILY AND PARENTING', 0.00267981], ['HEALTH AND FITNESS', 0.00109124], ['SPORTS', 0.000659634]]","[['HOBBIES & INTERESTS', 0.07], ['NEEDLEWORK', 0.05]]",True,125,109,16:49:16.888862
the gibbon disabled my owl outside Nick in my owl in Gemma,"[['HOBBIES AND INTERESTS', 0.581386], ['PETS', 0.352599], ['FAMILY AND PARENTING', 0.0262459], ['SPORTS', 0.00640964], ['ARTS AND ENTERTAINMENT', 0.00222266]]","[['HOBBIES & INTERESTS', 0.07], ['NEEDLEWORK', 0.05]]",True,126,110,16:49:20.598670
the gibbon disabled my owl outside Nick in my owl near Gemma,"[['PETS', 0.923047], ['FAMILY AND PARENTING', 0.0417857], ['SPORTS', 0.0102931], ['HOBBIES AND INTERESTS', 0.00652381], ['RELIGION AND SPIRITUALITY', 0.00114069]]","[['HOBBIES & INTERESTS', 0.07], ['NEEDLEWORK', 0.05]]",True,127,111,16:49:24.418308
the gibbon disabled a owl outside Nick in my owl near Gemma,"[['PETS', 0.958742], ['FAMILY AND PARENTING', 0.0275938], ['HOBBIES AND INTERESTS', 0.0034614], ['SPORTS', 0.00258565], ['TRAVEL', 0.000432771]]","[['HOBBIES & INTERESTS', 0.07], ['NEEDLEWORK', 0.05]]",True,128,112,16:49:28.261611
the gibbon disabled a elephant outside Nick in my owl near Gemma,"[['FAMILY AND PARENTING', 0.418568], ['PETS', 0.196304], ['SPORTS', 0.194889], ['HOBBIES AND INTERESTS', 0.0568889], ['HEALTH AND FITNESS', 0.0280652]]","[['LARGE ANIMALS', 0.25], ['HOBBIES & INTERESTS', 0.07], ['PETS', 0.06], ['BIRDWATCHING', 0.05]]",False,129,112,16:49:34.449559
the gibbon disabled a owl in Nick in my owl near Gemma,"[['HOBBIES AND INTERESTS', 0.987597], ['PETS', 0.0104962], ['FAMILY AND PARENTING', 0.000299546], ['NON STANDARD CONTENT', 0.000272172], ['SPORTS', 3.47702e-05]]","[['HOBBIES & INTERESTS', 0.07], ['NEEDLEWORK', 0.05]]",True,130,113,16:49:39.064889
the gibbon disabled a owl in Nick in my owl in Gemma,"[['HOBBIES AND INTERESTS', 0.996422], ['PETS', 0.000188265], ['NON STANDARD CONTENT', 1.13075e-05], ['FAMILY AND PARENTING', 1.1237e-05], ['SPORTS', 1.58518e-06]]","[['HOBBIES & INTERESTS', 0.07], ['NEEDLEWORK', 0.05]]",True,131,114,16:49:42.370145
the gibbon disabled a owl by Nick in my owl in Gemma,"[['HOBBIES AND INTERESTS', 0.933037], ['PETS', 0.0548661], ['FAMILY AND PARENTING', 0.00224424], ['HEALTH AND FITNESS', 0.000453578], ['SPORTS', 0.000226876]]","[['HOBBIES & INTERESTS', 0.07], ['NEEDLEWORK', 0.05]]",True,132,115,16:49:45.857664
the gibbon spent a owl by Nick in my owl in Gemma,"[['HOBBIES AND INTERESTS', 0.945757], ['PETS', 0.0488866], ['HEALTH AND FITNESS', 0.000573573], ['SPORTS', 0.000462399], ['FAMILY AND PARENTING', 0.000273251]]","[['HOBBIES & INTERESTS', 0.07], ['BIRDWATCHING', 0.05]]",True,133,116,16:49:49.438104
the gibbon spent a owl by Gary in my owl in Gemma,"[['PETS', 0.696891], ['HOBBIES AND INTERESTS', 0.235415], ['SPORTS', 0.00609429], ['RELIGION AND SPIRITUALITY', 0.00217865], ['FAMILY AND PARENTING', 0.00196981]]","[['HOBBIES & INTERESTS', 0.08], ['BIRDWATCHING', 0.05]]",True,134,117,16:49:53.077751
the gibbon spent a owl by Gary in a owl in Gemma,"[['PETS', 0.437576], ['HOBBIES AND INTERESTS', 0.404088], ['LAW AND GOVERNMENT AND POLITICS', 0.00300778], ['HEALTH AND FITNESS', 0.00250487], ['SPORTS', 0.00164469]]","[['HOBBIES & INTERESTS', 0.08], ['BIRDWATCHING', 0.05]]",True,135,118,16:49:56.906843
the gibbon spent a owl by Gary by a owl in Gemma,"[['HOBBIES AND INTERESTS', 0.418615], ['PETS', 0.414844], ['LAW AND GOVERNMENT AND POLITICS', 0.00351345], ['HEALTH AND FITNESS', 0.00235701], ['SPORTS', 0.00159253]]","[['HOBBIES & INTERESTS', 0.08], ['BIRDWATCHING', 0.05]]",True,136,119,16:50:00.853747
the gibbon chased a owl by Gary by a owl in Gemma,"[['PETS', 0.791556], ['HOBBIES AND INTERESTS', 0.184191], ['SCIENCE', 0.00301283], ['SPORTS', 0.00158879], ['HEALTH AND FITNESS', 0.000220915]]","[['HOBBIES & INTERESTS', 0.08], ['BIRDWATCHING', 0.05]]",True,137,120,16:50:04.937817
the gibbon disabled a owl by Gary by a owl in Gemma,"[['HOBBIES AND INTERESTS', 0.572534], ['PETS', 0.274335], ['FAMILY AND PARENTING', 0.0390935], ['SPORTS', 0.00372026], ['TECHNOLOGY AND COMPUTING', 0.00249572]]","[['HOBBIES & INTERESTS', 0.07], ['NEEDLEWORK', 0.05]]",True,138,121,16:50:08.619966
the gibbon disabled a owl by Gary on a owl in Gemma,"[['HOBBIES AND INTERESTS', 0.600608], ['PETS', 0.265724], ['FAMILY AND PARENTING', 0.0373213], ['SPORTS', 0.00355374], ['TECHNOLOGY AND COMPUTING', 0.00240583]]","[['HOBBIES & INTERESTS', 0.07], ['NEEDLEWORK', 0.05]]",True,139,122,16:50:12.738513
the gibbon disabled a owl by Nick on a owl in Gemma,"[['SPORTS', 0.993013], ['HOBBIES AND INTERESTS', 0.00568923], ['PETS', 0.000374293], ['FAMILY AND PARENTING', 5.73692e-05], ['TECHNOLOGY AND COMPUTING', 3.82665e-06]]","[['HOBBIES & INTERESTS', 0.07], ['NEEDLEWORK', 0.05]]",True,140,123,16:50:16.481948
the gibbon disabled a owl by Nick on a owl in Nick,"[['HOBBIES AND INTERESTS', 0.714115], ['SPORTS', 0.285618], ['PETS', 5.37996e-05], ['NON STANDARD CONTENT', 4.30794e-05], ['FAMILY AND PARENTING', 3.14758e-05]]","[['WEDDINGS', 0.21], ['HOBBIES & INTERESTS', 0.07], ['SOCIETY', 0.05], ['NEEDLEWORK', 0.05]]",True,141,124,16:50:20.553991
the gibbon disabled a gibbon by Nick on a owl in Nick,"[['SPORTS', 0.671734], ['HOBBIES AND INTERESTS', 0.327986], ['NON STANDARD CONTENT', 0.000101317], ['FAMILY AND PARENTING', 7.40267e-05], ['TECHNOLOGY AND COMPUTING', 1.14655e-05]]","[['HOBBIES & INTERESTS', 0.07], ['NEEDLEWORK', 0.05]]",True,142,125,16:50:24.446057
the gibbon disabled a gibbon by Gemma on a owl in Nick,"[['HEALTH AND FITNESS', 0.998992], ['HOBBIES AND INTERESTS', 0.000976518], ['NON STANDARD CONTENT', 7.48178e-06], ['FAMILY AND PARENTING', 7.38645e-06], ['SPORTS', 9.93501e-07]]","[['HOBBIES & INTERESTS', 0.07], ['NEEDLEWORK', 0.05]]",True,143,126,16:50:28.162662
the gibbon disabled a gibbon by Gemma on my owl in Nick,"[['HEALTH AND FITNESS', 0.999295], ['HOBBIES AND INTERESTS', 0.000690392], ['NON STANDARD CONTENT', 4.36945e-06], ['FAMILY AND PARENTING', 4.18595e-06], ['SPORTS', 8.35696e-07]]","[['HOBBIES & INTERESTS', 0.07], ['NEEDLEWORK', 0.05]]",True,144,127,16:50:32.438480
the gibbon disabled a baboon by Gemma on my owl in Nick,"[['HEALTH AND FITNESS', 0.566899], ['HOBBIES AND INTERESTS', 0.432777], ['NON STANDARD CONTENT', 1.78129e-06], ['FAMILY AND PARENTING', 1.71356e-06], ['SPORTS', 1.23769e-07]]","[['HOBBIES & INTERESTS', 0.07], ['NEEDLEWORK', 0.05]]",True,145,128,16:50:36.458086
the gibbon grabbed a baboon by Gemma on my owl in Nick,"[['HOBBIES AND INTERESTS', 0.972656], ['HEALTH AND FITNESS', 0.0271087], ['SPORTS', 5.94625e-07], ['RELIGION AND SPIRITUALITY', 1.8967e-07], ['NON STANDARD CONTENT', 8.70411e-08]]","[['HOBBIES & INTERESTS', 0.07], ['BIRDWATCHING', 0.05]]",True,146,129,16:50:40.237489
the gibbon grabbed a salmon by Gemma on my owl in Nick,"[['HEALTH AND FITNESS', 0.774567], ['SPORTS', 0.21794], ['HOBBIES AND INTERESTS', 0.00740075], ['FOOD AND DRINK', 1.08994e-05], ['PETS', 8.0849e-06]]","[['HOBBIES & INTERESTS', 0.07], ['BIRDWATCHING', 0.05]]",True,147,130,16:50:44.188746
the gibbon grabbed a salmon by Nick on my owl in Nick,"[['HOBBIES AND INTERESTS', 0.478273], ['SPORTS', 0.360939], ['TECHNOLOGY AND COMPUTING', 3.61235e-05], ['RELIGION AND SPIRITUALITY', 2.30518e-05], ['NON STANDARD CONTENT', 1.0041e-05]]","[['HOBBIES & INTERESTS', 0.07], ['BIRDWATCHING', 0.05]]",True,148,131,16:50:48.500815
the gibbon grabbed a salmon by Nick on my owl in Gary,"[['SPORTS', 0.889629], ['HOBBIES AND INTERESTS', 0.00259005], ['TECHNOLOGY AND COMPUTING', 3.92964e-05], ['HEALTH AND FITNESS', 9.28751e-06], ['FOOD AND DRINK', 7.58798e-06]]","[['HOBBIES & INTERESTS', 0.07], ['BIRDWATCHING', 0.05]]",True,149,132,16:50:52.103276
the gibbon saw a salmon by Nick on my owl in Gary,"[['SPORTS', 0.881613], ['HOBBIES AND INTERESTS', 0.0108741], ['TECHNOLOGY AND COMPUTING', 5.09175e-05], ['PETS', 2.78992e-05], ['HEALTH AND FITNESS', 2.04483e-05]]","[['HOBBIES & INTERESTS', 0.07], ['BIRDWATCHING', 0.05]]",True,150,133,16:50:55.777444
the gibbon saw a salmon by Nick on my owl in I,"[['SPORTS', 0.853525], ['HOBBIES AND INTERESTS', 0.00844189], ['PETS', 7.38827e-05], ['TECHNOLOGY AND COMPUTING', 2.57556e-05], ['HEALTH AND FITNESS', 2.27891e-05]]","[['HOBBIES & INTERESTS', 0.07], ['BIRDWATCHING', 0.05]]",True,151,134,16:50:59.530819
the woman saw a salmon by Nick on my owl in I,"[['SPORTS', 0.616564], ['HOBBIES AND INTERESTS', 0.126867], ['SOCIETY', 0.000215097], ['HEALTH AND FITNESS', 0.000104222], ['PETS', 6.27743e-05]]","[['BODY ART', 0.31], ['WEDDINGS', 0.24], ['FLY FISHING', 0.08], ['HOBBIES & INTERESTS', 0.06], ['SOCIETY', 0.06]]",False,152,134,16:51:03.583374
the gibbon saw a salmon by Nick on my owl on I,"[['SPORTS', 0.873718], ['PETS', 7.33525e-05], ['HOBBIES AND INTERESTS', 4.56281e-05], ['TECHNOLOGY AND COMPUTING', 3.56501e-05], ['HEALTH AND FITNESS', 2.70226e-05]]","[['HOBBIES & INTERESTS', 0.07], ['BIRDWATCHING', 0.05]]",True,153,135,16:51:08.073189
the owl saw a salmon by Nick on my owl on I,"[['SPORTS', 0.430847], ['PETS', 0.139613], ['RELIGION AND SPIRITUALITY', 0.00122947], ['HOBBIES AND INTERESTS', 0.00117679], ['TECHNOLOGY AND COMPUTING', 0.000175285]]","[['HOBBIES & INTERESTS', 0.07], ['BIRDWATCHING', 0.05]]",True,154,136,16:51:11.771687
the owl saw a salmon by Nick on my owl on Gary,"[['SPORTS', 0.522345], ['PETS', 0.0670914], ['HOBBIES AND INTERESTS', 0.00177574], ['RELIGION AND SPIRITUALITY', 0.000409052], ['TECHNOLOGY AND COMPUTING', 0.000394374]]","[['HOBBIES & INTERESTS', 0.07], ['BIRDWATCHING', 0.05]]",True,155,137,16:51:15.680697
the owl saw a salmon by Gemma on my owl on Gary,"[['HEALTH AND FITNESS', 0.776403], ['SPORTS', 0.129922], ['PETS', 0.0923388], ['RELIGION AND SPIRITUALITY', 0.000503157], ['HOBBIES AND INTERESTS', 0.000380317]]","[['HOBBIES & INTERESTS', 0.07], ['BIRDWATCHING', 0.05]]",True,156,138,16:51:19.663575
the owl spent a salmon by Gemma on my owl on Gary,"[['HEALTH AND FITNESS', 0.772781], ['SPORTS', 0.225579], ['PETS', 0.00148785], ['RELIGION AND SPIRITUALITY', 3.43224e-05], ['HOBBIES AND INTERESTS', 2.07024e-05]]","[['HOBBIES & INTERESTS', 0.08], ['BIRDWATCHING', 0.05]]",True,157,139,16:51:23.004725
the owl spent a baboon by Gemma on my owl on Gary,"[['HOBBIES AND INTERESTS', 0.984744], ['HEALTH AND FITNESS', 0.0152512], ['PETS', 3.86164e-06], ['RELIGION AND SPIRITUALITY', 5.36057e-07], ['SPORTS', 4.09195e-08]]","[['HOBBIES & INTERESTS', 0.08], ['BIRDWATCHING', 0.05]]",True,158,140,16:51:26.822516
the owl spent a baboon by Gemma on my owl by Gary,"[['HOBBIES AND INTERESTS', 0.975458], ['HEALTH AND FITNESS', 0.0245318], ['PETS', 7.49937e-06], ['RELIGION AND SPIRITUALITY', 1.11022e-06], ['SPORTS', 7.17362e-08]]","[['HOBBIES & INTERESTS', 0.08], ['BIRDWATCHING', 0.05]]",True,159,141,16:51:30.935053
the owl saw a baboon by Gemma on my owl by Gary,"[['HOBBIES AND INTERESTS', 0.964157], ['HEALTH AND FITNESS', 0.0351392], ['PETS', 0.000663564], ['RELIGION AND SPIRITUALITY', 2.32044e-05], ['SPORTS', 1.63666e-06]]","[['HOBBIES & INTERESTS', 0.08], ['BIRDWATCHING', 0.05]]",True,160,142,16:51:34.878855
the owl saw a baboon by Gemma on a owl by Gary,"[['HOBBIES AND INTERESTS', 0.519645], ['HEALTH AND FITNESS', 0.463507], ['PETS', 0.0158305], ['RELIGION AND SPIRITUALITY', 0.000282236], ['SPORTS', 4.62112e-05]]","[['HOBBIES & INTERESTS', 0.08], ['BIRDWATCHING', 0.05]]",True,161,143,16:51:38.774661
my owl saw a baboon by Gemma on a owl by Gary,"[['HOBBIES AND INTERESTS', 0.765292], ['HEALTH AND FITNESS', 0.230404], ['PETS', 0.00424484], ['SPORTS', 1.07069e-05], ['RELIGION AND SPIRITUALITY', 3.70418e-06]]","[['HOBBIES & INTERESTS', 0.08], ['BIRDWATCHING', 0.05]]",True,162,144,16:51:42.604093
an owl saw a baboon by Gemma on a owl by Gary,"[['RELIGION AND SPIRITUALITY', 0.97163], ['HOBBIES AND INTERESTS', 0.0166179], ['HEALTH AND FITNESS', 0.0114167], ['PETS', 0.00033013], ['SPORTS', 9.97385e-07]]","[['HOBBIES & INTERESTS', 0.08], ['BIRDWATCHING', 0.05]]",True,163,145,16:51:46.147638
an owl grabbed a baboon by Gemma on a owl by Gary,"[['RELIGION AND SPIRITUALITY', 0.662628], ['HOBBIES AND INTERESTS', 0.199802], ['HEALTH AND FITNESS', 0.13728], ['PETS', 0.00026768], ['SPORTS', 6.53057e-06]]","[['HOBBIES & INTERESTS', 0.08], ['BIRDWATCHING', 0.05]]",True,164,146,16:51:50.219737
an owl grabbed a gibbon by Gemma on a owl by Gary,"[['RELIGION AND SPIRITUALITY', 0.833315], ['HEALTH AND FITNESS', 0.166372], ['PETS', 0.000281829], ['SPORTS', 1.26565e-05], ['EDUCATION', 1.0293e-06]]","[['HOBBIES & INTERESTS', 0.08], ['BIRDWATCHING', 0.05]]",True,165,147,16:51:54.208831
an park grabbed a gibbon by Gemma on a owl by Gary,"[['HEALTH AND FITNESS', 0.98433], ['SPORTS', 0.0152163], ['TRAVEL', 6.10012e-05], ['EDUCATION', 1.22575e-05], ['HOBBIES AND INTERESTS', 4.06995e-06]]","[['NATIONAL PARKS', 0.2], ['HOBBIES & INTERESTS', 0.07], ['TRAVEL', 0.06], ['BIRDWATCHING', 0.06]]",False,166,147,16:51:57.879787
an owl chased a gibbon by Gemma on a owl by Gary,"[['RELIGION AND SPIRITUALITY', 0.832351], ['HEALTH AND FITNESS', 0.166176], ['PETS', 0.00145251], ['SCIENCE', 6.58948e-06], ['SPORTS', 3.19636e-06]]","[['HOBBIES & INTERESTS', 0.08], ['BIRDWATCHING', 0.05]]",True,167,148,16:52:01.403035
an owl chased an gibbon by Gemma on a owl by Gary,"[['RELIGION AND SPIRITUALITY', 0.823241], ['HEALTH AND FITNESS', 0.175415], ['PETS', 0.00132434], ['SCIENCE', 6.66183e-06], ['SPORTS', 2.89656e-06]]","[['HOBBIES & INTERESTS', 0.08], ['BIRDWATCHING', 0.05]]",True,168,149,16:52:05.530438
an owl damaged an gibbon by Gemma on a owl by Gary,"[['HEALTH AND FITNESS', 0.835909], ['RELIGION AND SPIRITUALITY', 0.163923], ['PETS', 0.00015660700000000001], ['HOBBIES AND INTERESTS', 1.29599e-06], ['TECHNOLOGY AND COMPUTING', 7.17045e-07]]","[['HOBBIES & INTERESTS', 0.07], ['BIRDWATCHING', 0.05]]",True,169,150,16:52:08.949529
an owl damaged an baboon by Gemma on a owl by Gary,"[['HEALTH AND FITNESS', 0.835907], ['RELIGION AND SPIRITUALITY', 0.163923], ['PETS', 0.00015660700000000001], ['TECHNOLOGY AND COMPUTING', 7.17044e-07], ['HOME AND GARDEN', 6.53903e-07]]","[['HOBBIES & INTERESTS', 0.07], ['BIRDWATCHING', 0.05]]",True,170,151,16:52:12.662965
an owl damaged the baboon by Gemma on a owl by Gary,"[['HEALTH AND FITNESS', 0.757484], ['RELIGION AND SPIRITUALITY', 0.179453], ['EDUCATION', 0.0629165], ['PETS', 0.000138089], ['HOME AND GARDEN', 4.28369e-07]]","[['HOBBIES & INTERESTS', 0.07], ['BIRDWATCHING', 0.05]]",True,171,152,16:52:16.456825
an owl damaged an baboon by Gemma on a owl by Gary,"[['HEALTH AND FITNESS', 0.835907], ['RELIGION AND SPIRITUALITY', 0.163923], ['PETS', 0.00015660700000000001], ['TECHNOLOGY AND COMPUTING', 7.17044e-07], ['HOME AND GARDEN', 6.53903e-07]]","[['HOBBIES & INTERESTS', 0.07], ['BIRDWATCHING', 0.05]]",True,171,152,16:52:20.361151
an owl damaged an baboon by Nick on a owl by Gary,"[['RELIGION AND SPIRITUALITY', 0.697525], ['SPORTS', 0.301225], ['PETS', 0.000778166], ['HOBBIES AND INTERESTS', 0.000214564], ['SOCIETY', 5.05745e-05]]","[['HOBBIES & INTERESTS', 0.07], ['BIRDWATCHING', 0.05]]",True,172,153,16:52:24.261018
an park damaged an baboon by Nick on a owl by Gary,"[['SPORTS', 0.99936], ['HOBBIES AND INTERESTS', 0.00012349], ['SOCIETY', 8.93475e-05], ['HOME AND GARDEN', 3.93857e-05], ['TRAVEL', 1.15375e-05]]","[['NATIONAL PARKS', 0.22], ['BIRDS', 0.21], ['TRAVEL', 0.07], ['HOBBIES & INTERESTS', 0.07], ['PETS', 0.06]]",False,173,153,16:52:28.209753
a owl damaged an baboon by Nick on a owl by Gary,"[['SPORTS', 0.996269], ['PETS', 0.00246906], ['HOBBIES AND INTERESTS', 0.000588415], ['SOCIETY', 0.000127345], ['TECHNOLOGY AND COMPUTING', 5.18996e-05]]","[['HOBBIES & INTERESTS', 0.07], ['BIRDWATCHING', 0.05]]",True,174,154,16:52:31.967860
a owl disabled an baboon by Nick on a owl by Gary,"[['SPORTS', 0.998739], ['PETS', 0.000388702], ['FAMILY AND PARENTING', 0.000298962], ['HOBBIES AND INTERESTS', 0.000177289], ['TECHNOLOGY AND COMPUTING', 3.72997e-05]]","[['HOBBIES & INTERESTS', 0.07], ['NEEDLEWORK', 0.05]]",True,175,155,16:52:35.962173
a owl disabled an river by Nick on a owl by Gary,"[['SPORTS', 0.994678], ['PETS', 0.00239183], ['HOBBIES AND INTERESTS', 0.000563906], ['FAMILY AND PARENTING', 0.000356263], ['TECHNOLOGY AND COMPUTING', 4.6736e-05]]","[['HOBBIES & INTERESTS', 0.07], ['WATERSKI/WAKEBOARD', 0.06], ['SPORTS', 0.06], ['BIRDWATCHING', 0.05]]",False,176,155,16:52:39.661748
a owl disabled an baboon by Gary on a owl by Gary,"[['SPORTS', 0.447899], ['PETS', 0.131841], ['FAMILY AND PARENTING', 0.0993496], ['TECHNOLOGY AND COMPUTING', 0.0902485], ['ILLEGAL CONTENT', 0.0219502]]","[['HOBBIES & INTERESTS', 0.07], ['NEEDLEWORK', 0.05]]",True,177,156,16:52:43.255466
a owl disabled an baboon with Gary on a owl by Gary,"[['PETS', 0.386867], ['FAMILY AND PARENTING', 0.336057], ['SPORTS', 0.116551], ['TECHNOLOGY AND COMPUTING', 0.0258825], ['AUTOMOTIVE', 0.00949786]]","[['HOBBIES & INTERESTS', 0.07], ['NEEDLEWORK', 0.05]]",True,178,157,16:52:46.996462
a owl spent an baboon with Gary on a owl by Gary,"[['PETS', 0.801135], ['SPORTS', 0.0603381], ['HEALTH AND FITNESS', 0.0102341], ['BUSINESS', 0.00820359], ['HOBBIES AND INTERESTS', 0.00581521]]","[['HOBBIES & INTERESTS', 0.08], ['BIRDWATCHING', 0.05]]",True,179,158,16:52:50.638090
a owl apprehended an baboon with Gary on a owl by Gary,"[['PETS', 0.869294], ['RELIGION AND SPIRITUALITY', 0.0278543], ['SPORTS', 0.0200435], ['HEALTH AND FITNESS', 0.00533789], ['FAMILY AND PARENTING', 0.00476507]]","[['HOBBIES & INTERESTS', 0.08], ['BIRDWATCHING', 0.05]]",True,180,159,16:52:54.366024
a owl apprehended an baboon with Gary outside a owl by Gary,"[['PETS', 0.811075], ['RELIGION AND SPIRITUALITY', 0.0444851], ['SPORTS', 0.0308202], ['FAMILY AND PARENTING', 0.00899401], ['HEALTH AND FITNESS', 0.00612475]]","[['HOBBIES & INTERESTS', 0.08], ['BIRDWATCHING', 0.05]]",True,181,160,16:52:58.117458
the owl apprehended an baboon with Gary outside a owl by Gary,"[['RELIGION AND SPIRITUALITY', 0.613487], ['PETS', 0.273367], ['HEALTH AND FITNESS', 0.0691359], ['SPORTS', 0.00940891], ['FAMILY AND PARENTING', 0.00258481]]","[['HOBBIES & INTERESTS', 0.08], ['BIRDWATCHING', 0.05]]",True,182,161,16:53:01.830248
the owl apprehended an elephant with Gary outside a owl by Gary,"[['PETS', 0.742193], ['RELIGION AND SPIRITUALITY', 0.228581], ['SPORTS', 0.00785638], ['HEALTH AND FITNESS', 0.0034877], ['HOBBIES AND INTERESTS', 0.00306811]]","[['HOBBIES & INTERESTS', 0.08], ['BIRDWATCHING', 0.05]]",True,183,162,16:53:05.455366
the owl apprehended a elephant with Gary outside a owl by Gary,"[['PETS', 0.76036], ['RELIGION AND SPIRITUALITY', 0.22254], ['HOBBIES AND INTERESTS', 0.00284745], ['SPORTS', 0.00181171], ['HEALTH AND FITNESS', 0.00110465]]","[['HOBBIES & INTERESTS', 0.08], ['BIRDWATCHING', 0.05]]",True,184,163,16:53:09.142164
my owl apprehended a elephant with Gary outside a owl by Gary,"[['PETS', 0.964842], ['RELIGION AND SPIRITUALITY', 0.0157154], ['HOBBIES AND INTERESTS', 0.0042335], ['SPORTS', 0.0029709], ['NON STANDARD CONTENT', 0.00119024]]","[['HOBBIES & INTERESTS', 0.08], ['BIRDWATCHING', 0.05]]",True,185,164,16:53:12.799067
a owl apprehended a elephant with Gary outside a owl by Gary,"[['PETS', 0.96262], ['RELIGION AND SPIRITUALITY', 0.0107802], ['SPORTS', 0.00339572], ['HOBBIES AND INTERESTS', 0.00187289], ['TRAVEL', 0.00141698]]","[['HOBBIES & INTERESTS', 0.08], ['BIRDWATCHING', 0.05]]",True,186,165,16:53:16.737721
a owl spent a elephant with Gary outside a owl by Gary,"[['PETS', 0.937574], ['HOBBIES AND INTERESTS', 0.00727459], ['SPORTS', 0.00572411], ['TRAVEL', 0.00509018], ['RELIGION AND SPIRITUALITY', 0.00263468]]","[['HOBBIES & INTERESTS', 0.08], ['BIRDWATCHING', 0.05]]",True,187,166,16:53:20.885857
a owl spent a elephant with Gary outside my owl by Gary,"[['PETS', 0.950444], ['HOBBIES AND INTERESTS', 0.00834124], ['RELIGION AND SPIRITUALITY', 0.00448973], ['SPORTS', 0.00413833], ['TRAVEL', 0.0010906]]","[['HOBBIES & INTERESTS', 0.08], ['BIRDWATCHING', 0.05]]",True,188,167,16:53:24.875326
a owl spent a elephant with I outside my owl by Gary,"[['HOBBIES AND INTERESTS', 0.999837], ['PETS', 0.000160241], ['SPORTS', 2.03935e-07], ['RELIGION AND SPIRITUALITY', 1.47302e-07], ['FOOD AND DRINK', 3.48544e-08]]","[['LARGE ANIMALS', 0.26], ['HOBBIES & INTERESTS', 0.08], ['PETS', 0.07], ['BIRDWATCHING', 0.05]]",False,189,167,16:53:28.814056
a owl spent a elephant with Gary outside an owl by Gary,"[['RELIGION AND SPIRITUALITY', 0.999466], ['PETS', 0.000509492], ['HOBBIES AND INTERESTS', 3.65364e-06], ['SPORTS', 2.31307e-06], ['TRAVEL', 2.12648e-06]]","[['HOBBIES & INTERESTS', 0.08], ['BIRDWATCHING', 0.05]]",True,190,168,16:53:32.899095
my owl spent a elephant with Gary outside an owl by Gary,"[['RELIGION AND SPIRITUALITY', 0.999823], ['PETS', 0.000169055], ['HOBBIES AND INTERESTS', 1.67136e-06], ['SPORTS', 7.17621e-07], ['TRAVEL', 1.76168e-07]]","[['HOBBIES & INTERESTS', 0.08], ['BIRDWATCHING', 0.05]]",True,191,169,16:53:36.766876
the owl spent a elephant with Gary outside an owl by Gary,"[['RELIGION AND SPIRITUALITY', 0.999988], ['PETS', 1.16941e-05], ['HOBBIES AND INTERESTS', 2.76283e-07], ['TRAVEL', 4.75136e-08], ['SPORTS', 4.62904e-08]]","[['HOBBIES & INTERESTS', 0.08], ['BIRDWATCHING', 0.05]]",True,192,170,16:53:40.512282
the owl spent a elephant with Gary outside an owl by Gemma,"[['RELIGION AND SPIRITUALITY', 0.999544], ['HEALTH AND FITNESS', 0.000448588], ['PETS', 6.88916e-06], ['HOBBIES AND INTERESTS', 1.36701e-07], ['SPORTS', 7.93142e-09]]","[['LARGE ANIMALS', 0.24], ['HOBBIES & INTERESTS', 0.08], ['PETS', 0.06], ['BIRDWATCHING', 0.05]]",False,193,170,16:53:44.297767
the owl saw a elephant with Gary outside an owl by Gary,"[['RELIGION AND SPIRITUALITY', 0.999951], ['PETS', 4.79594e-05], ['HOBBIES AND INTERESTS', 3.44496e-07], ['SPORTS', 1.14898e-07], ['TRAVEL', 1.40552e-08]]","[['HOBBIES & INTERESTS', 0.08], ['BIRDWATCHING', 0.05]]",True,194,171,16:53:48.534970
the owl saw a elephant with Gary on an owl by Gary,"[['RELIGION AND SPIRITUALITY', 0.99992], ['PETS', 7.81741e-05], ['HOBBIES AND INTERESTS', 8.86865e-07], ['SPORTS', 1.68011e-07], ['TRAVEL', 1.636e-08]]","[['HOBBIES & INTERESTS', 0.08], ['BIRDWATCHING', 0.05]]",True,195,172,16:53:52.124692
the baboon saw a elephant with Gary on an owl by Gary,"[['EDUCATION', 0.8137], ['RELIGION AND SPIRITUALITY', 0.145957], ['SOCIETY', 0.040306], ['SPORTS', 1.07005e-05], ['PETS', 5.93637e-06]]","[['LARGE ANIMALS', 0.3], ['HOBBIES & INTERESTS', 0.08], ['PETS', 0.06], ['BIRDWATCHING', 0.05]]",False,196,172,16:53:55.889493
