bus Holly Marcus in Dylan by an camera with Marcus made an man with I in Marcus,"[['HOBBIES AND INTERESTS', 0.05913131], ['TECHNOLOGY AND COMPUTING', 0.05685213], ['ARTS AND ENTERTAINMENT', 0.05182893], ['TRAVEL', 0.05046976], ['SCIENCE', 0.04978198]]","[['HOBBIES & INTERESTS', 0.07], ['PHOTOGRAPHY', 0.05]]",True,1,1,12:42:03.055849
bus Holly Marcus in Dylan by an forest with Marcus made an man with I in Marcus,"[['HOBBIES AND INTERESTS', 0.05481303], ['TECHNOLOGY AND COMPUTING', 0.05419273], ['ARTS AND ENTERTAINMENT', 0.05251327], ['BUSINESS', 0.05170095], ['TRAVEL', 0.05053233]]","[['EXTREME GRAPHIC/EXPLICIT VIOLENCE', 0.2], ['HOBBIES & INTERESTS', 0.07], ['SPAS', 0.06], ['NON-STANDARD CONTENT', 0.06], ['BIRDWATCHING', 0.06]]",True,2,2,12:42:06.363805
bus Holly Marcus in Dylan by an forest with Marcus made an camera with I in Marcus,"[['HOBBIES AND INTERESTS', 0.05867129], ['TECHNOLOGY AND COMPUTING', 0.05650077], ['BUSINESS', 0.05359113], ['ARTS AND ENTERTAINMENT', 0.05226018], ['TRAVEL', 0.05020713]]","[['HOBBIES & INTERESTS', 0.08], ['BIRDWATCHING', 0.06]]",True,3,3,12:42:09.702933
bus Holly Marcus in Dylan by an forest with Marcus conflicted an camera with I in Marcus,"[['TECHNOLOGY AND COMPUTING', 0.05649137], ['HOBBIES AND INTERESTS', 0.0561049], ['BUSINESS', 0.05246266], ['ARTS AND ENTERTAINMENT', 0.05199759], ['TRAVEL', 0.04942768]]","[['HOBBIES & INTERESTS', 0.08], ['BIRDWATCHING', 0.06]]",True,4,4,12:42:13.344243
bus Holly Marcus in Dylan by an forest with Marcus conflicted an camera with I in Dylan,"[['TECHNOLOGY AND COMPUTING', 0.05649137], ['HOBBIES AND INTERESTS', 0.0561049], ['BUSINESS', 0.05246266], ['ARTS AND ENTERTAINMENT', 0.05199759], ['TRAVEL', 0.04942768]]","[['HOBBIES & INTERESTS', 0.08], ['BIRDWATCHING', 0.06]]",True,5,5,12:42:17.167295
bus Holly Marcus in Dylan by the forest with Marcus conflicted an camera with I in Dylan,"[['TECHNOLOGY AND COMPUTING', 0.05649137], ['HOBBIES AND INTERESTS', 0.0561049], ['BUSINESS', 0.05246266], ['ARTS AND ENTERTAINMENT', 0.05199759], ['TRAVEL', 0.04942768]]","[['HOBBIES & INTERESTS', 0.08], ['BIRDWATCHING', 0.06]]",True,6,6,12:42:23.663750
bus Holly Marcus in Dylan by the forest with Marcus embarked an camera with I in Dylan,"[['TECHNOLOGY AND COMPUTING', 0.05647508], ['HOBBIES AND INTERESTS', 0.0556864], ['BUSINESS', 0.05324906], ['ARTS AND ENTERTAINMENT', 0.0513647], ['EDUCATION', 0.04936481]]","[['HOBBIES & INTERESTS', 0.08], ['BIRDWATCHING', 0.06]]",True,7,7,12:42:27.142807
bus Holly Marcus in Dylan by the forest with Marcus embarked an man with I in Dylan,"[['TECHNOLOGY AND COMPUTING', 0.05388549], ['HOBBIES AND INTERESTS', 0.05213832], ['ARTS AND ENTERTAINMENT', 0.05196488], ['BUSINESS', 0.05139338], ['EDUCATION', 0.04959886]]","[['EXTREME GRAPHIC/EXPLICIT VIOLENCE', 0.2], ['HOBBIES & INTERESTS', 0.07], ['CAMPING', 0.06], ['NON-STANDARD CONTENT', 0.06], ['BIRDWATCHING', 0.06]]",True,8,8,12:42:32.224218
bus Holly Marcus in Dylan by the forest with Marcus embarked an man with Holly in Dylan,"[['BUSINESS', 0.05390537], ['ARTS AND ENTERTAINMENT', 0.05166871], ['EDUCATION', 0.05097295], ['SOCIETY', 0.05021103], ['TECHNOLOGY AND COMPUTING', 0.05016019]]","[['EXTREME GRAPHIC/EXPLICIT VIOLENCE', 0.2], ['HOBBIES & INTERESTS', 0.07], ['NON-STANDARD CONTENT', 0.06], ['BIRDWATCHING', 0.06], ['SPORTS', 0.06]]",True,9,9,12:42:35.682688
bus Holly Marcus in Dylan by the forest with Marcus started an man with Holly in Dylan,"[['BUSINESS', 0.05432952], ['HOBBIES AND INTERESTS', 0.05235295], ['ARTS AND ENTERTAINMENT', 0.05150816], ['SOCIETY', 0.05118941], ['EDUCATION', 0.05074249]]","[['EXTREME GRAPHIC/EXPLICIT VIOLENCE', 0.2], ['HOBBIES & INTERESTS', 0.07], ['NON-STANDARD CONTENT', 0.06], ['BIRDWATCHING', 0.06], ['SPORTS', 0.06]]",True,10,10,12:42:39.109370
bus Holly Marcus in Dylan by the forest with Marcus captured an man with Holly in Dylan,"[['BUSINESS', 0.05342793], ['TECHNOLOGY AND COMPUTING', 0.05217544], ['EDUCATION', 0.05105777], ['ARTS AND ENTERTAINMENT', 0.0507509], ['SOCIETY', 0.05050963]]","[['EXTREME GRAPHIC/EXPLICIT VIOLENCE', 0.2], ['HOBBIES & INTERESTS', 0.07], ['BIRDWATCHING', 0.06], ['NON-STANDARD CONTENT', 0.06], ['SPORTS', 0.06]]",True,11,11,12:42:42.405545
bus Holly Marcus in Dylan by the forest with Marcus captured an man by Holly in Dylan,"[['BUSINESS', 0.05342793], ['TECHNOLOGY AND COMPUTING', 0.05217544], ['EDUCATION', 0.05105777], ['ARTS AND ENTERTAINMENT', 0.0507509], ['SOCIETY', 0.05050963]]","[['EXTREME GRAPHIC/EXPLICIT VIOLENCE', 0.2], ['HOBBIES & INTERESTS', 0.07], ['BIRDWATCHING', 0.06], ['NON-STANDARD CONTENT', 0.06], ['SPORTS', 0.06]]",True,12,12,12:42:45.598972
bus Holly Marcus in Dylan by an forest with Marcus captured an man by Holly in Dylan,"[['BUSINESS', 0.05342793], ['TECHNOLOGY AND COMPUTING', 0.05217544], ['EDUCATION', 0.05105777], ['ARTS AND ENTERTAINMENT', 0.0507509], ['SOCIETY', 0.05050963]]","[['EXTREME GRAPHIC/EXPLICIT VIOLENCE', 0.2], ['HOBBIES & INTERESTS', 0.07], ['BIRDWATCHING', 0.06], ['NON-STANDARD CONTENT', 0.06], ['SPORTS', 0.06]]",True,13,13,12:42:49.449667
bus Holly Marcus in Dylan by an forest with Marcus captured the man by Holly in Dylan,"[['BUSINESS', 0.05342793], ['TECHNOLOGY AND COMPUTING', 0.05217544], ['EDUCATION', 0.05105777], ['ARTS AND ENTERTAINMENT', 0.0507509], ['SOCIETY', 0.05050963]]","[['EXTREME GRAPHIC/EXPLICIT VIOLENCE', 0.2], ['HOBBIES & INTERESTS', 0.07], ['BIRDWATCHING', 0.06], ['NON-STANDARD CONTENT', 0.06], ['SPORTS', 0.06]]",True,14,14,12:42:52.726294
bus Holly Marcus in Dylan by an forest with Marcus captured a man by Holly in Dylan,"[['BUSINESS', 0.05342793], ['TECHNOLOGY AND COMPUTING', 0.05217544], ['EDUCATION', 0.05105777], ['ARTS AND ENTERTAINMENT', 0.0507509], ['SOCIETY', 0.05050963]]","[['EXTREME GRAPHIC/EXPLICIT VIOLENCE', 0.2], ['HOBBIES & INTERESTS', 0.07], ['BIRDWATCHING', 0.06], ['NON-STANDARD CONTENT', 0.06], ['SPORTS', 0.06]]",True,15,15,12:42:55.813892
bus Holly Marcus in Dylan by the forest with Marcus captured a man by Holly in Dylan,"[['BUSINESS', 0.05342793], ['TECHNOLOGY AND COMPUTING', 0.05217544], ['EDUCATION', 0.05105777], ['ARTS AND ENTERTAINMENT', 0.0507509], ['SOCIETY', 0.05050963]]","[['EXTREME GRAPHIC/EXPLICIT VIOLENCE', 0.2], ['HOBBIES & INTERESTS', 0.07], ['BIRDWATCHING', 0.06], ['NON-STANDARD CONTENT', 0.06], ['SPORTS', 0.06]]",True,16,16,12:42:59.183187
bus Holly Marcus in Dylan by the forest with Marcus captured a forest by Holly in Dylan,"[['BUSINESS', 0.05422657], ['TECHNOLOGY AND COMPUTING', 0.05309232], ['EDUCATION', 0.05014547], ['HOBBIES AND INTERESTS', 0.04919405], ['SOCIETY', 0.04897081]]","[['CAMPING', 0.07], ['HOBBIES & INTERESTS', 0.07], ['BIRDWATCHING', 0.07], ['TRAVEL', 0.06], ['SPORTS', 0.06]]",True,17,17,12:43:02.390675
bus Holly Marcus in Dylan by the forest with Marcus captured a forest by Marcus in Dylan,"[['BUSINESS', 0.05422657], ['TECHNOLOGY AND COMPUTING', 0.05309232], ['EDUCATION', 0.05014547], ['HOBBIES AND INTERESTS', 0.04919405], ['SOCIETY', 0.04897081]]","[['SPAS', 0.07], ['HOBBIES & INTERESTS', 0.07], ['BIRDWATCHING', 0.07], ['SPORTS', 0.06], ['TRAVEL', 0.06]]",True,18,18,12:43:07.350377
bus Holly Marcus in Dylan by the forest with Marcus captured an forest by Marcus in Dylan,"[['BUSINESS', 0.05422657], ['TECHNOLOGY AND COMPUTING', 0.05309232], ['EDUCATION', 0.05014547], ['HOBBIES AND INTERESTS', 0.04919405], ['SOCIETY', 0.04897081]]","[['SPAS', 0.07], ['HOBBIES & INTERESTS', 0.07], ['BIRDWATCHING', 0.07], ['SPORTS', 0.06], ['TRAVEL', 0.06]]",True,19,19,12:43:10.651207
pajamas Holly Marcus in Dylan by the forest with Marcus captured an forest by Marcus in Dylan,"[['BUSINESS', 0.05302227], ['EDUCATION', 0.04974297], ['STYLE AND FASHION', 0.04963208], ['SOCIETY', 0.0492545], ['HOBBIES AND INTERESTS', 0.04832056]]","[['HOBBIES & INTERESTS', 0.07], ['BIRDWATCHING', 0.07], ['SPORTS', 0.06], ['FRESHWATER FISHING', 0.05]]",True,20,20,12:43:13.928179
pajamas Holly Marcus in Dylan by my forest with Marcus captured an forest by Marcus in Dylan,"[['STYLE AND FASHION', 0.05058746], ['BUSINESS', 0.05058334], ['AUTOMOTIVE', 0.05035409], ['HEALTH AND FITNESS', 0.05013791], ['EDUCATION', 0.05009566]]","[['HOBBIES & INTERESTS', 0.07], ['BIRDWATCHING', 0.07], ['SPORTS', 0.06], ['FRESHWATER FISHING', 0.05]]",True,21,21,12:43:17.012110
pajamas Holly Marcus by Dylan by my forest with Marcus captured an forest by Marcus in Dylan,"[['STYLE AND FASHION', 0.05058746], ['BUSINESS', 0.05058334], ['AUTOMOTIVE', 0.05035409], ['HEALTH AND FITNESS', 0.05013791], ['EDUCATION', 0.05009566]]","[['HOBBIES & INTERESTS', 0.07], ['BIRDWATCHING', 0.07], ['SPORTS', 0.06], ['FRESHWATER FISHING', 0.05]]",True,22,22,12:43:20.091324
pajamas Holly Marcus by Dylan by my forest with Marcus captured an forest by Holly in Dylan,"[['STYLE AND FASHION', 0.05058746], ['BUSINESS', 0.05058334], ['AUTOMOTIVE', 0.05035409], ['HEALTH AND FITNESS', 0.05013791], ['EDUCATION', 0.05009566]]","[['HOBBIES & INTERESTS', 0.07], ['BIRDWATCHING', 0.07], ['SPORTS', 0.06], ['FRESHWATER FISHING', 0.05]]",True,23,23,12:43:23.126496
pajamas Holly Holly by Dylan by my forest with Marcus captured an forest by Holly in Dylan,"[['STYLE AND FASHION', 0.05058746], ['BUSINESS', 0.05058334], ['AUTOMOTIVE', 0.05035409], ['HEALTH AND FITNESS', 0.05013791], ['EDUCATION', 0.05009566]]","[['HOBBIES & INTERESTS', 0.07], ['BIRDWATCHING', 0.07]]",True,24,24,12:43:26.217313
pajamas Holly Holly by Dylan by my forest with Marcus started an forest by Holly in Dylan,"[['HOBBIES AND INTERESTS', 0.05167786], ['BUSINESS', 0.05141694], ['HEALTH AND FITNESS', 0.05080296], ['RELIGION AND SPIRITUALITY', 0.05043053], ['AUTOMOTIVE', 0.0504046]]","[['HOBBIES & INTERESTS', 0.07], ['BIRDWATCHING', 0.07]]",True,25,25,12:43:30.784793
pajamas Holly Dylan by Dylan by my forest with Marcus started an forest by Holly in Dylan,"[['HOBBIES AND INTERESTS', 0.05167786], ['BUSINESS', 0.05141694], ['HEALTH AND FITNESS', 0.05080296], ['RELIGION AND SPIRITUALITY', 0.05043053], ['AUTOMOTIVE', 0.0504046]]","[['HOBBIES & INTERESTS', 0.07], ['BIRDWATCHING', 0.07]]",True,26,26,12:43:33.851385
pajamas Holly Dylan by Dylan by my forest with Marcus started an province by Holly in Dylan,"[['HOBBIES AND INTERESTS', 0.05141073], ['BUSINESS', 0.05127144], ['RELIGION AND SPIRITUALITY', 0.05103163], ['HEALTH AND FITNESS', 0.05023787], ['AUTOMOTIVE', 0.0500795]]","[['HOBBIES & INTERESTS', 0.07], ['BIRDWATCHING', 0.06], ['SPORTS', 0.06], ['FRESHWATER FISHING', 0.05]]",True,27,27,12:43:36.855335
pajamas Holly Dylan by Dylan by the forest with Marcus started an province by Holly in Dylan,"[['BUSINESS', 0.05374369], ['HOBBIES AND INTERESTS', 0.05027584], ['EDUCATION', 0.0496006], ['SOCIETY', 0.04950927], ['RELIGION AND SPIRITUALITY', 0.04940965]]","[['HOBBIES & INTERESTS', 0.07], ['BIRDWATCHING', 0.06], ['SPORTS', 0.06], ['FRESHWATER FISHING', 0.05]]",True,28,28,12:43:39.736388
pajamas Holly Dylan with Dylan by the forest with Marcus started an province by Holly in Dylan,"[['BUSINESS', 0.05374369], ['HOBBIES AND INTERESTS', 0.05027584], ['EDUCATION', 0.0496006], ['SOCIETY', 0.04950927], ['RELIGION AND SPIRITUALITY', 0.04940965]]","[['HOBBIES & INTERESTS', 0.07], ['BIRDWATCHING', 0.06], ['SPORTS', 0.06], ['FRESHWATER FISHING', 0.05]]",True,29,29,12:43:42.757493
pajamas Holly Dylan with Dylan by the forest with Marcus started the province by Holly in Dylan,"[['BUSINESS', 0.05374369], ['HOBBIES AND INTERESTS', 0.05027584], ['EDUCATION', 0.0496006], ['SOCIETY', 0.04950927], ['RELIGION AND SPIRITUALITY', 0.04940965]]","[['HOBBIES & INTERESTS', 0.07], ['BIRDWATCHING', 0.06], ['SPORTS', 0.06], ['FRESHWATER FISHING', 0.05]]",True,30,30,12:43:45.833017
pajamas Holly Dylan with Dylan by my forest with Marcus started the province by Holly in Dylan,"[['HOBBIES AND INTERESTS', 0.05141073], ['BUSINESS', 0.05127144], ['RELIGION AND SPIRITUALITY', 0.05103163], ['HEALTH AND FITNESS', 0.05023787], ['AUTOMOTIVE', 0.0500795]]","[['HOBBIES & INTERESTS', 0.07], ['BIRDWATCHING', 0.06], ['SPORTS', 0.06], ['FRESHWATER FISHING', 0.05]]",True,31,31,12:43:48.708063
pajamas Holly Dylan with Dylan by a forest with Marcus started the province by Holly in Dylan,"[['BUSINESS', 0.05374369], ['HOBBIES AND INTERESTS', 0.05027584], ['EDUCATION', 0.0496006], ['SOCIETY', 0.04950927], ['RELIGION AND SPIRITUALITY', 0.04940965]]","[['HOBBIES & INTERESTS', 0.07], ['BIRDWATCHING', 0.06], ['SPORTS', 0.06], ['FRESHWATER FISHING', 0.05]]",True,32,32,12:43:51.923615
pajamas Holly Dylan with Dylan by a forest with Marcus embarked the province by Holly in Dylan,"[['BUSINESS', 0.05332401], ['STYLE AND FASHION', 0.04989267], ['EDUCATION', 0.04982578], ['ARTS AND ENTERTAINMENT', 0.04945702], ['SOCIETY', 0.04856292]]","[['HOBBIES & INTERESTS', 0.07], ['BIRDWATCHING', 0.06]]",True,33,33,12:43:54.729128
pajamas Holly Dylan with Dylan by a forest with Marcus embarked an province by Holly in Dylan,"[['BUSINESS', 0.05332401], ['STYLE AND FASHION', 0.04989267], ['EDUCATION', 0.04982578], ['ARTS AND ENTERTAINMENT', 0.04945702], ['SOCIETY', 0.04856292]]","[['HOBBIES & INTERESTS', 0.07], ['BIRDWATCHING', 0.06]]",True,34,34,12:43:57.508250
pajamas Holly Dylan with Dylan by a forest with Marcus embarked my province by Holly in Dylan,"[['BUSINESS', 0.0508772], ['STYLE AND FASHION', 0.05085905], ['EDUCATION', 0.05018498], ['RELIGION AND SPIRITUALITY', 0.05003528], ['AUTOMOTIVE', 0.04996807]]","[['HOBBIES & INTERESTS', 0.07], ['BIRDWATCHING', 0.06]]",True,35,35,12:44:00.180788
pajamas Holly Dylan with Dylan by a forest with Marcus made my province by Holly in Dylan,"[['HOBBIES AND INTERESTS', 0.05218579], ['RELIGION AND SPIRITUALITY', 0.05158469], ['BUSINESS', 0.05109652], ['STYLE AND FASHION', 0.05033558], ['ARTS AND ENTERTAINMENT', 0.04964666]]","[['HOBBIES & INTERESTS', 0.07], ['BIRDWATCHING', 0.06]]",True,36,36,12:44:03.139364
pajamas Holly Dylan with Dylan by a forest with Marcus made my hill by Holly in Dylan,"[['HOBBIES AND INTERESTS', 0.05377251], ['ARTS AND ENTERTAINMENT', 0.05237921], ['BUSINESS', 0.05041757], ['STYLE AND FASHION', 0.04984433], ['AUTOMOTIVE', 0.04949031]]","[['HOBBIES & INTERESTS', 0.07], ['BIRDWATCHING', 0.06]]",True,37,37,12:44:05.924122
pajamas Holly Dylan with Dylan by a forest with Marcus captured my hill by Holly in Dylan,"[['EDUCATION', 0.05068376], ['HOBBIES AND INTERESTS', 0.05065634], ['AUTOMOTIVE', 0.05014467], ['ARTS AND ENTERTAINMENT', 0.05006088], ['STYLE AND FASHION', 0.04987765]]","[['HOBBIES & INTERESTS', 0.07], ['BIRDWATCHING', 0.06]]",True,38,38,12:44:09.065466
cat Holly Dylan with Dylan by a forest with Marcus captured my hill by Holly in Dylan,"[['PETS', 0.06521744], ['HOBBIES AND INTERESTS', 0.05141055], ['ARTS AND ENTERTAINMENT', 0.05038302], ['EDUCATION', 0.05009181], ['BUSINESS', 0.04878398]]","[['CATS', 0.24], ['PETS', 0.08], ['HOBBIES & INTERESTS', 0.07], ['BIRDWATCHING', 0.06]]",True,39,39,12:44:11.847083
cat Holly Dylan with Dylan by a forest with Marcus captured my pajamas by Holly in Dylan,"[['PETS', 0.06495883], ['EDUCATION', 0.05027061], ['HOBBIES AND INTERESTS', 0.05008659], ['HEALTH AND FITNESS', 0.04972024], ['STYLE AND FASHION', 0.04947599]]","[['CATS', 0.25], ['PETS', 0.07], ['HOBBIES & INTERESTS', 0.07], ['BIRDWATCHING', 0.06]]",True,40,40,12:44:14.896766
cat Holly Dylan with I by a forest with Marcus captured my pajamas by Holly in Dylan,"[['PETS', 0.06295039], ['HOBBIES AND INTERESTS', 0.05317018], ['TECHNOLOGY AND COMPUTING', 0.05291767], ['STYLE AND FASHION', 0.04989427], ['HOME AND GARDEN', 0.04945284]]","[['CATS', 0.29], ['PETS', 0.08], ['HOBBIES & INTERESTS', 0.07], ['BIRDWATCHING', 0.06]]",True,41,41,12:44:17.822211
cat Holly Dylan with I by a forest with Marcus conflicted my pajamas by Holly in Dylan,"[['PETS', 0.0629266], ['HOBBIES AND INTERESTS', 0.0525792], ['TECHNOLOGY AND COMPUTING', 0.05088542], ['STYLE AND FASHION', 0.05035324], ['HOME AND GARDEN', 0.04998818]]","[['CATS', 0.29], ['PETS', 0.08], ['HOBBIES & INTERESTS', 0.07], ['BIRDWATCHING', 0.06]]",True,42,42,12:44:20.822887
cat Holly Dylan with I by a man with Marcus conflicted my pajamas by Holly in Dylan,"[['PETS', 0.06089542], ['HOBBIES AND INTERESTS', 0.05296611], ['TECHNOLOGY AND COMPUTING', 0.05035049], ['HEALTH AND FITNESS', 0.05017386], ['SCIENCE', 0.04965233]]","[['CATS', 0.29], ['PETS', 0.07], ['HOBBIES & INTERESTS', 0.07], ['CANDLE & SOAP MAKING', 0.05]]",True,43,43,12:44:23.882429
cat Holly Dylan with I by a man with Marcus captured my pajamas by Holly in Dylan,"[['PETS', 0.06092052], ['HOBBIES AND INTERESTS', 0.05356327], ['TECHNOLOGY AND COMPUTING', 0.05236316], ['HEALTH AND FITNESS', 0.05087769], ['SCIENCE', 0.04983152]]","[['CATS', 0.29], ['PETS', 0.08], ['HOBBIES & INTERESTS', 0.07], ['CANDLE & SOAP MAKING', 0.05]]",True,44,44,12:44:26.485871
cat Holly Dylan outside I by a man with Marcus captured my pajamas by Holly in Dylan,"[['PETS', 0.06166581], ['HEALTH AND FITNESS', 0.05241873], ['RELIGION AND SPIRITUALITY', 0.0523603], ['TECHNOLOGY AND COMPUTING', 0.05182624], ['HOBBIES AND INTERESTS', 0.05099368]]","[['CATS', 0.29], ['PETS', 0.08], ['HOBBIES & INTERESTS', 0.07], ['CANDLE & SOAP MAKING', 0.05]]",True,45,45,12:44:29.465990
cat Holly Dylan outside I by a man with Marcus conflicted my pajamas by Holly in Dylan,"[['PETS', 0.0616339], ['RELIGION AND SPIRITUALITY', 0.05268984], ['HEALTH AND FITNESS', 0.05168814], ['HOBBIES AND INTERESTS', 0.05041985], ['SPORTS', 0.05009753]]","[['CATS', 0.29], ['PETS', 0.07], ['HOBBIES & INTERESTS', 0.07], ['CANDLE & SOAP MAKING', 0.05]]",True,46,46,12:44:32.108052
cat Holly Dylan outside I by a man with Marcus started my pajamas by Holly in Dylan,"[['PETS', 0.06072235], ['RELIGION AND SPIRITUALITY', 0.05365713], ['HOBBIES AND INTERESTS', 0.05355172], ['HEALTH AND FITNESS', 0.05282386], ['SPORTS', 0.05101058]]","[['CATS', 0.3], ['PETS', 0.08], ['HOBBIES & INTERESTS', 0.07], ['CANDLE & SOAP MAKING', 0.05]]",True,47,47,12:44:36.077766
cat Holly Dylan outside I by an man with Marcus started my pajamas by Holly in Dylan,"[['PETS', 0.06072235], ['RELIGION AND SPIRITUALITY', 0.05365713], ['HOBBIES AND INTERESTS', 0.05355172], ['HEALTH AND FITNESS', 0.05282386], ['SPORTS', 0.05101058]]","[['CATS', 0.3], ['PETS', 0.08], ['HOBBIES & INTERESTS', 0.07], ['CANDLE & SOAP MAKING', 0.05]]",True,48,48,12:44:40.533539
cat Holly Dylan outside I by an man with Marcus conflicted my pajamas by Holly in Dylan,"[['PETS', 0.0616339], ['RELIGION AND SPIRITUALITY', 0.05268984], ['HEALTH AND FITNESS', 0.05168814], ['HOBBIES AND INTERESTS', 0.05041985], ['SPORTS', 0.05009753]]","[['CATS', 0.29], ['PETS', 0.07], ['HOBBIES & INTERESTS', 0.07], ['CANDLE & SOAP MAKING', 0.05]]",True,49,49,12:44:44.838228
cat Holly Dylan outside I by an man with Marcus conflicted my pajamas by Holly by Dylan,"[['PETS', 0.0616339], ['RELIGION AND SPIRITUALITY', 0.05268984], ['HEALTH AND FITNESS', 0.05168814], ['HOBBIES AND INTERESTS', 0.05041985], ['SPORTS', 0.05009753]]","[['CATS', 0.29], ['PETS', 0.07], ['HOBBIES & INTERESTS', 0.07], ['CANDLE & SOAP MAKING', 0.05]]",True,50,50,12:44:48.082676
province Holly Dylan outside I by an man with Marcus conflicted my pajamas by Holly by Dylan,"[['RELIGION AND SPIRITUALITY', 0.05589237], ['TRAVEL', 0.05299309], ['SPORTS', 0.05201251], ['HEALTH AND FITNESS', 0.05146678], ['ARTS AND ENTERTAINMENT', 0.04990838]]","[['EXTREME GRAPHIC/EXPLICIT VIOLENCE', 0.2], ['HOBBIES & INTERESTS', 0.07], ['NON-STANDARD CONTENT', 0.06], ['SPORTS', 0.06], ['BIRDWATCHING', 0.05]]",True,51,51,12:44:51.083109
province Holly Dylan outside I by an man with Marcus conflicted the pajamas by Holly by Dylan,"[['RELIGION AND SPIRITUALITY', 0.05413872], ['SPORTS', 0.05395536], ['TRAVEL', 0.05126592], ['ARTS AND ENTERTAINMENT', 0.05114342], ['SCIENCE', 0.04986336]]","[['EXTREME GRAPHIC/EXPLICIT VIOLENCE', 0.2], ['HOBBIES & INTERESTS', 0.07], ['NON-STANDARD CONTENT', 0.06], ['SPORTS', 0.06], ['BIRDWATCHING', 0.05]]",True,52,52,12:44:54.280941
province Holly Dylan outside I outside an man with Marcus conflicted the pajamas by Holly by Dylan,"[['RELIGION AND SPIRITUALITY', 0.05469279], ['SPORTS', 0.05389767], ['TRAVEL', 0.05125464], ['ARTS AND ENTERTAINMENT', 0.05114586], ['SCIENCE', 0.04968383]]","[['EXTREME GRAPHIC/EXPLICIT VIOLENCE', 0.2], ['HOBBIES & INTERESTS', 0.07], ['NON-STANDARD CONTENT', 0.06], ['SPORTS', 0.06], ['BIRDWATCHING', 0.05]]",True,53,53,12:44:57.148705
forest Holly Dylan outside I outside an man with Marcus conflicted the pajamas by Holly by Dylan,"[['RELIGION AND SPIRITUALITY', 0.05413429], ['ARTS AND ENTERTAINMENT', 0.05225631], ['SPORTS', 0.05154003], ['BUSINESS', 0.05119507], ['TRAVEL', 0.05038933]]","[['EXTREME GRAPHIC/EXPLICIT VIOLENCE', 0.2], ['HOBBIES & INTERESTS', 0.07], ['BIRDWATCHING', 0.06], ['NON-STANDARD CONTENT', 0.06], ['SPORTS', 0.06]]",True,54,54,12:45:00.188727
forest Holly Dylan outside I outside an man with Dylan conflicted the pajamas by Holly by Dylan,"[['RELIGION AND SPIRITUALITY', 0.05482846], ['ARTS AND ENTERTAINMENT', 0.05225362], ['TRAVEL', 0.05201095], ['SPORTS', 0.05169099], ['BUSINESS', 0.05138052]]","[['EXTREME GRAPHIC/EXPLICIT VIOLENCE', 0.2], ['HOBBIES & INTERESTS', 0.07], ['BIRDWATCHING', 0.06], ['NON-STANDARD CONTENT', 0.06]]",True,55,55,12:45:03.147402
forest Holly Dylan outside I outside an man with Dylan studied the pajamas by Holly by Dylan,"[['RELIGION AND SPIRITUALITY', 0.05396047], ['TRAVEL', 0.05290241], ['ARTS AND ENTERTAINMENT', 0.05206391], ['SPORTS', 0.05196661], ['BUSINESS', 0.05162233]]","[['HOBBIES & INTERESTS', 0.07], ['BIRDWATCHING', 0.06]]",True,56,56,12:45:06.466599
forest Holly Dylan outside I outside an man in Dylan studied the pajamas by Holly by Dylan,"[['RELIGION AND SPIRITUALITY', 0.05396047], ['TRAVEL', 0.05290241], ['ARTS AND ENTERTAINMENT', 0.05206391], ['SPORTS', 0.05196661], ['BUSINESS', 0.05162233]]","[['HOBBIES & INTERESTS', 0.07], ['BIRDWATCHING', 0.06]]",True,57,57,12:45:09.699139
forest Holly Dylan outside I outside an man in Dylan studied the camera by Holly by Dylan,"[['ARTS AND ENTERTAINMENT', 0.05421062], ['TRAVEL', 0.05354033], ['BUSINESS', 0.05351513], ['RELIGION AND SPIRITUALITY', 0.05349654], ['HOBBIES AND INTERESTS', 0.05229178]]","[['HOBBIES & INTERESTS', 0.08], ['BIRDWATCHING', 0.06]]",True,58,58,12:45:12.762676
forest Holly Dylan outside I outside an man in Dylan studied the camera in Holly by Dylan,"[['ARTS AND ENTERTAINMENT', 0.05421062], ['TRAVEL', 0.05354033], ['BUSINESS', 0.05351513], ['RELIGION AND SPIRITUALITY', 0.05349654], ['HOBBIES AND INTERESTS', 0.05229178]]","[['HOBBIES & INTERESTS', 0.08], ['BIRDWATCHING', 0.06]]",True,59,59,12:45:15.654944
forest Holly Dylan outside I outside an man with Dylan studied the camera in Holly by Dylan,"[['ARTS AND ENTERTAINMENT', 0.05421062], ['TRAVEL', 0.05354033], ['BUSINESS', 0.05351513], ['RELIGION AND SPIRITUALITY', 0.05349654], ['HOBBIES AND INTERESTS', 0.05229178]]","[['HOBBIES & INTERESTS', 0.08], ['BIRDWATCHING', 0.06]]",True,60,60,12:45:18.605140
forest Holly Dylan outside I outside an man with Dylan studied the camera in I by Dylan,"[['ARTS AND ENTERTAINMENT', 0.05411522], ['TRAVEL', 0.05383958], ['BUSINESS', 0.05349784], ['RELIGION AND SPIRITUALITY', 0.05347925], ['HOBBIES AND INTERESTS', 0.05220109]]","[['HOBBIES & INTERESTS', 0.08], ['BIRDWATCHING', 0.06]]",True,61,61,12:45:21.370969
forest Holly Dylan outside I outside an man with Dylan studied a camera in I by Dylan,"[['ARTS AND ENTERTAINMENT', 0.05411522], ['TRAVEL', 0.05383958], ['BUSINESS', 0.05349784], ['RELIGION AND SPIRITUALITY', 0.05347925], ['HOBBIES AND INTERESTS', 0.05220109]]","[['HOBBIES & INTERESTS', 0.08], ['BIRDWATCHING', 0.06]]",True,62,62,12:45:24.400179
forest Holly Dylan outside I outside an man with Dylan studied an camera in I by Dylan,"[['ARTS AND ENTERTAINMENT', 0.05411522], ['TRAVEL', 0.05383958], ['BUSINESS', 0.05349784], ['RELIGION AND SPIRITUALITY', 0.05347925], ['HOBBIES AND INTERESTS', 0.05220109]]","[['HOBBIES & INTERESTS', 0.08], ['BIRDWATCHING', 0.06]]",True,63,63,12:45:27.512200
forest I Dylan outside I outside an man with Dylan studied an camera in I by Dylan,"[['TRAVEL', 0.05527498], ['ARTS AND ENTERTAINMENT', 0.05396782], ['HOBBIES AND INTERESTS', 0.0526441], ['RELIGION AND SPIRITUALITY', 0.05250035], ['SPORTS', 0.05211956]]","[['HOBBIES & INTERESTS', 0.09], ['BIRDWATCHING', 0.06]]",True,64,64,12:45:30.275043
forest I Dylan outside I outside an man with Dylan studied a camera in I by Dylan,"[['TRAVEL', 0.05527498], ['ARTS AND ENTERTAINMENT', 0.05396782], ['HOBBIES AND INTERESTS', 0.0526441], ['RELIGION AND SPIRITUALITY', 0.05250035], ['SPORTS', 0.05211956]]","[['HOBBIES & INTERESTS', 0.09], ['BIRDWATCHING', 0.06]]",True,65,65,12:45:33.288066
forest I Dylan outside I outside an pajamas with Dylan studied a camera in I by Dylan,"[['TRAVEL', 0.05373145], ['BUSINESS', 0.05231215], ['HOBBIES AND INTERESTS', 0.05175049], ['RELIGION AND SPIRITUALITY', 0.05160642], ['EDUCATION', 0.05114831]]","[['HOBBIES & INTERESTS', 0.09], ['BIRDWATCHING', 0.06]]",True,66,66,12:45:35.975133
forest I Dylan outside I outside an pajamas with Dylan embarked a camera in I by Dylan,"[['BUSINESS', 0.05284131], ['HOBBIES AND INTERESTS', 0.05278579], ['RELIGION AND SPIRITUALITY', 0.05247524], ['TRAVEL', 0.05245059], ['TECHNOLOGY AND COMPUTING', 0.05078115]]","[['HOBBIES & INTERESTS', 0.08], ['BIRDWATCHING', 0.06]]",True,67,67,12:45:38.607119
forest I Dylan outside I outside an pajamas with Dylan embarked a camera in I by Holly,"[['BUSINESS', 0.05437428], ['RELIGION AND SPIRITUALITY', 0.0534521], ['HOBBIES AND INTERESTS', 0.05218033], ['TECHNOLOGY AND COMPUTING', 0.05163104], ['TRAVEL', 0.0514076]]","[['HOBBIES & INTERESTS', 0.08], ['BIRDWATCHING', 0.06]]",True,68,68,12:45:41.466438
forest I Dylan outside I outside an snake with Dylan embarked a camera in I by Holly,"[['BUSINESS', 0.05474319], ['RELIGION AND SPIRITUALITY', 0.05322445], ['HOBBIES AND INTERESTS', 0.05249303], ['TRAVEL', 0.05232371], ['ARTS AND ENTERTAINMENT', 0.05223529]]","[['HOBBIES & INTERESTS', 0.08], ['BIRDWATCHING', 0.06]]",True,69,69,12:45:44.390161
forest I Dylan outside I outside my snake with Dylan embarked a camera in I by Holly,"[['RELIGION AND SPIRITUALITY', 0.05486631], ['TRAVEL', 0.05426303], ['HOBBIES AND INTERESTS', 0.05370389], ['BUSINESS', 0.05200905], ['TECHNOLOGY AND COMPUTING', 0.05173286]]","[['HOBBIES & INTERESTS', 0.08], ['BIRDWATCHING', 0.06]]",True,70,70,12:45:47.040283
forest I Dylan outside I outside my snake with Dylan embarked a camera in Holly by Holly,"[['RELIGION AND SPIRITUALITY', 0.05488325], ['TRAVEL', 0.05396065], ['HOBBIES AND INTERESTS', 0.05379641], ['TECHNOLOGY AND COMPUTING', 0.0523658], ['BUSINESS', 0.05202511]]","[['HOBBIES & INTERESTS', 0.08], ['BIRDWATCHING', 0.06]]",True,71,71,12:45:49.745861
pajamas I Dylan outside I outside my snake with Dylan embarked a camera in Holly by Holly,"[['RELIGION AND SPIRITUALITY', 0.0546814], ['HOBBIES AND INTERESTS', 0.05341474], ['TRAVEL', 0.05293724], ['TECHNOLOGY AND COMPUTING', 0.05254557], ['SPORTS', 0.04981885]]","[['HOBBIES & INTERESTS', 0.08], ['PHOTOGRAPHY', 0.05]]",True,72,72,12:45:52.289718
pajamas I Dylan outside Dylan outside my snake with Dylan embarked a camera in Holly by Holly,"[['RELIGION AND SPIRITUALITY', 0.05408842], ['HOBBIES AND INTERESTS', 0.05347455], ['TRAVEL', 0.05299069], ['TECHNOLOGY AND COMPUTING', 0.05245126], ['SPORTS', 0.04980224]]","[['HOBBIES & INTERESTS', 0.08], ['BIRDWATCHING', 0.05]]",True,73,73,12:45:55.051981
pajamas I Dylan outside Dylan outside an snake with Dylan embarked a camera in Holly by Holly,"[['RELIGION AND SPIRITUALITY', 0.05248009], ['HOBBIES AND INTERESTS', 0.05227907], ['SPORTS', 0.05175333], ['TECHNOLOGY AND COMPUTING', 0.05158023], ['TRAVEL', 0.05110683]]","[['HOBBIES & INTERESTS', 0.08], ['BIRDWATCHING', 0.05]]",True,74,74,12:45:57.920028
pajamas I Dylan outside Dylan outside an snake with Dylan embarked a camera in Holly with Holly,"[['RELIGION AND SPIRITUALITY', 0.05248009], ['HOBBIES AND INTERESTS', 0.05227907], ['SPORTS', 0.05175333], ['TECHNOLOGY AND COMPUTING', 0.05158023], ['TRAVEL', 0.05110683]]","[['HOBBIES & INTERESTS', 0.08], ['BIRDWATCHING', 0.05]]",True,75,75,12:46:00.598648
man I Dylan outside Dylan outside an snake with Dylan embarked a camera in Holly with Holly,"[['SPORTS', 0.05351473], ['HOBBIES AND INTERESTS', 0.05321561], ['RELIGION AND SPIRITUALITY', 0.05301026], ['TRAVEL', 0.05233013], ['ARTS AND ENTERTAINMENT', 0.05155992]]","[['HOBBIES & INTERESTS', 0.08], ['PHOTOGRAPHY', 0.05]]",True,76,76,12:46:03.750552
man I Dylan outside Marcus outside an snake with Dylan embarked a camera in Holly with Holly,"[['SPORTS', 0.05336291], ['HOBBIES AND INTERESTS', 0.05295789], ['RELIGION AND SPIRITUALITY', 0.05234349], ['ARTS AND ENTERTAINMENT', 0.05156689], ['TRAVEL', 0.0507028]]","[['EXTREME GRAPHIC/EXPLICIT VIOLENCE', 0.19], ['HOBBIES & INTERESTS', 0.08], ['NON-STANDARD CONTENT', 0.06], ['PHOTOGRAPHY', 0.05]]",True,77,77,12:46:06.610356
man I Dylan outside Marcus outside a snake with Dylan embarked a camera in Holly with Holly,"[['SPORTS', 0.05336291], ['HOBBIES AND INTERESTS', 0.05295789], ['RELIGION AND SPIRITUALITY', 0.05234349], ['ARTS AND ENTERTAINMENT', 0.05156689], ['TRAVEL', 0.0507028]]","[['EXTREME GRAPHIC/EXPLICIT VIOLENCE', 0.19], ['HOBBIES & INTERESTS', 0.08], ['NON-STANDARD CONTENT', 0.06], ['PHOTOGRAPHY', 0.05]]",True,78,78,12:46:09.296138
man I Dylan outside Marcus outside a snake with Dylan studied a camera in Holly with Holly,"[['SPORTS', 0.05384459], ['ARTS AND ENTERTAINMENT', 0.05201608], ['TRAVEL', 0.05193814], ['HOBBIES AND INTERESTS', 0.05191637], ['RELIGION AND SPIRITUALITY', 0.05147403]]","[['HOBBIES & INTERESTS', 0.08], ['PHOTOGRAPHY', 0.05]]",True,79,79,12:46:12.930975
man I Dylan outside Marcus outside a man with Dylan studied a camera in Holly with Holly,"[['SPORTS', 0.0527625], ['RELIGION AND SPIRITUALITY', 0.05181431], ['HOBBIES AND INTERESTS', 0.05167194], ['ARTS AND ENTERTAINMENT', 0.05129893], ['TRAVEL', 0.05109101]]","[['PROFANE CONTENT', 0.21], ['HOBBIES & INTERESTS', 0.08], ['NON-STANDARD CONTENT', 0.07], ['PHOTOGRAPHY', 0.05]]",True,80,80,12:46:15.821130
man I Dylan outside Dylan outside a man with Dylan studied a camera in Holly with Holly,"[['SPORTS', 0.05291186], ['TRAVEL', 0.05273004], ['RELIGION AND SPIRITUALITY', 0.0524736], ['HOBBIES AND INTERESTS', 0.05192267], ['TECHNOLOGY AND COMPUTING', 0.05188072]]","[['PROFANE CONTENT', 0.2], ['HOBBIES & INTERESTS', 0.08], ['NON-STANDARD CONTENT', 0.06], ['PHOTOGRAPHY', 0.05]]",True,81,81,12:46:18.647637
man I Dylan outside Dylan outside my man with Dylan studied a camera in Holly with Holly,"[['TRAVEL', 0.0546296], ['RELIGION AND SPIRITUALITY', 0.05403807], ['HOBBIES AND INTERESTS', 0.05306712], ['TECHNOLOGY AND COMPUTING', 0.05286304], ['SPORTS', 0.05170445]]","[['PROFANE CONTENT', 0.2], ['HOBBIES & INTERESTS', 0.08], ['NON-STANDARD CONTENT', 0.06], ['PHOTOGRAPHY', 0.05]]",True,82,82,12:46:21.448376
man I Dylan outside Dylan outside my man with Dylan studied my camera in Holly with Holly,"[['TRAVEL', 0.05471295], ['RELIGION AND SPIRITUALITY', 0.05402039], ['TECHNOLOGY AND COMPUTING', 0.05304664], ['HOBBIES AND INTERESTS', 0.0529925], ['SPORTS', 0.05163491]]","[['PROFANE CONTENT', 0.2], ['HOBBIES & INTERESTS', 0.08], ['NON-STANDARD CONTENT', 0.06], ['PHOTOGRAPHY', 0.05]]",True,83,83,12:46:24.229874
man I Dylan outside Dylan with my man with Dylan studied my camera in Holly with Holly,"[['TRAVEL', 0.05454415], ['RELIGION AND SPIRITUALITY', 0.0541104], ['HOBBIES AND INTERESTS', 0.05295349], ['TECHNOLOGY AND COMPUTING', 0.05260108], ['SPORTS', 0.05172426]]","[['PROFANE CONTENT', 0.2], ['HOBBIES & INTERESTS', 0.08], ['NON-STANDARD CONTENT', 0.06], ['PHOTOGRAPHY', 0.05]]",True,84,84,12:46:27.044577
man I Dylan outside Dylan with my man with Dylan studied my camera in Dylan with Holly,"[['TRAVEL', 0.05454415], ['RELIGION AND SPIRITUALITY', 0.0541104], ['HOBBIES AND INTERESTS', 0.05295349], ['TECHNOLOGY AND COMPUTING', 0.05260108], ['SPORTS', 0.05172426]]","[['HOBBIES & INTERESTS', 0.08], ['PHOTOGRAPHY', 0.05]]",True,85,85,12:46:29.788894
man I Dylan outside Dylan with my man with Dylan studied an camera in Dylan with Holly,"[['TRAVEL', 0.05446098], ['RELIGION AND SPIRITUALITY', 0.05412804], ['HOBBIES AND INTERESTS', 0.05302799], ['TECHNOLOGY AND COMPUTING', 0.05241896], ['SPORTS', 0.05179385]]","[['HOBBIES & INTERESTS', 0.08], ['PHOTOGRAPHY', 0.05]]",True,86,86,12:46:32.868610
man I Dylan outside Dylan with my man with Dylan studied an camera in Dylan with I,"[['TRAVEL', 0.05553971], ['HOBBIES AND INTERESTS', 0.05361797], ['SPORTS', 0.0534879], ['RELIGION AND SPIRITUALITY', 0.05311376], ['HEALTH AND FITNESS', 0.0522538]]","[['HOBBIES & INTERESTS', 0.08], ['PHOTOGRAPHY', 0.05]]",True,87,87,12:46:35.749527
man I Dylan outside Dylan with my man with Dylan studied an province in Dylan with I,"[['TRAVEL', 0.05651477], ['SPORTS', 0.05494917], ['RELIGION AND SPIRITUALITY', 0.0542982], ['HEALTH AND FITNESS', 0.05323043], ['EDUCATION', 0.05029253]]","[['PROFANE CONTENT', 0.2], ['HOBBIES & INTERESTS', 0.07], ['NON-STANDARD CONTENT', 0.06], ['BIRDWATCHING', 0.05]]",True,88,88,12:46:38.818025
man I Marcus outside Dylan with my man with Dylan studied an province in Dylan with I,"[['SPORTS', 0.05479216], ['TRAVEL', 0.05475619], ['RELIGION AND SPIRITUALITY', 0.05361413], ['HEALTH AND FITNESS', 0.05293996], ['EDUCATION', 0.0509624]]","[['PROFANE CONTENT', 0.2], ['HOBBIES & INTERESTS', 0.07], ['NON-STANDARD CONTENT', 0.07], ['SPORTS', 0.06], ['BIRDWATCHING', 0.05]]",True,89,89,12:46:41.973730
man I Marcus outside Dylan with my man with Dylan studied an province in Dylan with Dylan,"[['SPORTS', 0.05479216], ['TRAVEL', 0.05475619], ['RELIGION AND SPIRITUALITY', 0.05361413], ['HEALTH AND FITNESS', 0.05293996], ['EDUCATION', 0.0509624]]","[['PROFANE CONTENT', 0.2], ['HOBBIES & INTERESTS', 0.07], ['NON-STANDARD CONTENT', 0.06], ['BIRDWATCHING', 0.05]]",True,90,90,12:46:44.975345
man I Marcus outside Dylan with my man with Dylan studied an cat in Dylan with Dylan,"[['PETS', 0.06072565], ['HEALTH AND FITNESS', 0.05318158], ['SPORTS', 0.05278867], ['TRAVEL', 0.05105292], ['EDUCATION', 0.0510392]]","[['CATS', 0.24], ['PROFANE CONTENT', 0.2], ['HOBBIES & INTERESTS', 0.07], ['PETS', 0.06], ['NON-STANDARD CONTENT', 0.06]]",True,91,91,12:46:48.022717
man I Marcus outside Dylan with my province with Dylan studied an cat in Dylan with Dylan,"[['PETS', 0.06088572], ['HEALTH AND FITNESS', 0.05282719], ['TRAVEL', 0.0525833], ['SPORTS', 0.0521164], ['EDUCATION', 0.05126061]]","[['CATS', 0.23], ['HOBBIES & INTERESTS', 0.07], ['PETS', 0.07], ['CANDLE & SOAP MAKING', 0.05]]",True,92,92,12:46:50.972510
man I Marcus outside Dylan with the province with Dylan studied an cat in Dylan with Dylan,"[['PETS', 0.05865958], ['SPORTS', 0.05408257], ['EDUCATION', 0.05093963], ['TRAVEL', 0.05088777], ['SCIENCE', 0.05068515]]","[['CATS', 0.23], ['HOBBIES & INTERESTS', 0.07], ['PETS', 0.07], ['CANDLE & SOAP MAKING', 0.05]]",True,93,93,12:46:53.856914
man I Marcus outside Dylan with the man with Dylan studied an cat in Dylan with Dylan,"[['PETS', 0.05855755], ['SPORTS', 0.05395052], ['SCIENCE', 0.05090797], ['HEALTH AND FITNESS', 0.05085399], ['EDUCATION', 0.05076484]]","[['CATS', 0.24], ['PROFANE CONTENT', 0.2], ['HOBBIES & INTERESTS', 0.07], ['PETS', 0.06], ['NON-STANDARD CONTENT', 0.06]]",True,94,94,12:46:56.956944
man I Marcus outside Holly with the man with Dylan studied an cat in Dylan with Dylan,"[['PETS', 0.05856683], ['SPORTS', 0.05224373], ['EDUCATION', 0.05069581], ['SCIENCE', 0.05064785], ['RELIGION AND SPIRITUALITY', 0.04996859]]","[['CATS', 0.26], ['PROFANE CONTENT', 0.2], ['PETS', 0.07], ['HOBBIES & INTERESTS', 0.07], ['NON-STANDARD CONTENT', 0.07]]",True,95,95,12:47:00.109129
man I Marcus outside Holly with the man with Dylan studied an cat with Dylan with Dylan,"[['PETS', 0.05856683], ['SPORTS', 0.05224373], ['EDUCATION', 0.05069581], ['SCIENCE', 0.05064785], ['RELIGION AND SPIRITUALITY', 0.04996859]]","[['CATS', 0.26], ['PROFANE CONTENT', 0.2], ['PETS', 0.07], ['HOBBIES & INTERESTS', 0.07], ['NON-STANDARD CONTENT', 0.07]]",True,96,96,12:47:03.074848
man I Marcus outside Holly with the man with Dylan started an cat with Dylan with Dylan,"[['PETS', 0.05852764], ['SPORTS', 0.05279307], ['HOBBIES AND INTERESTS', 0.0523671], ['RELIGION AND SPIRITUALITY', 0.05181889], ['HEALTH AND FITNESS', 0.05013843]]","[['CATS', 0.27], ['PROFANE CONTENT', 0.2], ['PETS', 0.07], ['NON-STANDARD CONTENT', 0.07], ['HOBBIES & INTERESTS', 0.07]]",True,97,97,12:47:06.038546
man I Marcus outside Holly with my man with Dylan started an cat with Dylan with Dylan,"[['PETS', 0.06069169], ['HOBBIES AND INTERESTS', 0.05345709], ['RELIGION AND SPIRITUALITY', 0.05342792], ['HEALTH AND FITNESS', 0.05243071], ['SPORTS', 0.05165362]]","[['CATS', 0.27], ['PROFANE CONTENT', 0.2], ['PETS', 0.07], ['NON-STANDARD CONTENT', 0.07], ['HOBBIES & INTERESTS', 0.07]]",True,98,98,12:47:08.910413
man I Marcus outside Holly with my man with Dylan started an forest with Dylan with Dylan,"[['RELIGION AND SPIRITUALITY', 0.05608037], ['HOBBIES AND INTERESTS', 0.05312722], ['HEALTH AND FITNESS', 0.05297318], ['SPORTS', 0.05126744], ['BUSINESS', 0.05068297]]","[['PROFANE CONTENT', 0.2], ['NON-STANDARD CONTENT', 0.07], ['HOBBIES & INTERESTS', 0.07], ['SPORTS', 0.06], ['BIRDWATCHING', 0.06]]",True,99,99,12:47:11.965656
man I Marcus outside Holly with my man with Dylan made an forest with Dylan with Dylan,"[['RELIGION AND SPIRITUALITY', 0.05675753], ['TRAVEL', 0.05272289], ['HOBBIES AND INTERESTS', 0.05253813], ['ARTS AND ENTERTAINMENT', 0.05131409], ['SPORTS', 0.05106911]]","[['PROFANE CONTENT', 0.2], ['NON-STANDARD CONTENT', 0.07], ['HOBBIES & INTERESTS', 0.07], ['BIRDWATCHING', 0.06], ['SPORTS', 0.06]]",True,100,100,12:47:14.851837
man I Marcus outside Holly with my man with Dylan conflicted an forest with Dylan with Dylan,"[['RELIGION AND SPIRITUALITY', 0.05495691], ['TRAVEL', 0.05190332], ['HEALTH AND FITNESS', 0.0515648], ['ARTS AND ENTERTAINMENT', 0.0510552], ['SPORTS', 0.05047328]]","[['PROFANE CONTENT', 0.2], ['HOBBIES & INTERESTS', 0.07], ['NON-STANDARD CONTENT', 0.07], ['BIRDWATCHING', 0.06], ['SPORTS', 0.06]]",True,101,101,12:47:17.758651
man I Marcus outside Holly with my man with Dylan studied an forest with Dylan with Dylan,"[['RELIGION AND SPIRITUALITY', 0.05409158], ['TRAVEL', 0.0527975], ['HEALTH AND FITNESS', 0.05264272], ['EDUCATION', 0.05148766], ['ARTS AND ENTERTAINMENT', 0.05087426]]","[['PROFANE CONTENT', 0.2], ['HOBBIES & INTERESTS', 0.07], ['NON-STANDARD CONTENT', 0.07], ['BIRDWATCHING', 0.06]]",True,102,102,12:47:20.672643
man I Marcus outside Holly with my man with Dylan studied an camera with Dylan with Dylan,"[['RELIGION AND SPIRITUALITY', 0.05345104], ['HOBBIES AND INTERESTS', 0.05277496], ['TRAVEL', 0.05277118], ['SPORTS', 0.05165063], ['EDUCATION', 0.05130078]]","[['PROFANE CONTENT', 0.2], ['HOBBIES & INTERESTS', 0.08], ['NON-STANDARD CONTENT', 0.07], ['PHOTOGRAPHY', 0.05]]",True,103,103,12:47:23.745450
man I Marcus outside Holly with my man with Dylan studied my camera with Dylan with Dylan,"[['RELIGION AND SPIRITUALITY', 0.053434], ['TRAVEL', 0.05285214], ['HOBBIES AND INTERESTS', 0.05270119], ['SPORTS', 0.05158159], ['TECHNOLOGY AND COMPUTING', 0.05129925]]","[['PROFANE CONTENT', 0.2], ['HOBBIES & INTERESTS', 0.08], ['NON-STANDARD CONTENT', 0.07], ['PHOTOGRAPHY', 0.05]]",True,104,104,12:47:26.656518
man I Marcus outside Holly with my man by Dylan studied my camera with Dylan with Dylan,"[['RELIGION AND SPIRITUALITY', 0.053434], ['TRAVEL', 0.05285214], ['HOBBIES AND INTERESTS', 0.05270119], ['SPORTS', 0.05158159], ['TECHNOLOGY AND COMPUTING', 0.05129925]]","[['PROFANE CONTENT', 0.2], ['HOBBIES & INTERESTS', 0.08], ['NON-STANDARD CONTENT', 0.07], ['PHOTOGRAPHY', 0.05]]",True,105,105,12:47:29.229419
man I Marcus with Holly with my man by Dylan studied my camera with Dylan with Dylan,"[['HOBBIES AND INTERESTS', 0.05532918], ['TECHNOLOGY AND COMPUTING', 0.0519561], ['EDUCATION', 0.05126735], ['ARTS AND ENTERTAINMENT', 0.05094021], ['TRAVEL', 0.04993246]]","[['PROFANE CONTENT', 0.2], ['HOBBIES & INTERESTS', 0.08], ['NON-STANDARD CONTENT', 0.07], ['PHOTOGRAPHY', 0.05]]",True,106,106,12:47:32.152968
man I Marcus with Holly with my man by Dylan captured my camera with Dylan with Dylan,"[['HOBBIES AND INTERESTS', 0.057486], ['TECHNOLOGY AND COMPUTING', 0.05389072], ['AUTOMOTIVE', 0.0501418], ['ARTS AND ENTERTAINMENT', 0.04959199], ['RELIGION AND SPIRITUALITY', 0.04936464]]","[['PROFANE CONTENT', 0.2], ['HOBBIES & INTERESTS', 0.08], ['NON-STANDARD CONTENT', 0.07], ['PHOTOGRAPHY', 0.06]]",True,107,107,12:47:35.444254
man I Marcus with Holly with my man by Dylan captured my camera with Dylan on Dylan,"[['HOBBIES AND INTERESTS', 0.057486], ['TECHNOLOGY AND COMPUTING', 0.05389072], ['AUTOMOTIVE', 0.0501418], ['ARTS AND ENTERTAINMENT', 0.04959199], ['RELIGION AND SPIRITUALITY', 0.04936464]]","[['PROFANE CONTENT', 0.2], ['HOBBIES & INTERESTS', 0.08], ['NON-STANDARD CONTENT', 0.07], ['PHOTOGRAPHY', 0.06]]",True,108,108,12:47:38.113570
man I Marcus with Holly with my man by Dylan captured my camera with Dylan on I,"[['HOBBIES AND INTERESTS', 0.057486], ['TECHNOLOGY AND COMPUTING', 0.05389072], ['AUTOMOTIVE', 0.0501418], ['ARTS AND ENTERTAINMENT', 0.04959199], ['RELIGION AND SPIRITUALITY', 0.04936464]]","[['PROFANE CONTENT', 0.21], ['HOBBIES & INTERESTS', 0.08], ['NON-STANDARD CONTENT', 0.07], ['PHOTOGRAPHY', 0.06]]",True,109,109,12:47:40.789030
man I Marcus with Holly with my pajamas by Dylan captured my camera with Dylan on I,"[['HOBBIES AND INTERESTS', 0.05745588], ['TECHNOLOGY AND COMPUTING', 0.05358709], ['HEALTH AND FITNESS', 0.05026022], ['AUTOMOTIVE', 0.05004668], ['EDUCATION', 0.0493832]]","[['HOBBIES & INTERESTS', 0.08], ['PHOTOGRAPHY', 0.06]]",True,110,110,12:47:43.475341
man I Marcus with Marcus with my pajamas by Dylan captured my camera with Dylan on I,"[['HOBBIES AND INTERESTS', 0.0581012], ['TECHNOLOGY AND COMPUTING', 0.05268563], ['HEALTH AND FITNESS', 0.05131772], ['AUTOMOTIVE', 0.04980195], ['EDUCATION', 0.04945741]]","[['HOBBIES & INTERESTS', 0.08], ['PHOTOGRAPHY', 0.06]]",True,111,111,12:47:46.323476
man I Marcus with Marcus with my pajamas by Dylan captured a camera with Dylan on I,"[['HOBBIES AND INTERESTS', 0.05818254], ['TECHNOLOGY AND COMPUTING', 0.05250286], ['HEALTH AND FITNESS', 0.05135845], ['AUTOMOTIVE', 0.04981785], ['EDUCATION', 0.0494732]]","[['HOBBIES & INTERESTS', 0.08], ['PHOTOGRAPHY', 0.06]]",True,112,112,12:47:49.244587
man Dylan Marcus with Marcus with my pajamas by Dylan captured a camera with Dylan on I,"[['HOBBIES AND INTERESTS', 0.05817409], ['TECHNOLOGY AND COMPUTING', 0.05254552], ['HEALTH AND FITNESS', 0.05083263], ['AUTOMOTIVE', 0.04996589], ['EDUCATION', 0.04962707]]","[['HOBBIES & INTERESTS', 0.08], ['PHOTOGRAPHY', 0.05]]",True,113,113,12:47:52.069286
man Dylan Marcus with Marcus with my pajamas by Dylan embarked a camera with Dylan on I,"[['HOBBIES AND INTERESTS', 0.05710406], ['TECHNOLOGY AND COMPUTING', 0.05051803], ['SPORTS', 0.04992107], ['AUTOMOTIVE', 0.04992022], ['HEALTH AND FITNESS', 0.04988606]]","[['HOBBIES & INTERESTS', 0.08], ['BIRDWATCHING', 0.05]]",True,114,114,12:47:55.069038
man Dylan Marcus with Marcus with a pajamas by Dylan embarked a camera with Dylan on I,"[['HOBBIES AND INTERESTS', 0.05586865], ['SPORTS', 0.05178727], ['ARTS AND ENTERTAINMENT', 0.05092502], ['TECHNOLOGY AND COMPUTING', 0.05009997], ['SCIENCE', 0.04966471]]","[['HOBBIES & INTERESTS', 0.08], ['BIRDWATCHING', 0.05]]",True,115,115,12:47:58.137655
man Dylan Marcus with Marcus with a pajamas by Dylan studied a camera with Dylan on I,"[['HOBBIES AND INTERESTS', 0.05477067], ['SPORTS', 0.05225547], ['EDUCATION', 0.05199323], ['ARTS AND ENTERTAINMENT', 0.05136936], ['TECHNOLOGY AND COMPUTING', 0.05023131]]","[['HOBBIES & INTERESTS', 0.08], ['BIRDWATCHING', 0.05]]",True,116,116,12:48:00.937953
man Dylan Marcus with Marcus with a pajamas by Dylan studied a bus with Dylan on I,"[['TECHNOLOGY AND COMPUTING', 0.05334266], ['EDUCATION', 0.05264786], ['TRAVEL', 0.05124709], ['HOBBIES AND INTERESTS', 0.05115612], ['HEALTH AND FITNESS', 0.0505359]]","[['EXTREME GRAPHIC/EXPLICIT VIOLENCE', 0.2], ['HOBBIES & INTERESTS', 0.07], ['NON-STANDARD CONTENT', 0.06], ['BIRDWATCHING', 0.05]]",True,117,117,12:48:04.028380
man Dylan Marcus with Marcus with a pajamas by Dylan conflicted a bus with Dylan on I,"[['TECHNOLOGY AND COMPUTING', 0.0532242], ['HOBBIES AND INTERESTS', 0.05257939], ['TRAVEL', 0.05038494], ['ARTS AND ENTERTAINMENT', 0.05010565], ['SCIENCE', 0.05009319]]","[['EXTREME GRAPHIC/EXPLICIT VIOLENCE', 0.2], ['HOBBIES & INTERESTS', 0.07], ['NON-STANDARD CONTENT', 0.06], ['BIRDWATCHING', 0.05]]",True,118,118,12:48:06.997819
man Holly Marcus with Marcus with a pajamas by Dylan conflicted a bus with Dylan on I,"[['TECHNOLOGY AND COMPUTING', 0.05413355], ['HOBBIES AND INTERESTS', 0.05199414], ['ARTS AND ENTERTAINMENT', 0.05057276], ['SCIENCE', 0.04982901], ['EDUCATION', 0.04957821]]","[['EXTREME GRAPHIC/EXPLICIT VIOLENCE', 0.2], ['HOBBIES & INTERESTS', 0.07], ['NON-STANDARD CONTENT', 0.06], ['SPORTS', 0.05], ['BIRDWATCHING', 0.05]]",True,119,119,12:48:09.855540
man Holly Marcus with Marcus with my pajamas by Dylan conflicted a bus with Dylan on I,"[['TECHNOLOGY AND COMPUTING', 0.05459244], ['HOBBIES AND INTERESTS', 0.05315087], ['TRAVEL', 0.05106953], ['HEALTH AND FITNESS', 0.05097093], ['EDUCATION', 0.04991369]]","[['EXTREME GRAPHIC/EXPLICIT VIOLENCE', 0.2], ['HOBBIES & INTERESTS', 0.07], ['NON-STANDARD CONTENT', 0.06], ['SPORTS', 0.05], ['BIRDWATCHING', 0.05]]",True,120,120,12:48:12.579761
man Holly Marcus with Marcus with my pajamas by Dylan made a bus with Dylan on I,"[['HOBBIES AND INTERESTS', 0.05560324], ['TECHNOLOGY AND COMPUTING', 0.05462226], ['TRAVEL', 0.05189457], ['RELIGION AND SPIRITUALITY', 0.05073648], ['ARTS AND ENTERTAINMENT', 0.04962468]]","[['EXTREME GRAPHIC/EXPLICIT VIOLENCE', 0.2], ['HOBBIES & INTERESTS', 0.07], ['NON-STANDARD CONTENT', 0.06], ['SPORTS', 0.05], ['BIRDWATCHING', 0.05]]",True,121,121,12:48:17.194970
man Holly Marcus with Marcus with my pajamas by Dylan conflicted a bus with Dylan on I,"[['TECHNOLOGY AND COMPUTING', 0.05459244], ['HOBBIES AND INTERESTS', 0.05315087], ['TRAVEL', 0.05106953], ['HEALTH AND FITNESS', 0.05097093], ['EDUCATION', 0.04991369]]","[['EXTREME GRAPHIC/EXPLICIT VIOLENCE', 0.2], ['HOBBIES & INTERESTS', 0.07], ['NON-STANDARD CONTENT', 0.06], ['SPORTS', 0.05], ['BIRDWATCHING', 0.05]]",True,121,121,12:48:20.272094
man Holly Marcus with Marcus with my pajamas by Dylan conflicted the bus with Dylan on I,"[['TECHNOLOGY AND COMPUTING', 0.05459244], ['HOBBIES AND INTERESTS', 0.05315087], ['TRAVEL', 0.05106953], ['HEALTH AND FITNESS', 0.05097093], ['EDUCATION', 0.04991369]]","[['EXTREME GRAPHIC/EXPLICIT VIOLENCE', 0.2], ['HOBBIES & INTERESTS', 0.07], ['NON-STANDARD CONTENT', 0.06], ['SPORTS', 0.05], ['BIRDWATCHING', 0.05]]",True,122,122,12:48:23.189463
man Holly Marcus on Marcus with my pajamas by Dylan conflicted the bus with Dylan on I,"[['TECHNOLOGY AND COMPUTING', 0.05459244], ['HOBBIES AND INTERESTS', 0.05315087], ['TRAVEL', 0.05106953], ['HEALTH AND FITNESS', 0.05097093], ['EDUCATION', 0.04991369]]","[['EXTREME GRAPHIC/EXPLICIT VIOLENCE', 0.2], ['HOBBIES & INTERESTS', 0.07], ['NON-STANDARD CONTENT', 0.06], ['SPORTS', 0.05], ['BIRDWATCHING', 0.05]]",True,123,123,12:48:26.278217
man Holly Marcus on Marcus with my man by Dylan conflicted the bus with Dylan on I,"[['TECHNOLOGY AND COMPUTING', 0.05490437], ['HOBBIES AND INTERESTS', 0.05318125], ['TRAVEL', 0.05109685], ['ARTS AND ENTERTAINMENT', 0.05033387], ['HEALTH AND FITNESS', 0.04966686]]","[['PROFANE CONTENT', 0.2], ['PAGAN/WICCAN', 0.16], ['NON-STANDARD CONTENT', 0.07], ['HOBBIES & INTERESTS', 0.06], ['RELIGION & SPIRITUALITY', 0.06]]",True,124,124,12:48:28.984082
man Holly Marcus on Marcus with my man by I conflicted the bus with Dylan on I,"[['TECHNOLOGY AND COMPUTING', 0.05486324], ['HOBBIES AND INTERESTS', 0.05319232], ['TRAVEL', 0.05083717], ['HEALTH AND FITNESS', 0.05018377], ['ARTS AND ENTERTAINMENT', 0.04965098]]","[['PROFANE CONTENT', 0.21], ['NON-STANDARD CONTENT', 0.07], ['HOBBIES & INTERESTS', 0.06], ['BIRDWATCHING', 0.05]]",True,125,125,12:48:31.722937
man Holly Marcus on Marcus with my man by I studied the bus with Dylan on I,"[['TECHNOLOGY AND COMPUTING', 0.05480731], ['EDUCATION', 0.05191179], ['TRAVEL', 0.05172693], ['HOBBIES AND INTERESTS', 0.05172606], ['HEALTH AND FITNESS', 0.05137601]]","[['PROFANE CONTENT', 0.21], ['NON-STANDARD CONTENT', 0.08], ['HOBBIES & INTERESTS', 0.07], ['BIRDWATCHING', 0.05]]",True,126,126,12:48:34.256566
man Holly Marcus on Marcus on my man by I studied the bus with Dylan on I,"[['TECHNOLOGY AND COMPUTING', 0.05480731], ['EDUCATION', 0.05191179], ['TRAVEL', 0.05172693], ['HOBBIES AND INTERESTS', 0.05172606], ['HEALTH AND FITNESS', 0.05137601]]","[['PROFANE CONTENT', 0.21], ['NON-STANDARD CONTENT', 0.08], ['HOBBIES & INTERESTS', 0.07], ['BIRDWATCHING', 0.05]]",True,127,127,12:48:36.914178
snake Holly Marcus on Marcus on my man by I studied the bus with Dylan on I,"[['TECHNOLOGY AND COMPUTING', 0.05381066], ['TRAVEL', 0.05259418], ['HEALTH AND FITNESS', 0.05200657], ['HOBBIES AND INTERESTS', 0.05198021], ['EDUCATION', 0.05167974]]","[['EXTREME GRAPHIC/EXPLICIT VIOLENCE', 0.19], ['NON-STANDARD CONTENT', 0.07], ['HOBBIES & INTERESTS', 0.07], ['BIRDWATCHING', 0.05]]",True,128,128,12:48:39.479271
snake Holly Marcus on Marcus on my man by I studied the bus by Dylan on I,"[['TECHNOLOGY AND COMPUTING', 0.05381066], ['TRAVEL', 0.05259418], ['HEALTH AND FITNESS', 0.05200657], ['HOBBIES AND INTERESTS', 0.05198021], ['EDUCATION', 0.05167974]]","[['EXTREME GRAPHIC/EXPLICIT VIOLENCE', 0.19], ['NON-STANDARD CONTENT', 0.07], ['HOBBIES & INTERESTS', 0.07], ['BIRDWATCHING', 0.05]]",True,129,129,12:48:42.109771
cat Holly Marcus on Marcus on my man by I studied the bus by Dylan on I,"[['PETS', 0.05977856], ['TECHNOLOGY AND COMPUTING', 0.05597295], ['HOBBIES AND INTERESTS', 0.05248289], ['EDUCATION', 0.05214282], ['HEALTH AND FITNESS', 0.05099666]]","[['CATS', 0.32], ['PETS', 0.09]]",False,130,129,12:48:45.012282
cat Holly Marcus on Dylan on my man by I studied the bus by Dylan on I,"[['PETS', 0.05977856], ['TECHNOLOGY AND COMPUTING', 0.05597295], ['HOBBIES AND INTERESTS', 0.05248289], ['EDUCATION', 0.05214282], ['HEALTH AND FITNESS', 0.05099666]]","[['CATS', 0.32], ['PETS', 0.09]]",False,131,129,12:48:48.249371
cat Holly Marcus on Dylan on the man by I studied the bus by Dylan on I,"[['PETS', 0.05762916], ['TECHNOLOGY AND COMPUTING', 0.05540669], ['EDUCATION', 0.05184894], ['HOBBIES AND INTERESTS', 0.05139679], ['SCIENCE', 0.05029569]]","[['CATS', 0.32], ['PETS', 0.09]]",False,132,129,12:48:51.250153
cat Holly Marcus on Dylan on the cat by I studied the bus by Dylan on I,"[['PETS', 0.06118645], ['TECHNOLOGY AND COMPUTING', 0.05635863], ['EDUCATION', 0.05101757], ['HOBBIES AND INTERESTS', 0.05046686], ['STYLE AND FASHION', 0.04847199]]","[['CATS', 0.54], ['PETS', 0.16]]",False,133,129,12:48:53.879599
cat Holly Marcus on Dylan on the cat by I studied the bus in Dylan on I,"[['PETS', 0.06118645], ['TECHNOLOGY AND COMPUTING', 0.05635863], ['EDUCATION', 0.05101757], ['HOBBIES AND INTERESTS', 0.05046686], ['STYLE AND FASHION', 0.04847199]]","[['CATS', 0.54], ['PETS', 0.16]]",False,134,129,12:48:56.512596
cat Holly Marcus on Dylan on the cat by Holly studied the bus in Dylan on I,"[['PETS', 0.06070866], ['TECHNOLOGY AND COMPUTING', 0.05658322], ['EDUCATION', 0.05107682], ['HOBBIES AND INTERESTS', 0.05052544], ['ARTS AND ENTERTAINMENT', 0.04839107]]","[['CATS', 0.5], ['PETS', 0.13]]",False,135,129,12:48:59.480007
cat Holly Marcus on Dylan on the cat by Holly conflicted the bus in Dylan on I,"[['PETS', 0.06148634], ['TECHNOLOGY AND COMPUTING', 0.05643209], ['HOBBIES AND INTERESTS', 0.05190774], ['STYLE AND FASHION', 0.04881265], ['ARTS AND ENTERTAINMENT', 0.04854685]]","[['CATS', 0.49], ['PETS', 0.13]]",False,136,129,12:49:02.217884
cat Holly Marcus on Dylan on the cat by Holly started the bus in Dylan on I,"[['PETS', 0.06067861], ['TECHNOLOGY AND COMPUTING', 0.05565849], ['HOBBIES AND INTERESTS', 0.05493382], ['CAREERS', 0.04841495], ['EDUCATION', 0.04813214]]","[['CATS', 0.51], ['PETS', 0.14]]",False,137,129,12:49:05.152466
cat Holly Marcus on Dylan on the cat by Holly started the bus on Dylan on I,"[['PETS', 0.06067861], ['TECHNOLOGY AND COMPUTING', 0.05565849], ['HOBBIES AND INTERESTS', 0.05493382], ['CAREERS', 0.04841495], ['EDUCATION', 0.04813214]]","[['CATS', 0.51], ['PETS', 0.14]]",False,138,129,12:49:07.970202
cat Holly Marcus on Dylan on the cat by Holly started the bus on Dylan on Holly,"[['PETS', 0.06262012], ['TECHNOLOGY AND COMPUTING', 0.05176503], ['HOBBIES AND INTERESTS', 0.05175253], ['REAL ESTATE', 0.04931169], ['EDUCATION', 0.04930887]]","[['CATS', 0.45], ['PETS', 0.11]]",False,139,129,12:49:10.962071
cat Holly Marcus on Dylan on the cat by Holly started an bus on Dylan on Holly,"[['PETS', 0.06262012], ['TECHNOLOGY AND COMPUTING', 0.05176503], ['HOBBIES AND INTERESTS', 0.05175253], ['REAL ESTATE', 0.04931169], ['EDUCATION', 0.04930887]]","[['CATS', 0.45], ['PETS', 0.11]]",False,140,129,12:49:14.025409
cat Dylan Marcus on Dylan on the cat by Holly started an bus on Dylan on Holly,"[['PETS', 0.06262012], ['TECHNOLOGY AND COMPUTING', 0.05176503], ['HOBBIES AND INTERESTS', 0.05175253], ['REAL ESTATE', 0.04931169], ['EDUCATION', 0.04930887]]","[['CATS', 0.43], ['PETS', 0.12]]",False,141,129,12:49:17.088396
cat Dylan Marcus on Dylan on the man by Holly started an bus on Dylan on Holly,"[['PETS', 0.05965739], ['HOBBIES AND INTERESTS', 0.05268184], ['TECHNOLOGY AND COMPUTING', 0.05091166], ['EDUCATION', 0.05024601], ['HEALTH AND FITNESS', 0.04945812]]","[['CATS', 0.25], ['PETS', 0.07], ['HOBBIES & INTERESTS', 0.07], ['CANDLE & SOAP MAKING', 0.05]]",True,142,130,12:49:20.016122
cat Dylan Marcus on Dylan on the man by Holly started an bus on Marcus on Holly,"[['PETS', 0.05965739], ['HOBBIES AND INTERESTS', 0.05268184], ['TECHNOLOGY AND COMPUTING', 0.05091166], ['EDUCATION', 0.05024601], ['HEALTH AND FITNESS', 0.04945812]]","[['CATS', 0.27], ['PETS', 0.07], ['HOBBIES & INTERESTS', 0.06], ['CANDLE & SOAP MAKING', 0.05]]",True,143,131,12:49:22.734573
cat Dylan Marcus on Dylan on my man by Holly started an bus on Marcus on Holly,"[['PETS', 0.06189663], ['HOBBIES AND INTERESTS', 0.05380743], ['HEALTH AND FITNESS', 0.05174724], ['TECHNOLOGY AND COMPUTING', 0.05144377], ['EDUCATION', 0.0505424]]","[['CATS', 0.27], ['PETS', 0.07], ['HOBBIES & INTERESTS', 0.06], ['CANDLE & SOAP MAKING', 0.05]]",True,144,132,12:49:25.796163
cat Dylan Marcus on Dylan on my man by Dylan started an bus on Marcus on Holly,"[['PETS', 0.06189663], ['HOBBIES AND INTERESTS', 0.05380743], ['HEALTH AND FITNESS', 0.05174724], ['TECHNOLOGY AND COMPUTING', 0.05144377], ['EDUCATION', 0.0505424]]","[['CATS', 0.25], ['PETS', 0.07], ['HOBBIES & INTERESTS', 0.07], ['CANDLE & SOAP MAKING', 0.05]]",True,145,133,12:49:28.764326
cat Dylan Holly on Dylan on my man by Dylan started an bus on Marcus on Holly,"[['PETS', 0.06189663], ['HOBBIES AND INTERESTS', 0.05380743], ['HEALTH AND FITNESS', 0.05174724], ['TECHNOLOGY AND COMPUTING', 0.05144377], ['EDUCATION', 0.0505424]]","[['CATS', 0.25], ['PETS', 0.07], ['HOBBIES & INTERESTS', 0.07], ['CANDLE & SOAP MAKING', 0.05]]",True,146,134,12:49:31.734769
cat Dylan Holly on Dylan on my man by Dylan started my bus on Marcus on Holly,"[['PETS', 0.06181659], ['HOBBIES AND INTERESTS', 0.05402224], ['TECHNOLOGY AND COMPUTING', 0.05167625], ['HEALTH AND FITNESS', 0.05145864], ['EDUCATION', 0.05047704]]","[['CATS', 0.25], ['PETS', 0.07], ['HOBBIES & INTERESTS', 0.07], ['CANDLE & SOAP MAKING', 0.05]]",True,147,135,12:49:34.619961
cat Dylan Holly on Dylan on my man by Dylan started a bus on Marcus on Holly,"[['PETS', 0.06189663], ['HOBBIES AND INTERESTS', 0.05380743], ['HEALTH AND FITNESS', 0.05174724], ['TECHNOLOGY AND COMPUTING', 0.05144377], ['EDUCATION', 0.0505424]]","[['CATS', 0.25], ['PETS', 0.07], ['HOBBIES & INTERESTS', 0.07], ['CANDLE & SOAP MAKING', 0.05]]",True,148,136,12:49:37.675230
cat Dylan Holly on Dylan on my man by Dylan started a bus on I on Holly,"[['PETS', 0.05997592], ['HOBBIES AND INTERESTS', 0.05720377], ['TECHNOLOGY AND COMPUTING', 0.05691805], ['HEALTH AND FITNESS', 0.05093873], ['TRAVEL', 0.04920554]]","[['CATS', 0.26], ['PETS', 0.07], ['HOBBIES & INTERESTS', 0.07], ['CANDLE & SOAP MAKING', 0.05]]",True,149,137,12:49:40.774643
cat Dylan Holly on Dylan on my man with Dylan started a bus on I on Holly,"[['PETS', 0.05997592], ['HOBBIES AND INTERESTS', 0.05720377], ['TECHNOLOGY AND COMPUTING', 0.05691805], ['HEALTH AND FITNESS', 0.05093873], ['TRAVEL', 0.04920554]]","[['CATS', 0.26], ['PETS', 0.07], ['HOBBIES & INTERESTS', 0.07], ['CANDLE & SOAP MAKING', 0.05]]",True,150,138,12:49:43.955871
cat Dylan Holly on Dylan on my man with Dylan started a bus with I on Holly,"[['PETS', 0.05997592], ['HOBBIES AND INTERESTS', 0.05720377], ['TECHNOLOGY AND COMPUTING', 0.05691805], ['HEALTH AND FITNESS', 0.05093873], ['TRAVEL', 0.04920554]]","[['CATS', 0.26], ['PETS', 0.07], ['HOBBIES & INTERESTS', 0.07], ['CANDLE & SOAP MAKING', 0.05]]",True,151,139,12:49:46.904216
cat Holly Holly on Dylan on my man with Dylan started a bus with I on Holly,"[['PETS', 0.05997592], ['HOBBIES AND INTERESTS', 0.05720377], ['TECHNOLOGY AND COMPUTING', 0.05691805], ['HEALTH AND FITNESS', 0.05093873], ['TRAVEL', 0.04920554]]","[['CATS', 0.27], ['EXTREME GRAPHIC/EXPLICIT VIOLENCE', 0.2], ['PETS', 0.07], ['HOBBIES & INTERESTS', 0.06], ['NON-STANDARD CONTENT', 0.06]]",True,152,140,12:49:49.770000
cat Holly Holly on Dylan on the man with Dylan started a bus with I on Holly,"[['PETS', 0.05783156], ['TECHNOLOGY AND COMPUTING', 0.05635405], ['HOBBIES AND INTERESTS', 0.05603173], ['ARTS AND ENTERTAINMENT', 0.05013026], ['HEALTH AND FITNESS', 0.04870676]]","[['CATS', 0.27], ['EXTREME GRAPHIC/EXPLICIT VIOLENCE', 0.2], ['PETS', 0.07], ['HOBBIES & INTERESTS', 0.06], ['NON-STANDARD CONTENT', 0.06]]",True,153,141,12:49:52.743224
cat Holly Holly on Dylan on the man with Dylan started my bus with I on Holly,"[['PETS', 0.05994399], ['HOBBIES AND INTERESTS', 0.05747589], ['TECHNOLOGY AND COMPUTING', 0.05705776], ['HEALTH AND FITNESS', 0.05089054], ['TRAVEL', 0.04930844]]","[['CATS', 0.27], ['EXTREME GRAPHIC/EXPLICIT VIOLENCE', 0.2], ['PETS', 0.07], ['HOBBIES & INTERESTS', 0.06], ['NON-STANDARD CONTENT', 0.06]]",True,154,142,12:49:55.707275
cat Holly Holly on Dylan on the man with Dylan started my hill with I on Holly,"[['PETS', 0.0602517], ['HOBBIES AND INTERESTS', 0.05792272], ['ARTS AND ENTERTAINMENT', 0.05300146], ['SPORTS', 0.05104327], ['TECHNOLOGY AND COMPUTING', 0.05058858]]","[['CATS', 0.27], ['PETS', 0.07], ['HOBBIES & INTERESTS', 0.07], ['CANDLE & SOAP MAKING', 0.05]]",True,155,143,12:49:58.768300
cat Holly Holly on Holly on the man with Dylan started my hill with I on Holly,"[['PETS', 0.0602517], ['HOBBIES AND INTERESTS', 0.05792272], ['ARTS AND ENTERTAINMENT', 0.05300146], ['SPORTS', 0.05104327], ['TECHNOLOGY AND COMPUTING', 0.05058858]]","[['CATS', 0.26], ['EXTREME GRAPHIC/EXPLICIT VIOLENCE', 0.2], ['PETS', 0.07], ['HOBBIES & INTERESTS', 0.07], ['NON-STANDARD CONTENT', 0.06]]",True,156,144,12:50:01.604332
cat Holly Holly on Holly on the man with Dylan started my hill outside I on Holly,"[['PETS', 0.06095416], ['HOBBIES AND INTERESTS', 0.05525051], ['SPORTS', 0.05339336], ['RELIGION AND SPIRITUALITY', 0.05262328], ['ARTS AND ENTERTAINMENT', 0.05217313]]","[['CATS', 0.26], ['EXTREME GRAPHIC/EXPLICIT VIOLENCE', 0.2], ['PETS', 0.07], ['HOBBIES & INTERESTS', 0.07], ['NON-STANDARD CONTENT', 0.06]]",True,157,145,12:50:04.657165
cat Holly Holly on Holly on the man with Dylan studied my hill outside I on Holly,"[['PETS', 0.06107535], ['ARTS AND ENTERTAINMENT', 0.0528879], ['SPORTS', 0.05272979], ['TRAVEL', 0.05245701], ['HEALTH AND FITNESS', 0.05116124]]","[['CATS', 0.25], ['EXTREME GRAPHIC/EXPLICIT VIOLENCE', 0.2], ['HOBBIES & INTERESTS', 0.07], ['PETS', 0.07], ['NON-STANDARD CONTENT', 0.06]]",True,158,146,12:50:07.645690
cat Holly Holly on Holly on the man with Dylan studied my hill outside I on I,"[['PETS', 0.06093994], ['SPORTS', 0.05419664], ['ARTS AND ENTERTAINMENT', 0.05282447], ['TRAVEL', 0.05260758], ['HOBBIES AND INTERESTS', 0.05166732]]","[['CATS', 0.29], ['PETS', 0.08], ['HOBBIES & INTERESTS', 0.07], ['CANDLE & SOAP MAKING', 0.05]]",True,159,147,12:50:10.448987
cat Holly Holly on Holly on the man with Marcus studied my hill outside I on I,"[['PETS', 0.060363], ['SPORTS', 0.05339131], ['ARTS AND ENTERTAINMENT', 0.05265158], ['EDUCATION', 0.05200343], ['HEALTH AND FITNESS', 0.05128607]]","[['CATS', 0.29], ['PETS', 0.08], ['HOBBIES & INTERESTS', 0.07], ['CANDLE & SOAP MAKING', 0.05]]",True,160,148,12:50:13.305900
cat Holly Holly on Holly in the man with Marcus studied my hill outside I on I,"[['PETS', 0.060363], ['SPORTS', 0.05339131], ['ARTS AND ENTERTAINMENT', 0.05265158], ['EDUCATION', 0.05200343], ['HEALTH AND FITNESS', 0.05128607]]","[['CATS', 0.29], ['PETS', 0.08], ['HOBBIES & INTERESTS', 0.07], ['CANDLE & SOAP MAKING', 0.05]]",True,161,149,12:50:16.325311
cat Holly Holly on Holly in the man with Marcus studied my man outside I on I,"[['PETS', 0.06017035], ['HEALTH AND FITNESS', 0.05190437], ['SPORTS', 0.05173789], ['EDUCATION', 0.05139782], ['RELIGION AND SPIRITUALITY', 0.05086481]]","[['CATS', 0.3], ['PROFANE CONTENT', 0.21], ['NON-STANDARD CONTENT', 0.07], ['PETS', 0.07], ['HOBBIES & INTERESTS', 0.07]]",True,162,150,12:50:19.156722
cat Holly Holly on Holly in the man with Marcus studied my bus outside I on I,"[['PETS', 0.0600482], ['TECHNOLOGY AND COMPUTING', 0.05614144], ['TRAVEL', 0.05294366], ['EDUCATION', 0.05266066], ['HEALTH AND FITNESS', 0.05250093]]","[['CATS', 0.29], ['EXTREME GRAPHIC/EXPLICIT VIOLENCE', 0.2], ['PETS', 0.07], ['HOBBIES & INTERESTS', 0.07], ['NON-STANDARD CONTENT', 0.06]]",True,163,151,12:50:22.680070
cat Holly Holly on Holly with the man with Marcus studied my bus outside I on I,"[['PETS', 0.0600482], ['TECHNOLOGY AND COMPUTING', 0.05614144], ['TRAVEL', 0.05294366], ['EDUCATION', 0.05266066], ['HEALTH AND FITNESS', 0.05250093]]","[['CATS', 0.29], ['EXTREME GRAPHIC/EXPLICIT VIOLENCE', 0.2], ['PETS', 0.07], ['HOBBIES & INTERESTS', 0.07], ['NON-STANDARD CONTENT', 0.06]]",True,164,152,12:50:25.906079
cat Holly Holly on Holly with the man with Marcus studied my bus in I on I,"[['PETS', 0.05934848], ['TECHNOLOGY AND COMPUTING', 0.05695565], ['HOBBIES AND INTERESTS', 0.05315884], ['EDUCATION', 0.05266531], ['HEALTH AND FITNESS', 0.05095691]]","[['CATS', 0.29], ['EXTREME GRAPHIC/EXPLICIT VIOLENCE', 0.2], ['PETS', 0.07], ['HOBBIES & INTERESTS', 0.07], ['NON-STANDARD CONTENT', 0.06]]",True,165,153,12:50:28.889107
cat Holly Holly on Holly with the man outside Marcus studied my bus in I on I,"[['PETS', 0.06010831], ['TECHNOLOGY AND COMPUTING', 0.05623911], ['TRAVEL', 0.05312152], ['EDUCATION', 0.05268615], ['HEALTH AND FITNESS', 0.05256025]]","[['CATS', 0.29], ['EXTREME GRAPHIC/EXPLICIT VIOLENCE', 0.2], ['PETS', 0.07], ['HOBBIES & INTERESTS', 0.07], ['NON-STANDARD CONTENT', 0.06]]",True,166,154,12:50:32.093077
cat Holly Holly on Holly with the camera outside Marcus studied my bus in I on I,"[['PETS', 0.06134388], ['TECHNOLOGY AND COMPUTING', 0.05963456], ['HOBBIES AND INTERESTS', 0.0542023], ['EDUCATION', 0.05230868], ['TRAVEL', 0.05219904]]","[['CATS', 0.29], ['HOBBIES & INTERESTS', 0.08], ['PETS', 0.07], ['CANDLE & SOAP MAKING', 0.05]]",True,167,155,12:50:35.259450
cat Holly Holly on Holly with the bus outside Marcus studied my bus in I on I,"[['PETS', 0.06313534], ['TECHNOLOGY AND COMPUTING', 0.05721976], ['EDUCATION', 0.05173783], ['TRAVEL', 0.05163556], ['HEALTH AND FITNESS', 0.05008272]]","[['CATS', 0.27], ['PETS', 0.07], ['HOBBIES & INTERESTS', 0.06], ['CANDLE & SOAP MAKING', 0.05]]",True,168,156,12:50:38.785564
cat Holly Holly on Holly with the bus outside Marcus studied my man in I on I,"[['PETS', 0.05987507], ['TECHNOLOGY AND COMPUTING', 0.05608952], ['HEALTH AND FITNESS', 0.05286805], ['TRAVEL', 0.05253507], ['EDUCATION', 0.05249653]]","[['CATS', 0.29], ['EXTREME GRAPHIC/EXPLICIT VIOLENCE', 0.2], ['PETS', 0.07], ['HOBBIES & INTERESTS', 0.07], ['NON-STANDARD CONTENT', 0.06]]",True,169,157,12:50:42.468947
cat Holly Holly with Holly with the bus outside Marcus studied my man in I on I,"[['PETS', 0.05987507], ['TECHNOLOGY AND COMPUTING', 0.05608952], ['HEALTH AND FITNESS', 0.05286805], ['TRAVEL', 0.05253507], ['EDUCATION', 0.05249653]]","[['CATS', 0.29], ['EXTREME GRAPHIC/EXPLICIT VIOLENCE', 0.2], ['PETS', 0.07], ['HOBBIES & INTERESTS', 0.07], ['NON-STANDARD CONTENT', 0.06]]",True,170,158,12:50:45.447102
cat Holly Holly with Holly with my bus outside Marcus studied my man in I on I,"[['PETS', 0.05987366], ['TECHNOLOGY AND COMPUTING', 0.05608821], ['HEALTH AND FITNESS', 0.05286681], ['TRAVEL', 0.0526634], ['EDUCATION', 0.0524953]]","[['CATS', 0.29], ['EXTREME GRAPHIC/EXPLICIT VIOLENCE', 0.2], ['PETS', 0.07], ['HOBBIES & INTERESTS', 0.07], ['NON-STANDARD CONTENT', 0.06]]",True,171,159,12:50:49.111045
cat Holly Holly with Holly with my bus outside Marcus studied my man in I outside I,"[['PETS', 0.05982179], ['TECHNOLOGY AND COMPUTING', 0.05642475], ['HEALTH AND FITNESS', 0.05339645], ['TRAVEL', 0.05245591], ['EDUCATION', 0.05221874]]","[['CATS', 0.29], ['EXTREME GRAPHIC/EXPLICIT VIOLENCE', 0.2], ['PETS', 0.07], ['HOBBIES & INTERESTS', 0.07], ['NON-STANDARD CONTENT', 0.06]]",True,172,160,12:50:52.033817
cat Holly Holly with Holly with my bus outside Marcus studied my pajamas in I outside I,"[['PETS', 0.06299354], ['TECHNOLOGY AND COMPUTING', 0.05711981], ['EDUCATION', 0.05225292], ['HEALTH AND FITNESS', 0.05167264], ['TRAVEL', 0.05121672]]","[['CATS', 0.29], ['PETS', 0.07], ['HOBBIES & INTERESTS', 0.07], ['CANDLE & SOAP MAKING', 0.05]]",True,173,161,12:50:54.991733
cat Holly Holly with Holly with my bus outside Marcus studied my hill in I outside I,"[['PETS', 0.06325191], ['TECHNOLOGY AND COMPUTING', 0.05650836], ['EDUCATION', 0.05207332], ['TRAVEL', 0.05155498], ['ARTS AND ENTERTAINMENT', 0.05044357]]","[['CATS', 0.29], ['PETS', 0.08], ['HOBBIES & INTERESTS', 0.07], ['CANDLE & SOAP MAKING', 0.05]]",True,174,162,12:50:58.188600
cat Holly Holly with Holly by my bus outside Marcus studied my hill in I outside I,"[['PETS', 0.06325191], ['TECHNOLOGY AND COMPUTING', 0.05650836], ['EDUCATION', 0.05207332], ['TRAVEL', 0.05155498], ['ARTS AND ENTERTAINMENT', 0.05044357]]","[['CATS', 0.29], ['PETS', 0.08], ['HOBBIES & INTERESTS', 0.07], ['CANDLE & SOAP MAKING', 0.05]]",True,175,163,12:51:01.592599
cat Holly Holly with Holly by an bus outside Marcus studied my hill in I outside I,"[['PETS', 0.06325314], ['TECHNOLOGY AND COMPUTING', 0.05650946], ['EDUCATION', 0.05207433], ['TRAVEL', 0.05142913], ['ARTS AND ENTERTAINMENT', 0.05044455]]","[['CATS', 0.29], ['PETS', 0.08], ['HOBBIES & INTERESTS', 0.07], ['CANDLE & SOAP MAKING', 0.05]]",True,176,164,12:51:04.409357
cat Holly Holly with Holly by an bus on Marcus studied my hill in I outside I,"[['PETS', 0.06325314], ['TECHNOLOGY AND COMPUTING', 0.05650946], ['EDUCATION', 0.05207433], ['TRAVEL', 0.05142913], ['ARTS AND ENTERTAINMENT', 0.05044455]]","[['CATS', 0.29], ['PETS', 0.08], ['HOBBIES & INTERESTS', 0.07], ['CANDLE & SOAP MAKING', 0.05]]",True,177,165,12:51:07.889204
province Holly Holly with Holly by an bus on Marcus studied my hill in I outside I,"[['TRAVEL', 0.05522081], ['TECHNOLOGY AND COMPUTING', 0.05448191], ['EDUCATION', 0.05205357], ['ARTS AND ENTERTAINMENT', 0.05171342], ['RELIGION AND SPIRITUALITY', 0.05147781]]","[['HOBBIES & INTERESTS', 0.07], ['CANDLE & SOAP MAKING', 0.05]]",True,178,166,12:51:10.921516
province Holly Holly with Marcus by an bus on Marcus studied my hill in I outside I,"[['TRAVEL', 0.05522081], ['TECHNOLOGY AND COMPUTING', 0.05448191], ['EDUCATION', 0.05205357], ['ARTS AND ENTERTAINMENT', 0.05171342], ['RELIGION AND SPIRITUALITY', 0.05147781]]","[['HOBBIES & INTERESTS', 0.07], ['CANDLE & SOAP MAKING', 0.05]]",True,179,167,12:51:14.495913
province Holly Holly with Marcus by an camera on Marcus studied my hill in I outside I,"[['TRAVEL', 0.05323701], ['ARTS AND ENTERTAINMENT', 0.05320301], ['HOBBIES AND INTERESTS', 0.05244494], ['RELIGION AND SPIRITUALITY', 0.05241702], ['EDUCATION', 0.05139731]]","[['HOBBIES & INTERESTS', 0.08], ['CANDLE & SOAP MAKING', 0.05]]",True,180,168,12:51:17.354895
province Holly Holly with Marcus by an camera on Marcus studied my man in I outside I,"[['RELIGION AND SPIRITUALITY', 0.05456268], ['TRAVEL', 0.05412761], ['HOBBIES AND INTERESTS', 0.05210841], ['EDUCATION', 0.05150305], ['HEALTH AND FITNESS', 0.05122799]]","[['HOBBIES & INTERESTS', 0.08], ['PHOTOGRAPHY', 0.05]]",True,181,169,12:51:20.331147
province Holly Holly with Marcus by an camera on Marcus studied my bus in I outside I,"[['TECHNOLOGY AND COMPUTING', 0.05782095], ['TRAVEL', 0.05580838], ['RELIGION AND SPIRITUALITY', 0.05263168], ['HOBBIES AND INTERESTS', 0.05201005], ['EDUCATION', 0.05199535]]","[['HOBBIES & INTERESTS', 0.08], ['PHOTOGRAPHY', 0.05]]",True,182,170,12:51:23.243906
province Holly Holly with Marcus by an camera on Marcus studied my camera in I outside I,"[['RELIGION AND SPIRITUALITY', 0.05415737], ['TRAVEL', 0.0533531], ['TECHNOLOGY AND COMPUTING', 0.05160698], ['HOBBIES AND INTERESTS', 0.05114211], ['EDUCATION', 0.05078678]]","[['HOBBIES & INTERESTS', 0.09], ['PHOTOGRAPHY', 0.06]]",True,183,171,12:51:26.317351
province Holly I with Marcus by an camera on Marcus studied my camera in I outside I,"[['RELIGION AND SPIRITUALITY', 0.05415737], ['TRAVEL', 0.0533531], ['TECHNOLOGY AND COMPUTING', 0.05160698], ['HOBBIES AND INTERESTS', 0.05114211], ['EDUCATION', 0.05078678]]","[['CAMERAS & CAMCORDERS', 0.33], ['HOBBIES & INTERESTS', 0.09], ['TECHNOLOGY & COMPUTING', 0.08], ['PHOTOGRAPHY', 0.07]]",True,184,172,12:51:29.544973
province Holly I with Marcus by an camera on Marcus studied my camera in I outside Holly,"[['RELIGION AND SPIRITUALITY', 0.05419599], ['TRAVEL', 0.05338527], ['TECHNOLOGY AND COMPUTING', 0.05149343], ['HOBBIES AND INTERESTS', 0.05117858], ['EDUCATION', 0.050823]]","[['HOBBIES & INTERESTS', 0.09], ['PHOTOGRAPHY', 0.06]]",True,185,173,12:51:32.359261
province Holly I with Marcus by an camera on Marcus studied an camera in I outside Holly,"[['RELIGION AND SPIRITUALITY', 0.05251251], ['TRAVEL', 0.05156641], ['TECHNOLOGY AND COMPUTING', 0.05088887], ['EDUCATION', 0.05050289], ['SPORTS', 0.05023094]]","[['HOBBIES & INTERESTS', 0.09], ['PHOTOGRAPHY', 0.06]]",True,186,174,12:51:35.434707
province Holly I with Marcus by an camera on Marcus embarked an camera in I outside Holly,"[['RELIGION AND SPIRITUALITY', 0.05338865], ['HOBBIES AND INTERESTS', 0.05113569], ['TECHNOLOGY AND COMPUTING', 0.05074622], ['TRAVEL', 0.05032967], ['BUSINESS', 0.05001741]]","[['CAMERAS & CAMCORDERS', 0.24], ['HOBBIES & INTERESTS', 0.09], ['TECHNOLOGY & COMPUTING', 0.07], ['PHOTOGRAPHY', 0.06]]",True,187,175,12:51:38.528845
province Holly I with Marcus by a camera on Marcus embarked an camera in I outside Holly,"[['RELIGION AND SPIRITUALITY', 0.05338865], ['HOBBIES AND INTERESTS', 0.05113569], ['TECHNOLOGY AND COMPUTING', 0.05074622], ['TRAVEL', 0.05032967], ['BUSINESS', 0.05001741]]","[['CAMERAS & CAMCORDERS', 0.24], ['HOBBIES & INTERESTS', 0.09], ['TECHNOLOGY & COMPUTING', 0.07], ['PHOTOGRAPHY', 0.06]]",True,188,176,12:51:41.396459
province Holly I with Marcus by a camera on Marcus made an camera in I outside Holly,"[['RELIGION AND SPIRITUALITY', 0.05508676], ['HOBBIES AND INTERESTS', 0.05387392], ['TRAVEL', 0.05148056], ['TECHNOLOGY AND COMPUTING', 0.05076673], ['FOOD AND DRINK', 0.05062495]]","[['CAMERAS & CAMCORDERS', 0.26], ['HOBBIES & INTERESTS', 0.09], ['TECHNOLOGY & COMPUTING', 0.07], ['PHOTOGRAPHY', 0.06]]",True,189,177,12:51:44.509094
province Holly I with Marcus by a camera on Marcus made my camera in I outside Holly,"[['RELIGION AND SPIRITUALITY', 0.05675143], ['HOBBIES AND INTERESTS', 0.05641284], ['TRAVEL', 0.05259907], ['TECHNOLOGY AND COMPUTING', 0.05126549], ['FOOD AND DRINK', 0.05038719]]","[['CAMERAS & CAMCORDERS', 0.26], ['HOBBIES & INTERESTS', 0.09], ['TECHNOLOGY & COMPUTING', 0.07], ['PHOTOGRAPHY', 0.06]]",True,190,178,12:51:47.417047
province Holly I with Marcus by a camera on Marcus made a camera in I outside Holly,"[['RELIGION AND SPIRITUALITY', 0.05508676], ['HOBBIES AND INTERESTS', 0.05387392], ['TRAVEL', 0.05148056], ['TECHNOLOGY AND COMPUTING', 0.05076673], ['FOOD AND DRINK', 0.05062495]]","[['CAMERAS & CAMCORDERS', 0.26], ['HOBBIES & INTERESTS', 0.09], ['TECHNOLOGY & COMPUTING', 0.07], ['PHOTOGRAPHY', 0.06]]",True,191,179,12:51:50.605653
province Holly I with Marcus by a camera on Marcus made a camera in I with Holly,"[['HOBBIES AND INTERESTS', 0.05657821], ['TECHNOLOGY AND COMPUTING', 0.05143296], ['ARTS AND ENTERTAINMENT', 0.05121413], ['FOOD AND DRINK', 0.05012481], ['RELIGION AND SPIRITUALITY', 0.04983887]]","[['CAMERAS & CAMCORDERS', 0.26], ['HOBBIES & INTERESTS', 0.09], ['TECHNOLOGY & COMPUTING', 0.07], ['PHOTOGRAPHY', 0.06]]",True,192,180,12:51:53.692665
province Holly I with Marcus by a camera on Marcus made a province in I with Holly,"[['HOBBIES AND INTERESTS', 0.05666992], ['TECHNOLOGY AND COMPUTING', 0.05205694], ['ARTS AND ENTERTAINMENT', 0.05129846], ['FOOD AND DRINK', 0.0501352], ['RELIGION AND SPIRITUALITY', 0.0498492]]","[['HOBBIES & INTERESTS', 0.08], ['BIRDWATCHING', 0.05]]",True,193,181,12:51:56.630435
man Holly I with Marcus by a camera on Marcus made a province in I with Holly,"[['HOBBIES AND INTERESTS', 0.05761699], ['ARTS AND ENTERTAINMENT', 0.05379018], ['TECHNOLOGY AND COMPUTING', 0.05113615], ['RELIGION AND SPIRITUALITY', 0.05063101], ['SPORTS', 0.05020004]]","[['HOBBIES & INTERESTS', 0.07], ['PHOTOGRAPHY', 0.05]]",True,194,182,12:51:59.497740
man Holly I with Marcus by a camera on Marcus started a province in I with Holly,"[['HOBBIES AND INTERESTS', 0.05827375], ['ARTS AND ENTERTAINMENT', 0.05268879], ['SPORTS', 0.05040427], ['TECHNOLOGY AND COMPUTING', 0.05039653], ['RELIGION AND SPIRITUALITY', 0.05003615]]","[['HOBBIES & INTERESTS', 0.07], ['PHOTOGRAPHY', 0.05]]",True,195,183,12:52:02.612800
man Holly Holly with Marcus by a camera on Marcus started a province in I with Holly,"[['HOBBIES AND INTERESTS', 0.05827375], ['ARTS AND ENTERTAINMENT', 0.05268879], ['SPORTS', 0.05040427], ['TECHNOLOGY AND COMPUTING', 0.05039653], ['RELIGION AND SPIRITUALITY', 0.05003615]]","[['HOBBIES & INTERESTS', 0.07], ['BIRDWATCHING', 0.05]]",True,196,184,12:52:05.536576
man Holly Holly with Marcus by my camera on Marcus started a province in I with Holly,"[['HOBBIES AND INTERESTS', 0.05947711], ['RELIGION AND SPIRITUALITY', 0.05163725], ['ARTS AND ENTERTAINMENT', 0.05145295], ['TECHNOLOGY AND COMPUTING', 0.05099228], ['AUTOMOTIVE', 0.05060815]]","[['HOBBIES & INTERESTS', 0.07], ['BIRDWATCHING', 0.05]]",True,197,185,12:52:08.869326
man Holly Holly with Marcus by an camera on Marcus started a province in I with Holly,"[['HOBBIES AND INTERESTS', 0.05827375], ['ARTS AND ENTERTAINMENT', 0.05268879], ['SPORTS', 0.05040427], ['TECHNOLOGY AND COMPUTING', 0.05039653], ['RELIGION AND SPIRITUALITY', 0.05003615]]","[['HOBBIES & INTERESTS', 0.07], ['BIRDWATCHING', 0.05]]",True,198,186,12:52:12.080848
man Holly Holly with Marcus by an hill on Marcus started a province in I with Holly,"[['ARTS AND ENTERTAINMENT', 0.05509033], ['HOBBIES AND INTERESTS', 0.05483351], ['SPORTS', 0.05416195], ['RELIGION AND SPIRITUALITY', 0.0489409], ['EDUCATION', 0.04842837]]","[['EXTREME GRAPHIC/EXPLICIT VIOLENCE', 0.2], ['HOBBIES & INTERESTS', 0.07], ['SPORTS', 0.06], ['NON-STANDARD CONTENT', 0.06], ['BIRDWATCHING', 0.05]]",True,199,187,12:52:15.525732
