Marcus studied the bus outside an bus Holly Holly by an bus,"[['EDUCATION', 0.05222456], ['BUSINESS', 0.05176388], ['TECHNOLOGY AND COMPUTING', 0.05170044], ['TRAVEL', 0.05143845], ['RELIGION AND SPIRITUALITY', 0.0499326]]","[['RELIGION AND SPIRITUALITY', 0.9969], ['SPORTS', 0.00205703], ['TRAVEL', 0.000173198], ['AUTOMOTIVE', 0.000125348], ['BUSINESS', 8.32962e-05]]",False,1,0,19:27:41.971696
Marcus studied a bus outside an bus Holly Holly by an bus,"[['EDUCATION', 0.05222456], ['BUSINESS', 0.05176388], ['TECHNOLOGY AND COMPUTING', 0.05170044], ['TRAVEL', 0.05143845], ['RELIGION AND SPIRITUALITY', 0.0499326]]","[['RELIGION AND SPIRITUALITY', 0.996125], ['SPORTS', 0.00310483], ['TRAVEL', 0.000116449], ['AUTOMOTIVE', 7.86677e-05], ['NON STANDARD CONTENT', 2.26612e-05]]",False,2,0,19:27:47.410924
Marcus studied a hill outside an bus Holly Holly by an bus,"[['EDUCATION', 0.05283288], ['TRAVEL', 0.05197428], ['TECHNOLOGY AND COMPUTING', 0.05095681], ['BUSINESS', 0.05093267], ['ARTS AND ENTERTAINMENT', 0.05049998]]","[['RELIGION AND SPIRITUALITY', 0.530924], ['TRAVEL', 0.468659], ['SPORTS', 0.000339086], ['HOME AND GARDEN', 2.22263e-06], ['HEALTH AND FITNESS', 2.18104e-06]]",True,3,1,19:27:52.592656
Marcus studied a hill outside an bus Holly Holly on an bus,"[['EDUCATION', 0.05283288], ['TRAVEL', 0.05197428], ['TECHNOLOGY AND COMPUTING', 0.05095681], ['BUSINESS', 0.05093267], ['ARTS AND ENTERTAINMENT', 0.05049998]]","[['RELIGION AND SPIRITUALITY', 0.514331], ['TRAVEL', 0.485164], ['SPORTS', 0.000430277], ['HEALTH AND FITNESS', 1.7773e-06], ['BUSINESS', 1.56963e-06]]",False,4,1,19:27:58.108751
Dylan studied a hill outside an bus Holly Holly on an bus,"[['TRAVEL', 0.05376081], ['EDUCATION', 0.05205044], ['TECHNOLOGY AND COMPUTING', 0.05144861], ['BUSINESS', 0.05115298], ['ARTS AND ENTERTAINMENT', 0.05067312]]","[['RELIGION AND SPIRITUALITY', 0.415614], ['TRAVEL', 0.391728], ['AUTOMOTIVE', 0.19226], ['SPORTS', 0.000347523], ['NON STANDARD CONTENT', 1.53206e-06]]",True,5,2,19:28:04.435274
Dylan studied a hill outside an bus Holly Holly on an camera,"[['TRAVEL', 0.05433423], ['TECHNOLOGY AND COMPUTING', 0.05360677], ['EDUCATION', 0.05261189], ['BUSINESS', 0.05259217], ['ARTS AND ENTERTAINMENT', 0.05192938]]","[['RELIGION AND SPIRITUALITY', 0.670382], ['AUTOMOTIVE', 0.19416], ['TRAVEL', 0.1354], ['SPORTS', 2.94574e-05], ['NON STANDARD CONTENT', 2.18062e-06]]",True,6,3,19:28:10.506593
Dylan studied a hill on an bus Holly Holly on an camera,"[['TECHNOLOGY AND COMPUTING', 0.05429035], ['HOBBIES AND INTERESTS', 0.0526321], ['ARTS AND ENTERTAINMENT', 0.05260094], ['EDUCATION', 0.05259165], ['TRAVEL', 0.05133002]]","[['RELIGION AND SPIRITUALITY', 0.752277], ['AUTOMOTIVE', 0.247032], ['TRAVEL', 0.000413239], ['SPORTS', 0.000141208], ['HOBBIES AND INTERESTS', 5.2333e-05]]",False,7,3,19:28:16.047526
Dylan studied a hill on an bus Holly Holly on a camera,"[['TECHNOLOGY AND COMPUTING', 0.05429035], ['HOBBIES AND INTERESTS', 0.0526321], ['ARTS AND ENTERTAINMENT', 0.05260094], ['EDUCATION', 0.05259165], ['TRAVEL', 0.05133002]]","[['RELIGION AND SPIRITUALITY', 0.749319], ['AUTOMOTIVE', 0.25012], ['TRAVEL', 0.000317459], ['SPORTS', 9.70645e-05], ['HOBBIES AND INTERESTS', 3.7775e-05]]",False,8,3,19:28:21.396034
Dylan studied a province on an bus Holly Holly on a camera,"[['TECHNOLOGY AND COMPUTING', 0.05423748], ['TRAVEL', 0.05231033], ['EDUCATION', 0.05219833], ['BUSINESS', 0.05113601], ['HOBBIES AND INTERESTS', 0.05109627]]","[['RELIGION AND SPIRITUALITY', 0.706441], ['AUTOMOTIVE', 0.293362], ['TRAVEL', 0.000108706], ['NON STANDARD CONTENT', 1.21593e-05], ['HOBBIES AND INTERESTS', 1.04572e-05]]",False,9,3,19:28:27.778195
Dylan studied a province on an pajamas Holly Holly on a camera,"[['EDUCATION', 0.05180128], ['HOBBIES AND INTERESTS', 0.05021027], ['BUSINESS', 0.05002153], ['TRAVEL', 0.04986773], ['ARTS AND ENTERTAINMENT', 0.04931548]]","[['RELIGION AND SPIRITUALITY', 0.93928], ['AUTOMOTIVE', 0.0602994], ['SCIENCE', 0.000295272], ['TRAVEL', 3.76331e-05], ['HOBBIES AND INTERESTS', 1.731e-05]]",False,10,3,19:28:33.717470
Dylan studied a province on an pajamas Holly Holly in a camera,"[['EDUCATION', 0.05180128], ['HOBBIES AND INTERESTS', 0.05021027], ['BUSINESS', 0.05002153], ['TRAVEL', 0.04986773], ['ARTS AND ENTERTAINMENT', 0.04931548]]","[['RELIGION AND SPIRITUALITY', 0.948547], ['AUTOMOTIVE', 0.0511897], ['SCIENCE', 0.000189425], ['TRAVEL', 2.30734e-05], ['HOBBIES AND INTERESTS', 1.03561e-05]]",False,11,3,19:28:39.439814
Dylan studied a camera on an pajamas Holly Holly in a camera,"[['EDUCATION', 0.05161195], ['HOBBIES AND INTERESTS', 0.0504738], ['BUSINESS', 0.05016611], ['TECHNOLOGY AND COMPUTING', 0.04964577], ['ARTS AND ENTERTAINMENT', 0.04852683]]","[['TECHNOLOGY AND COMPUTING', 0.926737], ['RELIGION AND SPIRITUALITY', 0.0307999], ['HOBBIES AND INTERESTS', 0.0236272], ['AUTOMOTIVE', 0.0187004], ['ARTS AND ENTERTAINMENT', 4.02198e-05]]",False,12,3,19:28:45.697912
Dylan studied a cat on an pajamas Holly Holly in a camera,"[['PETS', 0.06107415], ['EDUCATION', 0.05183596], ['HOBBIES AND INTERESTS', 0.05120669], ['TECHNOLOGY AND COMPUTING', 0.05069607], ['BUSINESS', 0.04881336]]","[['PETS', 1.0], ['RELIGION AND SPIRITUALITY', 2.16065e-14], ['AUTOMOTIVE', 8.91214e-15], ['HOBBIES AND INTERESTS', 2.91053e-17], ['SCIENCE', 6.85989e-18]]",False,13,3,19:28:51.232574
Marcus studied a cat on an pajamas Holly Holly in a camera,"[['PETS', 0.06046906], ['EDUCATION', 0.0525994], ['HOBBIES AND INTERESTS', 0.0506346], ['TECHNOLOGY AND COMPUTING', 0.05019642], ['BUSINESS', 0.04858856]]","[['PETS', 1.0], ['RELIGION AND SPIRITUALITY', 2.16031e-14], ['SCIENCE', 6.86091e-18], ['HOBBIES AND INTERESTS', 3.81922e-18], ['TECHNOLOGY AND COMPUTING', 2.37594e-18]]",False,14,3,19:28:56.961605
Holly studied a cat on an pajamas Holly Holly in a camera,"[['PETS', 0.06050253], ['EDUCATION', 0.05192726], ['TECHNOLOGY AND COMPUTING', 0.05149446], ['HOBBIES AND INTERESTS', 0.05090093], ['BUSINESS', 0.04877956]]","[['PETS', 1.0], ['RELIGION AND SPIRITUALITY', 5.21289e-13], ['HOBBIES AND INTERESTS', 3.10645e-16], ['SCIENCE', 6.5637e-17], ['TECHNOLOGY AND COMPUTING', 2.40798e-17]]",False,15,3,19:29:02.592071
Holly studied a cat on my pajamas Holly Holly in a camera,"[['PETS', 0.06281263], ['EDUCATION', 0.05226613], ['HOBBIES AND INTERESTS', 0.05202089], ['TECHNOLOGY AND COMPUTING', 0.05191856], ['HEALTH AND FITNESS', 0.04968358]]","[['PETS', 1.0], ['RELIGION AND SPIRITUALITY', 6.89435e-13], ['HOBBIES AND INTERESTS', 3.51323e-16], ['SCIENCE', 6.91512e-17], ['STYLE AND FASHION', 3.89459e-17]]",False,16,3,19:29:07.954803
Holly captured a cat on my pajamas Holly Holly in a camera,"[['PETS', 0.06361784], ['HOBBIES AND INTERESTS', 0.05402488], ['TECHNOLOGY AND COMPUTING', 0.053828], ['EDUCATION', 0.04952834], ['HEALTH AND FITNESS', 0.04931245]]","[['PETS', 1.0], ['RELIGION AND SPIRITUALITY', 5.23269e-13], ['HOBBIES AND INTERESTS', 1.96993e-15], ['TECHNOLOGY AND COMPUTING', 2.32533e-16], ['SCIENCE', 9.42752e-17]]",False,17,3,19:29:13.352408
Marcus captured a cat on my pajamas Holly Holly in a camera,"[['PETS', 0.06358694], ['HOBBIES AND INTERESTS', 0.05374584], ['TECHNOLOGY AND COMPUTING', 0.05247468], ['EDUCATION', 0.05017283], ['AUTOMOTIVE', 0.0491111]]","[['PETS', 1.0], ['RELIGION AND SPIRITUALITY', 2.16911e-14], ['HOBBIES AND INTERESTS', 2.70902e-17], ['TECHNOLOGY AND COMPUTING', 2.63245e-17], ['SCIENCE', 1.00728e-17]]",False,18,3,19:29:19.062814
Marcus captured a cat on my pajamas Holly Holly outside a camera,"[['PETS', 0.06442166], ['TECHNOLOGY AND COMPUTING', 0.05183111], ['HOBBIES AND INTERESTS', 0.05121265], ['HEALTH AND FITNESS', 0.05058736], ['RELIGION AND SPIRITUALITY', 0.05041303]]","[['PETS', 1.0], ['RELIGION AND SPIRITUALITY', 4.08359e-14], ['TECHNOLOGY AND COMPUTING', 6.38348e-17], ['HOBBIES AND INTERESTS', 4.54242e-17], ['SCIENCE', 2.25964e-17]]",False,19,3,19:29:24.711627
Marcus captured a cat on my pajamas Holly Holly with a camera,"[['PETS', 0.06358694], ['HOBBIES AND INTERESTS', 0.05374584], ['TECHNOLOGY AND COMPUTING', 0.05247468], ['EDUCATION', 0.05017283], ['AUTOMOTIVE', 0.0491111]]","[['PETS', 1.0], ['RELIGION AND SPIRITUALITY', 2.8259e-14], ['TECHNOLOGY AND COMPUTING', 7.29396e-17], ['HOBBIES AND INTERESTS', 5.12046e-17], ['SCIENCE', 1.6353e-17]]",False,20,3,19:29:30.927578
Marcus captured a cat on my bus Holly Holly with a camera,"[['PETS', 0.06341286], ['TECHNOLOGY AND COMPUTING', 0.05823804], ['HOBBIES AND INTERESTS', 0.05468737], ['EDUCATION', 0.05055105], ['FAMILY AND PARENTING', 0.04854203]]","[['PETS', 1.0], ['RELIGION AND SPIRITUALITY', 3.45349e-15], ['TECHNOLOGY AND COMPUTING', 7.82721e-18], ['HOBBIES AND INTERESTS', 5.47762e-18], ['HEALTH AND FITNESS', 7.21357e-19]]",False,21,3,19:29:36.699464
Marcus captured a cat with my bus Holly Holly with a camera,"[['PETS', 0.06341286], ['TECHNOLOGY AND COMPUTING', 0.05823804], ['HOBBIES AND INTERESTS', 0.05468737], ['EDUCATION', 0.05055105], ['FAMILY AND PARENTING', 0.04854203]]","[['PETS', 0.999994], ['RELIGION AND SPIRITUALITY', 5.62018e-06], ['HOBBIES AND INTERESTS', 3.52022e-08], ['TECHNOLOGY AND COMPUTING', 4.50803e-09], ['ARTS AND ENTERTAINMENT', 2.67041e-10]]",False,22,3,19:29:42.534866
Marcus studied a cat with my bus Holly Holly with a camera,"[['PETS', 0.06261825], ['TECHNOLOGY AND COMPUTING', 0.05617934], ['EDUCATION', 0.05335218], ['HOBBIES AND INTERESTS', 0.05266553], ['TRAVEL', 0.04880174]]","[['PETS', 0.999993], ['RELIGION AND SPIRITUALITY', 7.44358e-06], ['HOBBIES AND INTERESTS', 6.07534e-09], ['ARTS AND ENTERTAINMENT', 1.28922e-10], ['TECHNOLOGY AND COMPUTING', 1.01166e-10]]",False,23,3,19:29:48.980769
Marcus studied a cat with my bus Holly Holly outside a camera,"[['PETS', 0.06342873], ['TECHNOLOGY AND COMPUTING', 0.05548025], ['EDUCATION', 0.05338068], ['TRAVEL', 0.05166569], ['HEALTH AND FITNESS', 0.05018739]]","[['PETS', 0.999993], ['RELIGION AND SPIRITUALITY', 6.69212e-06], ['HOBBIES AND INTERESTS', 2.48299e-09], ['ARTS AND ENTERTAINMENT', 4.6487e-11], ['STYLE AND FASHION', 3.74325e-11]]",True,24,4,19:29:56.044025
Marcus studied a cat in my bus Holly Holly outside a camera,"[['PETS', 0.06342873], ['TECHNOLOGY AND COMPUTING', 0.05548025], ['EDUCATION', 0.05338068], ['TRAVEL', 0.05166569], ['HEALTH AND FITNESS', 0.05018739]]","[['PETS', 0.999999], ['RELIGION AND SPIRITUALITY', 1.16975e-06], ['STYLE AND FASHION', 1.44679e-10], ['HOBBIES AND INTERESTS', 1.38217e-10], ['NON STANDARD CONTENT', 1.08564e-10]]",True,25,5,19:30:01.572134
Marcus studied a cat in my bus Holly Holly outside an camera,"[['PETS', 0.06342873], ['TECHNOLOGY AND COMPUTING', 0.05548025], ['EDUCATION', 0.05338068], ['TRAVEL', 0.05166569], ['HEALTH AND FITNESS', 0.05018739]]","[['PETS', 0.999999], ['RELIGION AND SPIRITUALITY', 5.4329e-07], ['STYLE AND FASHION', 3.40235e-11], ['HOBBIES AND INTERESTS', 7.23235e-12], ['ARTS AND ENTERTAINMENT', 7.22365e-12]]",True,26,6,19:30:07.474351
Marcus made a cat in my bus Holly Holly outside an camera,"[['PETS', 0.06205492], ['TECHNOLOGY AND COMPUTING', 0.05542452], ['HOBBIES AND INTERESTS', 0.0539858], ['TRAVEL', 0.05165184], ['RELIGION AND SPIRITUALITY', 0.05106536]]","[['PETS', 0.999998], ['RELIGION AND SPIRITUALITY', 1.55182e-06], ['HOBBIES AND INTERESTS', 2.2253e-10], ['STYLE AND FASHION', 9.16432e-11], ['NON STANDARD CONTENT', 4.72965e-11]]",False,27,6,19:30:13.555577
Marcus started a cat in my bus Holly Holly outside an camera,"[['PETS', 0.06338103], ['TECHNOLOGY AND COMPUTING', 0.05455952], ['HOBBIES AND INTERESTS', 0.05453786], ['HEALTH AND FITNESS', 0.05051102], ['RELIGION AND SPIRITUALITY', 0.05040688]]","[['PETS', 0.999999], ['RELIGION AND SPIRITUALITY', 5.06529e-07], ['HOBBIES AND INTERESTS', 1.22639e-10], ['STYLE AND FASHION', 2.22508e-11], ['NON STANDARD CONTENT', 8.768e-12]]",False,28,6,19:30:19.698973
Marcus started a cat in my bus Holly Dylan outside an camera,"[['PETS', 0.06398843], ['HOBBIES AND INTERESTS', 0.05487283], ['TECHNOLOGY AND COMPUTING', 0.05372082], ['RELIGION AND SPIRITUALITY', 0.05050187], ['BUSINESS', 0.0503128]]","[['PETS', 1.0], ['HOBBIES AND INTERESTS', 1.5578e-11], ['NON STANDARD CONTENT', 6.9953e-12], ['ARTS AND ENTERTAINMENT', 8.11466e-13], ['FAMILY AND PARENTING', 3.55665e-13]]",False,29,6,19:30:25.542311
Marcus started a cat in my bus Holly Dylan outside a camera,"[['PETS', 0.06398843], ['HOBBIES AND INTERESTS', 0.05487283], ['TECHNOLOGY AND COMPUTING', 0.05372082], ['RELIGION AND SPIRITUALITY', 0.05050187], ['BUSINESS', 0.0503128]]","[['PETS', 1.0], ['HOBBIES AND INTERESTS', 3.93324e-10], ['NON STANDARD CONTENT', 1.60114e-10], ['TECHNOLOGY AND COMPUTING', 4.21353e-11], ['ARTS AND ENTERTAINMENT', 2.204e-11]]",False,30,6,19:30:31.678456
Marcus studied a cat in my bus Holly Dylan outside a camera,"[['PETS', 0.06403727], ['TECHNOLOGY AND COMPUTING', 0.05462799], ['EDUCATION', 0.05329455], ['TRAVEL', 0.0517825], ['HOBBIES AND INTERESTS', 0.05048286]]","[['PETS', 1.0], ['NON STANDARD CONTENT', 1.19426e-10], ['HOBBIES AND INTERESTS', 2.31954e-11], ['ARTS AND ENTERTAINMENT', 6.80812e-12], ['STYLE AND FASHION', 3.85261e-12]]",False,31,6,19:30:37.207994
Marcus studied a man in my bus Holly Dylan outside a camera,"[['TRAVEL', 0.05556233], ['EDUCATION', 0.05399345], ['TECHNOLOGY AND COMPUTING', 0.05266638], ['HEALTH AND FITNESS', 0.05205112], ['RELIGION AND SPIRITUALITY', 0.0519147]]","[['NON STANDARD CONTENT', 0.545772], ['SOCIETY', 0.11702], ['STYLE AND FASHION', 0.045641], ['ARTS AND ENTERTAINMENT', 0.0418851], ['HOBBIES AND INTERESTS', 0.0337685]]",True,32,7,19:30:42.762406
Marcus studied a man in my bus Holly Dylan outside a bus,"[['TRAVEL', 0.05496494], ['HEALTH AND FITNESS', 0.05365833], ['EDUCATION', 0.05340656], ['RELIGION AND SPIRITUALITY', 0.05248438], ['TECHNOLOGY AND COMPUTING', 0.05053596]]","[['NON STANDARD CONTENT', 0.615869], ['SOCIETY', 0.10041], ['SPORTS', 0.0796112], ['ARTS AND ENTERTAINMENT', 0.0427399], ['HOBBIES AND INTERESTS', 0.0306416]]",True,33,8,19:30:50.726568
Marcus studied a man in my bus Holly Dylan outside a pajamas,"[['TRAVEL', 0.05488528], ['HEALTH AND FITNESS', 0.05480349], ['EDUCATION', 0.05421125], ['RELIGION AND SPIRITUALITY', 0.05235058], ['TECHNOLOGY AND COMPUTING', 0.05034457]]","[['SCIENCE', 0.777642], ['NON STANDARD CONTENT', 0.0535197], ['ARTS AND ENTERTAINMENT', 0.0527119], ['SOCIETY', 0.0386381], ['STYLE AND FASHION', 0.014211]]",True,34,9,19:30:56.311587
Marcus studied a man in my bus Holly Holly outside a pajamas,"[['HEALTH AND FITNESS', 0.05587022], ['TRAVEL', 0.05475322], ['EDUCATION', 0.05429068], ['RELIGION AND SPIRITUALITY', 0.05224368], ['TECHNOLOGY AND COMPUTING', 0.05112231]]","[['RELIGION AND SPIRITUALITY', 0.999757], ['SCIENCE', 0.000163552], ['STYLE AND FASHION', 2.65698e-05], ['ARTS AND ENTERTAINMENT', 1.23991e-05], ['SOCIETY', 9.83182e-06]]",True,35,10,19:31:01.719697
Marcus studied a man in my bus Holly Holly outside my pajamas,"[['HEALTH AND FITNESS', 0.05637271], ['TRAVEL', 0.05492071], ['EDUCATION', 0.05415999], ['RELIGION AND SPIRITUALITY', 0.05215491], ['TECHNOLOGY AND COMPUTING', 0.05155349]]","[['RELIGION AND SPIRITUALITY', 0.999795], ['SCIENCE', 0.000122856], ['STYLE AND FASHION', 3.32376e-05], ['ARTS AND ENTERTAINMENT', 1.54457e-05], ['SOCIETY', 9.20261e-06]]",True,36,11,19:31:07.269883
Marcus studied a man in an bus Holly Holly outside my pajamas,"[['HEALTH AND FITNESS', 0.05637091], ['TRAVEL', 0.05478384], ['EDUCATION', 0.05420646], ['RELIGION AND SPIRITUALITY', 0.05216015], ['TECHNOLOGY AND COMPUTING', 0.05147111]]","[['RELIGION AND SPIRITUALITY', 0.999892], ['SCIENCE', 9.35147e-05], ['STYLE AND FASHION', 2.61471e-06], ['NON STANDARD CONTENT', 1.80683e-06], ['ARTS AND ENTERTAINMENT', 1.73125e-06]]",True,37,12,19:31:14.036430
Marcus studied a man with an bus Holly Holly outside my pajamas,"[['HEALTH AND FITNESS', 0.05637091], ['TRAVEL', 0.05478384], ['EDUCATION', 0.05420646], ['RELIGION AND SPIRITUALITY', 0.05216015], ['TECHNOLOGY AND COMPUTING', 0.05147111]]","[['RELIGION AND SPIRITUALITY', 0.999958], ['SCIENCE', 2.82931e-05], ['ARTS AND ENTERTAINMENT', 2.21233e-06], ['NON STANDARD CONTENT', 2.12888e-06], ['SOCIETY', 1.47376e-06]]",True,38,13,19:31:19.865282
Marcus studied a man in an bus Holly Holly outside my pajamas,"[['HEALTH AND FITNESS', 0.05637091], ['TRAVEL', 0.05478384], ['EDUCATION', 0.05420646], ['RELIGION AND SPIRITUALITY', 0.05216015], ['TECHNOLOGY AND COMPUTING', 0.05147111]]","[['RELIGION AND SPIRITUALITY', 0.999892], ['SCIENCE', 9.35147e-05], ['STYLE AND FASHION', 2.61471e-06], ['NON STANDARD CONTENT', 1.80683e-06], ['ARTS AND ENTERTAINMENT', 1.73125e-06]]",True,38,13,19:31:26.361512
Marcus studied a man by an bus Holly Holly outside my pajamas,"[['HEALTH AND FITNESS', 0.05637091], ['TRAVEL', 0.05478384], ['EDUCATION', 0.05420646], ['RELIGION AND SPIRITUALITY', 0.05216015], ['TECHNOLOGY AND COMPUTING', 0.05147111]]","[['RELIGION AND SPIRITUALITY', 0.999995], ['SCIENCE', 3.84396e-06], ['STYLE AND FASHION', 9.67497e-08], ['ARTS AND ENTERTAINMENT', 6.96997e-08], ['NON STANDARD CONTENT', 5.98654e-08]]",True,39,14,19:31:33.125926
Marcus studied a man by an bus Holly Holly outside my cat,"[['PETS', 0.06520925], ['EDUCATION', 0.05388089], ['HEALTH AND FITNESS', 0.0535908], ['TECHNOLOGY AND COMPUTING', 0.05257909], ['TRAVEL', 0.05246255]]","[['RELIGION AND SPIRITUALITY', 0.999973], ['PETS', 2.57189e-05], ['STYLE AND FASHION', 2.95636e-07], ['ARTS AND ENTERTAINMENT', 2.20292e-07], ['SOCIETY', 1.39666e-07]]",True,40,15,19:31:39.055689
Marcus embarked a man by an bus Holly Holly outside my cat,"[['PETS', 0.06613098], ['TECHNOLOGY AND COMPUTING', 0.0524478], ['HEALTH AND FITNESS', 0.05223823], ['TRAVEL', 0.05122004], ['EDUCATION', 0.05101309]]","[['RELIGION AND SPIRITUALITY', 0.99493], ['EDUCATION', 0.0050295], ['PETS', 3.50342e-05], ['SPORTS', 5.78744e-07], ['HOBBIES AND INTERESTS', 3.92426e-07]]",False,41,15,19:31:44.593163
Marcus embarked a man by an bus Dylan Holly outside my cat,"[['PETS', 0.06676168], ['TECHNOLOGY AND COMPUTING', 0.05163919], ['TRAVEL', 0.05133294], ['HEALTH AND FITNESS', 0.05123023], ['EDUCATION', 0.05092789]]","[['HOBBIES AND INTERESTS', 0.998975], ['EDUCATION', 0.00101955], ['PETS', 5.50414e-06], ['SPORTS', 7.36616e-08], ['RELIGION AND SPIRITUALITY', 4.35288e-08]]",False,42,15,19:31:50.389363
Marcus embarked a man by an bus Dylan Holly outside my man,"[['TRAVEL', 0.05366232], ['RELIGION AND SPIRITUALITY', 0.05326046], ['HEALTH AND FITNESS', 0.05253797], ['TECHNOLOGY AND COMPUTING', 0.05086773], ['EDUCATION', 0.05045654]]","[['HOBBIES AND INTERESTS', 0.963319], ['SPORTS', 0.0361047], ['EDUCATION', 0.000568666], ['SOCIETY', 2.08021e-06], ['RELIGION AND SPIRITUALITY', 1.33716e-06]]",False,43,15,19:31:57.198285
Marcus embarked a man by an bus Dylan Holly by my man,"[['TECHNOLOGY AND COMPUTING', 0.05109525], ['EDUCATION', 0.05056848], ['TRAVEL', 0.05055029], ['HEALTH AND FITNESS', 0.05049146], ['HOBBIES AND INTERESTS', 0.04977286]]","[['HOBBIES AND INTERESTS', 0.983453], ['SPORTS', 0.0160515], ['EDUCATION', 0.000467147], ['SOCIETY', 1.41772e-05], ['RELIGION AND SPIRITUALITY', 3.13889e-06]]",False,44,15,19:32:03.838089
Holly embarked a man by an bus Dylan Holly by my man,"[['TECHNOLOGY AND COMPUTING', 0.05240656], ['TRAVEL', 0.0521832], ['HEALTH AND FITNESS', 0.05077765], ['HOBBIES AND INTERESTS', 0.05002513], ['EDUCATION', 0.04991279]]","[['HOBBIES AND INTERESTS', 0.998022], ['SPORTS', 0.00197214], ['SOCIETY', 2.02674e-06], ['ARTS AND ENTERTAINMENT', 2.00496e-06], ['RELIGION AND SPIRITUALITY', 3.88824e-07]]",True,45,16,19:32:10.801612
Holly embarked a camera by an bus Dylan Holly by my man,"[['TECHNOLOGY AND COMPUTING', 0.05459602], ['HOBBIES AND INTERESTS', 0.05445044], ['TRAVEL', 0.05273121], ['EDUCATION', 0.05044297], ['ARTS AND ENTERTAINMENT', 0.05001006]]","[['HOBBIES AND INTERESTS', 0.999607], ['SPORTS', 0.000382833], ['TECHNOLOGY AND COMPUTING', 9.23396e-06], ['NON STANDARD CONTENT', 8.79297e-08], ['RELIGION AND SPIRITUALITY', 7.92372e-08]]",False,46,16,19:32:16.336163
Holly embarked a camera by an bus Dylan Holly in my man,"[['TECHNOLOGY AND COMPUTING', 0.05459602], ['HOBBIES AND INTERESTS', 0.05445044], ['TRAVEL', 0.05273121], ['EDUCATION', 0.05044297], ['ARTS AND ENTERTAINMENT', 0.05001006]]","[['HOBBIES AND INTERESTS', 0.998674], ['SPORTS', 0.00132032], ['TECHNOLOGY AND COMPUTING', 5.46789e-06], ['RELIGION AND SPIRITUALITY', 4.0031e-08], ['NON STANDARD CONTENT', 1.9121e-08]]",False,47,16,19:32:22.227475
Holly embarked a province by an bus Dylan Holly in my man,"[['TRAVEL', 0.05370787], ['TECHNOLOGY AND COMPUTING', 0.05157759], ['HEALTH AND FITNESS', 0.0502067], ['EDUCATION', 0.05009238], ['RELIGION AND SPIRITUALITY', 0.05005951]]","[['HOBBIES AND INTERESTS', 0.994075], ['SPORTS', 0.005845], ['TRAVEL', 7.62188e-05], ['RELIGION AND SPIRITUALITY', 6.01028e-07], ['HEALTH AND FITNESS', 5.65977e-07]]",False,48,16,19:32:27.699935
Holly embarked my province by an bus Dylan Holly in my man,"[['TRAVEL', 0.05370787], ['TECHNOLOGY AND COMPUTING', 0.05157759], ['HEALTH AND FITNESS', 0.0502067], ['EDUCATION', 0.05009238], ['RELIGION AND SPIRITUALITY', 0.05005951]]","[['HOBBIES AND INTERESTS', 0.991643], ['SPORTS', 0.0083503], ['TRAVEL', 2.13381e-06], ['HEALTH AND FITNESS', 7.98569e-07], ['RELIGION AND SPIRITUALITY', 5.17029e-07]]",False,49,16,19:32:33.207931
Holly embarked my camera by an bus Dylan Holly in my man,"[['TECHNOLOGY AND COMPUTING', 0.05478447], ['HOBBIES AND INTERESTS', 0.05437272], ['TRAVEL', 0.05281054], ['EDUCATION', 0.0504254], ['ARTS AND ENTERTAINMENT', 0.05004719]]","[['HOBBIES AND INTERESTS', 0.992581], ['SPORTS', 0.00741765], ['STYLE AND FASHION', 1.64892e-07], ['RELIGION AND SPIRITUALITY', 1.39281e-07], ['ARTS AND ENTERTAINMENT', 1.08354e-07]]",False,50,16,19:32:38.823573
Holly embarked my snake by an bus Dylan Holly in my man,"[['TRAVEL', 0.05306174], ['TECHNOLOGY AND COMPUTING', 0.05145709], ['HEALTH AND FITNESS', 0.05140438], ['HOBBIES AND INTERESTS', 0.05027436], ['EDUCATION', 0.04969306]]","[['HOBBIES AND INTERESTS', 0.992357], ['SPORTS', 0.00657116], ['SCIENCE', 0.00106973], ['HEALTH AND FITNESS', 5.66559e-07], ['TRAVEL', 4.84894e-07]]",False,51,16,19:32:45.207562
Holly conflicted my snake by an bus Dylan Holly in my man,"[['TRAVEL', 0.05343064], ['HEALTH AND FITNESS', 0.05165766], ['TECHNOLOGY AND COMPUTING', 0.05146754], ['HOBBIES AND INTERESTS', 0.05064786], ['ARTS AND ENTERTAINMENT', 0.05010858]]","[['HOBBIES AND INTERESTS', 0.994001], ['SPORTS', 0.00494092], ['SCIENCE', 0.00105749], ['ARTS AND ENTERTAINMENT', 3.99478e-07], ['STYLE AND FASHION', 1.10305e-07]]",False,52,16,19:32:51.661279
Holly conflicted my snake by an bus Dylan Holly in my province,"[['TRAVEL', 0.05351096], ['TECHNOLOGY AND COMPUTING', 0.05144688], ['PETS', 0.05009519], ['HOBBIES AND INTERESTS', 0.04957733], ['RELIGION AND SPIRITUALITY', 0.04895424]]","[['HOBBIES AND INTERESTS', 0.99941], ['SCIENCE', 0.000587119], ['TRAVEL', 1.06809e-06], ['RELIGION AND SPIRITUALITY', 3.88978e-07], ['ARTS AND ENTERTAINMENT', 3.58874e-07]]",False,53,16,19:32:57.805437
Holly conflicted my snake on an bus Dylan Holly in my province,"[['TRAVEL', 0.05351096], ['TECHNOLOGY AND COMPUTING', 0.05144688], ['PETS', 0.05009519], ['HOBBIES AND INTERESTS', 0.04957733], ['RELIGION AND SPIRITUALITY', 0.04895424]]","[['HOBBIES AND INTERESTS', 0.999998], ['TRAVEL', 5.80977e-07], ['ARTS AND ENTERTAINMENT', 1.8346e-07], ['SPORTS', 1.77948e-07], ['RELIGION AND SPIRITUALITY', 1.6259e-07]]",False,54,16,19:33:03.331932
Holly conflicted the snake on an bus Dylan Holly in my province,"[['TRAVEL', 0.05351096], ['TECHNOLOGY AND COMPUTING', 0.05144688], ['PETS', 0.05009519], ['HOBBIES AND INTERESTS', 0.04957733], ['RELIGION AND SPIRITUALITY', 0.04895424]]","[['HOBBIES AND INTERESTS', 0.999996], ['TRAVEL', 3.39469e-06], ['SPORTS', 1.41789e-07], ['PETS', 1.14561e-07], ['RELIGION AND SPIRITUALITY', 1.05985e-07]]",False,55,16,19:33:08.877884
Holly embarked the snake on an bus Dylan Holly in my province,"[['TRAVEL', 0.05313746], ['TECHNOLOGY AND COMPUTING', 0.05143253], ['PETS', 0.050138], ['HOBBIES AND INTERESTS', 0.04920798], ['EDUCATION', 0.04902315]]","[['HOBBIES AND INTERESTS', 0.99993], ['TRAVEL', 6.44729e-05], ['HEALTH AND FITNESS', 1.81975e-06], ['SPORTS', 5.864e-07], ['PETS', 5.53346e-07]]",False,56,16,19:33:14.394282
Holly embarked the bus on an bus Dylan Holly in my province,"[['TECHNOLOGY AND COMPUTING', 0.05218068], ['TRAVEL', 0.05129438], ['PETS', 0.04994093], ['EDUCATION', 0.04966637], ['RELIGION AND SPIRITUALITY', 0.04934999]]","[['HOBBIES AND INTERESTS', 0.99939], ['TRAVEL', 0.00022107], ['SPORTS', 9.80535e-05], ['RELIGION AND SPIRITUALITY', 5.42921e-06], ['HEALTH AND FITNESS', 1.19118e-06]]",False,57,16,19:33:19.822047
Holly embarked the bus on an bus Dylan Holly outside my province,"[['TRAVEL', 0.05444599], ['RELIGION AND SPIRITUALITY', 0.0538063], ['TECHNOLOGY AND COMPUTING', 0.05194239], ['PETS', 0.05047551], ['HEALTH AND FITNESS', 0.05005954]]","[['HOBBIES AND INTERESTS', 0.99938], ['TRAVEL', 0.000237097], ['SPORTS', 7.9358e-05], ['RELIGION AND SPIRITUALITY', 3.86622e-06], ['AUTOMOTIVE', 5.86488e-07]]",False,58,16,19:33:25.759683
Holly embarked the bus with an bus Dylan Holly outside my province,"[['TRAVEL', 0.05444599], ['RELIGION AND SPIRITUALITY', 0.0538063], ['TECHNOLOGY AND COMPUTING', 0.05194239], ['PETS', 0.05047551], ['HEALTH AND FITNESS', 0.05005954]]","[['HOBBIES AND INTERESTS', 0.999187], ['TRAVEL', 0.000282843], ['AUTOMOTIVE', 0.000109818], ['SPORTS', 5.41394e-05], ['TECHNOLOGY AND COMPUTING', 3.39428e-06]]",False,59,16,19:33:31.289517
Holly embarked the bus on an bus Dylan Holly outside my province,"[['TRAVEL', 0.05444599], ['RELIGION AND SPIRITUALITY', 0.0538063], ['TECHNOLOGY AND COMPUTING', 0.05194239], ['PETS', 0.05047551], ['HEALTH AND FITNESS', 0.05005954]]","[['HOBBIES AND INTERESTS', 0.99938], ['TRAVEL', 0.000237097], ['SPORTS', 7.9358e-05], ['RELIGION AND SPIRITUALITY', 3.86622e-06], ['AUTOMOTIVE', 5.86488e-07]]",False,59,16,19:33:37.354287
Holly embarked the bus on an bus Dylan Holly by my province,"[['TECHNOLOGY AND COMPUTING', 0.05218068], ['TRAVEL', 0.05129438], ['PETS', 0.04994093], ['EDUCATION', 0.04966637], ['RELIGION AND SPIRITUALITY', 0.04934999]]","[['HOBBIES AND INTERESTS', 0.999433], ['TRAVEL', 0.000203476], ['SPORTS', 9.39825e-05], ['RELIGION AND SPIRITUALITY', 5.03454e-06], ['SOCIETY', 9.9858e-07]]",False,60,16,19:33:42.964855
Holly embarked the bus on a bus Dylan Holly by my province,"[['TECHNOLOGY AND COMPUTING', 0.05218068], ['TRAVEL', 0.05129438], ['PETS', 0.04994093], ['EDUCATION', 0.04966637], ['RELIGION AND SPIRITUALITY', 0.04934999]]","[['HOBBIES AND INTERESTS', 0.998309], ['TRAVEL', 0.000831959], ['SPORTS', 0.000537952], ['RELIGION AND SPIRITUALITY', 4.72914e-06], ['AUTOMOTIVE', 4.11082e-06]]",False,61,16,19:33:48.799032
Holly embarked the bus with a bus Dylan Holly by my province,"[['TECHNOLOGY AND COMPUTING', 0.05218068], ['TRAVEL', 0.05129438], ['PETS', 0.04994093], ['EDUCATION', 0.04966637], ['RELIGION AND SPIRITUALITY', 0.04934999]]","[['HOBBIES AND INTERESTS', 0.997279], ['AUTOMOTIVE', 0.00101895], ['TRAVEL', 0.000746375], ['SPORTS', 0.000622046], ['RELIGION AND SPIRITUALITY', 4.90526e-06]]",False,62,16,19:33:55.253053
Holly embarked the bus with a pajamas Dylan Holly by my province,"[['TECHNOLOGY AND COMPUTING', 0.05218515], ['TRAVEL', 0.05218393], ['EDUCATION', 0.04998373], ['PETS', 0.04984573], ['RELIGION AND SPIRITUALITY', 0.04918436]]","[['HOBBIES AND INTERESTS', 0.999935], ['TRAVEL', 2.28478e-05], ['SCIENCE', 1.15923e-05], ['AUTOMOTIVE', 5.52049e-06], ['SPORTS', 4.47645e-06]]",True,63,17,19:34:00.779517
Holly embarked the bus on a pajamas Dylan Holly by my province,"[['TECHNOLOGY AND COMPUTING', 0.05218515], ['TRAVEL', 0.05218393], ['EDUCATION', 0.04998373], ['PETS', 0.04984573], ['RELIGION AND SPIRITUALITY', 0.04918436]]","[['HOBBIES AND INTERESTS', 0.999944], ['TRAVEL', 2.33807e-05], ['SCIENCE', 1.25185e-05], ['SPORTS', 3.39404e-06], ['FOOD AND DRINK', 8.84318e-07]]",True,64,18,19:34:06.247392
Holly embarked the bus on a pajamas Dylan Holly outside my province,"[['TRAVEL', 0.05538729], ['RELIGION AND SPIRITUALITY', 0.05362291], ['TECHNOLOGY AND COMPUTING', 0.05194413], ['HEALTH AND FITNESS', 0.05108386], ['PETS', 0.05037666]]","[['HOBBIES AND INTERESTS', 0.999933], ['TRAVEL', 2.43881e-05], ['SCIENCE', 1.85812e-05], ['SPORTS', 2.84356e-06], ['FOOD AND DRINK', 1.55844e-06]]",True,65,19,19:34:11.877203
Holly conflicted the bus on a pajamas Dylan Holly outside my province,"[['TRAVEL', 0.05577864], ['RELIGION AND SPIRITUALITY', 0.05357846], ['TECHNOLOGY AND COMPUTING', 0.05196052], ['HEALTH AND FITNESS', 0.05134134], ['PETS', 0.0503355]]","[['HOBBIES AND INTERESTS', 0.999992], ['SCIENCE', 3.99573e-06], ['TRAVEL', 1.37852e-06], ['SPORTS', 7.1149e-07], ['FOOD AND DRINK', 3.35127e-07]]",True,66,20,19:34:17.368455
Holly conflicted the bus on a bus Dylan Holly outside my province,"[['TRAVEL', 0.05483084], ['RELIGION AND SPIRITUALITY', 0.05376184], ['TECHNOLOGY AND COMPUTING', 0.05195893], ['PETS', 0.05043441], ['HEALTH AND FITNESS', 0.05031199]]","[['HOBBIES AND INTERESTS', 0.999776], ['SPORTS', 0.000121056], ['TRAVEL', 5.57114e-05], ['AUTOMOTIVE', 2.06562e-06], ['NON STANDARD CONTENT', 1.52576e-06]]",True,67,21,19:34:23.207476
Holly conflicted the bus in a bus Dylan Holly outside my province,"[['TRAVEL', 0.05483084], ['RELIGION AND SPIRITUALITY', 0.05376184], ['TECHNOLOGY AND COMPUTING', 0.05195893], ['PETS', 0.05043441], ['HEALTH AND FITNESS', 0.05031199]]","[['HOBBIES AND INTERESTS', 0.999671], ['SPORTS', 0.000106816], ['TRAVEL', 9.9316e-05], ['NON STANDARD CONTENT', 2.6767e-05], ['AUTOMOTIVE', 1.49071e-05]]",True,68,22,19:34:28.735365
Holly conflicted the bus in a bus Dylan Holly outside my bus,"[['TRAVEL', 0.05340908], ['RELIGION AND SPIRITUALITY', 0.05313845], ['TECHNOLOGY AND COMPUTING', 0.05279738], ['HEALTH AND FITNESS', 0.05088737], ['PETS', 0.0503421]]","[['HOBBIES AND INTERESTS', 0.998743], ['SPORTS', 0.000557952], ['AUTOMOTIVE', 0.000358464], ['TRAVEL', 0.000155552], ['NON STANDARD CONTENT', 6.73446e-05]]",True,69,23,19:34:34.267102
Holly conflicted the bus in my bus Dylan Holly outside my bus,"[['TRAVEL', 0.05442099], ['RELIGION AND SPIRITUALITY', 0.05308363], ['TECHNOLOGY AND COMPUTING', 0.05299081], ['HEALTH AND FITNESS', 0.05083486], ['PETS', 0.05029016]]","[['HOBBIES AND INTERESTS', 0.999571], ['TRAVEL', 0.000143787], ['SPORTS', 0.000115355], ['AUTOMOTIVE', 5.65829e-05], ['TECHNOLOGY AND COMPUTING', 2.05838e-05]]",False,70,23,19:34:40.046477
Holly started the bus in my bus Dylan Holly outside my bus,"[['RELIGION AND SPIRITUALITY', 0.05418442], ['TRAVEL', 0.05279437], ['TECHNOLOGY AND COMPUTING', 0.05223957], ['HEALTH AND FITNESS', 0.05223837], ['BUSINESS', 0.05029894]]","[['HOBBIES AND INTERESTS', 0.999725], ['TRAVEL', 0.000101138], ['SPORTS', 6.85803e-05], ['AUTOMOTIVE', 4.86639e-05], ['TECHNOLOGY AND COMPUTING', 4.17002e-06]]",False,71,23,19:34:46.246672
Holly started the bus in an bus Dylan Holly outside my bus,"[['RELIGION AND SPIRITUALITY', 0.05423847], ['HEALTH AND FITNESS', 0.05229049], ['TECHNOLOGY AND COMPUTING', 0.05204704], ['TRAVEL', 0.05181089], ['BUSINESS', 0.05034912]]","[['HOBBIES AND INTERESTS', 0.999727], ['TRAVEL', 0.000103914], ['SPORTS', 6.47081e-05], ['AUTOMOTIVE', 6.23733e-05], ['TECHNOLOGY AND COMPUTING', 4.57293e-06]]",False,72,23,19:34:51.686919
Holly studied the bus in an bus Dylan Holly outside my bus,"[['TRAVEL', 0.05432376], ['TECHNOLOGY AND COMPUTING', 0.05291566], ['RELIGION AND SPIRITUALITY', 0.05229651], ['EDUCATION', 0.05215495], ['HEALTH AND FITNESS', 0.05194591]]","[['HOBBIES AND INTERESTS', 0.999272], ['SPORTS', 0.000442768], ['TRAVEL', 9.41904e-05], ['AUTOMOTIVE', 6.12762e-05], ['TECHNOLOGY AND COMPUTING', 6.02669e-06]]",False,73,23,19:35:00.102751
Holly studied a bus in an bus Dylan Holly outside my bus,"[['TRAVEL', 0.05432376], ['TECHNOLOGY AND COMPUTING', 0.05291566], ['RELIGION AND SPIRITUALITY', 0.05229651], ['EDUCATION', 0.05215495], ['HEALTH AND FITNESS', 0.05194591]]","[['HOBBIES AND INTERESTS', 0.999222], ['SPORTS', 0.000642122], ['AUTOMOTIVE', 3.57461e-05], ['TRAVEL', 1.49445e-05], ['NON STANDARD CONTENT', 1.24849e-05]]",True,74,24,19:35:06.939259
Holly studied a bus in an pajamas Dylan Holly outside my bus,"[['TRAVEL', 0.05525908], ['HEALTH AND FITNESS', 0.05300512], ['TECHNOLOGY AND COMPUTING', 0.05291371], ['EDUCATION', 0.05248179], ['RELIGION AND SPIRITUALITY', 0.05211461]]","[['HOBBIES AND INTERESTS', 0.999916], ['SCIENCE', 4.38472e-05], ['SPORTS', 2.87985e-05], ['TRAVEL', 1.47354e-06], ['NON STANDARD CONTENT', 1.44351e-06]]",True,75,25,19:35:12.492071
Holly studied my bus in an pajamas Dylan Holly outside my bus,"[['TRAVEL', 0.05525908], ['HEALTH AND FITNESS', 0.05300512], ['TECHNOLOGY AND COMPUTING', 0.05291371], ['EDUCATION', 0.05248179], ['RELIGION AND SPIRITUALITY', 0.05211461]]","[['HOBBIES AND INTERESTS', 0.999935], ['SCIENCE', 5.19568e-05], ['SPORTS', 4.8496e-06], ['ARTS AND ENTERTAINMENT', 1.30125e-06], ['STYLE AND FASHION', 7.4364e-07]]",True,76,26,19:35:19.221233
Holly studied my bus in an pajamas I Holly outside my bus,"[['TECHNOLOGY AND COMPUTING', 0.05774923], ['TRAVEL', 0.05536061], ['HEALTH AND FITNESS', 0.0529159], ['RELIGION AND SPIRITUALITY', 0.05244783], ['EDUCATION', 0.05128376]]","[['SCIENCE', 0.777965], ['SPORTS', 0.0984852], ['STYLE AND FASHION', 0.01925], ['RELIGION AND SPIRITUALITY', 0.0103172], ['ARTS AND ENTERTAINMENT', 0.00758697]]",True,77,27,19:35:25.083863
Holly captured my bus in an pajamas I Holly outside my bus,"[['TECHNOLOGY AND COMPUTING', 0.05990689], ['TRAVEL', 0.05366397], ['RELIGION AND SPIRITUALITY', 0.05293872], ['HEALTH AND FITNESS', 0.05255026], ['HOBBIES AND INTERESTS', 0.05030425]]","[['SCIENCE', 0.724063], ['NON STANDARD CONTENT', 0.064934], ['TRAVEL', 0.0458543], ['SPORTS', 0.0410519], ['TECHNOLOGY AND COMPUTING', 0.00990351]]",False,78,27,19:35:30.901162
Holly captured my bus in my pajamas I Holly outside my bus,"[['TECHNOLOGY AND COMPUTING', 0.05990577], ['TRAVEL', 0.05368167], ['RELIGION AND SPIRITUALITY', 0.05293773], ['HEALTH AND FITNESS', 0.05254927], ['HOBBIES AND INTERESTS', 0.05030331]]","[['SCIENCE', 0.595879], ['STYLE AND FASHION', 0.0604951], ['NON STANDARD CONTENT', 0.0530499], ['SPORTS', 0.0406081], ['TRAVEL', 0.0383948]]",True,79,28,19:35:37.105239
Holly captured my bus in my pajamas Dylan Holly outside my bus,"[['TECHNOLOGY AND COMPUTING', 0.05489665], ['TRAVEL', 0.05359002], ['HEALTH AND FITNESS', 0.05264456], ['RELIGION AND SPIRITUALITY', 0.05260808], ['PETS', 0.05025227]]","[['HOBBIES AND INTERESTS', 0.999964], ['SCIENCE', 2.27521e-05], ['NON STANDARD CONTENT', 1.43216e-06], ['STYLE AND FASHION', 1.34913e-06], ['SPORTS', 1.3482e-06]]",True,80,29,19:35:42.668377
Dylan captured my bus in my pajamas Dylan Holly outside my bus,"[['TECHNOLOGY AND COMPUTING', 0.05489665], ['TRAVEL', 0.05359002], ['HEALTH AND FITNESS', 0.05264456], ['RELIGION AND SPIRITUALITY', 0.05260808], ['PETS', 0.05025227]]","[['HOBBIES AND INTERESTS', 0.999952], ['SCIENCE', 2.74439e-05], ['NON STANDARD CONTENT', 7.40549e-06], ['SPORTS', 1.62621e-06], ['ARTS AND ENTERTAINMENT', 1.60135e-06]]",True,81,30,19:35:49.120381
Dylan started my bus in my pajamas Dylan Holly outside my bus,"[['RELIGION AND SPIRITUALITY', 0.0539223], ['HEALTH AND FITNESS', 0.05306251], ['TRAVEL', 0.0526648], ['TECHNOLOGY AND COMPUTING', 0.05228365], ['HOBBIES AND INTERESTS', 0.0501182]]","[['HOBBIES AND INTERESTS', 0.58961], ['AUTOMOTIVE', 0.410369], ['SCIENCE', 8.60483e-06], ['NON STANDARD CONTENT', 3.64537e-06], ['ARTS AND ENTERTAINMENT', 5.12441e-07]]",True,82,31,19:35:54.966935
Dylan started my camera in my pajamas Dylan Holly outside my bus,"[['TECHNOLOGY AND COMPUTING', 0.05466435], ['HOBBIES AND INTERESTS', 0.0541578], ['RELIGION AND SPIRITUALITY', 0.05332138], ['TRAVEL', 0.05308679], ['HEALTH AND FITNESS', 0.05138927]]","[['HOBBIES AND INTERESTS', 0.859489], ['AUTOMOTIVE', 0.1405], ['NON STANDARD CONTENT', 4.06443e-06], ['SCIENCE', 3.34869e-06], ['ARTS AND ENTERTAINMENT', 1.41315e-06]]",True,83,32,19:36:01.012278
Dylan started my camera in my pajamas Dylan Holly outside my forest,"[['RELIGION AND SPIRITUALITY', 0.0549628], ['BUSINESS', 0.05488942], ['HOBBIES AND INTERESTS', 0.05371826], ['HEALTH AND FITNESS', 0.05121184], ['TRAVEL', 0.05109588]]","[['HOBBIES AND INTERESTS', 0.992303], ['AUTOMOTIVE', 0.00769131], ['SCIENCE', 1.55372e-06], ['ARTS AND ENTERTAINMENT', 1.40512e-06], ['NON STANDARD CONTENT', 1.31772e-06]]",True,84,33,19:36:06.629137
Dylan started my camera in the pajamas Dylan Holly outside my forest,"[['RELIGION AND SPIRITUALITY', 0.0549469], ['BUSINESS', 0.05487354], ['HOBBIES AND INTERESTS', 0.05403872], ['TRAVEL', 0.05128784], ['HEALTH AND FITNESS', 0.05124124]]","[['HOBBIES AND INTERESTS', 0.992617], ['AUTOMOTIVE', 0.00727024], ['SCIENCE', 0.000110388], ['FOOD AND DRINK', 1.54481e-06], ['ARTS AND ENTERTAINMENT', 1.61765e-07]]",True,85,34,19:36:12.075382
Dylan started my forest in the pajamas Dylan Holly outside my forest,"[['RELIGION AND SPIRITUALITY', 0.05556695], ['BUSINESS', 0.05337766], ['HEALTH AND FITNESS', 0.05286478], ['TRAVEL', 0.05065813], ['HOBBIES AND INTERESTS', 0.04969777]]","[['HOBBIES AND INTERESTS', 0.997473], ['AUTOMOTIVE', 0.00171182], ['SCIENCE', 0.000593925], ['BUSINESS', 0.000209593], ['FOOD AND DRINK', 1.14595e-05]]",False,86,34,19:36:18.927243
Dylan captured my forest in the pajamas Dylan Holly outside my forest,"[['RELIGION AND SPIRITUALITY', 0.05423964], ['BUSINESS', 0.0527307], ['HEALTH AND FITNESS', 0.0524745], ['TRAVEL', 0.05157377], ['PETS', 0.04956752]]","[['HOBBIES AND INTERESTS', 0.998128], ['SCIENCE', 0.00123314], ['BUSINESS', 0.000637614], ['FOOD AND DRINK', 1.04274e-06], ['TRAVEL', 7.47415e-08]]",False,87,34,19:36:24.447034
Dylan conflicted my forest in the pajamas Dylan Holly outside my forest,"[['RELIGION AND SPIRITUALITY', 0.05458266], ['BUSINESS', 0.05240738], ['TRAVEL', 0.05229014], ['HEALTH AND FITNESS', 0.0517447], ['PETS', 0.04954338]]","[['HOBBIES AND INTERESTS', 0.999208], ['SCIENCE', 0.000481586], ['BUSINESS', 0.000305734], ['FOOD AND DRINK', 4.17308e-06], ['STYLE AND FASHION', 7.51924e-08]]",True,88,35,19:36:30.853873
Dylan conflicted my forest in an pajamas Dylan Holly outside my forest,"[['RELIGION AND SPIRITUALITY', 0.05458266], ['BUSINESS', 0.05240738], ['TRAVEL', 0.05229014], ['HEALTH AND FITNESS', 0.0517447], ['PETS', 0.04954338]]","[['HOBBIES AND INTERESTS', 0.999743], ['BUSINESS', 0.000253612], ['SCIENCE', 3.09165e-06], ['STYLE AND FASHION', 7.274e-08], ['NON STANDARD CONTENT', 6.52286e-08]]",True,89,36,19:36:37.724960
Dylan conflicted my forest in an pajamas I Holly outside my forest,"[['RELIGION AND SPIRITUALITY', 0.05504934], ['TRAVEL', 0.0525176], ['TECHNOLOGY AND COMPUTING', 0.05090822], ['HEALTH AND FITNESS', 0.05067616], ['HOBBIES AND INTERESTS', 0.04966824]]","[['BUSINESS', 0.958229], ['SCIENCE', 0.0364356], ['STYLE AND FASHION', 0.00129123], ['RELIGION AND SPIRITUALITY', 0.000556852], ['HOBBIES AND INTERESTS', 0.00049881]]",False,90,36,19:36:47.644060
Dylan conflicted my forest in an pajamas I Holly with my forest,"[['HOBBIES AND INTERESTS', 0.05211476], ['TECHNOLOGY AND COMPUTING', 0.051135], ['HOME AND GARDEN', 0.05048492], ['RELIGION AND SPIRITUALITY', 0.0504834], ['AUTOMOTIVE', 0.05015415]]","[['BUSINESS', 0.856269], ['SCIENCE', 0.135795], ['RELIGION AND SPIRITUALITY', 0.00151043], ['HOBBIES AND INTERESTS', 0.000904501], ['STYLE AND FASHION', 0.000900117]]",False,91,36,19:36:54.555102
Dylan conflicted my forest in an pajamas I Holly on my forest,"[['HOBBIES AND INTERESTS', 0.05211476], ['TECHNOLOGY AND COMPUTING', 0.051135], ['HOME AND GARDEN', 0.05048492], ['RELIGION AND SPIRITUALITY', 0.0504834], ['AUTOMOTIVE', 0.05015415]]","[['BUSINESS', 0.956488], ['SCIENCE', 0.0346249], ['RELIGION AND SPIRITUALITY', 0.00341702], ['HOBBIES AND INTERESTS', 0.00116258], ['STYLE AND FASHION', 0.000978065]]",False,92,36,19:37:00.089642
Holly conflicted my forest in an pajamas I Holly on my forest,"[['TECHNOLOGY AND COMPUTING', 0.05193694], ['HOBBIES AND INTERESTS', 0.05180023], ['AUTOMOTIVE', 0.05071773], ['RELIGION AND SPIRITUALITY', 0.05039195], ['HOME AND GARDEN', 0.04983438]]","[['BUSINESS', 0.937466], ['SCIENCE', 0.0393327], ['STYLE AND FASHION', 0.00931253], ['RELIGION AND SPIRITUALITY', 0.0043026], ['TRAVEL', 0.00157353]]",True,93,37,19:37:05.925007
Holly conflicted a forest in an pajamas I Holly on my forest,"[['TECHNOLOGY AND COMPUTING', 0.05193694], ['HOBBIES AND INTERESTS', 0.05180023], ['AUTOMOTIVE', 0.05071773], ['RELIGION AND SPIRITUALITY', 0.05039195], ['HOME AND GARDEN', 0.04983438]]","[['BUSINESS', 0.998457], ['SCIENCE', 0.000928788], ['STYLE AND FASHION', 0.000125028], ['TRAVEL', 7.12755e-05], ['RELIGION AND SPIRITUALITY', 5.51934e-05]]",True,94,38,19:37:12.316037
Holly conflicted a forest in an pajamas I Holly outside my forest,"[['RELIGION AND SPIRITUALITY', 0.05494627], ['TRAVEL', 0.05240016], ['TECHNOLOGY AND COMPUTING', 0.05170346], ['HEALTH AND FITNESS', 0.05167134], ['BUSINESS', 0.04958518]]","[['BUSINESS', 0.998425], ['SCIENCE', 0.00097445], ['STYLE AND FASHION', 0.000163713], ['TRAVEL', 8.19163e-05], ['RELIGION AND SPIRITUALITY', 4.94318e-05]]",False,95,38,19:37:18.822458
Holly conflicted a forest in an pajamas I Holly outside my bus,"[['TECHNOLOGY AND COMPUTING', 0.05720945], ['TRAVEL', 0.05505858], ['RELIGION AND SPIRITUALITY', 0.05335622], ['HEALTH AND FITNESS', 0.05200913], ['BUSINESS', 0.05030204]]","[['BUSINESS', 0.597971], ['SCIENCE', 0.301733], ['TRAVEL', 0.0143536], ['STYLE AND FASHION', 0.0139085], ['SPORTS', 0.00621249]]",False,96,38,19:37:24.250363
Holly conflicted a forest in an pajamas I Dylan outside my bus,"[['TECHNOLOGY AND COMPUTING', 0.05633492], ['TRAVEL', 0.05518727], ['RELIGION AND SPIRITUALITY', 0.05346143], ['HEALTH AND FITNESS', 0.05101233], ['HOBBIES AND INTERESTS', 0.05050748]]","[['BUSINESS', 0.63592], ['SCIENCE', 0.309228], ['TRAVEL', 0.0124758], ['SPORTS', 0.00417446], ['FOOD AND DRINK', 0.00371104]]",True,97,39,19:37:29.946087
Holly conflicted a cat in an pajamas I Dylan outside my bus,"[['PETS', 0.06449671], ['TECHNOLOGY AND COMPUTING', 0.05789466], ['TRAVEL', 0.05227135], ['RELIGION AND SPIRITUALITY', 0.05086619], ['HOBBIES AND INTERESTS', 0.05075459]]","[['PETS', 1.0], ['SCIENCE', 1.00407e-11], ['HOBBIES AND INTERESTS', 7.38011e-12], ['NON STANDARD CONTENT', 2.72613e-12], ['ARTS AND ENTERTAINMENT', 4.83376e-13]]",False,98,39,19:37:36.022306
Holly conflicted a cat by an pajamas I Dylan outside my bus,"[['PETS', 0.06449671], ['TECHNOLOGY AND COMPUTING', 0.05789466], ['TRAVEL', 0.05227135], ['RELIGION AND SPIRITUALITY', 0.05086619], ['HOBBIES AND INTERESTS', 0.05075459]]","[['PETS', 1.0], ['SCIENCE', 1.38044e-09], ['HOBBIES AND INTERESTS', 8.91799e-10], ['ARTS AND ENTERTAINMENT', 4.27888e-11], ['NON STANDARD CONTENT', 3.62077e-11]]",False,99,39,19:37:41.582111
Holly conflicted a cat by an pajamas Holly Dylan outside my bus,"[['PETS', 0.06657045], ['TECHNOLOGY AND COMPUTING', 0.05385291], ['TRAVEL', 0.05203687], ['HEALTH AND FITNESS', 0.05147909], ['RELIGION AND SPIRITUALITY', 0.05042714]]","[['PETS', 1.0], ['HOBBIES AND INTERESTS', 2.45232e-08], ['SCIENCE', 5.60427e-09], ['ARTS AND ENTERTAINMENT', 4.89006e-10], ['STYLE AND FASHION', 1.57029e-10]]",True,100,40,19:37:47.839242
Holly conflicted a cat by an pajamas Holly Dylan outside my snake,"[['PETS', 0.06708222], ['HEALTH AND FITNESS', 0.05176632], ['RELIGION AND SPIRITUALITY', 0.05159214], ['TRAVEL', 0.0503487], ['EDUCATION', 0.04829299]]","[['PETS', 1.0], ['HOBBIES AND INTERESTS', 2.98831e-08], ['SCIENCE', 7.90597e-09], ['ARTS AND ENTERTAINMENT', 5.95885e-10], ['SPORTS', 1.98686e-10]]",True,101,41,19:37:54.052899
Holly conflicted a cat by an pajamas Holly Dylan outside a snake,"[['PETS', 0.06472911], ['RELIGION AND SPIRITUALITY', 0.05006553], ['BUSINESS', 0.04914162], ['REAL ESTATE', 0.04887056], ['HEALTH AND FITNESS', 0.04881502]]","[['PETS', 1.0], ['SCIENCE', 2.30263e-07], ['HOBBIES AND INTERESTS', 7.96011e-08], ['ARTS AND ENTERTAINMENT', 1.28785e-09], ['SPORTS', 1.07163e-09]]",True,102,42,19:38:00.292519
Holly conflicted a cat by an pajamas Holly I outside a snake,"[['PETS', 0.06201442], ['TECHNOLOGY AND COMPUTING', 0.05132051], ['RELIGION AND SPIRITUALITY', 0.0510281], ['SPORTS', 0.05070253], ['HEALTH AND FITNESS', 0.04876442]]","[['PETS', 1.0], ['SCIENCE', 1.6549e-07], ['HOBBIES AND INTERESTS', 1.20687e-08], ['SPORTS', 1.1487e-09], ['STYLE AND FASHION', 6.05172e-10]]",False,103,42,19:38:06.180118
Holly conflicted a cat by an pajamas Holly I on a snake,"[['PETS', 0.06137156], ['TECHNOLOGY AND COMPUTING', 0.05199551], ['HOBBIES AND INTERESTS', 0.05120221], ['SPORTS', 0.04871349], ['ARTS AND ENTERTAINMENT', 0.04851037]]","[['PETS', 1.0], ['SCIENCE', 1.20349e-07], ['HOBBIES AND INTERESTS', 9.48091e-09], ['SPORTS', 5.57676e-10], ['ARTS AND ENTERTAINMENT', 3.42781e-10]]",False,104,42,19:38:11.966188
Holly conflicted a cat by an pajamas Holly I on a cat,"[['PETS', 0.06107764], ['TECHNOLOGY AND COMPUTING', 0.05295412], ['HOBBIES AND INTERESTS', 0.05094762], ['HOME AND GARDEN', 0.04852178], ['ARTS AND ENTERTAINMENT', 0.04782885]]","[['PETS', 1.0], ['HOBBIES AND INTERESTS', 2.16219e-14], ['HEALTH AND FITNESS', 4.55549e-16], ['SCIENCE', 3.59126e-16], ['FAMILY AND PARENTING', 9.61103e-17]]",False,105,42,19:38:17.809501
Holly conflicted a cat by an bus Holly I on a cat,"[['PETS', 0.0609344], ['TECHNOLOGY AND COMPUTING', 0.05879326], ['HOBBIES AND INTERESTS', 0.05186051], ['ARTS AND ENTERTAINMENT', 0.04838314], ['HOME AND GARDEN', 0.047694]]","[['PETS', 1.0], ['HOBBIES AND INTERESTS', 2.76889e-15], ['HEALTH AND FITNESS', 5.38298e-17], ['FAMILY AND PARENTING', 1.1038e-17], ['ARTS AND ENTERTAINMENT', 9.94416e-18]]",False,106,42,19:38:25.635287
Holly embarked a cat by an bus Holly I on a cat,"[['PETS', 0.06098888], ['TECHNOLOGY AND COMPUTING', 0.05877919], ['HOBBIES AND INTERESTS', 0.0514762], ['HOME AND GARDEN', 0.04783188], ['EDUCATION', 0.04779664]]","[['PETS', 1.0], ['HOBBIES AND INTERESTS', 1.86823e-15], ['HEALTH AND FITNESS', 4.1383e-17], ['FAMILY AND PARENTING', 3.04645e-17], ['ARTS AND ENTERTAINMENT', 1.0527e-17]]",False,107,42,19:38:34.187015
Holly embarked an cat by an bus Holly I on a cat,"[['PETS', 0.06098888], ['TECHNOLOGY AND COMPUTING', 0.05877919], ['HOBBIES AND INTERESTS', 0.0514762], ['HOME AND GARDEN', 0.04783188], ['EDUCATION', 0.04779664]]","[['PETS', 1.0], ['HOBBIES AND INTERESTS', 2.7616e-12], ['HEALTH AND FITNESS', 1.01681e-13], ['TRAVEL', 6.45985e-14], ['SPORTS', 5.57022e-14]]",False,108,42,19:38:39.716915
Holly embarked the cat by an bus Holly I on a cat,"[['PETS', 0.06098888], ['TECHNOLOGY AND COMPUTING', 0.05877919], ['HOBBIES AND INTERESTS', 0.0514762], ['HOME AND GARDEN', 0.04783188], ['EDUCATION', 0.04779664]]","[['PETS', 1.0], ['HOBBIES AND INTERESTS', 7.92988e-17], ['HEALTH AND FITNESS', 1.90938e-18], ['ARTS AND ENTERTAINMENT', 1.49941e-18], ['SPORTS', 1.43084e-18]]",False,109,42,19:38:46.476585
Marcus embarked the cat by an bus Holly I on a cat,"[['PETS', 0.06096787], ['TECHNOLOGY AND COMPUTING', 0.05730948], ['HOBBIES AND INTERESTS', 0.05121756], ['EDUCATION', 0.04842543], ['STYLE AND FASHION', 0.04816778]]","[['PETS', 1.0], ['EDUCATION', 5.11825e-14], ['HOBBIES AND INTERESTS', 3.22776e-17], ['SPORTS', 2.68679e-18], ['HEALTH AND FITNESS', 7.00761e-19]]",False,110,42,19:38:52.627745
Marcus embarked the cat outside an bus Holly I on a cat,"[['PETS', 0.06177171], ['TECHNOLOGY AND COMPUTING', 0.05660983], ['RELIGION AND SPIRITUALITY', 0.04882907], ['HOBBIES AND INTERESTS', 0.0488063], ['EDUCATION', 0.04846285]]","[['PETS', 1.0], ['EDUCATION', 7.44182e-12], ['SPORTS', 2.09247e-16], ['HOBBIES AND INTERESTS', 1.23978e-16], ['HEALTH AND FITNESS', 1.76892e-17]]",False,111,42,19:38:59.308445
Marcus conflicted the cat outside an bus Holly I on a cat,"[['PETS', 0.06171795], ['TECHNOLOGY AND COMPUTING', 0.05662468], ['HOBBIES AND INTERESTS', 0.04917182], ['RELIGION AND SPIRITUALITY', 0.048786], ['TRAVEL', 0.04870677]]","[['PETS', 1.0], ['HOBBIES AND INTERESTS', 1.94702e-16], ['HEALTH AND FITNESS', 5.00284e-17], ['SCIENCE', 1.06921e-17], ['SPORTS', 9.95488e-18]]",False,112,42,19:39:09.423333
Marcus studied the cat outside an bus Holly I on a cat,"[['PETS', 0.06092723], ['TECHNOLOGY AND COMPUTING', 0.05676691], ['EDUCATION', 0.05120115], ['TRAVEL', 0.04955433], ['HEALTH AND FITNESS', 0.04821944]]","[['PETS', 1.0], ['HEALTH AND FITNESS', 2.95867e-17], ['HOBBIES AND INTERESTS', 2.39183e-17], ['FAMILY AND PARENTING', 1.62236e-17], ['ARTS AND ENTERTAINMENT', 9.06537e-18]]",False,113,42,19:39:15.874376
Marcus studied the cat outside an bus Holly I on an cat,"[['PETS', 0.06092723], ['TECHNOLOGY AND COMPUTING', 0.05676691], ['EDUCATION', 0.05120115], ['TRAVEL', 0.04955433], ['HEALTH AND FITNESS', 0.04821944]]","[['PETS', 1.0], ['ARTS AND ENTERTAINMENT', 5.38296e-12], ['SPORTS', 2.90313e-12], ['HEALTH AND FITNESS', 2.56495e-12], ['FAMILY AND PARENTING', 2.18232e-12]]",False,114,42,19:39:21.701929
Marcus conflicted the cat outside an bus Holly I on an cat,"[['PETS', 0.06171795], ['TECHNOLOGY AND COMPUTING', 0.05662468], ['HOBBIES AND INTERESTS', 0.04917182], ['RELIGION AND SPIRITUALITY', 0.048786], ['TRAVEL', 0.04870677]]","[['PETS', 1.0], ['HEALTH AND FITNESS', 2.45205e-11], ['HOBBIES AND INTERESTS', 1.47227e-11], ['SCIENCE', 7.42996e-12], ['ARTS AND ENTERTAINMENT', 5.69513e-12]]",False,115,42,19:39:27.543669
Marcus conflicted a cat outside an bus Holly I on an cat,"[['PETS', 0.06171795], ['TECHNOLOGY AND COMPUTING', 0.05662468], ['HOBBIES AND INTERESTS', 0.04917182], ['RELIGION AND SPIRITUALITY', 0.048786], ['TRAVEL', 0.04870677]]","[['PETS', 1.0], ['HOBBIES AND INTERESTS', 2.37103e-11], ['HEALTH AND FITNESS', 4.50047e-12], ['RELIGION AND SPIRITUALITY', 1.49339e-12], ['SPORTS', 1.35164e-12]]",False,116,42,19:39:34.609761
Marcus conflicted a cat outside the bus Holly I on an cat,"[['PETS', 0.06171795], ['TECHNOLOGY AND COMPUTING', 0.05662468], ['HOBBIES AND INTERESTS', 0.04917182], ['RELIGION AND SPIRITUALITY', 0.048786], ['TRAVEL', 0.04870677]]","[['PETS', 1.0], ['HOBBIES AND INTERESTS', 1.39517e-11], ['TRAVEL', 4.2472e-12], ['HEALTH AND FITNESS', 2.13558e-12], ['FAMILY AND PARENTING', 1.76627e-12]]",False,117,42,19:39:40.630995
Marcus conflicted a cat outside the pajamas Holly I on an cat,"[['PETS', 0.06184096], ['TECHNOLOGY AND COMPUTING', 0.05098272], ['RELIGION AND SPIRITUALITY', 0.0501133], ['SPORTS', 0.04958484], ['HOBBIES AND INTERESTS', 0.04828901]]","[['PETS', 1.0], ['SCIENCE', 2.53915e-08], ['FOOD AND DRINK', 3.29092e-10], ['HOBBIES AND INTERESTS', 1.21575e-10], ['SPORTS', 8.16479e-12]]",False,118,42,19:39:46.277189
Marcus conflicted a cat outside an pajamas Holly I on an cat,"[['PETS', 0.06184096], ['TECHNOLOGY AND COMPUTING', 0.05098272], ['RELIGION AND SPIRITUALITY', 0.0501133], ['SPORTS', 0.04958484], ['HOBBIES AND INTERESTS', 0.04828901]]","[['PETS', 1.0], ['SCIENCE', 2.04126e-10], ['HOBBIES AND INTERESTS', 1.91531e-10], ['SPORTS', 1.39141e-11], ['RELIGION AND SPIRITUALITY', 1.27982e-11]]",False,119,42,19:39:51.687668
Marcus conflicted a cat outside an pajamas Marcus I on an cat,"[['PETS', 0.06184355], ['SPORTS', 0.05121504], ['TECHNOLOGY AND COMPUTING', 0.05012806], ['RELIGION AND SPIRITUALITY', 0.04918233], ['HEALTH AND FITNESS', 0.04893128]]","[['PETS', 1.0], ['FOOD AND DRINK', 2.13586e-07], ['SCIENCE', 8.14123e-10], ['RELIGION AND SPIRITUALITY', 2.51376e-10], ['SPORTS', 1.47025e-10]]",False,120,42,19:39:57.335743
Marcus made a cat outside an pajamas Marcus I on an cat,"[['PETS', 0.05971526], ['SPORTS', 0.05187604], ['HOBBIES AND INTERESTS', 0.05112473], ['RELIGION AND SPIRITUALITY', 0.05084904], ['FOOD AND DRINK', 0.05066102]]","[['PETS', 0.999999], ['FOOD AND DRINK', 1.07444e-06], ['SCIENCE', 6.8851e-09], ['SPORTS', 1.5656e-09], ['HOBBIES AND INTERESTS', 1.22174e-09]]",False,121,42,19:40:02.867927
Holly made a cat outside an pajamas Marcus I on an cat,"[['PETS', 0.05971276], ['RELIGION AND SPIRITUALITY', 0.05181158], ['TECHNOLOGY AND COMPUTING', 0.05104777], ['HOBBIES AND INTERESTS', 0.05055389], ['SPORTS', 0.05022481]]","[['HOBBIES AND INTERESTS', 0.729869], ['PETS', 0.270131], ['FOOD AND DRINK', 3.71647e-08], ['SCIENCE', 8.35589e-10], ['SPORTS', 8.78484e-11]]",False,122,42,19:40:10.242814
Holly made my cat outside an pajamas Marcus I on an cat,"[['PETS', 0.0651839], ['RELIGION AND SPIRITUALITY', 0.05307524], ['HOBBIES AND INTERESTS', 0.05274967], ['TECHNOLOGY AND COMPUTING', 0.05117461], ['FOOD AND DRINK', 0.04965398]]","[['HOBBIES AND INTERESTS', 0.999845], ['PETS', 0.000154294], ['FOOD AND DRINK', 2.78517e-07], ['SCIENCE', 8.73787e-09], ['FAMILY AND PARENTING', 1.11823e-09]]",False,123,42,19:40:16.127249
Holly made my cat in an pajamas Marcus I on an cat,"[['PETS', 0.06434257], ['HOBBIES AND INTERESTS', 0.05536169], ['TECHNOLOGY AND COMPUTING', 0.05181265], ['AUTOMOTIVE', 0.04938184], ['STYLE AND FASHION', 0.04917618]]","[['PETS', 0.613454], ['HOBBIES AND INTERESTS', 0.386546], ['FOOD AND DRINK', 1.3745e-07], ['SCIENCE', 4.11778e-09], ['FAMILY AND PARENTING', 5.26735e-10]]",False,124,42,19:40:22.643679
Holly made my cat in an pajamas Marcus I on my cat,"[['PETS', 0.06428156], ['HOBBIES AND INTERESTS', 0.05533312], ['TECHNOLOGY AND COMPUTING', 0.05172896], ['AUTOMOTIVE', 0.04958562], ['FOOD AND DRINK', 0.04897914]]","[['PETS', 0.5814], ['HOBBIES AND INTERESTS', 0.418599], ['FOOD AND DRINK', 1.55477e-07], ['SCIENCE', 4.12951e-09], ['FAMILY AND PARENTING', 1.00849e-09]]",False,125,42,19:40:28.676743
Holly studied my cat in an pajamas Marcus I on my cat,"[['PETS', 0.06568588], ['TECHNOLOGY AND COMPUTING', 0.05190307], ['EDUCATION', 0.05122508], ['HEALTH AND FITNESS', 0.05030066], ['HOBBIES AND INTERESTS', 0.05014503]]","[['PETS', 1.0], ['FOOD AND DRINK', 6.45067e-08], ['SCIENCE', 2.5283e-09], ['ARTS AND ENTERTAINMENT', 2.59294e-10], ['RELIGION AND SPIRITUALITY', 2.4203e-10]]",True,126,43,19:40:35.736601
Holly studied my cat in an pajamas Marcus Dylan on my cat,"[['PETS', 0.06848782], ['EDUCATION', 0.05246245], ['STYLE AND FASHION', 0.04942044], ['HEALTH AND FITNESS', 0.04879895], ['AUTOMOTIVE', 0.04839265]]","[['PETS', 1.0], ['SCIENCE', 3.54436e-09], ['ARTS AND ENTERTAINMENT', 8.78474e-10], ['HOBBIES AND INTERESTS', 7.44464e-10], ['NON STANDARD CONTENT', 1.80149e-10]]",True,127,44,19:40:41.935046
Holly studied my cat in an pajamas I Dylan on my cat,"[['PETS', 0.06640884], ['TECHNOLOGY AND COMPUTING', 0.05250666], ['HOBBIES AND INTERESTS', 0.05073984], ['EDUCATION', 0.05056195], ['HOME AND GARDEN', 0.04921407]]","[['PETS', 1.0], ['SCIENCE', 1.58354e-09], ['ARTS AND ENTERTAINMENT', 8.4862e-10], ['NON STANDARD CONTENT', 1.64595e-10], ['HOBBIES AND INTERESTS', 1.62381e-10]]",False,128,44,19:40:47.414981
Holly studied my cat in an pajamas I Dylan on an cat,"[['PETS', 0.06640884], ['TECHNOLOGY AND COMPUTING', 0.05250666], ['HOBBIES AND INTERESTS', 0.05073984], ['EDUCATION', 0.05056195], ['HOME AND GARDEN', 0.04921407]]","[['PETS', 1.0], ['SCIENCE', 1.49261e-09], ['ARTS AND ENTERTAINMENT', 3.72084e-10], ['HOBBIES AND INTERESTS', 1.41233e-10], ['NON STANDARD CONTENT', 8.62309e-11]]",False,129,44,19:40:53.862534
Holly studied my cat in an pajamas I Holly on an cat,"[['PETS', 0.06579176], ['TECHNOLOGY AND COMPUTING', 0.05333718], ['EDUCATION', 0.05065444], ['HOBBIES AND INTERESTS', 0.05044029], ['HEALTH AND FITNESS', 0.04904552]]","[['PETS', 1.0], ['SCIENCE', 3.6848e-09], ['ARTS AND ENTERTAINMENT', 9.1642e-10], ['STYLE AND FASHION', 5.8334e-10], ['HOBBIES AND INTERESTS', 4.76196e-10]]",False,130,44,19:41:00.990699
Holly studied my cat in the pajamas I Holly on an cat,"[['PETS', 0.06579176], ['TECHNOLOGY AND COMPUTING', 0.05333718], ['EDUCATION', 0.05065444], ['HOBBIES AND INTERESTS', 0.05044029], ['HEALTH AND FITNESS', 0.04904552]]","[['PETS', 1.0], ['SCIENCE', 4.87879e-07], ['ARTS AND ENTERTAINMENT', 4.21959e-10], ['HOBBIES AND INTERESTS', 3.6386e-10], ['STYLE AND FASHION', 3.25771e-10]]",False,131,44,19:41:09.836823
Holly studied my cat in the pajamas I Holly outside an cat,"[['PETS', 0.06662444], ['TECHNOLOGY AND COMPUTING', 0.05265855], ['RELIGION AND SPIRITUALITY', 0.05128016], ['EDUCATION', 0.05066715], ['HEALTH AND FITNESS', 0.0505814]]","[['PETS', 1.0], ['SCIENCE', 4.57416e-07], ['STYLE AND FASHION', 4.98443e-10], ['ARTS AND ENTERTAINMENT', 3.70723e-10], ['HOBBIES AND INTERESTS', 2.86415e-10]]",True,132,45,19:41:15.373993
Holly studied my cat in the pajamas I Holly outside an snake,"[['PETS', 0.06693446], ['TECHNOLOGY AND COMPUTING', 0.05169711], ['HEALTH AND FITNESS', 0.05119837], ['TRAVEL', 0.0510569], ['RELIGION AND SPIRITUALITY', 0.05094885]]","[['PETS', 0.996618], ['SCIENCE', 0.0033799], ['FOOD AND DRINK', 7.22563e-07], ['STYLE AND FASHION', 5.06712e-07], ['ARTS AND ENTERTAINMENT', 2.35898e-07]]",True,133,46,19:41:21.523457
Holly studied a cat in the pajamas I Holly outside an snake,"[['PETS', 0.06136215], ['TECHNOLOGY AND COMPUTING', 0.05147134], ['SPORTS', 0.05105108], ['EDUCATION', 0.04989953], ['HEALTH AND FITNESS', 0.04981351]]","[['PETS', 1.0], ['SCIENCE', 3.35609e-08], ['FOOD AND DRINK', 4.48322e-11], ['HOBBIES AND INTERESTS', 9.28758e-12], ['FAMILY AND PARENTING', 5.49278e-12]]",True,134,47,19:41:26.982075
Holly studied a cat in the pajamas I Holly outside an bus,"[['PETS', 0.06087587], ['TECHNOLOGY AND COMPUTING', 0.05799703], ['EDUCATION', 0.05129319], ['TRAVEL', 0.05107543], ['HEALTH AND FITNESS', 0.04952234]]","[['PETS', 1.0], ['SCIENCE', 2.39883e-08], ['FOOD AND DRINK', 1.46719e-10], ['HOBBIES AND INTERESTS', 7.65812e-12], ['FAMILY AND PARENTING', 4.52912e-12]]",True,135,48,19:41:32.931157
Holly studied a cat in an pajamas I Holly outside an bus,"[['PETS', 0.06087587], ['TECHNOLOGY AND COMPUTING', 0.05799703], ['EDUCATION', 0.05129319], ['TRAVEL', 0.05107543], ['HEALTH AND FITNESS', 0.04952234]]","[['PETS', 1.0], ['SCIENCE', 1.75289e-10], ['HOBBIES AND INTERESTS', 1.11437e-11], ['FAMILY AND PARENTING', 7.70327e-12], ['STYLE AND FASHION', 6.08083e-12]]",True,136,49,19:41:39.634743
Holly studied a cat in an pajamas I Marcus outside an bus,"[['PETS', 0.06087127], ['TECHNOLOGY AND COMPUTING', 0.05656209], ['EDUCATION', 0.05198196], ['TRAVEL', 0.04949142], ['HEALTH AND FITNESS', 0.04925738]]","[['PETS', 1.0], ['SCIENCE', 5.85554e-11], ['HOBBIES AND INTERESTS', 1.12361e-12], ['SPORTS', 9.6432e-13], ['NON STANDARD CONTENT', 6.5832e-13]]",True,137,50,19:41:47.289235
Holly studied a cat in an pajamas I I outside an bus,"[['PETS', 0.06061912], ['TECHNOLOGY AND COMPUTING', 0.05774409], ['EDUCATION', 0.05149764], ['TRAVEL', 0.05121628], ['HOBBIES AND INTERESTS', 0.04900388]]","[['PETS', 1.0], ['SCIENCE', 1.25048e-10], ['NON STANDARD CONTENT', 3.72907e-12], ['HOBBIES AND INTERESTS', 3.71954e-12], ['HEALTH AND FITNESS', 1.20149e-12]]",False,138,50,19:41:54.488091
Holly studied a cat in a pajamas I I outside an bus,"[['PETS', 0.06061912], ['TECHNOLOGY AND COMPUTING', 0.05774409], ['EDUCATION', 0.05149764], ['TRAVEL', 0.05121628], ['HOBBIES AND INTERESTS', 0.04900388]]","[['PETS', 1.0], ['SCIENCE', 7.24473e-11], ['HOBBIES AND INTERESTS', 4.09127e-12], ['NON STANDARD CONTENT', 1.55089e-12], ['FAMILY AND PARENTING', 5.55502e-13]]",False,139,50,19:42:01.254162
Holly studied a cat in my pajamas I I outside an bus,"[['PETS', 0.06291753], ['TECHNOLOGY AND COMPUTING', 0.05820472], ['TRAVEL', 0.05292098], ['EDUCATION', 0.05182041], ['HEALTH AND FITNESS', 0.05142217]]","[['PETS', 1.0], ['SCIENCE', 4.78759e-11], ['NON STANDARD CONTENT', 8.34747e-12], ['STYLE AND FASHION', 3.44966e-12], ['ARTS AND ENTERTAINMENT', 2.34576e-12]]",True,140,51,19:42:07.085267
Holly made a cat in my pajamas I I outside an bus,"[['PETS', 0.06153736], ['TECHNOLOGY AND COMPUTING', 0.05812978], ['HOBBIES AND INTERESTS', 0.0538577], ['TRAVEL', 0.05289181], ['RELIGION AND SPIRITUALITY', 0.05225778]]","[['PETS', 0.836048], ['HOBBIES AND INTERESTS', 0.163952], ['SCIENCE', 4.24736e-10], ['NON STANDARD CONTENT', 9.34545e-11], ['STYLE AND FASHION', 1.47126e-11]]",False,141,51,19:42:13.228574
Holly made an cat in my pajamas I I outside an bus,"[['PETS', 0.06153736], ['TECHNOLOGY AND COMPUTING', 0.05812978], ['HOBBIES AND INTERESTS', 0.0538577], ['TRAVEL', 0.05289181], ['RELIGION AND SPIRITUALITY', 0.05225778]]","[['HOBBIES AND INTERESTS', 0.988376], ['PETS', 0.0116233], ['SCIENCE', 2.02416e-07], ['NON STANDARD CONTENT', 3.02472e-08], ['STYLE AND FASHION', 1.75244e-09]]",False,142,51,19:42:19.097903
Holly made an cat in my pajamas I Holly outside an bus,"[['PETS', 0.06180043], ['TECHNOLOGY AND COMPUTING', 0.05838671], ['HOBBIES AND INTERESTS', 0.05277881], ['TRAVEL', 0.05274843], ['RELIGION AND SPIRITUALITY', 0.05258543]]","[['HOBBIES AND INTERESTS', 0.998619], ['PETS', 0.00138124], ['SCIENCE', 3.3718e-08], ['NON STANDARD CONTENT', 2.34076e-09], ['STYLE AND FASHION', 1.13525e-09]]",False,143,51,19:42:24.900805
Holly made an cat in a pajamas I Holly outside an bus,"[['PETS', 0.05954679], ['TECHNOLOGY AND COMPUTING', 0.05792849], ['HOBBIES AND INTERESTS', 0.05165922], ['TRAVEL', 0.05105268], ['RELIGION AND SPIRITUALITY', 0.05095894]]","[['HOBBIES AND INTERESTS', 0.998555], ['PETS', 0.00144547], ['SCIENCE', 2.34562e-08], ['FOOD AND DRINK', 8.945e-10], ['NON STANDARD CONTENT', 1.80024e-10]]",False,144,51,19:42:31.904290
Holly made an hill in a pajamas I Holly outside an bus,"[['TECHNOLOGY AND COMPUTING', 0.05587609], ['TRAVEL', 0.05376201], ['HOBBIES AND INTERESTS', 0.05216414], ['RELIGION AND SPIRITUALITY', 0.0517085], ['ARTS AND ENTERTAINMENT', 0.05113186]]","[['HOBBIES AND INTERESTS', 1.0], ['SCIENCE', 2.84938e-07], ['FOOD AND DRINK', 1.19185e-08], ['TRAVEL', 4.82184e-09], ['STYLE AND FASHION', 3.73099e-09]]",False,145,51,19:42:38.211991
Holly made an hill in a pajamas I Holly with an bus,"[['TECHNOLOGY AND COMPUTING', 0.05658514], ['HOBBIES AND INTERESTS', 0.05475916], ['ARTS AND ENTERTAINMENT', 0.05178992], ['TRAVEL', 0.05078632], ['SPORTS', 0.04849501]]","[['HOBBIES AND INTERESTS', 1.0], ['SCIENCE', 2.29265e-07], ['FOOD AND DRINK', 1.10354e-08], ['TRAVEL', 4.955e-09], ['SPORTS', 3.72402e-09]]",False,146,51,19:42:45.894405
Holly made my hill in a pajamas I Holly with an bus,"[['HOBBIES AND INTERESTS', 0.05742654], ['TECHNOLOGY AND COMPUTING', 0.05694924], ['TRAVEL', 0.05181611], ['ARTS AND ENTERTAINMENT', 0.05102864], ['RELIGION AND SPIRITUALITY', 0.04877927]]","[['HOBBIES AND INTERESTS', 1.0], ['SCIENCE', 2.26927e-08], ['STYLE AND FASHION', 1.57025e-09], ['SPORTS', 1.06286e-09], ['FOOD AND DRINK', 7.88571e-10]]",True,147,52,19:42:52.817770
Holly made my hill with a pajamas I Holly with an bus,"[['HOBBIES AND INTERESTS', 0.05742654], ['TECHNOLOGY AND COMPUTING', 0.05694924], ['TRAVEL', 0.05181611], ['ARTS AND ENTERTAINMENT', 0.05102864], ['RELIGION AND SPIRITUALITY', 0.04877927]]","[['HOBBIES AND INTERESTS', 1.0], ['SCIENCE', 6.55393e-08], ['SPORTS', 5.13759e-09], ['FOOD AND DRINK', 5.1357e-09], ['TRAVEL', 1.36248e-09]]",False,148,52,19:43:00.944567
Holly made my hill with a pajamas I Holly outside an bus,"[['TECHNOLOGY AND COMPUTING', 0.05623854], ['TRAVEL', 0.05485498], ['HOBBIES AND INTERESTS', 0.05470796], ['RELIGION AND SPIRITUALITY', 0.05329684], ['ARTS AND ENTERTAINMENT', 0.05038286]]","[['HOBBIES AND INTERESTS', 1.0], ['SCIENCE', 3.65282e-08], ['FOOD AND DRINK', 2.18907e-09], ['SPORTS', 1.99127e-09], ['STYLE AND FASHION', 6.2796e-10]]",True,149,53,19:43:07.900947
Holly studied my hill with a pajamas I Holly outside an bus,"[['TECHNOLOGY AND COMPUTING', 0.05644316], ['TRAVEL', 0.05563011], ['EDUCATION', 0.05200688], ['HEALTH AND FITNESS', 0.05161226], ['RELIGION AND SPIRITUALITY', 0.05085602]]","[['SCIENCE', 0.788016], ['SPORTS', 0.071109], ['STYLE AND FASHION', 0.0354125], ['TRAVEL', 0.0154138], ['ARTS AND ENTERTAINMENT', 0.00905236]]",True,150,54,19:43:14.165601
Holly studied my snake with a pajamas I Holly outside an bus,"[['TECHNOLOGY AND COMPUTING', 0.05623226], ['TRAVEL', 0.05598642], ['HEALTH AND FITNESS', 0.05309487], ['RELIGION AND SPIRITUALITY', 0.05220844], ['EDUCATION', 0.05118443]]","[['SCIENCE', 0.95044], ['STYLE AND FASHION', 0.00859046], ['SPORTS', 0.00626376], ['NON STANDARD CONTENT', 0.00488953], ['TRAVEL', 0.00405939]]",True,151,55,19:43:21.833902
Holly studied my snake with a hill I Holly outside an bus,"[['TRAVEL', 0.05635439], ['TECHNOLOGY AND COMPUTING', 0.05562854], ['ARTS AND ENTERTAINMENT', 0.0513525], ['HEALTH AND FITNESS', 0.0511706], ['EDUCATION', 0.05100689]]","[['SPORTS', 0.588836], ['TRAVEL', 0.325322], ['STYLE AND FASHION', 0.0232962], ['NON STANDARD CONTENT', 0.013131], ['ARTS AND ENTERTAINMENT', 0.00573339]]",False,152,55,19:43:29.818666
Holly studied my snake with a hill I Holly outside an camera,"[['TRAVEL', 0.05433213], ['HOBBIES AND INTERESTS', 0.05329687], ['ARTS AND ENTERTAINMENT', 0.0528339], ['TECHNOLOGY AND COMPUTING', 0.05237685], ['SPORTS', 0.05177114]]","[['STYLE AND FASHION', 0.365513], ['TRAVEL', 0.18162], ['NON STANDARD CONTENT', 0.103095], ['SPORTS', 0.10287], ['PETS', 0.0356541]]",False,153,55,19:43:37.497001
Holly studied my snake with a hill I Marcus outside an camera,"[['HOBBIES AND INTERESTS', 0.05304262], ['ARTS AND ENTERTAINMENT', 0.0528449], ['TRAVEL', 0.05264639], ['SPORTS', 0.05162804], ['TECHNOLOGY AND COMPUTING', 0.05108027]]","[['SPORTS', 0.259003], ['STYLE AND FASHION', 0.0912069], ['TRAVEL', 0.0708108], ['RELIGION AND SPIRITUALITY', 0.0682442], ['HOBBIES AND INTERESTS', 0.0458314]]",False,154,55,19:43:44.296503
Holly studied my snake with a hill I Marcus outside an province,"[['TRAVEL', 0.0535788], ['SPORTS', 0.05304656], ['ARTS AND ENTERTAINMENT', 0.05236769], ['RELIGION AND SPIRITUALITY', 0.05206059], ['EDUCATION', 0.05064644]]","[['TRAVEL', 0.661819], ['SPORTS', 0.0750722], ['RELIGION AND SPIRITUALITY', 0.0299732], ['FOOD AND DRINK', 0.0237403], ['HOME AND GARDEN', 0.0148571]]",False,155,55,19:43:50.408846
Holly embarked my snake with a hill I Marcus outside an province,"[['RELIGION AND SPIRITUALITY', 0.05294215], ['SPORTS', 0.05257421], ['TRAVEL', 0.05230662], ['ARTS AND ENTERTAINMENT', 0.05191762], ['AUTOMOTIVE', 0.05022427]]","[['TRAVEL', 0.882008], ['SPORTS', 0.0121709], ['RELIGION AND SPIRITUALITY', 0.0103353], ['FOOD AND DRINK', 0.00738608], ['CAREERS', 0.00336615]]",False,156,55,19:43:55.875919
Holly embarked my snake with a snake I Marcus outside an province,"[['RELIGION AND SPIRITUALITY', 0.05472148], ['TRAVEL', 0.05203654], ['AUTOMOTIVE', 0.05037457], ['SPORTS', 0.05026642], ['FOOD AND DRINK', 0.04988254]]","[['PETS', 0.823474], ['TRAVEL', 0.0770771], ['HEALTH AND FITNESS', 0.0267507], ['FOOD AND DRINK', 0.0143144], ['RELIGION AND SPIRITUALITY', 0.00716674]]",False,157,55,19:44:01.770719
Holly embarked my snake with a snake I Marcus with an province,"[['AUTOMOTIVE', 0.05163595], ['HOBBIES AND INTERESTS', 0.05073541], ['STYLE AND FASHION', 0.05026668], ['RELIGION AND SPIRITUALITY', 0.0500963], ['TECHNOLOGY AND COMPUTING', 0.04942711]]","[['PETS', 0.659905], ['FOOD AND DRINK', 0.172871], ['TRAVEL', 0.0723626], ['HEALTH AND FITNESS', 0.0328075], ['RELIGION AND SPIRITUALITY', 0.00895487]]",True,158,56,19:44:07.249349
Holly embarked my snake with a snake I Holly with an province,"[['AUTOMOTIVE', 0.05105686], ['HOBBIES AND INTERESTS', 0.05100079], ['TRAVEL', 0.05076311], ['RELIGION AND SPIRITUALITY', 0.05075282], ['TECHNOLOGY AND COMPUTING', 0.05070379]]","[['PETS', 0.527217], ['TRAVEL', 0.290977], ['HEALTH AND FITNESS', 0.130758], ['RELIGION AND SPIRITUALITY', 0.00664275], ['SCIENCE', 0.00443269]]",False,159,56,19:44:13.751943
Holly embarked my snake in a snake I Holly with an province,"[['AUTOMOTIVE', 0.05105686], ['HOBBIES AND INTERESTS', 0.05100079], ['TRAVEL', 0.05076311], ['RELIGION AND SPIRITUALITY', 0.05075282], ['TECHNOLOGY AND COMPUTING', 0.05070379]]","[['PETS', 0.999993], ['TRAVEL', 2.04624e-06], ['HEALTH AND FITNESS', 8.72748e-07], ['RELIGION AND SPIRITUALITY', 4.22163e-08], ['SCIENCE', 2.73781e-08]]",False,160,56,19:44:19.124868
Dylan embarked my snake in a snake I Holly with an province,"[['HOBBIES AND INTERESTS', 0.05130771], ['TRAVEL', 0.05087105], ['RELIGION AND SPIRITUALITY', 0.05084219], ['AUTOMOTIVE', 0.05048679], ['TECHNOLOGY AND COMPUTING', 0.04991821]]","[['PETS', 0.999998], ['TRAVEL', 1.87799e-07], ['HEALTH AND FITNESS', 7.90883e-08], ['SPORTS', 1.85767e-08], ['SCIENCE', 1.12032e-08]]",True,161,57,19:44:26.677738
Dylan conflicted my snake in a snake I Holly with an province,"[['HOBBIES AND INTERESTS', 0.05168732], ['TRAVEL', 0.05122317], ['RELIGION AND SPIRITUALITY', 0.05079279], ['AUTOMOTIVE', 0.05043833], ['TECHNOLOGY AND COMPUTING', 0.04992683]]","[['PETS', 0.999998], ['SCIENCE', 5.24164e-08], ['TRAVEL', 4.60928e-08], ['HEALTH AND FITNESS', 2.73042e-08], ['SPORTS', 1.85769e-08]]",True,162,58,19:44:33.721176
Dylan conflicted my snake in a snake I Holly in an province,"[['HOBBIES AND INTERESTS', 0.05168732], ['TRAVEL', 0.05122317], ['RELIGION AND SPIRITUALITY', 0.05079279], ['AUTOMOTIVE', 0.05043833], ['TECHNOLOGY AND COMPUTING', 0.04992683]]","[['PETS', 0.999997], ['SCIENCE', 9.58662e-08], ['TRAVEL', 8.55847e-08], ['HEALTH AND FITNESS', 4.92582e-08], ['SPORTS', 2.49678e-08]]",True,163,59,19:44:40.171928
Dylan conflicted my snake in a snake I Holly with an province,"[['HOBBIES AND INTERESTS', 0.05168732], ['TRAVEL', 0.05122317], ['RELIGION AND SPIRITUALITY', 0.05079279], ['AUTOMOTIVE', 0.05043833], ['TECHNOLOGY AND COMPUTING', 0.04992683]]","[['PETS', 0.999998], ['SCIENCE', 5.24164e-08], ['TRAVEL', 4.60928e-08], ['HEALTH AND FITNESS', 2.73042e-08], ['SPORTS', 1.85769e-08]]",True,163,59,19:44:46.928285
I conflicted my snake in a snake I Holly with an province,"[['HOBBIES AND INTERESTS', 0.05137818], ['TRAVEL', 0.05111454], ['AUTOMOTIVE', 0.0510079], ['TECHNOLOGY AND COMPUTING', 0.05071261], ['RELIGION AND SPIRITUALITY', 0.05070356]]","[['PETS', 0.999999], ['TRAVEL', 1.17704e-07], ['SCIENCE', 1.10709e-07], ['HEALTH AND FITNESS', 6.75567e-08], ['FOOD AND DRINK', 2.99422e-08]]",True,164,60,19:44:52.801281
I conflicted my province in a snake I Holly with an province,"[['HOBBIES AND INTERESTS', 0.05137818], ['TRAVEL', 0.05111454], ['AUTOMOTIVE', 0.0510079], ['TECHNOLOGY AND COMPUTING', 0.05071261], ['RELIGION AND SPIRITUALITY', 0.05070356]]","[['TRAVEL', 0.267969], ['SCIENCE', 0.113167], ['RELIGION AND SPIRITUALITY', 0.0622292], ['FOOD AND DRINK', 0.0463631], ['SOCIETY', 0.0117226]]",False,165,60,19:44:59.528792
I conflicted my province in a snake Dylan Holly with an province,"[['HOBBIES AND INTERESTS', 0.05168732], ['TRAVEL', 0.05122317], ['RELIGION AND SPIRITUALITY', 0.05079279], ['AUTOMOTIVE', 0.05043833], ['TECHNOLOGY AND COMPUTING', 0.04992683]]","[['HOBBIES AND INTERESTS', 0.999975], ['TRAVEL', 6.33973e-06], ['SCIENCE', 2.23481e-06], ['PETS', 1.1867e-06], ['FOOD AND DRINK', 9.45391e-07]]",False,166,60,19:45:05.974244
I conflicted my province in my snake Dylan Holly with an province,"[['HOBBIES AND INTERESTS', 0.05168732], ['TRAVEL', 0.05122317], ['RELIGION AND SPIRITUALITY', 0.05079279], ['AUTOMOTIVE', 0.05043833], ['TECHNOLOGY AND COMPUTING', 0.04992683]]","[['HOBBIES AND INTERESTS', 0.999943], ['RELIGION AND SPIRITUALITY', 8.91571e-06], ['TRAVEL', 8.26001e-06], ['FAMILY AND PARENTING', 2.52391e-06], ['SPORTS', 1.76607e-06]]",False,167,60,19:45:12.136641
I conflicted my camera in my snake Dylan Holly with an province,"[['HOBBIES AND INTERESTS', 0.0558725], ['TECHNOLOGY AND COMPUTING', 0.05221807], ['TRAVEL', 0.05166927], ['ARTS AND ENTERTAINMENT', 0.05074907], ['RELIGION AND SPIRITUALITY', 0.05024392]]","[['HOBBIES AND INTERESTS', 0.999997], ['NON STANDARD CONTENT', 3.16895e-07], ['ARTS AND ENTERTAINMENT', 2.39937e-07], ['RELIGION AND SPIRITUALITY', 1.469e-07], ['SCIENCE', 1.24236e-07]]",False,168,60,19:45:17.956547
Marcus conflicted my camera in my snake Dylan Holly with an province,"[['HOBBIES AND INTERESTS', 0.05241925], ['FAMILY AND PARENTING', 0.05002298], ['AUTOMOTIVE', 0.04995405], ['TRAVEL', 0.04986589], ['ARTS AND ENTERTAINMENT', 0.04981091]]","[['HOBBIES AND INTERESTS', 0.999988], ['ARTS AND ENTERTAINMENT', 1.74639e-06], ['SCIENCE', 1.62948e-06], ['HEALTH AND FITNESS', 9.39617e-07], ['TECHNOLOGY AND COMPUTING', 8.60732e-07]]",False,169,60,19:45:25.234835
Marcus conflicted my camera in my camera Dylan Holly with an province,"[['HOBBIES AND INTERESTS', 0.05215822], ['AUTOMOTIVE', 0.05027921], ['FAMILY AND PARENTING', 0.05004956], ['STYLE AND FASHION', 0.04962646], ['RELIGION AND SPIRITUALITY', 0.04952312]]","[['HOBBIES AND INTERESTS', 0.973069], ['TECHNOLOGY AND COMPUTING', 0.0266059], ['ARTS AND ENTERTAINMENT', 7.72194e-05], ['EDUCATION', 1.32303e-05], ['HEALTH AND FITNESS', 3.23181e-06]]",True,170,61,19:45:32.476559
Marcus made my camera in my camera Dylan Holly with an province,"[['HOBBIES AND INTERESTS', 0.05598934], ['RELIGION AND SPIRITUALITY', 0.05108412], ['ARTS AND ENTERTAINMENT', 0.04986116], ['AUTOMOTIVE', 0.04971565], ['TRAVEL', 0.04919024]]","[['HOBBIES AND INTERESTS', 0.872823], ['TECHNOLOGY AND COMPUTING', 0.126881], ['ARTS AND ENTERTAINMENT', 7.9613e-05], ['SCIENCE', 4.37661e-06], ['FAMILY AND PARENTING', 2.68738e-06]]",False,171,61,19:45:38.957308
Marcus made my camera in my camera Holly Holly with an province,"[['HOBBIES AND INTERESTS', 0.05565432], ['RELIGION AND SPIRITUALITY', 0.05099423], ['AUTOMOTIVE', 0.05027691], ['ARTS AND ENTERTAINMENT', 0.04968799], ['FAMILY AND PARENTING', 0.04924994]]","[['TECHNOLOGY AND COMPUTING', 0.879913], ['RELIGION AND SPIRITUALITY', 0.119981], ['HOBBIES AND INTERESTS', 4.95306e-05], ['SCIENCE', 7.02983e-06], ['STYLE AND FASHION', 6.52986e-06]]",False,172,61,19:45:45.403335
Marcus made my bus in my camera Holly Holly with an province,"[['HOBBIES AND INTERESTS', 0.05692845], ['TECHNOLOGY AND COMPUTING', 0.0541786], ['TRAVEL', 0.05178928], ['RELIGION AND SPIRITUALITY', 0.04950558], ['ARTS AND ENTERTAINMENT', 0.04947274]]","[['RELIGION AND SPIRITUALITY', 0.999704], ['FAMILY AND PARENTING', 9.47402e-05], ['TECHNOLOGY AND COMPUTING', 8.74947e-05], ['SCIENCE', 1.27113e-05], ['STYLE AND FASHION', 9.8652e-06]]",False,173,61,19:45:51.256605
Marcus made my bus outside my camera Holly Holly with an province,"[['TRAVEL', 0.05497325], ['HOBBIES AND INTERESTS', 0.0542696], ['RELIGION AND SPIRITUALITY', 0.05399667], ['TECHNOLOGY AND COMPUTING', 0.05395189], ['BUSINESS', 0.05114556]]","[['RELIGION AND SPIRITUALITY', 0.999866], ['TECHNOLOGY AND COMPUTING', 7.97025e-05], ['FAMILY AND PARENTING', 1.51449e-05], ['SCIENCE', 5.20371e-06], ['ARTS AND ENTERTAINMENT', 2.3851e-06]]",False,174,61,19:45:58.921112
Marcus made my bus outside my camera Holly Holly outside an province,"[['TRAVEL', 0.05497325], ['HOBBIES AND INTERESTS', 0.0542696], ['RELIGION AND SPIRITUALITY', 0.05399667], ['TECHNOLOGY AND COMPUTING', 0.05395189], ['BUSINESS', 0.05114556]]","[['RELIGION AND SPIRITUALITY', 0.999736], ['TECHNOLOGY AND COMPUTING', 0.000126479], ['FAMILY AND PARENTING', 3.80169e-05], ['SCIENCE', 1.07964e-05], ['STYLE AND FASHION', 4.33063e-06]]",False,175,61,19:46:08.539227
Marcus made my bus outside my camera Holly Holly outside my province,"[['TRAVEL', 0.05497325], ['HOBBIES AND INTERESTS', 0.0542696], ['RELIGION AND SPIRITUALITY', 0.05399667], ['TECHNOLOGY AND COMPUTING', 0.05395189], ['BUSINESS', 0.05114556]]","[['RELIGION AND SPIRITUALITY', 0.999679], ['FAMILY AND PARENTING', 8.78727e-05], ['TECHNOLOGY AND COMPUTING', 4.99498e-05], ['STYLE AND FASHION', 1.25741e-05], ['SCIENCE', 1.21351e-05]]",False,176,61,19:46:13.999283
Marcus made my bus outside the camera Holly Holly outside my province,"[['TRAVEL', 0.05489031], ['HOBBIES AND INTERESTS', 0.05434682], ['RELIGION AND SPIRITUALITY', 0.05401513], ['TECHNOLOGY AND COMPUTING', 0.05376595], ['BUSINESS', 0.05116305]]","[['RELIGION AND SPIRITUALITY', 0.985235], ['TECHNOLOGY AND COMPUTING', 0.0144315], ['SCIENCE', 6.33236e-05], ['FAMILY AND PARENTING', 4.36007e-05], ['NON STANDARD CONTENT', 1.8121e-05]]",False,177,61,19:46:19.598575
Marcus made my bus outside the bus Holly Holly outside my province,"[['RELIGION AND SPIRITUALITY', 0.05462356], ['TRAVEL', 0.05431576], ['TECHNOLOGY AND COMPUTING', 0.05160588], ['HOBBIES AND INTERESTS', 0.04992616], ['FOOD AND DRINK', 0.04982628]]","[['RELIGION AND SPIRITUALITY', 0.998638], ['FAMILY AND PARENTING', 0.000664147], ['SPORTS', 0.00016053], ['TRAVEL', 0.0001323], ['BUSINESS', 7.27495e-06]]",False,178,61,19:46:25.463434
Marcus made my bus outside the bus Holly Holly in my province,"[['RELIGION AND SPIRITUALITY', 0.05471349], ['TRAVEL', 0.05414711], ['TECHNOLOGY AND COMPUTING', 0.05117142], ['BUSINESS', 0.04996026], ['HOBBIES AND INTERESTS', 0.04988842]]","[['RELIGION AND SPIRITUALITY', 0.997766], ['FAMILY AND PARENTING', 0.00180433], ['SPORTS', 0.000129207], ['TRAVEL', 8.3784e-05], ['REAL ESTATE', 5.33459e-06]]",False,179,61,19:46:31.581688
Dylan made my bus outside the bus Holly Holly in my province,"[['TRAVEL', 0.05600206], ['RELIGION AND SPIRITUALITY', 0.05550629], ['TECHNOLOGY AND COMPUTING', 0.05165951], ['HOBBIES AND INTERESTS', 0.05043131], ['BUSINESS', 0.05017075]]","[['RELIGION AND SPIRITUALITY', 0.937175], ['LAW AND GOVERNMENT AND POLITICS', 0.0620522], ['FAMILY AND PARENTING', 0.000380452], ['SPORTS', 0.000121304], ['TRAVEL', 7.86714e-05]]",False,180,61,19:46:37.721602
Dylan made my bus outside the bus Holly Holly in an province,"[['TRAVEL', 0.05600206], ['RELIGION AND SPIRITUALITY', 0.05550629], ['TECHNOLOGY AND COMPUTING', 0.05165951], ['HOBBIES AND INTERESTS', 0.05043131], ['BUSINESS', 0.05017075]]","[['RELIGION AND SPIRITUALITY', 0.985563], ['LAW AND GOVERNMENT AND POLITICS', 0.0140527], ['SPORTS', 0.00011315], ['TRAVEL', 7.92518e-05], ['FAMILY AND PARENTING', 4.11565e-05]]",False,181,61,19:46:43.257020
Dylan studied my bus outside the bus Holly Holly in an province,"[['TRAVEL', 0.05676825], ['RELIGION AND SPIRITUALITY', 0.05294083], ['EDUCATION', 0.05200099], ['TECHNOLOGY AND COMPUTING', 0.05182451], ['HEALTH AND FITNESS', 0.05084387]]","[['AUTOMOTIVE', 0.535106], ['RELIGION AND SPIRITUALITY', 0.464821], ['SPORTS', 3.86988e-05], ['TRAVEL', 1.83293e-05], ['BUSINESS', 6.16942e-07]]",False,182,61,19:46:49.402825
Dylan studied my bus outside my bus Holly Holly in an province,"[['TRAVEL', 0.05694329], ['RELIGION AND SPIRITUALITY', 0.05285216], ['TECHNOLOGY AND COMPUTING', 0.05226289], ['EDUCATION', 0.05187708], ['HEALTH AND FITNESS', 0.05130241]]","[['RELIGION AND SPIRITUALITY', 0.859153], ['AUTOMOTIVE', 0.140818], ['SPORTS', 1.43404e-05], ['TRAVEL', 3.90233e-06], ['NON STANDARD CONTENT', 8.57191e-07]]",False,183,61,19:46:55.179513
Dylan studied my bus outside my bus Holly Holly in a province,"[['TRAVEL', 0.05694329], ['RELIGION AND SPIRITUALITY', 0.05285216], ['TECHNOLOGY AND COMPUTING', 0.05226289], ['EDUCATION', 0.05187708], ['HEALTH AND FITNESS', 0.05130241]]","[['RELIGION AND SPIRITUALITY', 0.847584], ['AUTOMOTIVE', 0.152255], ['TRAVEL', 0.000130689], ['SPORTS', 1.6668e-05], ['NON STANDARD CONTENT', 1.03366e-06]]",False,184,61,19:47:02.608220
Dylan captured my bus outside my bus Holly Holly in a province,"[['TRAVEL', 0.05521034], ['TECHNOLOGY AND COMPUTING', 0.05422754], ['RELIGION AND SPIRITUALITY', 0.05335862], ['HEALTH AND FITNESS', 0.05095917], ['PETS', 0.05039726]]","[['RELIGION AND SPIRITUALITY', 0.99874], ['TRAVEL', 0.00122165], ['SPORTS', 4.83187e-06], ['NON STANDARD CONTENT', 2.34196e-06], ['HOBBIES AND INTERESTS', 1.80239e-06]]",False,185,61,19:47:08.444968
Dylan captured my bus outside my bus Holly I in a province,"[['TECHNOLOGY AND COMPUTING', 0.05827487], ['TRAVEL', 0.05543769], ['RELIGION AND SPIRITUALITY', 0.05380239], ['HOBBIES AND INTERESTS', 0.05042141], ['HEALTH AND FITNESS', 0.04989531]]","[['TRAVEL', 0.935219], ['NON STANDARD CONTENT', 0.00545733], ['SPORTS', 0.00299908], ['RELIGION AND SPIRITUALITY', 0.00218998], ['BUSINESS', 0.00154044]]",False,186,61,19:47:14.313780
Dylan made my bus outside my bus Holly I in a province,"[['TRAVEL', 0.05637033], ['TECHNOLOGY AND COMPUTING', 0.05594931], ['RELIGION AND SPIRITUALITY', 0.05583879], ['HOBBIES AND INTERESTS', 0.0535075], ['FOOD AND DRINK', 0.05102396]]","[['LAW AND GOVERNMENT AND POLITICS', 0.996385], ['TRAVEL', 0.00213774], ['FAMILY AND PARENTING', 0.000525258], ['SPORTS', 0.000146288], ['NON STANDARD CONTENT', 4.78892e-05]]",True,187,62,19:47:22.171166
Dylan made my bus with my bus Holly I in a province,"[['TECHNOLOGY AND COMPUTING', 0.05619795], ['HOBBIES AND INTERESTS', 0.05614253], ['TRAVEL', 0.05311824], ['RELIGION AND SPIRITUALITY', 0.05120683], ['FOOD AND DRINK', 0.05053281]]","[['LAW AND GOVERNMENT AND POLITICS', 0.999298], ['TRAVEL', 0.000272525], ['SPORTS', 0.000184614], ['FAMILY AND PARENTING', 4.44326e-05], ['AUTOMOTIVE', 3.85579e-05]]",True,188,63,19:47:27.814786
Dylan made my bus outside my bus Holly I in a province,"[['TRAVEL', 0.05637033], ['TECHNOLOGY AND COMPUTING', 0.05594931], ['RELIGION AND SPIRITUALITY', 0.05583879], ['HOBBIES AND INTERESTS', 0.0535075], ['FOOD AND DRINK', 0.05102396]]","[['LAW AND GOVERNMENT AND POLITICS', 0.996385], ['TRAVEL', 0.00213774], ['FAMILY AND PARENTING', 0.000525258], ['SPORTS', 0.000146288], ['NON STANDARD CONTENT', 4.78892e-05]]",True,188,63,19:47:34.866374
Dylan studied my bus outside my bus Holly I in a province,"[['TRAVEL', 0.0571822], ['TECHNOLOGY AND COMPUTING', 0.05616793], ['RELIGION AND SPIRITUALITY', 0.05329584], ['EDUCATION', 0.05061575], ['HEALTH AND FITNESS', 0.05023527]]","[['AUTOMOTIVE', 0.999771], ['TRAVEL', 0.000170517], ['SPORTS', 1.75725e-05], ['NON STANDARD CONTENT', 4.45154e-06], ['RELIGION AND SPIRITUALITY', 2.48577e-06]]",False,189,63,19:47:40.427482
Dylan studied an bus outside my bus Holly I in a province,"[['TRAVEL', 0.0571822], ['TECHNOLOGY AND COMPUTING', 0.05616793], ['RELIGION AND SPIRITUALITY', 0.05329584], ['EDUCATION', 0.05061575], ['HEALTH AND FITNESS', 0.05023527]]","[['AUTOMOTIVE', 0.999877], ['TRAVEL', 9.78645e-05], ['SPORTS', 7.51636e-06], ['NON STANDARD CONTENT', 1.91888e-06], ['RELIGION AND SPIRITUALITY', 1.3943e-06]]",False,190,63,19:47:49.028769
Dylan studied an bus in my bus Holly I in a province,"[['TECHNOLOGY AND COMPUTING', 0.05642646], ['TRAVEL', 0.05389179], ['HOBBIES AND INTERESTS', 0.05091406], ['EDUCATION', 0.0507346], ['HOME AND GARDEN', 0.04898042]]","[['AUTOMOTIVE', 0.999615], ['TRAVEL', 0.00025249], ['SPORTS', 2.83713e-05], ['FAMILY AND PARENTING', 7.52581e-06], ['RELIGION AND SPIRITUALITY', 6.73591e-06]]",True,191,64,19:47:55.777397
Dylan studied an bus in a bus Holly I in a province,"[['TECHNOLOGY AND COMPUTING', 0.05574159], ['TRAVEL', 0.05102901], ['EDUCATION', 0.05083369], ['HOBBIES AND INTERESTS', 0.04984051], ['ARTS AND ENTERTAINMENT', 0.04965633]]","[['AUTOMOTIVE', 0.998182], ['TRAVEL', 0.00138337], ['SPORTS', 0.000230577], ['NON STANDARD CONTENT', 2.34654e-05], ['RELIGION AND SPIRITUALITY', 1.24577e-05]]",True,192,65,19:48:02.515196
Dylan studied an man in a bus Holly I in a province,"[['TECHNOLOGY AND COMPUTING', 0.05496542], ['TRAVEL', 0.05345253], ['ARTS AND ENTERTAINMENT', 0.05202325], ['EDUCATION', 0.05129133], ['HOBBIES AND INTERESTS', 0.05064109]]","[['AUTOMOTIVE', 0.997737], ['TRAVEL', 0.00139879], ['SPORTS', 0.000485678], ['NON STANDARD CONTENT', 3.31386e-05], ['BUSINESS', 2.48516e-05]]",True,193,66,19:48:08.979529
Dylan embarked an man in a bus Holly I in a province,"[['TECHNOLOGY AND COMPUTING', 0.05483148], ['TRAVEL', 0.05218973], ['HOBBIES AND INTERESTS', 0.0516655], ['ARTS AND ENTERTAINMENT', 0.05158245], ['RELIGION AND SPIRITUALITY', 0.04890936]]","[['TRAVEL', 0.897904], ['SPORTS', 0.0455901], ['RELIGION AND SPIRITUALITY', 0.00352555], ['AUTOMOTIVE', 0.00299536], ['HEALTH AND FITNESS', 0.00108596]]",False,194,66,19:48:14.144045
Dylan made an man in a bus Holly I in a province,"[['TECHNOLOGY AND COMPUTING', 0.05514015], ['HOBBIES AND INTERESTS', 0.05431205], ['TRAVEL', 0.05334721], ['ARTS AND ENTERTAINMENT', 0.05212306], ['RELIGION AND SPIRITUALITY', 0.05037598]]","[['LAW AND GOVERNMENT AND POLITICS', 0.978768], ['TRAVEL', 0.017004], ['SPORTS', 0.00107017], ['SHOPPING', 0.000444991], ['NON STANDARD CONTENT', 0.000335403]]",True,195,67,19:48:19.763273
Dylan made an cat in a bus Holly I in a province,"[['PETS', 0.05950434], ['TECHNOLOGY AND COMPUTING', 0.05703725], ['HOBBIES AND INTERESTS', 0.05432858], ['TRAVEL', 0.04979636], ['ARTS AND ENTERTAINMENT', 0.04963955]]","[['PETS', 0.999417], ['LAW AND GOVERNMENT AND POLITICS', 0.000572712], ['TRAVEL', 8.76015e-06], ['NON STANDARD CONTENT', 5.21816e-07], ['SPORTS', 8.54509e-08]]",False,196,67,19:48:25.983072
