an baboon on Gemma damaged my gibbon near Gary near the baboon with Gary by a baboon with Gary near Gary with the elephant with I,"[['HOBBIES AND INTERESTS', 0.05465115], ['TRAVEL', 0.05379785], ['HEALTH AND FITNESS', 0.05252736], ['TECHNOLOGY AND COMPUTING', 0.05125015], ['HOME AND GARDEN', 0.05037903]]","[['HOBBIES AND INTERESTS', 0.871501], ['EDUCATION', 0.113213], ['SPORTS', 0.00198446], ['PETS', 0.000587137], ['HEALTH AND FITNESS', 0.000407205]]",False,1,0,15:25:07.806141
an baboon in I damaged my gibbon near Gary near the baboon with Gary by a baboon with Gary near Gary with the elephant with I,"[['HOBBIES AND INTERESTS', 0.0543111], ['TRAVEL', 0.0541015], ['HEALTH AND FITNESS', 0.05278471], ['TECHNOLOGY AND COMPUTING', 0.05121129], ['HOME AND GARDEN', 0.05038406]]","[['HOBBIES AND INTERESTS', 0.817114], ['EDUCATION', 0.132998], ['FAMILY AND PARENTING', 0.0277144], ['SPORTS', 0.00220432], ['PETS', 0.000791757]]",True,2,1,15:25:12.823437
an baboon in I damaged my gibbon near Gary near the baboon with Nick by a baboon with Gary near Gary with the elephant with I,"[['TRAVEL', 0.05396553], ['HOBBIES AND INTERESTS', 0.05374365], ['HEALTH AND FITNESS', 0.05289437], ['HOME AND GARDEN', 0.05046419], ['AUTOMOTIVE', 0.04986831]]","[['HOBBIES AND INTERESTS', 0.816405], ['EDUCATION', 0.120948], ['FAMILY AND PARENTING', 0.0473589], ['SPORTS', 0.00167021], ['PETS', 0.00112465]]",True,3,2,15:25:17.850484
an baboon in I damaged my gibbon near Gary near the baboon with Nick with a baboon with Gary near Gary with the elephant with I,"[['TRAVEL', 0.05396553], ['HOBBIES AND INTERESTS', 0.05374365], ['HEALTH AND FITNESS', 0.05289437], ['HOME AND GARDEN', 0.05046419], ['AUTOMOTIVE', 0.04986831]]","[['HOBBIES AND INTERESTS', 0.801522], ['EDUCATION', 0.120729], ['FAMILY AND PARENTING', 0.0551848], ['SPORTS', 0.00236203], ['PETS', 0.00178528]]",True,4,3,15:25:22.846265
an baboon in I damaged my gibbon near Gary near the baboon with Nick with a baboon with Gary near Gary with the elephant on I,"[['TRAVEL', 0.05396553], ['HOBBIES AND INTERESTS', 0.05374365], ['HEALTH AND FITNESS', 0.05289437], ['HOME AND GARDEN', 0.05046419], ['AUTOMOTIVE', 0.04986831]]","[['EDUCATION', 0.636614], ['FAMILY AND PARENTING', 0.260909], ['HOBBIES AND INTERESTS', 0.0655115], ['SPORTS', 0.0102073], ['PETS', 0.00696745]]",True,5,4,15:25:28.000626
an baboon in I damaged my gibbon near Gary near the baboon with Nick with a baboon with Gary with Gary with the elephant on I,"[['TRAVEL', 0.05396606], ['HOBBIES AND INTERESTS', 0.05374419], ['HEALTH AND FITNESS', 0.05261736], ['TECHNOLOGY AND COMPUTING', 0.05068065], ['HOME AND GARDEN', 0.05046469]]","[['EDUCATION', 0.439248], ['HOBBIES AND INTERESTS', 0.306095], ['FAMILY AND PARENTING', 0.223453], ['SPORTS', 0.00791236], ['PETS', 0.00552586]]",True,6,5,15:25:33.126506
an baboon in I damaged my gibbon near I near the baboon with Nick with a baboon with Gary with Gary with the elephant on I,"[['TRAVEL', 0.05390095], ['HOBBIES AND INTERESTS', 0.05375265], ['HEALTH AND FITNESS', 0.05262565], ['TECHNOLOGY AND COMPUTING', 0.05068864], ['HOME AND GARDEN', 0.05047264]]","[['HOBBIES AND INTERESTS', 0.536093], ['EDUCATION', 0.242063], ['FAMILY AND PARENTING', 0.198726], ['PETS', 0.00607537], ['SPORTS', 0.00410971]]",True,7,6,15:25:38.172520
an baboon in I damaged my gibbon near I near the baboon on Nick with a baboon with Gary with Gary with the elephant on I,"[['TRAVEL', 0.05390095], ['HOBBIES AND INTERESTS', 0.05375265], ['HEALTH AND FITNESS', 0.05262565], ['TECHNOLOGY AND COMPUTING', 0.05068864], ['HOME AND GARDEN', 0.05047264]]","[['HOBBIES AND INTERESTS', 0.57571], ['EDUCATION', 0.231239], ['FAMILY AND PARENTING', 0.176193], ['PETS', 0.00459029], ['SPORTS', 0.00332915]]",True,8,7,15:25:43.717149
an baboon in I damaged my gibbon near I near the baboon on Nick by a baboon with Gary with Gary with the elephant on I,"[['TRAVEL', 0.05390095], ['HOBBIES AND INTERESTS', 0.05375265], ['HEALTH AND FITNESS', 0.05262565], ['TECHNOLOGY AND COMPUTING', 0.05068864], ['HOME AND GARDEN', 0.05047264]]","[['HOBBIES AND INTERESTS', 0.541826], ['EDUCATION', 0.267048], ['FAMILY AND PARENTING', 0.178211], ['PETS', 0.00339697], ['SPORTS', 0.00269647]]",True,9,8,15:25:49.171631
an baboon in I grabbed my gibbon near I near the baboon on Nick by a baboon with Gary with Gary with the elephant on I,"[['TRAVEL', 0.05448366], ['HEALTH AND FITNESS', 0.05301902], ['HOBBIES AND INTERESTS', 0.05285475], ['SCIENCE', 0.05093725], ['HOME AND GARDEN', 0.05060104]]","[['HOBBIES AND INTERESTS', 0.633467], ['EDUCATION', 0.312236], ['FAMILY AND PARENTING', 0.0397252], ['SPORTS', 0.00768864], ['PETS', 0.00397156]]",True,10,9,15:25:54.162316
an baboon with I grabbed my gibbon near I near the baboon on Nick by a baboon with Gary with Gary with the elephant on I,"[['TRAVEL', 0.05448366], ['HEALTH AND FITNESS', 0.05301902], ['HOBBIES AND INTERESTS', 0.05285475], ['SCIENCE', 0.05093725], ['HOME AND GARDEN', 0.05060104]]","[['HOBBIES AND INTERESTS', 0.735857], ['EDUCATION', 0.0793454], ['SPORTS', 0.00239415], ['PETS', 0.00126884], ['TRAVEL', 0.000146248]]",False,11,9,15:25:59.439678
an baboon in I grabbed my owl near I near the baboon on Nick by a baboon with Gary with Gary with the elephant on I,"[['TRAVEL', 0.05565917], ['HOBBIES AND INTERESTS', 0.05330563], ['HEALTH AND FITNESS', 0.05298232], ['HOME AND GARDEN', 0.05084831], ['SCIENCE', 0.05081361]]","[['HOBBIES AND INTERESTS', 0.636748], ['EDUCATION', 0.31385], ['FAMILY AND PARENTING', 0.0399305], ['PETS', 0.00399212], ['SPORTS', 0.00307717]]",True,12,10,15:26:04.502605
an baboon in I saw my owl near I near the baboon on Nick by a baboon with Gary with Gary with the elephant on I,"[['HOBBIES AND INTERESTS', 0.05545302], ['HEALTH AND FITNESS', 0.05527056], ['TRAVEL', 0.05369572], ['SCIENCE', 0.05300499], ['AUTOMOTIVE', 0.05237897]]","[['EDUCATION', 0.556004], ['HOBBIES AND INTERESTS', 0.40113], ['FAMILY AND PARENTING', 0.0254928], ['PETS', 0.00261235], ['SPORTS', 0.00218005]]",True,13,11,15:26:09.885598
an baboon in I saw my owl on I near the baboon on Nick by a baboon with Gary with Gary with the elephant on I,"[['HOBBIES AND INTERESTS', 0.05544339], ['HEALTH AND FITNESS', 0.05526097], ['TRAVEL', 0.05375972], ['SCIENCE', 0.05299579], ['AUTOMOTIVE', 0.0525383]]","[['HOBBIES AND INTERESTS', 0.649676], ['EDUCATION', 0.320718], ['FAMILY AND PARENTING', 0.0177325], ['PETS', 0.00158757], ['SPORTS', 0.00142499]]",True,14,12,15:26:15.631690
an baboon in I saw my owl on I outside the baboon on Nick by a baboon with Gary with Gary with the elephant on I,"[['HEALTH AND FITNESS', 0.05656198], ['SPORTS', 0.05489364], ['TRAVEL', 0.05394725], ['HOBBIES AND INTERESTS', 0.05282648], ['AUTOMOTIVE', 0.05198078]]","[['HOBBIES AND INTERESTS', 0.610443], ['EDUCATION', 0.341163], ['FAMILY AND PARENTING', 0.0348057], ['PETS', 0.00180393], ['SPORTS', 0.00155941]]",False,15,12,15:26:21.208010
an baboon in I saw my owl on I near the baboon on Nick by a baboon with Gemma with Gary with the elephant on I,"[['HOBBIES AND INTERESTS', 0.05578343], ['HEALTH AND FITNESS', 0.05527458], ['TRAVEL', 0.05345118], ['AUTOMOTIVE', 0.05309864], ['SCIENCE', 0.05252481]]","[['HOBBIES AND INTERESTS', 0.566575], ['EDUCATION', 0.380499], ['FAMILY AND PARENTING', 0.0418069], ['PETS', 0.0034703], ['SPORTS', 0.00147587]]",True,16,13,15:26:26.507609
an baboon in I saw my owl on I near the baboon on Nick by a gibbon with Gemma with Gary with the elephant on I,"[['HOBBIES AND INTERESTS', 0.0557642], ['HEALTH AND FITNESS', 0.05525553], ['TRAVEL', 0.05343276], ['AUTOMOTIVE', 0.05308034], ['SCIENCE', 0.05247574]]","[['RELIGION AND SPIRITUALITY', 0.563205], ['EDUCATION', 0.388332], ['FAMILY AND PARENTING', 0.0287932], ['HOBBIES AND INTERESTS', 0.00737401], ['SPORTS', 0.00338152]]",True,17,14,15:26:32.211163
an baboon in I damaged my owl on I near the baboon on Nick by a gibbon with Gemma with Gary with the elephant on I,"[['TRAVEL', 0.0547982], ['HOBBIES AND INTERESTS', 0.05451935], ['HEALTH AND FITNESS', 0.05257872], ['HOME AND GARDEN', 0.05068515], ['ARTS AND ENTERTAINMENT', 0.05045906]]","[['RELIGION AND SPIRITUALITY', 0.787581], ['FAMILY AND PARENTING', 0.113964], ['EDUCATION', 0.0919934], ['PETS', 0.00122531], ['HEALTH AND FITNESS', 0.000850609]]",True,18,15,15:26:37.480820
an baboon in I damaged my owl on I near a baboon on Nick by a gibbon with Gemma with Gary with the elephant on I,"[['TRAVEL', 0.0547982], ['HOBBIES AND INTERESTS', 0.05451935], ['HEALTH AND FITNESS', 0.05257872], ['HOME AND GARDEN', 0.05068515], ['ARTS AND ENTERTAINMENT', 0.05045906]]","[['HOBBIES AND INTERESTS', 0.518373], ['RELIGION AND SPIRITUALITY', 0.398985], ['FAMILY AND PARENTING', 0.0777439], ['SPORTS', 0.00106343], ['PETS', 0.000677626]]",True,19,16,15:26:43.304765
an baboon in I damaged my owl on I near an baboon on Nick by a gibbon with Gemma with Gary with the elephant on I,"[['TRAVEL', 0.0547982], ['HOBBIES AND INTERESTS', 0.05451935], ['HEALTH AND FITNESS', 0.05257872], ['HOME AND GARDEN', 0.05068515], ['ARTS AND ENTERTAINMENT', 0.05045906]]","[['RELIGION AND SPIRITUALITY', 0.828903], ['FAMILY AND PARENTING', 0.16341], ['PETS', 0.00121796], ['HEALTH AND FITNESS', 0.000947564], ['SPORTS', 0.000838806]]",True,20,17,15:26:48.770307
an baboon in Gemma damaged my owl on I near an baboon on Nick by a gibbon with Gemma with Gary with the elephant on I,"[['TRAVEL', 0.0547982], ['HOBBIES AND INTERESTS', 0.05451935], ['HEALTH AND FITNESS', 0.05257872], ['HOME AND GARDEN', 0.05068515], ['ARTS AND ENTERTAINMENT', 0.05045906]]","[['RELIGION AND SPIRITUALITY', 0.738612], ['FAMILY AND PARENTING', 0.252824], ['PETS', 0.00129294], ['HEALTH AND FITNESS', 0.00123945], ['SPORTS', 0.000984654]]",True,21,18,15:26:54.391868
an baboon in Gemma damaged an owl on I near an baboon on Nick by a gibbon with Gemma with Gary with the elephant on I,"[['HOBBIES AND INTERESTS', 0.05333419], ['TRAVEL', 0.05300809], ['ARTS AND ENTERTAINMENT', 0.05170371], ['SPORTS', 0.05126337], ['SCIENCE', 0.05112287]]","[['RELIGION AND SPIRITUALITY', 0.551886], ['FAMILY AND PARENTING', 0.405732], ['HEALTH AND FITNESS', 0.00245623], ['SPORTS', 0.000738066], ['PETS', 0.0006774]]",True,22,19,15:26:59.077594
an baboon near Gemma damaged an owl on I near an baboon on Nick by a gibbon with Gemma with Gary with the elephant on I,"[['HOBBIES AND INTERESTS', 0.05333419], ['TRAVEL', 0.05300809], ['ARTS AND ENTERTAINMENT', 0.05170371], ['SPORTS', 0.05126337], ['SCIENCE', 0.05112287]]","[['RELIGION AND SPIRITUALITY', 0.936359], ['HEALTH AND FITNESS', 0.00364342], ['SPORTS', 0.00125091], ['PETS', 0.00112063], ['TRAVEL', 0.000854614]]",False,23,19,15:27:04.070668
an baboon in Gemma damaged an owl on I near an baboon on Nick by a gibbon with Gemma with Gemma with the elephant on I,"[['HOBBIES AND INTERESTS', 0.05341751], ['TRAVEL', 0.05339421], ['SCIENCE', 0.05152682], ['ARTS AND ENTERTAINMENT', 0.05147473], ['HOME AND GARDEN', 0.05054243]]","[['FAMILY AND PARENTING', 0.557537], ['RELIGION AND SPIRITUALITY', 0.365078], ['STYLE AND FASHION', 0.00834933], ['HEALTH AND FITNESS', 0.00428118], ['HOBBIES AND INTERESTS', 0.00345355]]",True,24,20,15:27:09.628159
a baboon in Gemma damaged an owl on I near an baboon on Nick by a gibbon with Gemma with Gemma with the elephant on I,"[['HOBBIES AND INTERESTS', 0.05341751], ['TRAVEL', 0.05339421], ['SCIENCE', 0.05152682], ['ARTS AND ENTERTAINMENT', 0.05147473], ['HOME AND GARDEN', 0.05054243]]","[['FAMILY AND PARENTING', 0.493184], ['RELIGION AND SPIRITUALITY', 0.329813], ['HOBBIES AND INTERESTS', 0.107859], ['STYLE AND FASHION', 0.00753675], ['HEALTH AND FITNESS', 0.00362479]]",True,25,21,15:27:14.447079
a baboon in Gemma damaged an owl on I near an baboon on Nick by a gibbon with Gemma with Gemma with a elephant on I,"[['HOBBIES AND INTERESTS', 0.05341751], ['TRAVEL', 0.05339421], ['SCIENCE', 0.05152682], ['ARTS AND ENTERTAINMENT', 0.05147473], ['HOME AND GARDEN', 0.05054243]]","[['FAMILY AND PARENTING', 0.50444], ['RELIGION AND SPIRITUALITY', 0.285658], ['HOBBIES AND INTERESTS', 0.159007], ['STYLE AND FASHION', 0.00814963], ['HEALTH AND FITNESS', 0.00138531]]",True,26,22,15:27:19.577777
a baboon in Gemma damaged an owl on I near an baboon on Nick by a gibbon with Gemma with Gemma with my elephant on I,"[['TRAVEL', 0.05519039], ['HOBBIES AND INTERESTS', 0.05459763], ['AUTOMOTIVE', 0.05112162], ['HOME AND GARDEN', 0.05105194], ['TECHNOLOGY AND COMPUTING', 0.05065599]]","[['HOBBIES AND INTERESTS', 0.307611], ['RELIGION AND SPIRITUALITY', 0.286299], ['FAMILY AND PARENTING', 0.235806], ['STYLE AND FASHION', 0.00823992], ['HEALTH AND FITNESS', 0.000831755]]",True,27,23,15:27:24.490817
a baboon in Gemma damaged my owl on I near an baboon on Nick by a gibbon with Gemma with Gemma with my elephant on I,"[['TRAVEL', 0.05519039], ['HOBBIES AND INTERESTS', 0.05459763], ['AUTOMOTIVE', 0.05112162], ['HOME AND GARDEN', 0.05105194], ['TECHNOLOGY AND COMPUTING', 0.05065599]]","[['HOBBIES AND INTERESTS', 0.616826], ['RELIGION AND SPIRITUALITY', 0.25895], ['FAMILY AND PARENTING', 0.105594], ['STYLE AND FASHION', 0.00970347], ['HEALTH AND FITNESS', 0.000982397]]",True,28,24,15:27:29.234047
a baboon in Gemma damaged my owl on I near an baboon on Nick by a gibbon with Gemma with Nick with my elephant on I,"[['TRAVEL', 0.05519039], ['HOBBIES AND INTERESTS', 0.05459763], ['AUTOMOTIVE', 0.05112162], ['HOME AND GARDEN', 0.05105194], ['TECHNOLOGY AND COMPUTING', 0.05065599]]","[['HOBBIES AND INTERESTS', 0.632534], ['RELIGION AND SPIRITUALITY', 0.257908], ['FAMILY AND PARENTING', 0.102072], ['SPORTS', 0.0010449], ['PETS', 0.000401426]]",True,29,25,15:27:34.369515
a baboon inside Gemma damaged my owl on I near an baboon on Nick by a gibbon with Gemma with Nick with my elephant on I,"[['TRAVEL', 0.05757637], ['AUTOMOTIVE', 0.05381322], ['HOBBIES AND INTERESTS', 0.05308077], ['ARTS AND ENTERTAINMENT', 0.05182704], ['TECHNOLOGY AND COMPUTING', 0.05132696]]","[['HOBBIES AND INTERESTS', 0.71278], ['RELIGION AND SPIRITUALITY', 0.179233], ['FAMILY AND PARENTING', 0.102049], ['SPORTS', 0.000715426], ['STYLE AND FASHION', 0.000207862]]",True,30,26,15:27:39.557094
a baboon inside Gemma damaged my owl on I near an baboon on Nick by a baboon with Gemma with Nick with my elephant on I,"[['TRAVEL', 0.05759682], ['AUTOMOTIVE', 0.05383234], ['HOBBIES AND INTERESTS', 0.05309962], ['ARTS AND ENTERTAINMENT', 0.05165751], ['TECHNOLOGY AND COMPUTING', 0.05134519]]","[['HOBBIES AND INTERESTS', 0.999986], ['FAMILY AND PARENTING', 1.41586e-05], ['PETS', 3.24277e-08], ['HEALTH AND FITNESS', 2.98984e-08], ['SPORTS', 1.11591e-08]]",True,31,27,15:27:45.132064
a baboon inside Gemma damaged my owl on I near an salmon on Nick by a baboon with Gemma with Nick with my elephant on I,"[['TRAVEL', 0.05680041], ['AUTOMOTIVE', 0.0535303], ['TECHNOLOGY AND COMPUTING', 0.05292554], ['HOBBIES AND INTERESTS', 0.05246688], ['HOME AND GARDEN', 0.05167778]]","[['HOBBIES AND INTERESTS', 0.999967], ['FAMILY AND PARENTING', 2.14818e-05], ['SPORTS', 1.12649e-05], ['PETS', 4.29229e-08], ['HEALTH AND FITNESS', 3.91127e-08]]",True,32,28,15:27:49.917894
a baboon inside Gemma chased my owl on I near an salmon on Nick by a baboon with Gemma with Nick with my elephant on I,"[['TRAVEL', 0.05702198], ['AUTOMOTIVE', 0.05211856], ['HOME AND GARDEN', 0.0520996], ['TECHNOLOGY AND COMPUTING', 0.05181826], ['HOBBIES AND INTERESTS', 0.0513527]]","[['HOBBIES AND INTERESTS', 0.999994], ['FAMILY AND PARENTING', 3.69024e-06], ['SPORTS', 2.15459e-06], ['PETS', 4.24028e-08], ['LAW AND GOVERNMENT AND POLITICS', 9.77207e-09]]",True,33,29,15:27:55.221802
a baboon inside Gemma chased my salmon on I near an salmon on Nick by a baboon with Gemma with Nick with my elephant on I,"[['TRAVEL', 0.05574722], ['AUTOMOTIVE', 0.05254877], ['HOME AND GARDEN', 0.05186703], ['TECHNOLOGY AND COMPUTING', 0.05155338], ['HOBBIES AND INTERESTS', 0.05093875]]","[['HOBBIES AND INTERESTS', 0.998683], ['SPORTS', 0.00130363], ['FAMILY AND PARENTING', 1.25634e-05], ['PETS', 1.82692e-07], ['ARTS AND ENTERTAINMENT', 3.513e-08]]",True,34,30,15:28:00.009252
a baboon inside Nick chased my salmon on I near an salmon on Nick by a baboon with Gemma with Nick with my elephant on I,"[['TRAVEL', 0.05574722], ['AUTOMOTIVE', 0.05254877], ['HOME AND GARDEN', 0.05186703], ['TECHNOLOGY AND COMPUTING', 0.05155338], ['HOBBIES AND INTERESTS', 0.05093875]]","[['HOBBIES AND INTERESTS', 0.996106], ['SPORTS', 0.00387748], ['FAMILY AND PARENTING', 1.4772300000000001e-05], ['PETS', 2.28535e-07], ['LAW AND GOVERNMENT AND POLITICS', 5.47045e-08]]",True,35,31,15:28:05.291453
a baboon inside Nick chased my salmon on I near an salmon on Nick on a baboon with Gemma with Nick with my elephant on I,"[['TRAVEL', 0.05574722], ['AUTOMOTIVE', 0.05254877], ['HOME AND GARDEN', 0.05186703], ['TECHNOLOGY AND COMPUTING', 0.05155338], ['HOBBIES AND INTERESTS', 0.05093875]]","[['HOBBIES AND INTERESTS', 0.995424], ['SPORTS', 0.00454168], ['FAMILY AND PARENTING', 1.98078e-05], ['PETS', 4.02871e-07], ['LAW AND GOVERNMENT AND POLITICS', 1.12016e-07]]",True,36,32,15:28:10.925975
a baboon inside Nick chased my salmon on I near my salmon on Nick on a baboon with Gemma with Nick with my elephant on I,"[['TRAVEL', 0.05612064], ['AUTOMOTIVE', 0.05250522], ['HOME AND GARDEN', 0.05202873], ['TECHNOLOGY AND COMPUTING', 0.05148408], ['HOBBIES AND INTERESTS', 0.05083024]]","[['HOBBIES AND INTERESTS', 0.998041], ['SPORTS', 0.00168506], ['TECHNOLOGY AND COMPUTING', 0.000256154], ['FAMILY AND PARENTING', 6.87459e-06], ['PETS', 4.96947e-07]]",False,37,32,15:28:16.114658
a baboon inside Nick chased an salmon on I near an salmon on Nick on a baboon with Gemma with Nick with my elephant on I,"[['TRAVEL', 0.05574722], ['AUTOMOTIVE', 0.05254877], ['HOME AND GARDEN', 0.05186703], ['TECHNOLOGY AND COMPUTING', 0.05155338], ['HOBBIES AND INTERESTS', 0.05093875]]","[['HOBBIES AND INTERESTS', 0.994589], ['SPORTS', 0.00529842], ['FAMILY AND PARENTING', 8.22214e-05], ['PETS', 5.23917e-07], ['HEALTH AND FITNESS', 2.3737e-07]]",True,38,33,15:28:20.960966
a baboon inside Nick chased an salmon on I near an salmon on Nick on my baboon with Gemma with Nick with my elephant on I,"[['TRAVEL', 0.05574722], ['AUTOMOTIVE', 0.05254877], ['HOME AND GARDEN', 0.05186703], ['TECHNOLOGY AND COMPUTING', 0.05155338], ['HOBBIES AND INTERESTS', 0.05093875]]","[['SPORTS', 0.883981], ['HOBBIES AND INTERESTS', 0.109484], ['FAMILY AND PARENTING', 0.0037862], ['PETS', 6.87862e-05], ['LAW AND GOVERNMENT AND POLITICS', 2.10678e-05]]",True,39,34,15:28:26.500555
a baboon inside Nick chased an salmon on Gary near an salmon on Nick on my baboon with Gemma with Nick with my elephant on I,"[['TRAVEL', 0.05543691], ['SPORTS', 0.05340314], ['HOME AND GARDEN', 0.0514885], ['TECHNOLOGY AND COMPUTING', 0.05104359], ['HOBBIES AND INTERESTS', 0.05085991]]","[['SPORTS', 0.954584], ['HOBBIES AND INTERESTS', 0.0404738], ['FAMILY AND PARENTING', 0.00270897], ['PETS', 3.62864e-05], ['LAW AND GOVERNMENT AND POLITICS', 2.56997e-05]]",False,40,34,15:28:31.712045
a baboon outside Nick chased an salmon on I near an salmon on Nick on my baboon with Gemma with Nick with my elephant on I,"[['TRAVEL', 0.05656906], ['HOME AND GARDEN', 0.05054374], ['TECHNOLOGY AND COMPUTING', 0.0502428], ['FOOD AND DRINK', 0.05020572], ['SCIENCE', 0.05008775]]","[['SPORTS', 0.982274], ['HOBBIES AND INTERESTS', 0.0148767], ['PETS', 0.000145722], ['RELIGION AND SPIRITUALITY', 1.94764e-05], ['SOCIETY', 1.92098e-05]]",True,41,35,15:28:36.673863
a baboon outside Nick chased an salmon on I near an salmon outside Nick on my baboon with Gemma with Nick with my elephant on I,"[['TRAVEL', 0.05656906], ['HOME AND GARDEN', 0.05054374], ['TECHNOLOGY AND COMPUTING', 0.0502428], ['FOOD AND DRINK', 0.05020572], ['SCIENCE', 0.05008775]]","[['SPORTS', 0.993065], ['HOBBIES AND INTERESTS', 0.00262637], ['PETS', 0.000176921], ['RELIGION AND SPIRITUALITY', 2.30457e-05], ['SOCIETY', 2.2785e-05]]",True,42,36,15:28:41.954258
a baboon outside Nick chased an salmon on I near an salmon outside Nick on my baboon with Gemma on Nick with my elephant on I,"[['TRAVEL', 0.05656906], ['HOME AND GARDEN', 0.05054374], ['TECHNOLOGY AND COMPUTING', 0.0502428], ['FOOD AND DRINK', 0.05020572], ['SCIENCE', 0.05008775]]","[['SPORTS', 0.993198], ['HOBBIES AND INTERESTS', 0.00282146], ['PETS', 0.000169438], ['RELIGION AND SPIRITUALITY', 2.44108e-05], ['SOCIETY', 2.28143e-05]]",True,43,37,15:28:47.536309
a baboon outside Nick chased an salmon on I near a salmon outside Nick on my baboon with Gemma on Nick with my elephant on I,"[['TRAVEL', 0.05656906], ['HOME AND GARDEN', 0.05054374], ['TECHNOLOGY AND COMPUTING', 0.0502428], ['FOOD AND DRINK', 0.05020572], ['SCIENCE', 0.05008775]]","[['SPORTS', 0.997218], ['HOBBIES AND INTERESTS', 0.00113142], ['PETS', 7.64162e-05], ['RELIGION AND SPIRITUALITY', 9.84879e-06], ['SOCIETY', 9.69684e-06]]",True,44,38,15:28:52.972636
a baboon outside Nick chased an salmon on I near a salmon outside Nick outside my baboon with Gemma on Nick with my elephant on I,"[['TRAVEL', 0.05674368], ['TECHNOLOGY AND COMPUTING', 0.05066798], ['HOME AND GARDEN', 0.05050537], ['FOOD AND DRINK', 0.05018401], ['SCIENCE', 0.05001783]]","[['SPORTS', 0.999679], ['PETS', 0.000101868], ['HOBBIES AND INTERESTS', 6.10048e-05], ['SCIENCE', 1.14622e-05], ['FOOD AND DRINK', 9.46361e-06]]",False,45,38,15:28:58.146891
a baboon outside Nick chased an salmon on Gary near a salmon outside Nick on my baboon with Gemma on Nick with my elephant on I,"[['TRAVEL', 0.05624752], ['SPORTS', 0.05285135], ['HEALTH AND FITNESS', 0.05223848], ['HOME AND GARDEN', 0.05016892], ['HOBBIES AND INTERESTS', 0.04982919]]","[['SPORTS', 0.998381], ['HOBBIES AND INTERESTS', 0.000363793], ['PETS', 3.73656e-05], ['SCIENCE', 7.56527e-06], ['SOCIETY', 4.01788e-06]]",False,46,38,15:29:03.029116
a baboon outside Nick chased an salmon on Nick near a salmon outside Nick on my baboon with Gemma on Nick with my elephant on I,"[['TRAVEL', 0.05666502], ['HOME AND GARDEN', 0.0505453], ['TECHNOLOGY AND COMPUTING', 0.05024435], ['SCIENCE', 0.0500893], ['FOOD AND DRINK', 0.05002463]]","[['SPORTS', 0.994109], ['HOME AND GARDEN', 0.00234484], ['HOBBIES AND INTERESTS', 0.000500141], ['PETS', 5.68208e-05], ['SOCIETY', 1.45006e-05]]",True,47,39,15:29:07.760408
a baboon outside I chased an salmon on Nick near a salmon outside Nick on my baboon with Gemma on Nick with my elephant on I,"[['TRAVEL', 0.05663065], ['HOME AND GARDEN', 0.05062223], ['TECHNOLOGY AND COMPUTING', 0.05035496], ['SCIENCE', 0.05005341], ['FOOD AND DRINK', 0.04998879]]","[['SPORTS', 0.995631], ['HOME AND GARDEN', 0.00144689], ['HOBBIES AND INTERESTS', 0.00119164], ['PETS', 8.18437e-05], ['RELIGION AND SPIRITUALITY', 1.05928e-05]]",True,48,40,15:29:13.022102
a baboon outside I chased an salmon in Nick near a salmon outside Nick on my baboon with Gemma on Nick with my elephant on I,"[['TRAVEL', 0.05663065], ['HOME AND GARDEN', 0.05062223], ['TECHNOLOGY AND COMPUTING', 0.05035496], ['SCIENCE', 0.05005341], ['FOOD AND DRINK', 0.04998879]]","[['SPORTS', 0.999275], ['HOME AND GARDEN', 0.000254184], ['HOBBIES AND INTERESTS', 0.000170603], ['PETS', 1.31059e-05], ['SOCIETY', 1.50017e-06]]",True,49,41,15:29:18.200346
a baboon outside I disabled an salmon in Nick near a salmon outside Nick on my baboon with Gemma on Nick with my elephant on I,"[['HEALTH AND FITNESS', 0.06190695], ['TRAVEL', 0.0564576], ['TECHNOLOGY AND COMPUTING', 0.05068437], ['FOOD AND DRINK', 0.04998845], ['HOBBIES AND INTERESTS', 0.04962657]]","[['SPORTS', 0.999572], ['HOME AND GARDEN', 6.79807e-05], ['HOBBIES AND INTERESTS', 4.56314e-05], ['PETS', 3.50537e-06], ['FAMILY AND PARENTING', 1.93364e-06]]",True,50,42,15:29:23.791836
a baboon outside I disabled an salmon in Nick near a salmon outside Nick on my baboon with Gemma on Nick with my elephant on Gary,"[['HEALTH AND FITNESS', 0.06548618], ['TRAVEL', 0.05599759], ['SPORTS', 0.05266346], ['TECHNOLOGY AND COMPUTING', 0.05013624], ['FOOD AND DRINK', 0.04951665]]","[['SPORTS', 0.999646], ['HOME AND GARDEN', 0.000105002], ['HOBBIES AND INTERESTS', 1.32411e-05], ['FAMILY AND PARENTING', 1.91507e-06], ['PETS', 1.57594e-06]]",True,51,43,15:29:28.543189
a baboon outside I disabled an salmon in Nick near a salmon outside Nick on my baboon with Gemma on Nick with my river on Gary,"[['HEALTH AND FITNESS', 0.06328354], ['TRAVEL', 0.06111451], ['SPORTS', 0.05678256], ['FOOD AND DRINK', 0.04977417], ['RELIGION AND SPIRITUALITY', 0.04912858]]","[['SPORTS', 0.999952], ['HOME AND GARDEN', 3.00775e-05], ['HOBBIES AND INTERESTS', 1.82611e-06], ['NON STANDARD CONTENT', 2.30719e-07], ['FAMILY AND PARENTING', 1.27289e-07]]",True,52,44,15:29:33.868633
a owl outside I disabled an salmon in Nick near a salmon outside Nick on my baboon with Gemma on Nick with my river on Gary,"[['HEALTH AND FITNESS', 0.06320707], ['TRAVEL', 0.06240084], ['SPORTS', 0.05685416], ['FOOD AND DRINK', 0.04987478], ['HOBBIES AND INTERESTS', 0.04938714]]","[['SPORTS', 0.999964], ['HOME AND GARDEN', 2.35055e-05], ['HOBBIES AND INTERESTS', 4.81462e-07], ['NON STANDARD CONTENT', 1.62254e-07], ['FAMILY AND PARENTING', 8.80395e-08]]",False,53,44,15:29:39.515663
a baboon outside I disabled an salmon in Gary near a salmon outside Nick on my baboon with Gemma on Nick with my river on Gary,"[['HEALTH AND FITNESS', 0.06328354], ['TRAVEL', 0.06111451], ['SPORTS', 0.05678256], ['FOOD AND DRINK', 0.04977417], ['RELIGION AND SPIRITUALITY', 0.04912858]]","[['SPORTS', 0.999993], ['HOBBIES AND INTERESTS', 1.23994e-06], ['FAMILY AND PARENTING', 7.88749e-08], ['HEALTH AND FITNESS', 2.27149e-08], ['REAL ESTATE', 2.12941e-08]]",False,54,44,15:29:44.408889
a baboon outside I disabled an salmon in Nick near a salmon outside Nick on my baboon with Gemma on Nick with the river on Gary,"[['HEALTH AND FITNESS', 0.06328354], ['TRAVEL', 0.06111451], ['SPORTS', 0.05678256], ['FOOD AND DRINK', 0.04977417], ['RELIGION AND SPIRITUALITY', 0.04912858]]","[['SPORTS', 0.999984], ['HOME AND GARDEN', 8.71999e-06], ['HOBBIES AND INTERESTS', 2.12517e-07], ['NON STANDARD CONTENT', 1.29458e-07], ['FAMILY AND PARENTING', 3.5619e-08]]",True,55,45,15:29:50.150790
a baboon outside I disabled an salmon in Nick near a salmon with Nick on my baboon with Gemma on Nick with the river on Gary,"[['HEALTH AND FITNESS', 0.06328354], ['TRAVEL', 0.06111451], ['SPORTS', 0.05678256], ['FOOD AND DRINK', 0.04977417], ['RELIGION AND SPIRITUALITY', 0.04912858]]","[['SPORTS', 0.99999], ['HOME AND GARDEN', 5.65412e-06], ['HOBBIES AND INTERESTS', 8.94538e-07], ['NON STANDARD CONTENT', 7.2503e-08], ['HEALTH AND FITNESS', 4.12807e-08]]",False,56,45,15:29:55.610516
a baboon outside I disabled an salmon in Nick near a salmon outside Nick on my baboon with Gemma on Nick with my river on Gary,"[['HEALTH AND FITNESS', 0.06328354], ['TRAVEL', 0.06111451], ['SPORTS', 0.05678256], ['FOOD AND DRINK', 0.04977417], ['RELIGION AND SPIRITUALITY', 0.04912858]]","[['SPORTS', 0.999952], ['HOME AND GARDEN', 3.00775e-05], ['HOBBIES AND INTERESTS', 1.82611e-06], ['NON STANDARD CONTENT', 2.30719e-07], ['FAMILY AND PARENTING', 1.27289e-07]]",True,56,45,15:30:00.943508
a baboon outside I disabled an salmon by Nick near a salmon outside Nick on my baboon with Gemma on Nick with my river on Gary,"[['HEALTH AND FITNESS', 0.06328354], ['TRAVEL', 0.06111451], ['SPORTS', 0.05678256], ['FOOD AND DRINK', 0.04977417], ['RELIGION AND SPIRITUALITY', 0.04912858]]","[['SPORTS', 0.999562], ['HOME AND GARDEN', 0.000268198], ['HOBBIES AND INTERESTS', 1.68908e-05], ['FAMILY AND PARENTING', 1.16358e-06], ['HEALTH AND FITNESS', 9.6017e-07]]",False,57,45,15:30:05.765913
a baboon outside I disabled my salmon in Nick near a salmon outside Nick on my baboon with Gemma on Nick with my river on Gary,"[['HEALTH AND FITNESS', 0.06328354], ['TRAVEL', 0.06111451], ['SPORTS', 0.05678256], ['FOOD AND DRINK', 0.04977417], ['RELIGION AND SPIRITUALITY', 0.04912858]]","[['SPORTS', 0.999957], ['HOME AND GARDEN', 2.73322e-05], ['HOBBIES AND INTERESTS', 3.04708e-06], ['NON STANDARD CONTENT', 2.23771e-07], ['FAMILY AND PARENTING', 1.23994e-07]]",True,58,46,15:30:11.352465
a baboon outside I disabled my salmon in Nick near the salmon outside Nick on my baboon with Gemma on Nick with my river on Gary,"[['HEALTH AND FITNESS', 0.06328354], ['TRAVEL', 0.06111451], ['SPORTS', 0.05678256], ['FOOD AND DRINK', 0.04977417], ['RELIGION AND SPIRITUALITY', 0.04912858]]","[['SPORTS', 1.0], ['HOME AND GARDEN', 2.42583e-07], ['HOBBIES AND INTERESTS', 9.59427e-09], ['NON STANDARD CONTENT', 1.56448e-09], ['FAMILY AND PARENTING', 7.52454e-10]]",True,59,47,15:30:16.944328
a baboon outside I damaged my salmon in Nick near the salmon outside Nick on my baboon with Gemma on Nick with my river on Gary,"[['TRAVEL', 0.06112546], ['SPORTS', 0.05679611], ['HEALTH AND FITNESS', 0.05073969], ['HOBBIES AND INTERESTS', 0.05036242], ['TECHNOLOGY AND COMPUTING', 0.04954405]]","[['SPORTS', 0.999998], ['HOME AND GARDEN', 1.72191e-06], ['HOBBIES AND INTERESTS', 8.07892e-09], ['SOCIETY', 1.48531e-09], ['NON STANDARD CONTENT', 4.46036e-10]]",False,60,47,15:30:22.408101
a baboon outside I apprehended my salmon in Nick near the salmon outside Nick on my baboon with Gemma on Nick with my river on Gary,"[['TRAVEL', 0.06227404], ['SPORTS', 0.05765485], ['HEALTH AND FITNESS', 0.05031771], ['RELIGION AND SPIRITUALITY', 0.05005543], ['FOOD AND DRINK', 0.04978454]]","[['SPORTS', 0.999998], ['HOME AND GARDEN', 1.00765e-06], ['NON STANDARD CONTENT', 4.30736e-07], ['HOBBIES AND INTERESTS', 4.0945e-08], ['RELIGION AND SPIRITUALITY', 2.10545e-09]]",False,61,47,15:30:27.799202
a baboon outside I disabled my salmon in Nick near the salmon outside Nick on my baboon with Gemma on Nick with my park on Gary,"[['HEALTH AND FITNESS', 0.06665798], ['TRAVEL', 0.06286382], ['SPORTS', 0.05513037], ['FOOD AND DRINK', 0.05028811], ['HOBBIES AND INTERESTS', 0.04787023]]","[['SPORTS', 0.999999], ['HOME AND GARDEN', 6.30007e-07], ['HOBBIES AND INTERESTS', 2.09695e-08], ['FAMILY AND PARENTING', 3.09023e-09], ['NON STANDARD CONTENT', 2.71253e-09]]",False,62,47,15:30:33.476725
a baboon outside I disabled my salmon in Nick near the salmon near Nick on my baboon with Gemma on Nick with my river on Gary,"[['HEALTH AND FITNESS', 0.06328354], ['TRAVEL', 0.06111451], ['SPORTS', 0.05678256], ['FOOD AND DRINK', 0.04977417], ['RELIGION AND SPIRITUALITY', 0.04912858]]","[['SPORTS', 0.999998], ['HOME AND GARDEN', 1.29642e-06], ['HOBBIES AND INTERESTS', 1.22966e-07], ['NON STANDARD CONTENT', 5.92125e-09], ['FAMILY AND PARENTING', 3.47844e-09]]",True,63,48,15:30:38.996451
a baboon outside I disabled my salmon in Nick near the salmon near Nick on my baboon with Gemma on Nick with my gibbon on Gary,"[['HEALTH AND FITNESS', 0.06506916], ['TRAVEL', 0.05349457], ['SPORTS', 0.05270619], ['FOOD AND DRINK', 0.05013907], ['TECHNOLOGY AND COMPUTING', 0.05002545]]","[['SPORTS', 0.999998], ['HOME AND GARDEN', 1.36456e-06], ['HOBBIES AND INTERESTS', 2.67253e-07], ['FAMILY AND PARENTING', 7.42192e-09], ['NON STANDARD CONTENT', 5.39972e-09]]",True,64,49,15:30:44.525622
a baboon outside I disabled my salmon in Gary near the salmon near Nick on my baboon with Gemma on Nick with my gibbon on Gary,"[['HEALTH AND FITNESS', 0.06506916], ['TRAVEL', 0.05349457], ['SPORTS', 0.05270619], ['FOOD AND DRINK', 0.05013907], ['TECHNOLOGY AND COMPUTING', 0.05002545]]","[['SPORTS', 1.0], ['HOBBIES AND INTERESTS', 1.67055e-07], ['FAMILY AND PARENTING', 4.09027e-09], ['HEALTH AND FITNESS', 6.18313e-10], ['RELIGION AND SPIRITUALITY', 6.14651e-10]]",False,65,49,15:30:49.698122
an baboon outside I disabled my salmon in Nick near the salmon near Nick on my baboon with Gemma on Nick with my gibbon on Gary,"[['HEALTH AND FITNESS', 0.06506916], ['TRAVEL', 0.05349457], ['SPORTS', 0.05270619], ['FOOD AND DRINK', 0.05013907], ['TECHNOLOGY AND COMPUTING', 0.05002545]]","[['SPORTS', 0.999998], ['HOME AND GARDEN', 1.22593e-06], ['HOBBIES AND INTERESTS', 9.3995e-09], ['FAMILY AND PARENTING', 6.61276e-09], ['NON STANDARD CONTENT', 4.84414e-09]]",True,66,50,15:30:54.478446
an baboon outside I disabled my salmon in Nick near the salmon near Nick on a baboon with Gemma on Nick with my gibbon on Gary,"[['HEALTH AND FITNESS', 0.06506916], ['TRAVEL', 0.05349457], ['SPORTS', 0.05270619], ['FOOD AND DRINK', 0.05013907], ['TECHNOLOGY AND COMPUTING', 0.05002545]]","[['SPORTS', 0.999998], ['HOME AND GARDEN', 1.19196e-06], ['HOBBIES AND INTERESTS', 2.88958e-08], ['FAMILY AND PARENTING', 5.77158e-09], ['NON STANDARD CONTENT', 4.10013e-09]]",True,67,51,15:30:59.204898
an baboon outside I spent my salmon in Nick near the salmon near Nick on a baboon with Gemma on Nick with my gibbon on Gary,"[['TRAVEL', 0.05701904], ['SPORTS', 0.0526325], ['SCIENCE', 0.05078438], ['RELIGION AND SPIRITUALITY', 0.05070824], ['TECHNOLOGY AND COMPUTING', 0.05057218]]","[['SPORTS', 0.999995], ['HOME AND GARDEN', 4.32831e-06], ['HOBBIES AND INTERESTS', 1.25558e-07], ['TRAVEL', 3.37894e-09], ['NON STANDARD CONTENT', 1.69076e-09]]",False,68,51,15:31:06.951766
an baboon outside I disabled my salmon in Nick near the salmon near Nick on an baboon with Gemma on Nick with my gibbon on Gary,"[['HEALTH AND FITNESS', 0.06506916], ['TRAVEL', 0.05349457], ['SPORTS', 0.05270619], ['FOOD AND DRINK', 0.05013907], ['TECHNOLOGY AND COMPUTING', 0.05002545]]","[['SPORTS', 0.999998], ['HOME AND GARDEN', 6.41705e-07], ['HOBBIES AND INTERESTS', 1.08844e-08], ['FAMILY AND PARENTING', 8.62142e-09], ['NON STANDARD CONTENT', 6.81533e-09]]",True,69,52,15:31:12.480680
an baboon outside I disabled my salmon in Nick near the salmon near Nick on an baboon with Gemma on Nick on my gibbon on Gary,"[['HEALTH AND FITNESS', 0.06506916], ['TRAVEL', 0.05349457], ['SPORTS', 0.05270619], ['FOOD AND DRINK', 0.05013907], ['TECHNOLOGY AND COMPUTING', 0.05002545]]","[['SPORTS', 0.987662], ['HOME AND GARDEN', 1.30376e-06], ['HOBBIES AND INTERESTS', 2.71699e-08], ['FAMILY AND PARENTING', 1.91556e-08], ['NON STANDARD CONTENT', 1.77328e-08]]",True,70,53,15:31:18.068671
an baboon outside I disabled my salmon in Nick near the salmon near Nick on an baboon with Gemma on Nick on an gibbon on Gary,"[['HEALTH AND FITNESS', 0.06506916], ['TRAVEL', 0.05349457], ['SPORTS', 0.05270619], ['FOOD AND DRINK', 0.05013907], ['TECHNOLOGY AND COMPUTING', 0.05002545]]","[['SPORTS', 0.979855], ['HOME AND GARDEN', 1.27973e-06], ['HOBBIES AND INTERESTS', 6.64402e-08], ['FAMILY AND PARENTING', 5.30399e-08], ['NON STANDARD CONTENT', 5.30266e-08]]",True,71,54,15:31:23.186247
an baboon outside I disabled my salmon in Nick near the salmon near Nick on an baboon with Gemma outside Nick on an gibbon on Gary,"[['HEALTH AND FITNESS', 0.06506916], ['TRAVEL', 0.05349457], ['SPORTS', 0.05270619], ['FOOD AND DRINK', 0.05013907], ['TECHNOLOGY AND COMPUTING', 0.05002545]]","[['SPORTS', 0.967583], ['HOME AND GARDEN', 1.31829e-06], ['HOBBIES AND INTERESTS', 7.77499e-08], ['NON STANDARD CONTENT', 6.02158e-08], ['FAMILY AND PARENTING', 5.07803e-08]]",True,72,55,15:31:28.707188
an baboon outside I disabled my salmon in Nick near my salmon near Nick on an baboon with Gemma outside Nick on an gibbon on Gary,"[['HEALTH AND FITNESS', 0.06499491], ['TRAVEL', 0.05385465], ['SPORTS', 0.05256288], ['FOOD AND DRINK', 0.05009782], ['TECHNOLOGY AND COMPUTING', 0.04995983]]","[['SPORTS', 0.924523], ['TECHNOLOGY AND COMPUTING', 0.00140706], ['HOME AND GARDEN', 4.9807e-05], ['HOBBIES AND INTERESTS', 3.16361e-06], ['NON STANDARD CONTENT', 2.65475e-06]]",False,73,55,15:31:34.361254
an baboon outside I disabled the salmon in Nick near the salmon near Nick on an baboon with Gemma outside Nick on an gibbon on Gary,"[['HEALTH AND FITNESS', 0.06192612], ['SPORTS', 0.05469576], ['TRAVEL', 0.05177076], ['SCIENCE', 0.05116652], ['FOOD AND DRINK', 0.05061929]]","[['SPORTS', 0.999896], ['HOME AND GARDEN', 4.7855e-09], ['HOBBIES AND INTERESTS', 3.13957e-10], ['NON STANDARD CONTENT', 2.55476e-10], ['FAMILY AND PARENTING', 2.09499e-10]]",True,74,56,15:31:39.767520
an baboon outside I disabled a salmon in Nick near the salmon near Nick on an baboon with Gemma outside Nick on an gibbon on Gary,"[['HEALTH AND FITNESS', 0.06192612], ['SPORTS', 0.05469576], ['TRAVEL', 0.05177076], ['SCIENCE', 0.05116652], ['FOOD AND DRINK', 0.05061929]]","[['SPORTS', 0.991796], ['HOME AND GARDEN', 2.90387e-07], ['HOBBIES AND INTERESTS', 1.72919e-08], ['NON STANDARD CONTENT', 1.40158e-08], ['FAMILY AND PARENTING', 1.20904e-08]]",True,75,57,15:31:45.418799
an baboon outside I disabled a salmon in Nick near the elephant near Nick on an baboon with Gemma outside Nick on an gibbon on Gary,"[['HEALTH AND FITNESS', 0.06231025], ['SPORTS', 0.05464023], ['TRAVEL', 0.05418203], ['SCIENCE', 0.05062143], ['FOOD AND DRINK', 0.04998067]]","[['SPORTS', 0.999062], ['HOME AND GARDEN', 7.09952e-06], ['HEALTH AND FITNESS', 1.72024e-06], ['HOBBIES AND INTERESTS', 7.77777e-07], ['FAMILY AND PARENTING', 5.84732e-07]]",False,76,57,15:31:50.574502
an baboon outside I disabled a salmon in Nick near the salmon outside Nick on an baboon with Gemma outside Nick on an gibbon on Gary,"[['HEALTH AND FITNESS', 0.06192612], ['SPORTS', 0.05469576], ['TRAVEL', 0.05177076], ['SCIENCE', 0.05116652], ['FOOD AND DRINK', 0.05061929]]","[['SPORTS', 0.997824], ['HOME AND GARDEN', 9.20547e-08], ['HOBBIES AND INTERESTS', 6.73824e-09], ['NON STANDARD CONTENT', 6.17242e-09], ['FAMILY AND PARENTING', 4.39127e-09]]",True,77,58,15:31:55.983509
an baboon outside I disabled a salmon in Nick near my salmon outside Nick on an baboon with Gemma outside Nick on an gibbon on Gary,"[['HEALTH AND FITNESS', 0.06499491], ['TRAVEL', 0.05385465], ['SPORTS', 0.05256288], ['FOOD AND DRINK', 0.05009782], ['TECHNOLOGY AND COMPUTING', 0.04995983]]","[['SPORTS', 0.630771], ['TECHNOLOGY AND COMPUTING', 0.000411622], ['HOME AND GARDEN', 1.79076e-05], ['HOBBIES AND INTERESTS', 1.35812e-06], ['NON STANDARD CONTENT', 1.34004e-06]]",False,78,58,15:32:01.047433
an baboon outside I disabled a salmon in Nick near the salmon outside Nick on a baboon with Gemma outside Nick on an gibbon on Gary,"[['HEALTH AND FITNESS', 0.06192612], ['SPORTS', 0.05469576], ['TRAVEL', 0.05177076], ['SCIENCE', 0.05116652], ['FOOD AND DRINK', 0.05061929]]","[['SPORTS', 0.99769], ['HOME AND GARDEN', 1.28791e-07], ['HOBBIES AND INTERESTS', 4.03312e-09], ['NON STANDARD CONTENT', 3.18892e-09], ['FAMILY AND PARENTING', 2.46214e-09]]",True,79,59,15:32:06.497209
an baboon outside I disabled a salmon in Nick near the salmon outside Nick on a baboon with Gary outside Nick on an gibbon on Gary,"[['HEALTH AND FITNESS', 0.06222647], ['SPORTS', 0.05483865], ['TRAVEL', 0.05206042], ['SCIENCE', 0.05123742], ['FOOD AND DRINK', 0.05071572]]","[['SPORTS', 0.998979], ['HOME AND GARDEN', 1.63667e-07], ['HOBBIES AND INTERESTS', 4.29051e-09], ['FAMILY AND PARENTING', 2.50254e-09], ['NON STANDARD CONTENT', 1.67759e-09]]",True,80,60,15:32:12.385812
an baboon outside I disabled a salmon in Nick near the salmon outside Nick on a baboon with Gary outside Nick on an gibbon outside Gary,"[['HEALTH AND FITNESS', 0.06222647], ['SPORTS', 0.05483865], ['TRAVEL', 0.05206042], ['SCIENCE', 0.05123742], ['FOOD AND DRINK', 0.05071572]]","[['SPORTS', 0.997657], ['HOME AND GARDEN', 4.24462e-07], ['HOBBIES AND INTERESTS', 1.54379e-08], ['FAMILY AND PARENTING', 7.74046e-09], ['NON STANDARD CONTENT', 6.18395e-09]]",True,81,61,15:32:18.646838
an park outside I disabled a salmon in Nick near the salmon outside Nick on a baboon with Gary outside Nick on an gibbon outside Gary,"[['HEALTH AND FITNESS', 0.06373754], ['TRAVEL', 0.06117048], ['SPORTS', 0.05722994], ['FOOD AND DRINK', 0.0508598], ['SCIENCE', 0.04943053]]","[['SPORTS', 0.998614], ['HOME AND GARDEN', 3.05676e-07], ['TRAVEL', 7.24281e-08], ['HOBBIES AND INTERESTS', 1.107e-08], ['FAMILY AND PARENTING', 4.29053e-09]]",False,82,61,15:32:24.673373
an baboon outside I disabled an salmon in Nick near the salmon outside Nick on a baboon with Gary outside Nick on an gibbon outside Gary,"[['HEALTH AND FITNESS', 0.06222647], ['SPORTS', 0.05483865], ['TRAVEL', 0.05206042], ['SCIENCE', 0.05123742], ['FOOD AND DRINK', 0.05071572]]","[['SPORTS', 0.985148], ['HOME AND GARDEN', 2.83831e-06], ['HOBBIES AND INTERESTS', 1.07043e-07], ['FAMILY AND PARENTING', 5.44601e-08], ['NON STANDARD CONTENT', 4.39169e-08]]",True,83,62,15:32:30.202209
an baboon outside I disabled an salmon in Nick near a salmon outside Nick on a baboon with Gary outside Nick on an gibbon outside Gary,"[['HEALTH AND FITNESS', 0.06222647], ['SPORTS', 0.05483865], ['TRAVEL', 0.05206042], ['SCIENCE', 0.05123742], ['FOOD AND DRINK', 0.05071572]]","[['SPORTS', 0.53618], ['HOME AND GARDEN', 9.76917e-05], ['HOBBIES AND INTERESTS', 3.97334e-06], ['FAMILY AND PARENTING', 2.55331e-06], ['NON STANDARD CONTENT', 1.83694e-06]]",True,84,63,15:32:35.698278
an baboon outside I disabled an salmon in Nick near a salmon outside Nick on a baboon with Gary by Nick on an gibbon outside Gary,"[['HEALTH AND FITNESS', 0.06222647], ['SPORTS', 0.05483865], ['TRAVEL', 0.05206042], ['SCIENCE', 0.05123742], ['FOOD AND DRINK', 0.05071572]]","[['SPORTS', 0.639767], ['HOME AND GARDEN', 5.765e-05], ['HOBBIES AND INTERESTS', 8.83988e-06], ['FAMILY AND PARENTING', 1.22234e-06], ['NON STANDARD CONTENT', 7.6037e-07]]",True,85,64,15:32:41.208062
an baboon outside I disabled an salmon in Nick near a salmon in Nick on a baboon with Gary by Nick on an gibbon outside Gary,"[['HEALTH AND FITNESS', 0.06222647], ['SPORTS', 0.05483865], ['TRAVEL', 0.05206042], ['SCIENCE', 0.05123742], ['FOOD AND DRINK', 0.05071572]]","[['SPORTS', 0.918591], ['HOBBIES AND INTERESTS', 3.33856e-05], ['HOME AND GARDEN', 1.65965e-05], ['NON STANDARD CONTENT', 2.87085e-06], ['FAMILY AND PARENTING', 3.47789e-07]]",True,86,65,15:32:47.098806
an baboon outside I disabled an salmon in Gemma near a salmon in Nick on a baboon with Gary by Nick on an gibbon outside Gary,"[['HEALTH AND FITNESS', 0.06192612], ['SPORTS', 0.05469576], ['TRAVEL', 0.05177076], ['SCIENCE', 0.05116652], ['FOOD AND DRINK', 0.05061929]]","[['SPORTS', 0.907037], ['HOBBIES AND INTERESTS', 8.08704e-07], ['FAMILY AND PARENTING', 1.94058e-07], ['NON STANDARD CONTENT', 8.31083e-08], ['FOOD AND DRINK', 8.17682e-08]]",False,87,65,15:32:52.629032
an baboon outside I disabled an salmon in Nick near a salmon in Nick on an baboon with Gary by Nick on an gibbon outside Gary,"[['HEALTH AND FITNESS', 0.06222647], ['SPORTS', 0.05483865], ['TRAVEL', 0.05206042], ['SCIENCE', 0.05123742], ['FOOD AND DRINK', 0.05071572]]","[['SPORTS', 0.92716], ['HOBBIES AND INTERESTS', 5.05005e-05], ['HOME AND GARDEN', 1.21471e-05], ['NON STANDARD CONTENT', 5.47069e-06], ['FAMILY AND PARENTING', 6.57074e-07]]",True,88,66,15:32:58.172991
an park outside I disabled an salmon in Nick near a salmon in Nick on an baboon with Gary by Nick on an gibbon outside Gary,"[['HEALTH AND FITNESS', 0.06373754], ['TRAVEL', 0.06117048], ['SPORTS', 0.05722994], ['FOOD AND DRINK', 0.0508598], ['SCIENCE', 0.04943053]]","[['SPORTS', 0.955429], ['HOBBIES AND INTERESTS', 3.86807e-05], ['HOME AND GARDEN', 9.08204e-06], ['NON STANDARD CONTENT', 3.06947e-06], ['TRAVEL', 2.08119e-06]]",False,89,66,15:33:03.687819
an baboon outside I apprehended an salmon in Nick near a salmon in Nick on an baboon with Gary by Nick on an gibbon outside Gary,"[['SPORTS', 0.05566253], ['TRAVEL', 0.0530305], ['SCIENCE', 0.05169889], ['FOOD AND DRINK', 0.05070939], ['HEALTH AND FITNESS', 0.04946074]]","[['SPORTS', 0.933124], ['HOBBIES AND INTERESTS', 0.000104505], ['NON STANDARD CONTENT', 6.93277e-05], ['HOME AND GARDEN', 4.37691e-05], ['REAL ESTATE', 6.06029e-07]]",True,90,67,15:33:09.257686
an lemur outside I apprehended an salmon in Nick near a salmon in Nick on an baboon with Gary by Nick on an gibbon outside Gary,"[['SPORTS', 0.05587367], ['TRAVEL', 0.05304242], ['SCIENCE', 0.05228244], ['FOOD AND DRINK', 0.05072079], ['ARTS AND ENTERTAINMENT', 0.04938433]]","[['SPORTS', 0.935132], ['HOBBIES AND INTERESTS', 9.36734e-05], ['NON STANDARD CONTENT', 6.1826e-05], ['HOME AND GARDEN', 3.88116e-05], ['PETS', 2.13739e-06]]",True,91,68,15:33:14.746659
an lemur outside I disabled an salmon in Nick near a salmon in Nick on an baboon with Gary by Nick on an gibbon outside Gary,"[['HEALTH AND FITNESS', 0.06204694], ['SPORTS', 0.05504894], ['TRAVEL', 0.05207427], ['SCIENCE', 0.05181791], ['FOOD AND DRINK', 0.05072921]]","[['SPORTS', 0.929273], ['HOBBIES AND INTERESTS', 4.48062e-05], ['HOME AND GARDEN', 1.05872e-05], ['NON STANDARD CONTENT', 4.72149e-06], ['PETS', 5.71101e-07]]",True,92,69,15:33:20.282297
an lemur outside I saw an salmon in Nick near a salmon in Nick on an baboon with Gary by Nick on an gibbon outside Gary,"[['SPORTS', 0.05744216], ['SCIENCE', 0.05529307], ['HEALTH AND FITNESS', 0.05172675], ['TRAVEL', 0.05043884], ['ARTS AND ENTERTAINMENT', 0.04955572]]","[['SPORTS', 0.934984], ['HOBBIES AND INTERESTS', 0.000107738], ['HOME AND GARDEN', 5.37876e-05], ['NON STANDARD CONTENT', 3.13078e-06], ['PETS', 1.13105e-06]]",True,93,70,15:33:25.767699
an lemur outside I saw an salmon in Nick near a salmon in Nick on an baboon with Gary by Nick on an gibbon with Gary,"[['SPORTS', 0.05744216], ['SCIENCE', 0.05529307], ['HEALTH AND FITNESS', 0.05172675], ['TRAVEL', 0.05043884], ['ARTS AND ENTERTAINMENT', 0.04955572]]","[['SPORTS', 0.953126], ['HOBBIES AND INTERESTS', 9.11752e-05], ['HOME AND GARDEN', 5.35383e-05], ['RELIGION AND SPIRITUALITY', 2.98203e-05], ['NON STANDARD CONTENT', 2.76206e-06]]",True,94,71,15:33:31.232247
an lemur outside I saw an salmon in Nick near a salmon in Nick on an river with Gary by Nick on an gibbon with Gary,"[['SPORTS', 0.06096646], ['TRAVEL', 0.05719637], ['SCIENCE', 0.05497657], ['HEALTH AND FITNESS', 0.05041856], ['HOBBIES AND INTERESTS', 0.04975291]]","[['SPORTS', 0.997689], ['HOBBIES AND INTERESTS', 7.7526e-06], ['HOME AND GARDEN', 5.3078e-06], ['RELIGION AND SPIRITUALITY', 3.69178e-06], ['NON STANDARD CONTENT', 3.04755e-07]]",False,95,71,15:33:36.872958
an lemur outside I saw the salmon in Nick near a salmon in Nick on an baboon with Gary by Nick on an gibbon with Gary,"[['SPORTS', 0.05744216], ['SCIENCE', 0.05529307], ['HEALTH AND FITNESS', 0.05172675], ['TRAVEL', 0.05043884], ['ARTS AND ENTERTAINMENT', 0.04955572]]","[['SPORTS', 0.999965], ['HOBBIES AND INTERESTS', 1.07711e-07], ['HOME AND GARDEN', 8.09763e-08], ['RELIGION AND SPIRITUALITY', 3.88464e-08], ['NON STANDARD CONTENT', 2.94591e-09]]",True,96,72,15:33:42.701189
an lemur near I saw the salmon in Nick near a salmon in Nick on an baboon with Gary by Nick on an gibbon with Gary,"[['SCIENCE', 0.05623463], ['SPORTS', 0.05498393], ['HOBBIES AND INTERESTS', 0.05201266], ['HEALTH AND FITNESS', 0.05021111], ['ARTS AND ENTERTAINMENT', 0.04991067]]","[['SPORTS', 0.999976], ['HOBBIES AND INTERESTS', 1.00494e-07], ['HOME AND GARDEN', 8.13996e-08], ['RELIGION AND SPIRITUALITY', 6.22034e-08], ['NON STANDARD CONTENT', 2.52019e-09]]",False,97,72,15:33:48.537551
an lemur outside Nick saw the salmon in Nick near a salmon in Nick on an baboon with Gary by Nick on an gibbon with Gary,"[['SPORTS', 0.05345603], ['SCIENCE', 0.05257979], ['HEALTH AND FITNESS', 0.0525596], ['TRAVEL', 0.05084912], ['BUSINESS', 0.05033137]]","[['SPORTS', 0.999922], ['HOBBIES AND INTERESTS', 3.03281e-07], ['HOME AND GARDEN', 1.83031e-07], ['RELIGION AND SPIRITUALITY', 2.85878e-08], ['NON STANDARD CONTENT', 6.22416e-09]]",True,98,73,15:33:54.070032
an lemur outside Nick apprehended the salmon in Nick near a salmon in Nick on an baboon with Gary by Nick on an gibbon with Gary,"[['TRAVEL', 0.05285344], ['SPORTS', 0.05242348], ['SCIENCE', 0.05204323], ['HEALTH AND FITNESS', 0.05042942], ['FAMILY AND PARENTING', 0.04969762]]","[['SPORTS', 0.999845], ['HOBBIES AND INTERESTS', 2.78246e-07], ['HOME AND GARDEN', 1.07789e-07], ['RELIGION AND SPIRITUALITY', 2.2375e-08], ['NON STANDARD CONTENT', 5.50846e-09]]",True,99,74,15:33:59.876273
an lemur outside Nick saw the salmon in Nick near a salmon in Nick on an baboon with Gary by Nick on an gibbon with Gary,"[['SPORTS', 0.05345603], ['SCIENCE', 0.05257979], ['HEALTH AND FITNESS', 0.0525596], ['TRAVEL', 0.05084912], ['BUSINESS', 0.05033137]]","[['SPORTS', 0.999922], ['HOBBIES AND INTERESTS', 3.03281e-07], ['HOME AND GARDEN', 1.83031e-07], ['RELIGION AND SPIRITUALITY', 2.85878e-08], ['NON STANDARD CONTENT', 6.22416e-09]]",True,99,74,15:34:05.434844
an lemur outside Nick grabbed the salmon in Nick near a salmon in Nick on an baboon with Gary by Nick on an gibbon with Gary,"[['TRAVEL', 0.05245917], ['SCIENCE', 0.05207385], ['SPORTS', 0.05199938], ['HEALTH AND FITNESS', 0.05124682], ['FAMILY AND PARENTING', 0.04973329]]","[['SPORTS', 0.999836], ['HOBBIES AND INTERESTS', 3.03416e-07], ['HOME AND GARDEN', 1.19321e-07], ['SOCIETY', 1.08697e-07], ['RELIGION AND SPIRITUALITY', 2.49127e-08]]",True,100,75,15:34:11.018772
an lemur outside Nick damaged the salmon in Nick near a salmon in Nick on an baboon with Gary by Nick on an gibbon with Gary,"[['TRAVEL', 0.05186874], ['SCIENCE', 0.05183657], ['SPORTS', 0.05163284], ['HEALTH AND FITNESS', 0.05084266], ['BUSINESS', 0.04869455]]","[['SPORTS', 0.999899], ['HOME AND GARDEN', 1.94011e-07], ['HOBBIES AND INTERESTS', 1.55168e-07], ['RELIGION AND SPIRITUALITY', 2.38187e-08], ['NON STANDARD CONTENT', 3.28056e-09]]",True,101,76,15:34:16.494210
an lemur outside Nick damaged the salmon in Nick near a salmon in Nick on an baboon with Gary on Nick on an gibbon with Gary,"[['TRAVEL', 0.05186874], ['SCIENCE', 0.05183657], ['SPORTS', 0.05163284], ['HEALTH AND FITNESS', 0.05084266], ['BUSINESS', 0.04869455]]","[['SPORTS', 0.999889], ['HOME AND GARDEN', 2.39895e-07], ['HOBBIES AND INTERESTS', 3.75798e-08], ['RELIGION AND SPIRITUALITY', 2.92071e-08], ['NON STANDARD CONTENT', 4.14054e-09]]",True,102,77,15:34:21.977929
an lemur outside Nick damaged the salmon in Nick near my salmon in Nick on an baboon with Gary on Nick on an gibbon with Gary,"[['TRAVEL', 0.05401445], ['HEALTH AND FITNESS', 0.05341944], ['SCIENCE', 0.05022019], ['SPORTS', 0.04967262], ['FAMILY AND PARENTING', 0.04890641]]","[['SPORTS', 0.999605], ['TECHNOLOGY AND COMPUTING', 1.60655e-06], ['HOME AND GARDEN', 9.92016e-07], ['HOBBIES AND INTERESTS', 1.55264e-07], ['RELIGION AND SPIRITUALITY', 9.59303e-08]]",True,103,78,15:34:27.553112
an lemur outside Nick damaged the salmon in Nick near my salmon in Nick on an baboon with Gary on Nick on an gibbon with Gemma,"[['TRAVEL', 0.05371268], ['HEALTH AND FITNESS', 0.05316037], ['SCIENCE', 0.05014953], ['SPORTS', 0.04954205], ['PETS', 0.04883521]]","[['SPORTS', 0.999215], ['TECHNOLOGY AND COMPUTING', 2.79807e-06], ['HOME AND GARDEN', 6.81807e-07], ['HOBBIES AND INTERESTS', 1.26977e-07], ['RELIGION AND SPIRITUALITY', 8.12737e-08]]",True,104,79,15:34:33.083554
an lemur outside Nick damaged the salmon in Nick near my salmon in Nick on an gibbon with Gary on Nick on an gibbon with Gemma,"[['TRAVEL', 0.05333483], ['HEALTH AND FITNESS', 0.05329825], ['SCIENCE', 0.05046784], ['SPORTS', 0.04882543], ['PETS', 0.04880038]]","[['SPORTS', 0.999201], ['RELIGION AND SPIRITUALITY', 0.000430059], ['TECHNOLOGY AND COMPUTING', 1.55598e-06], ['HOME AND GARDEN', 3.97077e-07], ['HOBBIES AND INTERESTS', 7.70423e-08]]",True,105,80,15:34:38.614719
an lemur outside I damaged the salmon in Nick near my salmon in Nick on an gibbon with Gary on Nick on an gibbon with Gemma,"[['TRAVEL', 0.05351046], ['HEALTH AND FITNESS', 0.05210682], ['SPORTS', 0.05202417], ['TECHNOLOGY AND COMPUTING', 0.05103195], ['SCIENCE', 0.05068554]]","[['SPORTS', 0.999077], ['RELIGION AND SPIRITUALITY', 0.000753297], ['TECHNOLOGY AND COMPUTING', 5.49899e-07], ['HOME AND GARDEN', 1.66279e-07], ['HOBBIES AND INTERESTS', 2.42928e-08]]",False,106,80,15:34:44.143100
an lemur outside Nick damaged the salmon in Gemma near my salmon in Nick on an gibbon with Gary on Nick on an gibbon with Gemma,"[['TRAVEL', 0.05333483], ['HEALTH AND FITNESS', 0.05329825], ['SCIENCE', 0.05046784], ['SPORTS', 0.04882543], ['PETS', 0.04880038]]","[['SPORTS', 0.998934], ['RELIGION AND SPIRITUALITY', 0.000743643], ['TECHNOLOGY AND COMPUTING', 7.04712e-07], ['HOBBIES AND INTERESTS', 1.7848e-09], ['PETS', 1.06639e-09]]",False,107,80,15:34:49.720856
an lemur outside Nick damaged the salmon in Nick near my salmon in Nick on an owl with Gary on Nick on an gibbon with Gemma,"[['TRAVEL', 0.05447713], ['HEALTH AND FITNESS', 0.05325312], ['SCIENCE', 0.05030786], ['ARTS AND ENTERTAINMENT', 0.04903457], ['SPORTS', 0.04890469]]","[['SPORTS', 0.999179], ['TECHNOLOGY AND COMPUTING', 3.03039e-06], ['HOME AND GARDEN', 7.48006e-07], ['HOBBIES AND INTERESTS', 3.39227e-07], ['RELIGION AND SPIRITUALITY', 9.00069e-08]]",True,108,81,15:34:55.563314
an park outside Nick damaged the salmon in Nick near my salmon in Nick on an owl with Gary on Nick on an gibbon with Gemma,"[['TRAVEL', 0.06399227], ['HEALTH AND FITNESS', 0.05470343], ['SPORTS', 0.05084162], ['FAMILY AND PARENTING', 0.04892611], ['ARTS AND ENTERTAINMENT', 0.048857]]","[['SPORTS', 0.999482], ['TECHNOLOGY AND COMPUTING', 1.12025e-06], ['HOME AND GARDEN', 6.35201e-07], ['HOBBIES AND INTERESTS', 2.93893e-07], ['TRAVEL', 3.5832e-08]]",False,109,81,15:35:01.251098
an lemur outside Nick damaged the salmon in Nick near my salmon in Nick on a owl with Gary on Nick on an gibbon with Gemma,"[['TRAVEL', 0.05447713], ['HEALTH AND FITNESS', 0.05325312], ['SCIENCE', 0.05030786], ['ARTS AND ENTERTAINMENT', 0.04903457], ['SPORTS', 0.04890469]]","[['SPORTS', 0.999298], ['TECHNOLOGY AND COMPUTING', 1.63986e-06], ['HOME AND GARDEN', 7.55107e-07], ['HOBBIES AND INTERESTS', 1.50913e-07], ['RELIGION AND SPIRITUALITY', 3.60718e-08]]",True,110,82,15:35:06.886524
an lemur outside Nick damaged the salmon in Nick near my salmon in Gary on a owl with Gary on Nick on an gibbon with Gemma,"[['TRAVEL', 0.05447713], ['HEALTH AND FITNESS', 0.05325312], ['SCIENCE', 0.05030786], ['ARTS AND ENTERTAINMENT', 0.04903457], ['SPORTS', 0.04890469]]","[['SPORTS', 0.999999], ['HOME AND GARDEN', 3.22008e-07], ['TECHNOLOGY AND COMPUTING', 1.92779e-07], ['RELIGION AND SPIRITUALITY', 2.11739e-08], ['HOBBIES AND INTERESTS', 1.43622e-09]]",True,111,83,15:35:12.712991
an lemur outside Nick damaged the salmon in Nick near my salmon in Gary on a owl with Gemma on Nick on an gibbon with Gemma,"[['TRAVEL', 0.05447713], ['HEALTH AND FITNESS', 0.05325312], ['SCIENCE', 0.05030786], ['ARTS AND ENTERTAINMENT', 0.04903457], ['SPORTS', 0.04890469]]","[['SPORTS', 0.999999], ['TECHNOLOGY AND COMPUTING', 6.53765e-07], ['HOME AND GARDEN', 3.91301e-07], ['RELIGION AND SPIRITUALITY', 3.60877e-08], ['HOBBIES AND INTERESTS', 2.42188e-09]]",True,112,84,15:35:18.856000
an lemur near Nick damaged the salmon in Nick near my salmon in Gary on a owl with Gemma on Nick on an gibbon with Gemma,"[['HEALTH AND FITNESS', 0.05162841], ['TRAVEL', 0.05146423], ['SCIENCE', 0.05113039], ['ARTS AND ENTERTAINMENT', 0.04966793], ['HOME AND GARDEN', 0.04929832]]","[['SPORTS', 0.999999], ['TECHNOLOGY AND COMPUTING', 6.50142e-07], ['HOME AND GARDEN', 3.92749e-07], ['RELIGION AND SPIRITUALITY', 6.08722e-08], ['HOBBIES AND INTERESTS', 2.33458e-09]]",True,113,85,15:35:24.432128
an lemur near Nick damaged the woman in Nick near my salmon in Gary on a owl with Gemma on Nick on an gibbon with Gemma,"[['HEALTH AND FITNESS', 0.05561283], ['SCIENCE', 0.0532829], ['TRAVEL', 0.05187758], ['ARTS AND ENTERTAINMENT', 0.05034296], ['SOCIETY', 0.04996266]]","[['TECHNOLOGY AND COMPUTING', 0.444193], ['SPORTS', 0.30381], ['HOME AND GARDEN', 0.111649], ['RELIGION AND SPIRITUALITY', 0.0943455], ['HOBBIES AND INTERESTS', 0.00886421]]",True,114,86,15:35:30.227152
an lemur near Nick disabled the woman in Nick near my salmon in Gary on a owl with Gemma on Nick on an gibbon with Gemma,"[['HEALTH AND FITNESS', 0.07010012], ['SCIENCE', 0.05306152], ['TRAVEL', 0.0517814], ['ARTS AND ENTERTAINMENT', 0.04915859], ['RELIGION AND SPIRITUALITY', 0.04833889]]","[['TECHNOLOGY AND COMPUTING', 0.555643], ['SPORTS', 0.327179], ['RELIGION AND SPIRITUALITY', 0.0235118], ['HOME AND GARDEN', 0.0152098], ['HOBBIES AND INTERESTS', 0.00864609]]",True,115,87,15:35:35.751730
an lemur near Gary disabled the woman in Nick near my salmon in Gary on a owl with Gemma on Nick on an gibbon with Gemma,"[['HEALTH AND FITNESS', 0.07010012], ['SCIENCE', 0.05306152], ['TRAVEL', 0.0517814], ['ARTS AND ENTERTAINMENT', 0.04915859], ['RELIGION AND SPIRITUALITY', 0.04833889]]","[['SPORTS', 0.530996], ['TECHNOLOGY AND COMPUTING', 0.289852], ['RELIGION AND SPIRITUALITY', 0.0825208], ['HOME AND GARDEN', 0.0307614], ['HOBBIES AND INTERESTS', 0.00828141]]",True,116,88,15:35:41.471660
an lemur near Gary disabled the woman in Nick near my salmon in Gary on a river with Gemma on Nick on an gibbon with Gemma,"[['HEALTH AND FITNESS', 0.0682802], ['TRAVEL', 0.05795589], ['SCIENCE', 0.05264723], ['RELIGION AND SPIRITUALITY', 0.05004422], ['SPORTS', 0.04915576]]","[['SPORTS', 0.988353], ['TECHNOLOGY AND COMPUTING', 0.00694096], ['RELIGION AND SPIRITUALITY', 0.00285286], ['HOME AND GARDEN', 0.000844501], ['REAL ESTATE', 0.000110086]]",False,117,88,15:35:47.733110
an lemur near Gary chased the woman in Nick near my salmon in Gary on a owl with Gemma on Nick on an gibbon with Gemma,"[['HEALTH AND FITNESS', 0.05525844], ['SCIENCE', 0.05362154], ['TRAVEL', 0.05206845], ['ARTS AND ENTERTAINMENT', 0.05081627], ['RELIGION AND SPIRITUALITY', 0.04952194]]","[['SPORTS', 0.366685], ['TECHNOLOGY AND COMPUTING', 0.234481], ['RELIGION AND SPIRITUALITY', 0.232926], ['HOME AND GARDEN', 0.0878852], ['REAL ESTATE', 0.0239655]]",True,118,89,15:35:53.262648
an lemur near Gary chased the woman in Nick near my salmon in Gary on an owl with Gemma on Nick on an gibbon with Gemma,"[['HEALTH AND FITNESS', 0.05525844], ['SCIENCE', 0.05362154], ['TRAVEL', 0.05206845], ['ARTS AND ENTERTAINMENT', 0.05081627], ['RELIGION AND SPIRITUALITY', 0.04952194]]","[['SPORTS', 0.362646], ['RELIGION AND SPIRITUALITY', 0.248659], ['TECHNOLOGY AND COMPUTING', 0.223038], ['HOME AND GARDEN', 0.0434138], ['HOBBIES AND INTERESTS', 0.0155683]]",True,119,90,15:35:58.845006
the lemur near Gary chased the woman in Nick near my salmon in Gary on an owl with Gemma on Nick on an gibbon with Gemma,"[['HEALTH AND FITNESS', 0.05525844], ['SCIENCE', 0.05362154], ['TRAVEL', 0.05206845], ['ARTS AND ENTERTAINMENT', 0.05081627], ['RELIGION AND SPIRITUALITY', 0.04952194]]","[['PETS', 0.992893], ['SPORTS', 0.00254282], ['RELIGION AND SPIRITUALITY', 0.00180869], ['TECHNOLOGY AND COMPUTING', 0.00160342], ['HOME AND GARDEN', 0.000290836]]",True,120,91,15:36:05.551225
the lemur near Gary grabbed the woman in Nick near my salmon in Gary on an owl with Gemma on Nick on an gibbon with Gemma,"[['HEALTH AND FITNESS', 0.05608112], ['SCIENCE', 0.05355182], ['TRAVEL', 0.05249264], ['RELIGION AND SPIRITUALITY', 0.05001352], ['ARTS AND ENTERTAINMENT', 0.04983715]]","[['PETS', 0.993271], ['SPORTS', 0.00245419], ['RELIGION AND SPIRITUALITY', 0.00173943], ['TECHNOLOGY AND COMPUTING', 0.00152652], ['HOME AND GARDEN', 0.000274885]]",True,121,92,15:36:11.062608
the lemur near Gary grabbed the woman in Nick near an salmon in Gary on an owl with Gemma on Nick on an gibbon with Gemma,"[['SCIENCE', 0.0552873], ['HEALTH AND FITNESS', 0.05338741], ['ARTS AND ENTERTAINMENT', 0.05098294], ['TRAVEL', 0.05041821], ['EDUCATION', 0.04890829]]","[['PETS', 0.986583], ['SPORTS', 0.00798448], ['RELIGION AND SPIRITUALITY', 0.00367915], ['HOME AND GARDEN', 0.000487683], ['HOBBIES AND INTERESTS', 0.000181237]]",True,122,93,15:36:16.525360
the lemur near Gary grabbed the woman in Nick near an salmon in Gary on an owl with Gemma on Nick on a gibbon with Gemma,"[['SCIENCE', 0.0552873], ['HEALTH AND FITNESS', 0.05338741], ['ARTS AND ENTERTAINMENT', 0.05098294], ['TRAVEL', 0.05041821], ['EDUCATION', 0.04890829]]","[['PETS', 0.990509], ['SPORTS', 0.00559296], ['RELIGION AND SPIRITUALITY', 0.00235271], ['HOME AND GARDEN', 0.000665118], ['HOBBIES AND INTERESTS', 0.000101902]]",True,123,94,15:36:22.092198
the lemur near Gary disabled the woman in Nick near an salmon in Gary on an owl with Gemma on Nick on a gibbon with Gemma,"[['HEALTH AND FITNESS', 0.06679041], ['SCIENCE', 0.05482821], ['ARTS AND ENTERTAINMENT', 0.05033201], ['TRAVEL', 0.04977783], ['EDUCATION', 0.04792411]]","[['PETS', 0.973573], ['SPORTS', 0.0214004], ['RELIGION AND SPIRITUALITY', 0.0023123], ['HOME AND GARDEN', 0.000653724], ['HOBBIES AND INTERESTS', 0.000183685]]",True,124,95,15:36:27.978560
the lemur near Gary disabled a woman in Nick near an salmon in Gary on an owl with Gemma on Nick on a gibbon with Gemma,"[['HEALTH AND FITNESS', 0.06679041], ['SCIENCE', 0.05482821], ['ARTS AND ENTERTAINMENT', 0.05033201], ['TRAVEL', 0.04977783], ['EDUCATION', 0.04792411]]","[['PETS', 0.971386], ['SPORTS', 0.0213557], ['RELIGION AND SPIRITUALITY', 0.00245193], ['HOME AND GARDEN', 0.000673492], ['HOBBIES AND INTERESTS', 0.000218447]]",True,125,96,15:36:33.814205
the lemur near Gary disabled a woman in Gemma near an salmon in Gary on an owl with Gemma on Nick on a gibbon with Gemma,"[['HEALTH AND FITNESS', 0.06679041], ['SCIENCE', 0.05482821], ['ARTS AND ENTERTAINMENT', 0.05033201], ['TRAVEL', 0.04977783], ['EDUCATION', 0.04792411]]","[['PETS', 0.987098], ['SPORTS', 0.00791139], ['RELIGION AND SPIRITUALITY', 0.00252845], ['FAMILY AND PARENTING', 7.35521e-05], ['HOBBIES AND INTERESTS', 2.85587e-05]]",True,126,97,15:36:39.710245
the lemur near Gary disabled a woman in Gemma near an salmon in Gary on an owl with Gemma on Nick near a gibbon with Gemma,"[['HEALTH AND FITNESS', 0.06679041], ['SCIENCE', 0.05482821], ['ARTS AND ENTERTAINMENT', 0.05033201], ['TRAVEL', 0.04977783], ['EDUCATION', 0.04792411]]","[['PETS', 0.98865], ['SPORTS', 0.0072278], ['RELIGION AND SPIRITUALITY', 0.00276311], ['HOME AND GARDEN', 0.000292337], ['FAMILY AND PARENTING', 7.01278e-05]]",True,127,98,15:36:45.293967
the lemur near Gary disabled a woman in Gemma near an salmon in Gary on an owl on Gemma on Nick near a gibbon with Gemma,"[['HEALTH AND FITNESS', 0.06679041], ['SCIENCE', 0.05482821], ['ARTS AND ENTERTAINMENT', 0.05033201], ['TRAVEL', 0.04977783], ['EDUCATION', 0.04792411]]","[['PETS', 0.988152], ['SPORTS', 0.0077551], ['RELIGION AND SPIRITUALITY', 0.00276735], ['HOME AND GARDEN', 0.000292781], ['FAMILY AND PARENTING', 6.0864e-05]]",True,128,99,15:36:51.018222
the lemur near Gary apprehended a woman in Gemma near an salmon in Gary on an owl on Gemma on Nick near a gibbon with Gemma,"[['SCIENCE', 0.05525249], ['HEALTH AND FITNESS', 0.05253367], ['ARTS AND ENTERTAINMENT', 0.05164194], ['TRAVEL', 0.05079502], ['EDUCATION', 0.04840326]]","[['PETS', 0.981362], ['RELIGION AND SPIRITUALITY', 0.0135571], ['SPORTS', 0.00197849], ['HOME AND GARDEN', 0.000290781], ['REAL ESTATE', 2.0568e-05]]",True,129,100,15:36:56.527812
the lemur near Gary apprehended my woman in Gemma near an salmon in Gary on an owl on Gemma on Nick near a gibbon with Gemma,"[['HEALTH AND FITNESS', 0.05525116], ['SCIENCE', 0.05356587], ['TRAVEL', 0.05253499], ['ARTS AND ENTERTAINMENT', 0.05042237], ['RELIGION AND SPIRITUALITY', 0.04901141]]","[['PETS', 0.991872], ['RELIGION AND SPIRITUALITY', 0.00473744], ['SPORTS', 0.00206432], ['HEALTH AND FITNESS', 0.000482148], ['HOME AND GARDEN', 0.00019479]]",False,130,100,15:37:02.124349
the lemur near Gary apprehended a woman in Gemma near an salmon in Gary on an owl on Gemma on Nick with a gibbon with Gemma,"[['SCIENCE', 0.05525249], ['HEALTH AND FITNESS', 0.05253367], ['ARTS AND ENTERTAINMENT', 0.05164194], ['TRAVEL', 0.05079502], ['EDUCATION', 0.04840326]]","[['PETS', 0.987325], ['RELIGION AND SPIRITUALITY', 0.00904654], ['SPORTS', 0.00170747], ['REAL ESTATE', 1.30037e-05], ['HOBBIES AND INTERESTS', 5.29491e-06]]",True,131,101,15:37:08.483359
the lemur near Gary apprehended a woman in Gemma near an salmon in Nick on an owl on Gemma on Nick with a gibbon with Gemma,"[['SCIENCE', 0.05525249], ['HEALTH AND FITNESS', 0.05253367], ['ARTS AND ENTERTAINMENT', 0.05164194], ['TRAVEL', 0.05079502], ['EDUCATION', 0.04840326]]","[['PETS', 0.986736], ['RELIGION AND SPIRITUALITY', 0.00961757], ['SPORTS', 0.00193965], ['HOBBIES AND INTERESTS', 4.72877e-05], ['REAL ESTATE', 1.37745e-05]]",True,132,102,15:37:14.109074
the lemur near Gary apprehended a woman in Gemma near an salmon near Nick on an owl on Gemma on Nick with a gibbon with Gemma,"[['SCIENCE', 0.05525249], ['HEALTH AND FITNESS', 0.05253367], ['ARTS AND ENTERTAINMENT', 0.05164194], ['TRAVEL', 0.05079502], ['EDUCATION', 0.04840326]]","[['PETS', 0.989235], ['RELIGION AND SPIRITUALITY', 0.0089951], ['SPORTS', 0.000594974], ['REAL ESTATE', 1.32166e-05], ['HOBBIES AND INTERESTS', 1.03406e-05]]",True,133,103,15:37:19.793751
the lemur near Gary apprehended a woman in Gemma near an salmon with Nick on an owl on Gemma on Nick with a gibbon with Gemma,"[['SCIENCE', 0.05525249], ['HEALTH AND FITNESS', 0.05253367], ['ARTS AND ENTERTAINMENT', 0.05164194], ['TRAVEL', 0.05079502], ['EDUCATION', 0.04840326]]","[['PETS', 0.987554], ['RELIGION AND SPIRITUALITY', 0.00988021], ['SPORTS', 0.000730605], ['REAL ESTATE', 3.74111e-05], ['HOBBIES AND INTERESTS', 1.78761e-05]]",True,134,104,15:37:25.382698
the lemur near Gary apprehended a woman in Gemma near an salmon with Nick on an owl on Nick on Nick with a gibbon with Gemma,"[['SCIENCE', 0.05525249], ['HEALTH AND FITNESS', 0.05253367], ['ARTS AND ENTERTAINMENT', 0.05164194], ['TRAVEL', 0.05079502], ['EDUCATION', 0.04840326]]","[['SPORTS', 0.929915], ['PETS', 0.0690785], ['RELIGION AND SPIRITUALITY', 0.000760289], ['REAL ESTATE', 6.75121e-06], ['HOBBIES AND INTERESTS', 1.01733e-06]]",True,135,105,15:37:31.210216
the lemur near Gary disabled a woman in Gemma near an salmon with Nick on an owl on Nick on Nick with a gibbon with Gemma,"[['HEALTH AND FITNESS', 0.06679041], ['SCIENCE', 0.05482821], ['ARTS AND ENTERTAINMENT', 0.05033201], ['TRAVEL', 0.04977783], ['EDUCATION', 0.04792411]]","[['SPORTS', 0.98252], ['PETS', 0.0172994], ['RELIGION AND SPIRITUALITY', 2.17593e-05], ['FAMILY AND PARENTING', 4.13793e-06], ['REAL ESTATE', 9.79401e-07]]",True,136,106,15:37:36.740353
the lemur near Gary disabled a woman in Gemma near an salmon with Nick on an owl on Gemma on Nick with a gibbon with Gemma,"[['HEALTH AND FITNESS', 0.06679041], ['SCIENCE', 0.05482821], ['ARTS AND ENTERTAINMENT', 0.05033201], ['TRAVEL', 0.04977783], ['EDUCATION', 0.04792411]]","[['PETS', 0.992251], ['SPORTS', 0.00319893], ['RELIGION AND SPIRITUALITY', 0.00108189], ['FAMILY AND PARENTING', 9.48248e-05], ['HOBBIES AND INTERESTS', 7.05663e-05]]",True,137,107,15:37:42.453601
the lemur near Gary damaged a woman in Gemma near an salmon with Nick on an owl on Gemma on Nick with a gibbon with Gemma,"[['SCIENCE', 0.05501081], ['HEALTH AND FITNESS', 0.05294271], ['ARTS AND ENTERTAINMENT', 0.05150145], ['SOCIETY', 0.04998376], ['TRAVEL', 0.0498285]]","[['PETS', 0.988693], ['RELIGION AND SPIRITUALITY', 0.00530904], ['SPORTS', 0.00303612], ['SOCIETY', 6.36011e-05], ['HOBBIES AND INTERESTS', 3.25097e-05]]",True,138,108,15:37:48.464751
the lemur near Gary damaged a woman in Gemma near an salmon with Nick on an owl on Gemma on Nick with a gibbon inside Gemma,"[['SCIENCE', 0.05433958], ['ARTS AND ENTERTAINMENT', 0.05316869], ['HEALTH AND FITNESS', 0.05234929], ['TRAVEL', 0.052011], ['SOCIETY', 0.05044495]]","[['PETS', 0.979942], ['RELIGION AND SPIRITUALITY', 0.00925301], ['SPORTS', 0.00480354], ['SOCIETY', 8.80471e-05], ['HOBBIES AND INTERESTS', 5.43219e-05]]",True,139,109,15:37:53.998821
the woman near Gary damaged a woman in Gemma near an salmon with Nick on an owl on Gemma on Nick with a gibbon inside Gemma,"[['SCIENCE', 0.05373328], ['ARTS AND ENTERTAINMENT', 0.05315168], ['HEALTH AND FITNESS', 0.05250316], ['TRAVEL', 0.05199953], ['SOCIETY', 0.05043383]]","[['RELIGION AND SPIRITUALITY', 0.646192], ['SPORTS', 0.175412], ['SOCIETY', 0.00927875], ['HOBBIES AND INTERESTS', 0.00421884], ['REAL ESTATE', 0.00272513]]",True,140,110,15:37:59.523424
my woman near Gary damaged a woman in Gemma near an salmon with Nick on an owl on Gemma on Nick with a gibbon inside Gemma,"[['HEALTH AND FITNESS', 0.055201], ['TRAVEL', 0.05376316], ['SCIENCE', 0.052076], ['ARTS AND ENTERTAINMENT', 0.05187948], ['AUTOMOTIVE', 0.05153166]]","[['RELIGION AND SPIRITUALITY', 0.32119], ['SPORTS', 0.239105], ['HEALTH AND FITNESS', 0.161493], ['SOCIETY', 0.00745946], ['REAL ESTATE', 0.00378715]]",True,141,111,15:38:05.680293
my woman near Gary damaged a woman in Gemma near the salmon with Nick on an owl on Gemma on Nick with a gibbon inside Gemma,"[['HEALTH AND FITNESS', 0.055201], ['TRAVEL', 0.05376316], ['SCIENCE', 0.052076], ['ARTS AND ENTERTAINMENT', 0.05187948], ['AUTOMOTIVE', 0.05153166]]","[['SPORTS', 0.991261], ['RELIGION AND SPIRITUALITY', 0.0043303], ['HEALTH AND FITNESS', 0.000829744], ['SOCIETY', 7.034e-05], ['REAL ESTATE', 4.00044e-05]]",True,142,112,15:38:11.196134
my woman near Gary damaged a woman in Gemma near the salmon with Nick outside an owl on Gemma on Nick with a gibbon inside Gemma,"[['HEALTH AND FITNESS', 0.05690137], ['TRAVEL', 0.0568739], ['SCIENCE', 0.05120517], ['ARTS AND ENTERTAINMENT', 0.05118485], ['RELIGION AND SPIRITUALITY', 0.05108947]]","[['SPORTS', 0.995862], ['RELIGION AND SPIRITUALITY', 0.00257713], ['HEALTH AND FITNESS', 0.000443585], ['SOCIETY', 7.98049e-05], ['HOBBIES AND INTERESTS', 3.18052e-05]]",False,143,112,15:38:16.727457
my woman near Gary saw a woman in Gemma near the salmon with Nick on an owl on Gemma on Nick with a gibbon inside Gemma,"[['HEALTH AND FITNESS', 0.05705843], ['SCIENCE', 0.05281646], ['AUTOMOTIVE', 0.05278479], ['ARTS AND ENTERTAINMENT', 0.05270712], ['TRAVEL', 0.05270012]]","[['SPORTS', 0.97027], ['RELIGION AND SPIRITUALITY', 0.0105899], ['HEALTH AND FITNESS', 0.0049781], ['HOBBIES AND INTERESTS', 0.000155644], ['SOCIETY', 0.000149592]]",True,144,113,15:38:22.199096
my woman near Gary apprehended a woman in Gemma near the salmon with Nick on an owl on Gemma on Nick with a gibbon inside Gemma,"[['TRAVEL', 0.05481412], ['HEALTH AND FITNESS', 0.05478261], ['SCIENCE', 0.05231252], ['ARTS AND ENTERTAINMENT', 0.05202869], ['AUTOMOTIVE', 0.04999626]]","[['SPORTS', 0.937724], ['RELIGION AND SPIRITUALITY', 0.0521697], ['HEALTH AND FITNESS', 0.00177291], ['REAL ESTATE', 0.000270664], ['HOBBIES AND INTERESTS', 6.49874e-05]]",True,145,114,15:38:27.786136
my woman near Gary apprehended a woman in Gemma near the salmon with I on an owl on Gemma on Nick with a gibbon inside Gemma,"[['TRAVEL', 0.05491805], ['HEALTH AND FITNESS', 0.05360938], ['ARTS AND ENTERTAINMENT', 0.05299582], ['SCIENCE', 0.05255819], ['SPORTS', 0.05195337]]","[['SPORTS', 0.882989], ['RELIGION AND SPIRITUALITY', 0.106642], ['HOBBIES AND INTERESTS', 0.00121913], ['HEALTH AND FITNESS', 0.000630694], ['REAL ESTATE', 7.57366e-05]]",False,146,114,15:38:33.316327
my woman near Nick apprehended a woman in Gemma near the salmon with Nick on an owl on Gemma on Nick with a gibbon inside Gemma,"[['TRAVEL', 0.05521054], ['SCIENCE', 0.05272314], ['ARTS AND ENTERTAINMENT', 0.05179558], ['HEALTH AND FITNESS', 0.05173791], ['AUTOMOTIVE', 0.05171924]]","[['SPORTS', 0.933385], ['RELIGION AND SPIRITUALITY', 0.0529268], ['HEALTH AND FITNESS', 0.00199307], ['REAL ESTATE', 0.000279496], ['SOCIETY', 0.000165396]]",True,147,115,15:38:38.846446
my woman near Nick apprehended a woman in Gemma near the salmon with Nick on an owl on Gemma on Nick with a gibbon inside Nick,"[['TRAVEL', 0.05521054], ['SCIENCE', 0.05272314], ['ARTS AND ENTERTAINMENT', 0.05179558], ['HEALTH AND FITNESS', 0.05173791], ['AUTOMOTIVE', 0.05171924]]","[['SPORTS', 0.968171], ['RELIGION AND SPIRITUALITY', 0.0211486], ['HEALTH AND FITNESS', 0.0017362], ['REAL ESTATE', 0.000250355], ['HOBBIES AND INTERESTS', 0.000148185]]",True,148,116,15:38:44.387770
my woman near Nick apprehended a woman in Gemma near the salmon with Gary on an owl on Gemma on Nick with a gibbon inside Nick,"[['TRAVEL', 0.05481412], ['HEALTH AND FITNESS', 0.05478261], ['SCIENCE', 0.05231252], ['ARTS AND ENTERTAINMENT', 0.05202869], ['AUTOMOTIVE', 0.04999626]]","[['SPORTS', 0.9799], ['RELIGION AND SPIRITUALITY', 0.0181147], ['HEALTH AND FITNESS', 0.000507666], ['REAL ESTATE', 7.5216e-05], ['HOBBIES AND INTERESTS', 5.7116e-05]]",True,149,117,15:38:49.968895
my woman near Nick apprehended a woman in Gemma near the salmon with Gary on an park on Gemma on Nick with a gibbon inside Nick,"[['TRAVEL', 0.06305871], ['HEALTH AND FITNESS', 0.05616329], ['SPORTS', 0.05107201], ['AUTOMOTIVE', 0.05073787], ['ARTS AND ENTERTAINMENT', 0.05064582]]","[['SPORTS', 0.999137], ['RELIGION AND SPIRITUALITY', 0.000377958], ['HEALTH AND FITNESS', 0.000356683], ['REAL ESTATE', 6.40537e-05], ['HOBBIES AND INTERESTS', 1.61707e-05]]",False,150,117,15:38:56.049260
my woman near Nick apprehended a woman in Gemma near the salmon with Gary on an owl on Gemma inside Nick with a gibbon inside Nick,"[['TRAVEL', 0.05481412], ['HEALTH AND FITNESS', 0.05478261], ['SCIENCE', 0.05231252], ['ARTS AND ENTERTAINMENT', 0.05202869], ['AUTOMOTIVE', 0.04999626]]","[['SPORTS', 0.978593], ['RELIGION AND SPIRITUALITY', 0.0190458], ['HOBBIES AND INTERESTS', 0.000289916], ['HEALTH AND FITNESS', 0.000270206], ['REAL ESTATE', 0.000107846]]",True,151,118,15:39:02.305035
my woman near Nick apprehended a woman in Gemma near the salmon with Gary on an owl on Gemma inside Gary with a gibbon inside Nick,"[['TRAVEL', 0.05481412], ['HEALTH AND FITNESS', 0.05478261], ['SCIENCE', 0.05231252], ['ARTS AND ENTERTAINMENT', 0.05202869], ['AUTOMOTIVE', 0.04999626]]","[['SPORTS', 0.979095], ['RELIGION AND SPIRITUALITY', 0.0175102], ['HEALTH AND FITNESS', 0.000209859], ['HOBBIES AND INTERESTS', 0.000183775], ['REAL ESTATE', 9.30619e-05]]",True,152,119,15:39:08.030387
my woman near Nick apprehended a woman in I near the salmon with Gary on an owl on Gemma inside Gary with a gibbon inside Nick,"[['TRAVEL', 0.05513043], ['HEALTH AND FITNESS', 0.05380524], ['ARTS AND ENTERTAINMENT', 0.05265059], ['SCIENCE', 0.05243377], ['SPORTS', 0.05180032]]","[['SPORTS', 0.984113], ['RELIGION AND SPIRITUALITY', 0.01319], ['HEALTH AND FITNESS', 0.00015103], ['HOBBIES AND INTERESTS', 0.000111943], ['REAL ESTATE', 5.39045e-05]]",False,153,119,15:39:13.866824
my woman near Nick apprehended a woman in Gemma near the salmon with Gary on the owl on Gemma inside Gary with a gibbon inside Nick,"[['TRAVEL', 0.05481412], ['HEALTH AND FITNESS', 0.05478261], ['SCIENCE', 0.05231252], ['ARTS AND ENTERTAINMENT', 0.05202869], ['AUTOMOTIVE', 0.04999626]]","[['SPORTS', 0.996492], ['RELIGION AND SPIRITUALITY', 0.00291294], ['HEALTH AND FITNESS', 0.000222923], ['HOBBIES AND INTERESTS', 0.000184081], ['REAL ESTATE', 9.17367e-05]]",True,154,120,15:39:19.452621
my woman near Nick grabbed a woman in Gemma near the salmon with Gary on the owl on Gemma inside Gary with a gibbon inside Nick,"[['HEALTH AND FITNESS', 0.05567555], ['TRAVEL', 0.05441008], ['SCIENCE', 0.05234798], ['ARTS AND ENTERTAINMENT', 0.0513672], ['AUTOMOTIVE', 0.04987894]]","[['SPORTS', 0.924383], ['SOCIETY', 0.0722431], ['RELIGION AND SPIRITUALITY', 0.00283618], ['HEALTH AND FITNESS', 0.000221697], ['HOBBIES AND INTERESTS', 0.000182098]]",True,155,121,15:39:25.797198
my woman near Nick grabbed a woman in Gemma near the salmon with Gary on an owl on Gemma inside Gary with a gibbon inside Nick,"[['HEALTH AND FITNESS', 0.05567555], ['TRAVEL', 0.05441008], ['SCIENCE', 0.05234798], ['ARTS AND ENTERTAINMENT', 0.0513672], ['AUTOMOTIVE', 0.04987894]]","[['SPORTS', 0.932262], ['SOCIETY', 0.0633979], ['RELIGION AND SPIRITUALITY', 0.00285127], ['HEALTH AND FITNESS', 0.000214796], ['HOBBIES AND INTERESTS', 0.000186996]]",True,156,122,15:39:31.378330
my woman near Nick grabbed a owl in Gemma near the salmon with Gary on an owl on Gemma inside Gary with a gibbon inside Nick,"[['HEALTH AND FITNESS', 0.05567555], ['TRAVEL', 0.05441008], ['SCIENCE', 0.05234798], ['ARTS AND ENTERTAINMENT', 0.0513672], ['AUTOMOTIVE', 0.04987894]]","[['SPORTS', 0.99262], ['SOCIETY', 0.00485085], ['HOBBIES AND INTERESTS', 0.00112898], ['RELIGION AND SPIRITUALITY', 0.00085364], ['HEALTH AND FITNESS', 0.00015578]]",True,157,123,15:39:36.975149
my salmon near Nick grabbed a owl in Gemma near the salmon with Gary on an owl on Gemma inside Gary with a gibbon inside Nick,"[['TRAVEL', 0.05396517], ['HEALTH AND FITNESS', 0.05167574], ['ARTS AND ENTERTAINMENT', 0.05066775], ['FAMILY AND PARENTING', 0.05045921], ['AUTOMOTIVE', 0.05041929]]","[['SPORTS', 0.999864], ['SOCIETY', 0.000103161], ['HOBBIES AND INTERESTS', 1.47362e-05], ['RELIGION AND SPIRITUALITY', 1.18259e-05], ['PETS', 7.79903e-07]]",True,158,124,15:39:43.050334
my salmon near Nick grabbed a owl in Gemma near the salmon with Gary on an owl on Gemma inside Gary with a lemur inside Nick,"[['TRAVEL', 0.05399789], ['HEALTH AND FITNESS', 0.05154418], ['SCIENCE', 0.0508389], ['ARTS AND ENTERTAINMENT', 0.05051971], ['FAMILY AND PARENTING', 0.05048981]]","[['SPORTS', 0.999629], ['SOCIETY', 0.00030837], ['HOBBIES AND INTERESTS', 4.35288e-05], ['RELIGION AND SPIRITUALITY', 1.35456e-05], ['PETS', 2.22523e-06]]",True,159,125,15:39:48.893756
my salmon near Nick disabled a owl in Gemma near the salmon with Gary on an owl on Gemma inside Gary with a lemur inside Nick,"[['HEALTH AND FITNESS', 0.06450036], ['TRAVEL', 0.05332521], ['SCIENCE', 0.0504292], ['AUTOMOTIVE', 0.0501008], ['ARTS AND ENTERTAINMENT', 0.04988702]]","[['SPORTS', 0.999978], ['HOBBIES AND INTERESTS', 1.79543e-05], ['RELIGION AND SPIRITUALITY', 2.87053e-06], ['PETS', 4.6359e-07], ['FAMILY AND PARENTING', 1.87426e-07]]",True,160,126,15:39:54.418077
my salmon near Nick disabled the owl in Gemma near the salmon with Gary on an owl on Gemma inside Gary with a lemur inside Nick,"[['HEALTH AND FITNESS', 0.06450036], ['TRAVEL', 0.05332521], ['SCIENCE', 0.0504292], ['AUTOMOTIVE', 0.0501008], ['ARTS AND ENTERTAINMENT', 0.04988702]]","[['SPORTS', 0.999947], ['RELIGION AND SPIRITUALITY', 3.12241e-05], ['HOBBIES AND INTERESTS', 1.94514e-05], ['PETS', 5.2692e-07], ['FAMILY AND PARENTING', 1.99377e-07]]",True,161,127,15:39:59.946543
my salmon near Nick disabled the owl in Gemma near the lemur with Gary on an owl on Gemma inside Gary with a lemur inside Nick,"[['HEALTH AND FITNESS', 0.06450036], ['TRAVEL', 0.05332521], ['SCIENCE', 0.0504292], ['AUTOMOTIVE', 0.0501008], ['ARTS AND ENTERTAINMENT', 0.04988702]]","[['PETS', 1.0], ['RELIGION AND SPIRITUALITY', 1.14625e-10], ['HOBBIES AND INTERESTS', 7.14695e-11], ['SPORTS', 2.73879e-12], ['FAMILY AND PARENTING', 7.32051e-13]]",True,162,128,15:40:05.825273
my baboon near Nick disabled the owl in Gemma near the lemur with Gary on an owl on Gemma inside Gary with a lemur inside Nick,"[['HEALTH AND FITNESS', 0.06642441], ['TRAVEL', 0.05442331], ['ARTS AND ENTERTAINMENT', 0.05053082], ['AUTOMOTIVE', 0.04991062], ['SCIENCE', 0.04965713]]","[['PETS', 1.0], ['RELIGION AND SPIRITUALITY', 6.03111e-11], ['HOBBIES AND INTERESTS', 3.76071e-11], ['FAMILY AND PARENTING', 3.85183e-13], ['SPORTS', 1.35056e-13]]",True,163,129,15:40:11.628277
my baboon near Nick disabled the owl in Gemma near the lemur with Gary with an owl on Gemma inside Gary with a lemur inside Nick,"[['HEALTH AND FITNESS', 0.06642441], ['TRAVEL', 0.05442331], ['ARTS AND ENTERTAINMENT', 0.05053082], ['AUTOMOTIVE', 0.04991062], ['SCIENCE', 0.04965713]]","[['PETS', 1.0], ['RELIGION AND SPIRITUALITY', 6.39143e-11], ['HOBBIES AND INTERESTS', 4.47724e-11], ['FAMILY AND PARENTING', 6.09252e-13], ['SPORTS', 1.84095e-13]]",True,164,130,15:40:17.149464
my baboon near Nick disabled the owl in Gemma near the lemur with Gary with an owl on Gemma near Gary with a lemur inside Nick,"[['HEALTH AND FITNESS', 0.06642441], ['TRAVEL', 0.05442331], ['ARTS AND ENTERTAINMENT', 0.05053082], ['AUTOMOTIVE', 0.04991062], ['SCIENCE', 0.04965713]]","[['PETS', 1.0], ['RELIGION AND SPIRITUALITY', 4.93926e-11], ['HOBBIES AND INTERESTS', 5.90829e-12], ['FAMILY AND PARENTING', 4.35324e-13], ['SPORTS', 1.32563e-13]]",True,165,131,15:40:22.987347
my baboon near Nick disabled the owl in Gemma near a lemur with Gary with an owl on Gemma near Gary with a lemur inside Nick,"[['HEALTH AND FITNESS', 0.06642441], ['TRAVEL', 0.05442331], ['ARTS AND ENTERTAINMENT', 0.05053082], ['AUTOMOTIVE', 0.04991062], ['SCIENCE', 0.04965713]]","[['PETS', 0.999969], ['RELIGION AND SPIRITUALITY', 2.58604e-05], ['HOBBIES AND INTERESTS', 3.36783e-06], ['FAMILY AND PARENTING', 3.17621e-07], ['SPORTS', 7.15414e-08]]",True,166,132,15:40:28.823225
my baboon near Nick damaged the owl in Gemma near a lemur with Gary with an owl on Gemma near Gary with a lemur inside Nick,"[['TRAVEL', 0.05447498], ['HEALTH AND FITNESS', 0.05264899], ['AUTOMOTIVE', 0.05175862], ['ARTS AND ENTERTAINMENT', 0.05170134], ['SOCIETY', 0.04983462]]","[['PETS', 0.999968], ['RELIGION AND SPIRITUALITY', 2.58604e-05], ['HOBBIES AND INTERESTS', 4.46794e-06], ['TRAVEL', 2.01055e-07], ['SPORTS', 5.56709e-08]]",True,167,133,15:40:34.403914
my baboon near Nick damaged the owl in Gary near a lemur with Gary with an owl on Gemma near Gary with a lemur inside Nick,"[['TRAVEL', 0.05447498], ['HEALTH AND FITNESS', 0.05264899], ['AUTOMOTIVE', 0.05175862], ['ARTS AND ENTERTAINMENT', 0.05170134], ['SOCIETY', 0.04983462]]","[['PETS', 0.999954], ['RELIGION AND SPIRITUALITY', 3.06187e-05], ['HOBBIES AND INTERESTS', 1.19509e-05], ['TRAVEL', 5.83929e-07], ['SPORTS', 2.93664e-07]]",True,168,134,15:40:41.072935
my baboon near Nick damaged the owl in Gary near a lemur with Gary with an owl on Gemma near Gary with my lemur inside Nick,"[['TRAVEL', 0.05447498], ['HEALTH AND FITNESS', 0.05264899], ['AUTOMOTIVE', 0.05175862], ['ARTS AND ENTERTAINMENT', 0.05170134], ['SOCIETY', 0.04983462]]","[['PETS', 0.999883], ['RELIGION AND SPIRITUALITY', 0.000104466], ['HOBBIES AND INTERESTS', 9.97246e-06], ['TRAVEL', 2.03755e-07], ['SPORTS', 1.69609e-07]]",True,169,135,15:40:46.639984
my baboon near Nick disabled the owl in Gary near a lemur with Gary with an owl on Gemma near Gary with my lemur inside Nick,"[['HEALTH AND FITNESS', 0.06642441], ['TRAVEL', 0.05442331], ['ARTS AND ENTERTAINMENT', 0.05053082], ['AUTOMOTIVE', 0.04991062], ['SCIENCE', 0.04965713]]","[['PETS', 0.999886], ['RELIGION AND SPIRITUALITY', 0.000104467], ['HOBBIES AND INTERESTS', 7.5511e-06], ['FAMILY AND PARENTING', 5.73397e-07], ['SPORTS', 2.87258e-07]]",True,170,136,15:40:53.705813
my baboon near Nick saw the owl in Gary near a lemur with Gary with an owl on Gemma near Gary with my lemur inside Nick,"[['HEALTH AND FITNESS', 0.0544175], ['TRAVEL', 0.05339488], ['AUTOMOTIVE', 0.05301431], ['ARTS AND ENTERTAINMENT', 0.05252321], ['HOBBIES AND INTERESTS', 0.05119118]]","[['PETS', 0.999338], ['RELIGION AND SPIRITUALITY', 0.000637638], ['HOBBIES AND INTERESTS', 2.04008e-05], ['SPORTS', 4.52058e-07], ['LAW AND GOVERNMENT AND POLITICS', 1.98329e-07]]",True,171,137,15:40:59.125297
my baboon near Nick saw a owl in Gary near a lemur with Gary with an owl on Gemma near Gary with my lemur inside Nick,"[['HEALTH AND FITNESS', 0.0544175], ['TRAVEL', 0.05339488], ['AUTOMOTIVE', 0.05301431], ['ARTS AND ENTERTAINMENT', 0.05252321], ['HOBBIES AND INTERESTS', 0.05119118]]","[['PETS', 0.999902], ['RELIGION AND SPIRITUALITY', 7.2479e-05], ['HOBBIES AND INTERESTS', 2.11037e-05], ['SPORTS', 5.55537e-07], ['LAW AND GOVERNMENT AND POLITICS', 2.44459e-07]]",True,172,138,15:41:04.764841
my baboon near Nick saw an owl in Gary near a lemur with Gary with an owl on Gemma near Gary with my lemur inside Nick,"[['HEALTH AND FITNESS', 0.0544175], ['TRAVEL', 0.05339488], ['AUTOMOTIVE', 0.05301431], ['ARTS AND ENTERTAINMENT', 0.05252321], ['HOBBIES AND INTERESTS', 0.05119118]]","[['PETS', 0.705729], ['RELIGION AND SPIRITUALITY', 0.294257], ['HOBBIES AND INTERESTS', 1.09513e-05], ['SPORTS', 2.13155e-07], ['LAW AND GOVERNMENT AND POLITICS', 1.12175e-07]]",True,173,139,15:41:10.909386
my baboon near Nick saw an owl in Gary near an lemur with Gary with an owl on Gemma near Gary with my lemur inside Nick,"[['HEALTH AND FITNESS', 0.0544175], ['TRAVEL', 0.05339488], ['AUTOMOTIVE', 0.05301431], ['ARTS AND ENTERTAINMENT', 0.05252321], ['HOBBIES AND INTERESTS', 0.05119118]]","[['PETS', 0.686603], ['RELIGION AND SPIRITUALITY', 0.313377], ['HOBBIES AND INTERESTS', 1.60563e-05], ['SPORTS', 3.27583e-07], ['LAW AND GOVERNMENT AND POLITICS', 1.91157e-07]]",True,174,140,15:41:17.053888
my baboon near Gary saw an owl in Gary near an lemur with Gary with an owl on Gemma near Gary with my lemur inside Nick,"[['HEALTH AND FITNESS', 0.0544175], ['TRAVEL', 0.05339488], ['AUTOMOTIVE', 0.05301431], ['ARTS AND ENTERTAINMENT', 0.05252321], ['HOBBIES AND INTERESTS', 0.05119118]]","[['PETS', 0.680028], ['RELIGION AND SPIRITUALITY', 0.319946], ['HOBBIES AND INTERESTS', 1.59182e-05], ['SPORTS', 2.31677e-06], ['LAW AND GOVERNMENT AND POLITICS', 4.74082e-07]]",True,175,141,15:41:23.529028
my baboon near Gary saw an owl in Gary near an lemur inside Gary with an owl on Gemma near Gary with my lemur inside Nick,"[['HEALTH AND FITNESS', 0.0544175], ['TRAVEL', 0.05339488], ['AUTOMOTIVE', 0.05301431], ['ARTS AND ENTERTAINMENT', 0.05252321], ['HOBBIES AND INTERESTS', 0.05119118]]","[['RELIGION AND SPIRITUALITY', 0.999553], ['HOBBIES AND INTERESTS', 0.000223895], ['PETS', 0.000194464], ['SPORTS', 6.57666e-06], ['LAW AND GOVERNMENT AND POLITICS', 1.49375e-06]]",True,176,142,15:41:29.960991
my baboon near Gary damaged an owl in Gary near an lemur inside Gary with an owl on Gemma near Gary with my lemur inside Nick,"[['TRAVEL', 0.05447498], ['HEALTH AND FITNESS', 0.05264899], ['AUTOMOTIVE', 0.05175862], ['ARTS AND ENTERTAINMENT', 0.05170134], ['SOCIETY', 0.04983462]]","[['RELIGION AND SPIRITUALITY', 0.998887], ['HOBBIES AND INTERESTS', 0.000556427], ['PETS', 0.000477657], ['SPORTS', 1.28278e-05], ['TRAVEL', 4.2067e-06]]",True,177,143,15:41:35.485972
my baboon near Gary damaged an owl in Gary near an lemur with Gary with an owl on Gemma near Gary with my lemur inside Nick,"[['TRAVEL', 0.05447498], ['HEALTH AND FITNESS', 0.05264899], ['AUTOMOTIVE', 0.05175862], ['ARTS AND ENTERTAINMENT', 0.05170134], ['SOCIETY', 0.04983462]]","[['PETS', 0.836938], ['RELIGION AND SPIRITUALITY', 0.163028], ['HOBBIES AND INTERESTS', 1.98175e-05], ['SPORTS', 2.27438e-06], ['TRAVEL', 6.64237e-07]]",True,178,144,15:41:41.232868
my baboon near Gary chased an owl in Gary near an lemur with Gary with an owl on Gemma near Gary with my lemur inside Nick,"[['TRAVEL', 0.05467737], ['HEALTH AND FITNESS', 0.05231536], ['ARTS AND ENTERTAINMENT', 0.05218928], ['AUTOMOTIVE', 0.05038429], ['SCIENCE', 0.05013752]]","[['PETS', 0.836133], ['RELIGION AND SPIRITUALITY', 0.163715], ['REAL ESTATE', 0.000107927], ['SPORTS', 2.86818e-05], ['HOBBIES AND INTERESTS', 9.41858e-06]]",True,179,145,15:41:47.110836
my baboon near Gary chased an owl in Gary near the lemur with Gary with an owl on Gemma near Gary with my lemur inside Nick,"[['TRAVEL', 0.05467737], ['HEALTH AND FITNESS', 0.05231536], ['ARTS AND ENTERTAINMENT', 0.05218928], ['AUTOMOTIVE', 0.05038429], ['SCIENCE', 0.05013752]]","[['PETS', 0.999999], ['RELIGION AND SPIRITUALITY', 1.12591e-06], ['REAL ESTATE', 6.04347e-10], ['SPORTS', 1.51323e-10], ['HOBBIES AND INTERESTS', 4.75179e-11]]",True,180,146,15:41:53.647103
my baboon near Gary damaged an owl in Gary near the lemur with Gary with an owl on Gemma near Gary with my lemur inside Nick,"[['TRAVEL', 0.05447498], ['HEALTH AND FITNESS', 0.05264899], ['AUTOMOTIVE', 0.05175862], ['ARTS AND ENTERTAINMENT', 0.05170134], ['SOCIETY', 0.04983462]]","[['PETS', 0.999999], ['RELIGION AND SPIRITUALITY', 1.03349e-06], ['HOBBIES AND INTERESTS', 9.32274e-11], ['SPORTS', 1.04901e-11], ['TRAVEL', 4.28446e-12]]",True,181,147,15:41:59.344898
my baboon near Gary damaged an owl in Gary near the lemur with Gary with an owl on Gemma in Gary with my lemur inside Nick,"[['TRAVEL', 0.05447498], ['HEALTH AND FITNESS', 0.05264899], ['AUTOMOTIVE', 0.05175862], ['ARTS AND ENTERTAINMENT', 0.05170134], ['SOCIETY', 0.04983462]]","[['PETS', 0.999999], ['RELIGION AND SPIRITUALITY', 6.93178e-07], ['HOBBIES AND INTERESTS', 4.21649e-11], ['SPORTS', 2.64584e-12], ['TRAVEL', 1.32261e-12]]",True,182,148,15:42:05.028417
my baboon near Gary damaged an owl in Gary near the lemur with Gary with an owl on Gemma in Gary with my lemur inside Gary,"[['TRAVEL', 0.05462991], ['HEALTH AND FITNESS', 0.05255683], ['AUTOMOTIVE', 0.05162996], ['SOCIETY', 0.05076395], ['SPORTS', 0.04991695]]","[['PETS', 0.999999], ['RELIGION AND SPIRITUALITY', 1.46305e-06], ['HOBBIES AND INTERESTS', 1.21249e-10], ['SPORTS', 2.43387e-11], ['TRAVEL', 1.16666e-11]]",False,183,148,15:42:10.753972
my baboon near Gary damaged an owl in Gary near an lemur with Gary with an owl on Gemma in Gary with my lemur inside Nick,"[['TRAVEL', 0.05447498], ['HEALTH AND FITNESS', 0.05264899], ['AUTOMOTIVE', 0.05175862], ['ARTS AND ENTERTAINMENT', 0.05170134], ['SOCIETY', 0.04983462]]","[['PETS', 0.833163], ['RELIGION AND SPIRITUALITY', 0.166816], ['HOBBIES AND INTERESTS', 1.40152e-05], ['SPORTS', 8.54518e-07], ['HOME AND GARDEN', 3.8783e-07]]",True,184,149,15:42:16.680805
my baboon near Gary damaged an owl in Gary near an park with Gary with an owl on Gemma in Gary with my lemur inside Nick,"[['TRAVEL', 0.06410884], ['HEALTH AND FITNESS', 0.05391094], ['AUTOMOTIVE', 0.05209057], ['ARTS AND ENTERTAINMENT', 0.05151777], ['SPORTS', 0.0514396]]","[['RELIGION AND SPIRITUALITY', 0.999732], ['HOBBIES AND INTERESTS', 0.000182254], ['SPORTS', 1.32649e-05], ['HOME AND GARDEN', 4.67544e-06], ['TRAVEL', 3.99688e-06]]",False,185,149,15:42:22.180731
my baboon near Gary damaged an owl outside Gary near an lemur with Gary with an owl on Gemma in Gary with my lemur inside Nick,"[['TRAVEL', 0.05765413], ['HEALTH AND FITNESS', 0.05429638], ['SPORTS', 0.05126381], ['ARTS AND ENTERTAINMENT', 0.05103319], ['AUTOMOTIVE', 0.05049378]]","[['PETS', 0.830653], ['RELIGION AND SPIRITUALITY', 0.16934], ['SPORTS', 7.7418e-07], ['HOBBIES AND INTERESTS', 7.66835e-07], ['HOME AND GARDEN', 2.9684e-07]]",True,186,150,15:42:27.710176
my baboon near Gary damaged an owl on Gary near an lemur with Gary with an owl on Gemma in Gary with my lemur inside Nick,"[['TRAVEL', 0.05447498], ['HEALTH AND FITNESS', 0.05264899], ['AUTOMOTIVE', 0.05175862], ['ARTS AND ENTERTAINMENT', 0.05170134], ['SOCIETY', 0.04983462]]","[['PETS', 0.832507], ['RELIGION AND SPIRITUALITY', 0.167486], ['SPORTS', 8.55437e-07], ['HOBBIES AND INTERESTS', 8.14543e-07], ['HOME AND GARDEN', 3.67747e-07]]",True,187,151,15:42:33.918893
my baboon near Gary damaged an owl on I near an lemur with Gary with an owl on Gemma in Gary with my lemur inside Nick,"[['TRAVEL', 0.05466967], ['ARTS AND ENTERTAINMENT', 0.05266288], ['SPORTS', 0.05232232], ['AUTOMOTIVE', 0.05220089], ['HOBBIES AND INTERESTS', 0.05173183]]","[['PETS', 0.820819], ['RELIGION AND SPIRITUALITY', 0.179179], ['SPORTS', 2.44948e-07], ['HOBBIES AND INTERESTS', 2.07183e-07], ['CAREERS', 6.45432e-08]]",False,188,151,15:42:40.292392
my baboon near Gary damaged an woman on Gary near an lemur with Gary with an owl on Gemma in Gary with my lemur inside Nick,"[['HEALTH AND FITNESS', 0.05670795], ['TRAVEL', 0.05490843], ['ARTS AND ENTERTAINMENT', 0.05240011], ['SCIENCE', 0.05191254], ['AUTOMOTIVE', 0.05118931]]","[['PETS', 0.999972], ['RELIGION AND SPIRITUALITY', 1.78821e-05], ['SPORTS', 1.2883e-06], ['HOBBIES AND INTERESTS', 6.85136e-07], ['STYLE AND FASHION', 3.91775e-07]]",True,189,152,15:42:46.449210
my baboon near Gary damaged an woman on Gary near an lemur with Gary with an lemur on Gemma in Gary with my lemur inside Nick,"[['HEALTH AND FITNESS', 0.05675787], ['TRAVEL', 0.05375885], ['SCIENCE', 0.05207933], ['AUTOMOTIVE', 0.05160084], ['ARTS AND ENTERTAINMENT', 0.05117252]]","[['PETS', 1.0], ['SPORTS', 3.95289e-09], ['TRAVEL', 3.73618e-09], ['STYLE AND FASHION', 1.23116e-09], ['RELIGION AND SPIRITUALITY', 9.84539e-10]]",True,190,153,15:42:53.207197
my baboon near Gary damaged my woman on Gary near an lemur with Gary with an lemur on Gemma in Gary with my lemur inside Nick,"[['HEALTH AND FITNESS', 0.05675787], ['TRAVEL', 0.05375885], ['SCIENCE', 0.05207933], ['AUTOMOTIVE', 0.05160084], ['ARTS AND ENTERTAINMENT', 0.05117252]]","[['PETS', 0.999999], ['HEALTH AND FITNESS', 7.09976e-07], ['SPORTS', 4.67612e-09], ['TRAVEL', 1.35185e-09], ['STYLE AND FASHION', 1.33708e-09]]",False,191,153,15:42:58.876594
my baboon near Gary chased an woman on Gary near an lemur with Gary with an lemur on Gemma in Gary with my lemur inside Nick,"[['HEALTH AND FITNESS', 0.05640463], ['TRAVEL', 0.05396471], ['SCIENCE', 0.05241816], ['ARTS AND ENTERTAINMENT', 0.05166135], ['AUTOMOTIVE', 0.05023641]]","[['PETS', 1.0], ['REAL ESTATE', 4.47546e-07], ['SPORTS', 1.62468e-08], ['SCIENCE', 1.48838e-08], ['LAW AND GOVERNMENT AND POLITICS', 1.13247e-09]]",True,192,154,15:43:04.881576
my baboon near Gary chased an river on Gary near an lemur with Gary with an lemur on Gemma in Gary with my lemur inside Nick,"[['TRAVEL', 0.06116419], ['SPORTS', 0.05318819], ['HEALTH AND FITNESS', 0.0509297], ['ARTS AND ENTERTAINMENT', 0.05016536], ['AUTOMOTIVE', 0.04981402]]","[['PETS', 1.0], ['REAL ESTATE', 1.99555e-07], ['SPORTS', 5.40644e-09], ['SCIENCE', 1.21163e-09], ['TRAVEL', 7.3063e-10]]",False,193,154,15:43:11.319468
my baboon near Gary chased an woman on Gary near an lemur with Gary with an lemur on Gemma in I with my lemur inside Nick,"[['HEALTH AND FITNESS', 0.05695752], ['TRAVEL', 0.05351803], ['SCIENCE', 0.05278749], ['ARTS AND ENTERTAINMENT', 0.05265705], ['SPORTS', 0.05102451]]","[['PETS', 1.0], ['REAL ESTATE', 9.16821e-08], ['SCIENCE', 4.1619e-09], ['SPORTS', 3.61824e-09], ['LAW AND GOVERNMENT AND POLITICS', 2.17214e-10]]",False,194,154,15:43:17.569582
my baboon near Gary chased an woman on Gary near an lemur with Gary with an baboon on Gemma in Gary with my lemur inside Nick,"[['HEALTH AND FITNESS', 0.05640463], ['TRAVEL', 0.05396471], ['SCIENCE', 0.05241816], ['ARTS AND ENTERTAINMENT', 0.05166135], ['AUTOMOTIVE', 0.05023641]]","[['PETS', 0.999959], ['REAL ESTATE', 3.72042e-05], ['SPORTS', 1.28848e-06], ['SCIENCE', 1.17891e-06], ['LAW AND GOVERNMENT AND POLITICS', 8.64847e-08]]",True,195,155,15:43:23.627306
my baboon near Gary chased an woman on Gary near an lemur with Gary with an baboon on Gemma in Gary with my lemur outside Nick,"[['HEALTH AND FITNESS', 0.05878549], ['TRAVEL', 0.05467704], ['RELIGION AND SPIRITUALITY', 0.05462551], ['SCIENCE', 0.05216438], ['ARTS AND ENTERTAINMENT', 0.04935821]]","[['PETS', 0.999985], ['REAL ESTATE', 1.35459e-05], ['SPORTS', 7.31753e-07], ['SCIENCE', 5.12537e-07], ['LAW AND GOVERNMENT AND POLITICS', 2.10011e-08]]",True,196,156,15:43:29.703856
my baboon near Gary chased an woman on Gary near an lemur with I with an baboon on Gemma in Gary with my lemur outside Nick,"[['HEALTH AND FITNESS', 0.05757253], ['RELIGION AND SPIRITUALITY', 0.05509349], ['TRAVEL', 0.05491581], ['SCIENCE', 0.05245125], ['SPORTS', 0.05063241]]","[['PETS', 0.999994], ['REAL ESTATE', 3.0569e-06], ['HOBBIES AND INTERESTS', 2.5414e-06], ['SPORTS', 1.82188e-07], ['SCIENCE', 1.59172e-07]]",False,197,156,15:43:36.215897
my baboon near Gary saw an woman on Gary near an lemur with Gary with an baboon on Gemma in Gary with my lemur outside Nick,"[['HEALTH AND FITNESS', 0.0611531], ['TRAVEL', 0.05339935], ['SCIENCE', 0.05257186], ['RELIGION AND SPIRITUALITY', 0.05239882], ['EDUCATION', 0.05053395]]","[['PETS', 0.999999], ['SPORTS', 8.63521e-08], ['LAW AND GOVERNMENT AND POLITICS', 4.98239e-08], ['SCIENCE', 2.67897e-08], ['RELIGION AND SPIRITUALITY', 2.49402e-08]]",False,198,156,15:43:41.866162
