Steve ran I,"[['SPORTS', 0.05502866], ['HOBBIES AND INTERESTS', 0.05312039], ['TECHNOLOGY AND COMPUTING', 0.05140062], ['TRAVEL', 0.04901017], ['HOME AND GARDEN', 0.04845515]]","[['HOBBIES & INTERESTS', 0.08], ['SCRAPBOOKING', 0.05]]",True,1,1,11:16:15.955166
I caught Steve with Mark on Elise outside I,"[['SPORTS', 0.07040466], ['FOOD AND DRINK', 0.05085136], ['TECHNOLOGY AND COMPUTING', 0.05000096], ['RELIGION AND SPIRITUALITY', 0.04953278], ['AUTOMOTIVE', 0.04879165]]","[['HOBBIES & INTERESTS', 0.08], ['SPORTS', 0.06], ['BIRDWATCHING', 0.05], ['FLY FISHING', 0.04]]",True,2,2,11:16:17.511836
Mark captured an man in Elise outside Mark by Elise near Steve,"[['SPORTS', 0.05657847], ['HEALTH AND FITNESS', 0.05469861], ['RELIGION AND SPIRITUALITY', 0.05159793], ['TRAVEL', 0.05010336], ['SOCIETY', 0.04973719]]","[['PROFANE CONTENT', 0.23], ['HOBBIES & INTERESTS', 0.07], ['SPORTS', 0.06], ['NON-STANDARD CONTENT', 0.06], ['CIGARS', 0.05]]",True,3,3,11:16:19.037754
Elise went my fish in Elise outside Mark,"[['PETS', 0.05908534], ['RELIGION AND SPIRITUALITY', 0.05792738], ['SPORTS', 0.05404975], ['AUTOMOTIVE', 0.0530854], ['FOOD AND DRINK', 0.05247369]]","[['AQUARIUMS', 0.79], ['PETS', 0.1]]",False,4,3,11:16:20.560121
a giraffe caught Elise with a hedgehog,"[['SPORTS', 0.05206109], ['FOOD AND DRINK', 0.05092006], ['HOME AND GARDEN', 0.04825283], ['ARTS AND ENTERTAINMENT', 0.04816958], ['REAL ESTATE', 0.04800296]]","[['HOBBIES & INTERESTS', 0.07], ['BIRDWATCHING', 0.05]]",True,5,4,11:16:22.088409
I viewed Mark near a monkey in Steve,"[['SPORTS', 0.05868574], ['HOBBIES AND INTERESTS', 0.05332436], ['AUTOMOTIVE', 0.05035148], ['HOME AND GARDEN', 0.04893166], ['TECHNOLOGY AND COMPUTING', 0.04892706]]","[['HOBBIES & INTERESTS', 0.07], ['SPORTS', 0.07], ['BIRDWATCHING', 0.05], ['BODYBUILDING', 0.04]]",True,6,5,11:16:23.621513
Elise ran a binoculars near Mark,"[['TRAVEL', 0.050994], ['SOCIETY', 0.05079506], ['HOBBIES AND INTERESTS', 0.05023977], ['EDUCATION', 0.04965468], ['REAL ESTATE', 0.0490763]]","[['HOBBIES & INTERESTS', 0.07], ['SPORTS', 0.06], ['BIRDWATCHING', 0.05], ['WATERSKI/WAKEBOARD', 0.04]]",True,7,6,11:16:25.351387
I injured I by Elise with Steve with Elise,"[['SPORTS', 0.05690405], ['HOBBIES AND INTERESTS', 0.05060084], ['TECHNOLOGY AND COMPUTING', 0.0502785], ['HEALTH AND FITNESS', 0.04989945], ['FOOD AND DRINK', 0.04877095]]","[['HOBBIES & INTERESTS', 0.07], ['BIRDWATCHING', 0.05]]",True,8,7,11:16:26.954827
Elise viewed the fish in Elise,"[['PETS', 0.0553691], ['FOOD AND DRINK', 0.05269643], ['SPORTS', 0.05252337], ['RELIGION AND SPIRITUALITY', 0.05080187], ['ARTS AND ENTERTAINMENT', 0.04862995]]","[['AQUARIUMS', 0.76], ['PETS', 0.1]]",False,9,7,11:16:28.534572
an giraffe by Steve viewed my giraffe,"[['AUTOMOTIVE', 0.05215307], ['SPORTS', 0.05164654], ['HEALTH AND FITNESS', 0.05158065], ['HOBBIES AND INTERESTS', 0.05018679], ['TRAVEL', 0.04947585]]","[['HOBBIES & INTERESTS', 0.07], ['BIRDWATCHING', 0.05]]",True,10,8,11:16:30.074700
I went Elise on a lawn in a monkey with my giraffe,"[['HOME AND GARDEN', 0.05996914], ['AUTOMOTIVE', 0.05227635], ['TRAVEL', 0.05226092], ['HEALTH AND FITNESS', 0.05196051], ['ARTS AND ENTERTAINMENT', 0.04892802]]","[['LANDSCAPING', 0.25], ['HOME & GARDEN', 0.07], ['HOBBIES & INTERESTS', 0.07], ['BIRDWATCHING', 0.05]]",True,11,9,11:16:31.627062
I captured I by my hedgehog with Steve,"[['HEALTH AND FITNESS', 0.05382043], ['TECHNOLOGY AND COMPUTING', 0.05355367], ['SPORTS', 0.05279835], ['HOBBIES AND INTERESTS', 0.05266343], ['AUTOMOTIVE', 0.0523073]]","[['HOBBIES & INTERESTS', 0.08], ['BIRDWATCHING', 0.05]]",True,12,10,11:16:33.159768
Steve wounded Mark by the lawn on I on Elise near Steve,"[['HOME AND GARDEN', 0.05943609], ['SPORTS', 0.05325769], ['HOBBIES AND INTERESTS', 0.05138605], ['HEALTH AND FITNESS', 0.04991111], ['SOCIETY', 0.04902411]]","[['LANDSCAPING', 0.23], ['HOBBIES & INTERESTS', 0.08], ['HOME & GARDEN', 0.06], ['BIRDWATCHING', 0.05]]",True,13,11,11:16:34.713642
my fish by my squirrel with Mark caught an lawn outside Elise,"[['PETS', 0.05703059], ['SPORTS', 0.05665454], ['RELIGION AND SPIRITUALITY', 0.05513931], ['HOME AND GARDEN', 0.05356196], ['FOOD AND DRINK', 0.05241537]]","[['AQUARIUMS', 0.59], ['PETS', 0.16]]",False,14,11,11:16:36.208910
Mark captured Mark on an lawn,"[['HOME AND GARDEN', 0.05670651], ['LAW GOVERNMENT AND POLITICS', 0.05025836], ['SOCIETY', 0.04968136], ['REAL ESTATE', 0.04938986], ['HOBBIES AND INTERESTS', 0.04928438]]","[['LANDSCAPING', 0.24], ['HOME & GARDEN', 0.08], ['SPORTS', 0.07], ['WATERSKI/WAKEBOARD', 0.04]]",True,15,12,11:16:38.073524
I captured Elise,"[['TECHNOLOGY AND COMPUTING', 0.05320481], ['HOBBIES AND INTERESTS', 0.05118671], ['SPORTS', 0.04920007], ['FOOD AND DRINK', 0.04865816], ['HOME AND GARDEN', 0.04848198]]","[['HOBBIES & INTERESTS', 0.07], ['BIRDWATCHING', 0.05]]",True,16,13,11:16:39.626547
Elise viewed Elise with a hedgehog near I in Elise with I,"[['HOME AND GARDEN', 0.05048859], ['SCIENCE', 0.05035298], ['HOBBIES AND INTERESTS', 0.05007439], ['FOOD AND DRINK', 0.04981377], ['TECHNOLOGY AND COMPUTING', 0.04968287]]","[['HOBBIES & INTERESTS', 0.07], ['BIRDWATCHING', 0.05]]",True,17,14,11:16:41.153536
Elise went Elise in Mark,"[['AUTOMOTIVE', 0.05263122], ['ARTS AND ENTERTAINMENT', 0.05063916], ['SOCIETY', 0.04979969], ['REAL ESTATE', 0.04896024], ['SPORTS', 0.04879559]]","[['HOBBIES & INTERESTS', 0.07], ['SPORTS', 0.06], ['BIRDWATCHING', 0.05], ['WATERSKI/WAKEBOARD', 0.05]]",True,18,15,11:16:42.677962
Elise injured the man,"[['HEALTH AND FITNESS', 0.05112523], ['ARTS AND ENTERTAINMENT', 0.05090074], ['SCIENCE', 0.05027231], ['SOCIETY', 0.04979041], ['SPORTS', 0.04955866]]","[['PROFANE CONTENT', 0.23], ['NON-STANDARD CONTENT', 0.07], ['HOBBIES & INTERESTS', 0.06], ['SPORTS', 0.06], ['BIRDWATCHING', 0.05]]",True,19,16,11:16:44.214190
Elise injured Mark near I,"[['SPORTS', 0.05186704], ['HOBBIES AND INTERESTS', 0.05186574], ['TECHNOLOGY AND COMPUTING', 0.04958207], ['ARTS AND ENTERTAINMENT', 0.0490295], ['SOCIETY', 0.04864004]]","[['OFF-ROAD VEHICLES', 0.11], ['HOBBIES & INTERESTS', 0.07], ['SPORTS', 0.07], ['AUTOMOTIVE', 0.06], ['BIRDWATCHING', 0.05]]",True,20,17,11:16:45.747237
a monkey outside Elise wounded Mark on Elise with Mark,"[['SPORTS', 0.05362747], ['RELIGION AND SPIRITUALITY', 0.05241035], ['BUSINESS', 0.05122636], ['REAL ESTATE', 0.04880213], ['PETS', 0.04844324]]","[['HOBBIES & INTERESTS', 0.07], ['SPORTS', 0.06], ['BIRDWATCHING', 0.05], ['FLY FISHING', 0.04]]",True,21,18,11:16:47.462756
a hedgehog with I went a lawn,"[['HOME AND GARDEN', 0.05934179], ['ARTS AND ENTERTAINMENT', 0.05131123], ['FOOD AND DRINK', 0.04915975], ['HEALTH AND FITNESS', 0.04912659], ['AUTOMOTIVE', 0.04902251]]","[['LANDSCAPING', 0.37], ['HOME & GARDEN', 0.12]]",True,22,19,11:16:49.592197
Elise went I,"[['ARTS AND ENTERTAINMENT', 0.05148921], ['AUTOMOTIVE', 0.05109578], ['TECHNOLOGY AND COMPUTING', 0.05073241], ['FOOD AND DRINK', 0.04967633], ['SPORTS', 0.04957498]]","[['HOBBIES & INTERESTS', 0.07], ['BIRDWATCHING', 0.05]]",True,23,20,11:16:51.267566
I ran Steve,"[['SPORTS', 0.05493891], ['HOBBIES AND INTERESTS', 0.05280095], ['TECHNOLOGY AND COMPUTING', 0.05218017], ['TRAVEL', 0.05030759], ['HOME AND GARDEN', 0.04836468]]","[['HOBBIES & INTERESTS', 0.08], ['SCRAPBOOKING', 0.05]]",True,24,21,11:16:53.113306
Elise ran the squirrel,"[['HOBBIES AND INTERESTS', 0.04940889], ['TRAVEL', 0.04887779], ['EDUCATION', 0.04865553], ['REAL ESTATE', 0.04865262], ['ARTS AND ENTERTAINMENT', 0.04853006]]","[['HOBBIES & INTERESTS', 0.08], ['BIRDWATCHING', 0.05]]",True,25,22,11:16:54.649746
I injured Mark outside Elise,"[['SPORTS', 0.05562049], ['RELIGION AND SPIRITUALITY', 0.05358086], ['FOOD AND DRINK', 0.04963158], ['TECHNOLOGY AND COMPUTING', 0.04944201], ['HOBBIES AND INTERESTS', 0.04937435]]","[['OFF-ROAD VEHICLES', 0.11], ['HOBBIES & INTERESTS', 0.07], ['SPORTS', 0.07], ['AUTOMOTIVE', 0.06], ['BIRDWATCHING', 0.05]]",True,26,23,11:16:56.213161
I caught my lawn,"[['HOME AND GARDEN', 0.06353093], ['TRAVEL', 0.05226123], ['SPORTS', 0.05088148], ['TECHNOLOGY AND COMPUTING', 0.05003802], ['FOOD AND DRINK', 0.0492526]]","[['LANDSCAPING', 0.28], ['HOME & GARDEN', 0.1]]",True,27,24,11:16:57.825526
my man caught a fish outside Elise on my hedgehog by I by Mark,"[['SPORTS', 0.0670059], ['RELIGION AND SPIRITUALITY', 0.05681427], ['FOOD AND DRINK', 0.05553224], ['PETS', 0.05548597], ['TRAVEL', 0.05013395]]","[['AQUARIUMS', 0.58], ['PETS', 0.15]]",False,28,24,11:16:59.911611
a monkey near Steve injured Mark,"[['SPORTS', 0.05558088], ['HEALTH AND FITNESS', 0.05020582], ['HOBBIES AND INTERESTS', 0.04994341], ['SOCIETY', 0.04930534], ['FAMILY AND PARENTING', 0.04856628]]","[['OFF-ROAD VEHICLES', 0.1], ['HOBBIES & INTERESTS', 0.07], ['SPORTS', 0.07], ['AUTOMOTIVE', 0.06], ['BIRDWATCHING', 0.05]]",True,29,25,11:17:01.561322
Steve viewed Elise with the binoculars,"[['SPORTS', 0.05392131], ['SCIENCE', 0.0496735], ['AUTOMOTIVE', 0.04895805], ['SOCIETY', 0.04865874], ['HEALTH AND FITNESS', 0.04841435]]","[['HOBBIES & INTERESTS', 0.07], ['BIRDWATCHING', 0.05]]",True,30,26,11:17:03.249473
Mark captured my man on the lawn with I,"[['HOME AND GARDEN', 0.05703963], ['HOBBIES AND INTERESTS', 0.05429697], ['HEALTH AND FITNESS', 0.0527431], ['TECHNOLOGY AND COMPUTING', 0.05096811], ['RELIGION AND SPIRITUALITY', 0.05046851]]","[['GARDENING', 0.24], ['HOME & GARDEN', 0.09]]",True,31,27,11:17:04.810243
Elise wounded my fish,"[['PETS', 0.05839987], ['RELIGION AND SPIRITUALITY', 0.05222244], ['FOOD AND DRINK', 0.05194815], ['SPORTS', 0.05147706], ['AUTOMOTIVE', 0.04958129]]","[['AQUARIUMS', 0.73], ['PETS', 0.17]]",False,32,27,11:17:06.284762
Elise injured my lawn by Mark near a lawn,"[['HOME AND GARDEN', 0.05880121], ['HEALTH AND FITNESS', 0.05179033], ['SOCIETY', 0.0512281], ['TRAVEL', 0.04941132], ['RELIGION AND SPIRITUALITY', 0.04918011]]","[['LANDSCAPING', 0.31], ['HOME & GARDEN', 0.1]]",True,33,28,11:17:07.880390
Steve viewed I,"[['SPORTS', 0.05693344], ['HOBBIES AND INTERESTS', 0.05120113], ['HOME AND GARDEN', 0.04996371], ['TECHNOLOGY AND COMPUTING', 0.04966743], ['AUTOMOTIVE', 0.04917824]]","[['HOBBIES & INTERESTS', 0.08], ['BIRDWATCHING', 0.05]]",True,34,29,11:17:09.810986
Elise viewed I in I in the monkey,"[['SPORTS', 0.0529809], ['HOBBIES AND INTERESTS', 0.05182813], ['TECHNOLOGY AND COMPUTING', 0.05001012], ['HOME AND GARDEN', 0.04982913], ['STYLE AND FASHION', 0.04895403]]","[['HOBBIES & INTERESTS', 0.07], ['BIRDWATCHING', 0.05]]",True,35,30,11:17:11.576373
Elise ran I by Elise,"[['HOBBIES AND INTERESTS', 0.05232839], ['TECHNOLOGY AND COMPUTING', 0.051664], ['TRAVEL', 0.04965605], ['SPORTS', 0.04904363], ['FOOD AND DRINK', 0.04895191]]","[['HOBBIES & INTERESTS', 0.07], ['BIRDWATCHING', 0.05]]",True,36,31,11:17:13.088660
I injured an monkey on Mark with Mark outside my giraffe with I,"[['RELIGION AND SPIRITUALITY', 0.05483739], ['SPORTS', 0.05424129], ['HOBBIES AND INTERESTS', 0.05210447], ['TRAVEL', 0.05173031], ['HEALTH AND FITNESS', 0.05105358]]","[['SPORTS', 0.07], ['HOBBIES & INTERESTS', 0.06], ['BIRDWATCHING', 0.05], ['WATERSKI/WAKEBOARD', 0.04]]",True,37,32,11:17:14.619960
Steve caught I,"[['SPORTS', 0.06244698], ['FOOD AND DRINK', 0.05099566], ['TECHNOLOGY AND COMPUTING', 0.05072216], ['HOBBIES AND INTERESTS', 0.04981039], ['HOME AND GARDEN', 0.04962752]]","[['HOBBIES & INTERESTS', 0.09], ['BIRDWATCHING', 0.05]]",True,38,33,11:17:16.212407
a man near I injured Elise,"[['SCIENCE', 0.05247965], ['ARTS AND ENTERTAINMENT', 0.05124539], ['SPORTS', 0.05121493], ['HOBBIES AND INTERESTS', 0.0509269], ['HEALTH AND FITNESS', 0.05045831]]","[['PROFANE CONTENT', 0.23], ['NON-STANDARD CONTENT', 0.07], ['HOBBIES & INTERESTS', 0.06], ['SPORTS', 0.06], ['BIRDWATCHING', 0.05]]",True,39,34,11:17:17.693766
Mark injured Steve near an man outside Elise,"[['SPORTS', 0.05855004], ['HEALTH AND FITNESS', 0.05463216], ['RELIGION AND SPIRITUALITY', 0.05189945], ['SOCIETY', 0.04982566], ['SCIENCE', 0.04947351]]","[['PROFANE CONTENT', 0.24], ['SPORTS', 0.07], ['HOBBIES & INTERESTS', 0.07], ['NON-STANDARD CONTENT', 0.06], ['CIGARS', 0.05]]",True,40,35,11:17:19.219693
a lawn went I outside Elise,"[['HOME AND GARDEN', 0.05670498], ['RELIGION AND SPIRITUALITY', 0.05236707], ['TRAVEL', 0.05176941], ['HEALTH AND FITNESS', 0.05042933], ['ARTS AND ENTERTAINMENT', 0.05006924]]","[['LANDSCAPING', 0.37], ['HOME & GARDEN', 0.09]]",True,41,36,11:17:20.708269
an fish by a binoculars went my fish outside an fish with my giraffe,"[['PETS', 0.05707379], ['RELIGION AND SPIRITUALITY', 0.056985], ['TRAVEL', 0.05342552], ['SPORTS', 0.05314657], ['FOOD AND DRINK', 0.05232125]]","[['AQUARIUMS', 0.84], ['PETS', 0.45]]",False,42,36,11:17:21.990213
Steve went I on Steve,"[['SPORTS', 0.05562448], ['AUTOMOTIVE', 0.05129135], ['TECHNOLOGY AND COMPUTING', 0.05047345], ['HEALTH AND FITNESS', 0.04991296], ['ARTS AND ENTERTAINMENT', 0.04986684]]","[['HOBBIES & INTERESTS', 0.08], ['SCRAPBOOKING', 0.05]]",True,43,37,11:17:23.539262
a giraffe in Steve wounded Steve outside I,"[['SPORTS', 0.06034001], ['RELIGION AND SPIRITUALITY', 0.05100105], ['HEALTH AND FITNESS', 0.05086711], ['TECHNOLOGY AND COMPUTING', 0.04967501], ['TRAVEL', 0.04918668]]","[['HOBBIES & INTERESTS', 0.09], ['SCRAPBOOKING', 0.05]]",True,44,38,11:17:25.033602
Steve caught I in I,"[['SPORTS', 0.06416076], ['FOOD AND DRINK', 0.05086926], ['HOBBIES AND INTERESTS', 0.05081779], ['TECHNOLOGY AND COMPUTING', 0.05048822], ['HOME AND GARDEN', 0.04946231]]","[['HOBBIES & INTERESTS', 0.09], ['BIRDWATCHING', 0.05]]",True,45,39,11:17:26.563679
I ran Steve with the lawn,"[['HOME AND GARDEN', 0.06041577], ['HOBBIES AND INTERESTS', 0.05184655], ['TRAVEL', 0.05168058], ['TECHNOLOGY AND COMPUTING', 0.05071766], ['SPORTS', 0.05000976]]","[['LANDSCAPING', 0.29], ['HOME & GARDEN', 0.1]]",True,46,40,11:17:28.138704
a lawn injured Elise by an fish on the hedgehog,"[['HOME AND GARDEN', 0.05629394], ['PETS', 0.05562344], ['FOOD AND DRINK', 0.05200167], ['RELIGION AND SPIRITUALITY', 0.0498573], ['REAL ESTATE', 0.04862806]]","[['AQUARIUMS', 0.6], ['PETS', 0.13]]",False,47,40,11:17:29.671362
Steve captured Mark by my giraffe near Elise,"[['HEALTH AND FITNESS', 0.05340955], ['AUTOMOTIVE', 0.05326526], ['HOBBIES AND INTERESTS', 0.05242505], ['SPORTS', 0.05130187], ['SOCIETY', 0.04924745]]","[['HOBBIES & INTERESTS', 0.07], ['SPORTS', 0.06], ['BIRDWATCHING', 0.05], ['WATERSKI/WAKEBOARD', 0.04]]",True,48,41,11:17:31.135931
Elise wounded the hedgehog near Steve,"[['SPORTS', 0.05232725], ['HEALTH AND FITNESS', 0.05036828], ['SCIENCE', 0.04955661], ['SOCIETY', 0.04895556], ['EDUCATION', 0.04814465]]","[['HOBBIES & INTERESTS', 0.08], ['BIRDWATCHING', 0.05]]",True,49,42,11:17:32.912047
Steve went an squirrel near Steve on a monkey by Steve,"[['SPORTS', 0.05262077], ['HEALTH AND FITNESS', 0.05154908], ['TRAVEL', 0.0498237], ['AUTOMOTIVE', 0.04959925], ['SCIENCE', 0.04928493]]","[['HOBBIES & INTERESTS', 0.08], ['SCRAPBOOKING', 0.05]]",True,50,43,11:17:34.626751
the giraffe near my lawn injured the fish in Elise,"[['HOME AND GARDEN', 0.0585281], ['PETS', 0.05519325], ['TRAVEL', 0.05213384], ['RELIGION AND SPIRITUALITY', 0.05163402], ['FOOD AND DRINK', 0.04990537]]","[['AQUARIUMS', 0.6], ['PETS', 0.14]]",False,51,43,11:17:36.159298
Steve caught Steve in Steve,"[['SPORTS', 0.05810507], ['FOOD AND DRINK', 0.04929293], ['FAMILY AND PARENTING', 0.04901309], ['HOME AND GARDEN', 0.04811161], ['REAL ESTATE', 0.04766365]]","[['HOBBIES & INTERESTS', 0.09], ['SCRAPBOOKING', 0.05]]",True,52,44,11:17:37.658184
I injured I,"[['SPORTS', 0.05129744], ['TECHNOLOGY AND COMPUTING', 0.05039165], ['HOBBIES AND INTERESTS', 0.05031699], ['FOOD AND DRINK', 0.04937176], ['ARTS AND ENTERTAINMENT', 0.04890269]]","[['OFF-ROAD VEHICLES', 0.1], ['HOBBIES & INTERESTS', 0.07], ['AUTOMOTIVE', 0.07], ['SPORTS', 0.06], ['BIRDWATCHING', 0.05]]",True,53,45,11:17:39.276232
a binoculars injured I in Elise near Steve near Elise,"[['SPORTS', 0.05604135], ['SCIENCE', 0.05115755], ['HEALTH AND FITNESS', 0.04991469], ['HOBBIES AND INTERESTS', 0.04980629], ['TECHNOLOGY AND COMPUTING', 0.04932062]]","[['HOBBIES & INTERESTS', 0.07], ['BIRDWATCHING', 0.05]]",True,54,46,11:17:41.374372
my monkey ran a fish near an hedgehog near Steve with the lawn in Elise,"[['HOME AND GARDEN', 0.05771191], ['PETS', 0.05508034], ['TRAVEL', 0.05389216], ['FOOD AND DRINK', 0.04907086], ['SPORTS', 0.04901912]]","[['AQUARIUMS', 0.56], ['PETS', 0.11]]",False,55,46,11:17:43.045486
the squirrel near Elise injured a binoculars outside I,"[['SPORTS', 0.05338376], ['RELIGION AND SPIRITUALITY', 0.05197325], ['TRAVEL', 0.05140127], ['SCIENCE', 0.05019095], ['HEALTH AND FITNESS', 0.04986887]]","[['HOBBIES & INTERESTS', 0.07], ['BIRDWATCHING', 0.05]]",True,56,47,11:17:44.719665
Elise ran the lawn outside an monkey with Elise in an giraffe,"[['HOME AND GARDEN', 0.05676074], ['TRAVEL', 0.05626618], ['REAL ESTATE', 0.0499392], ['RELIGION AND SPIRITUALITY', 0.04956249], ['HEALTH AND FITNESS', 0.04909176]]","[['LANDSCAPING', 0.25], ['HOBBIES & INTERESTS', 0.07], ['HOME & GARDEN', 0.06], ['BIRDWATCHING', 0.05]]",True,57,48,11:17:46.259627
my giraffe in Steve captured Mark near Mark,"[['HEALTH AND FITNESS', 0.05347714], ['AUTOMOTIVE', 0.05286089], ['HOBBIES AND INTERESTS', 0.05270005], ['SPORTS', 0.05099096], ['TRAVEL', 0.0495029]]","[['SPORTS', 0.07], ['HOBBIES & INTERESTS', 0.07], ['CIGARS', 0.05], ['WATERSKI/WAKEBOARD', 0.04]]",True,58,49,11:17:47.797033
Steve viewed Elise,"[['SPORTS', 0.05323246], ['AUTOMOTIVE', 0.04913517], ['HEALTH AND FITNESS', 0.0487992], ['SOCIETY', 0.04845095], ['HOME AND GARDEN', 0.04830353]]","[['HOBBIES & INTERESTS', 0.08], ['BIRDWATCHING', 0.05]]",True,59,50,11:17:49.649114
Steve went Elise by an hedgehog,"[['SPORTS', 0.05184378], ['AUTOMOTIVE', 0.05127411], ['HEALTH AND FITNESS', 0.05051969], ['ARTS AND ENTERTAINMENT', 0.04928077], ['BUSINESS', 0.04861147]]","[['HOBBIES & INTERESTS', 0.08], ['BIRDWATCHING', 0.05]]",True,60,51,11:17:51.174529
I captured Mark,"[['HOBBIES AND INTERESTS', 0.0532212], ['TECHNOLOGY AND COMPUTING', 0.05271044], ['SPORTS', 0.05177153], ['AUTOMOTIVE', 0.04996485], ['RELIGION AND SPIRITUALITY', 0.04912244]]","[['SPORTS', 0.07], ['HOBBIES & INTERESTS', 0.07], ['BIRDWATCHING', 0.05], ['WATERSKI/WAKEBOARD', 0.04]]",True,61,52,11:17:52.819499
my monkey by Steve went an giraffe in my giraffe with Elise,"[['AUTOMOTIVE', 0.0542783], ['HEALTH AND FITNESS', 0.0534014], ['SPORTS', 0.0510113], ['TRAVEL', 0.0497639], ['SOCIETY', 0.0479465]]","[['HOBBIES & INTERESTS', 0.07], ['BIRDWATCHING', 0.05]]",True,62,53,11:17:54.553590
Elise went my lawn on Elise,"[['HOME AND GARDEN', 0.05871822], ['HEALTH AND FITNESS', 0.05172811], ['AUTOMOTIVE', 0.05145963], ['TRAVEL', 0.05012948], ['SOCIETY', 0.04966725]]","[['LANDSCAPING', 0.37], ['HOBBIES & INTERESTS', 0.07], ['HOME & GARDEN', 0.07], ['BIRDWATCHING', 0.05]]",True,63,54,11:17:56.273419
Mark captured my lawn in Mark by Steve with Steve,"[['HOME AND GARDEN', 0.05871284], ['HEALTH AND FITNESS', 0.05339488], ['AUTOMOTIVE', 0.05136096], ['HOBBIES AND INTERESTS', 0.05090512], ['SOCIETY', 0.04901051]]","[['LANDSCAPING', 0.23], ['HOBBIES & INTERESTS', 0.07], ['SPORTS', 0.07], ['HOME & GARDEN', 0.06], ['BIRDWATCHING', 0.05]]",True,64,55,11:17:57.932937
Steve caught Mark,"[['SPORTS', 0.0612986], ['AUTOMOTIVE', 0.04904079], ['FOOD AND DRINK', 0.04887123], ['FAMILY AND PARENTING', 0.04878332], ['HOBBIES AND INTERESTS', 0.04862779]]","[['HOBBIES & INTERESTS', 0.08], ['SPORTS', 0.07], ['BIRDWATCHING', 0.05], ['FLY FISHING', 0.04]]",True,65,56,11:17:59.474829
Mark captured Steve with I,"[['SPORTS', 0.05802597], ['HOBBIES AND INTERESTS', 0.05373136], ['TECHNOLOGY AND COMPUTING', 0.05256637], ['AUTOMOTIVE', 0.05091225], ['HEALTH AND FITNESS', 0.04925094]]","[['HOBBIES & INTERESTS', 0.07], ['SPORTS', 0.07], ['BIRDWATCHING', 0.05], ['WATERSKI/WAKEBOARD', 0.04]]",True,66,57,11:18:01.005174
I caught I in the giraffe,"[['SPORTS', 0.05837286], ['FOOD AND DRINK', 0.05134997], ['TECHNOLOGY AND COMPUTING', 0.05106047], ['HOBBIES AND INTERESTS', 0.04964122], ['HOME AND GARDEN', 0.04944479]]","[['LARGE ANIMALS', 0.2], ['HOBBIES & INTERESTS', 0.08], ['PETS', 0.07], ['BIRDWATCHING', 0.05]]",True,67,58,11:18:02.541749
Steve captured my giraffe with Mark,"[['AUTOMOTIVE', 0.05358087], ['HEALTH AND FITNESS', 0.05304654], ['HOBBIES AND INTERESTS', 0.05269346], ['SPORTS', 0.05245318], ['PETS', 0.04946889]]","[['HOBBIES & INTERESTS', 0.07], ['SPORTS', 0.06], ['BIRDWATCHING', 0.05], ['WATERSKI/WAKEBOARD', 0.04]]",True,68,59,11:18:04.112262
Elise caught Steve,"[['SPORTS', 0.05827707], ['FOOD AND DRINK', 0.04938343], ['FAMILY AND PARENTING', 0.04874885], ['HOME AND GARDEN', 0.0480086], ['ARTS AND ENTERTAINMENT', 0.04770731]]","[['HOBBIES & INTERESTS', 0.08], ['BIRDWATCHING', 0.05]]",True,69,60,11:18:05.622269
my binoculars by Elise ran an giraffe outside a giraffe with Mark,"[['TRAVEL', 0.05410077], ['RELIGION AND SPIRITUALITY', 0.05379869], ['AUTOMOTIVE', 0.05132348], ['PETS', 0.05038161], ['HOBBIES AND INTERESTS', 0.04972499]]","[['HOBBIES & INTERESTS', 0.07], ['BIRDWATCHING', 0.05]]",True,70,61,11:18:07.185806
Elise injured Elise outside Steve,"[['SPORTS', 0.05572598], ['HEALTH AND FITNESS', 0.05256118], ['RELIGION AND SPIRITUALITY', 0.05048055], ['BUSINESS', 0.04913301], ['REAL ESTATE', 0.04823063]]","[['HOBBIES & INTERESTS', 0.07], ['BIRDWATCHING', 0.05]]",True,71,62,11:18:08.687756
the lawn went Steve by Mark in Elise,"[['HOME AND GARDEN', 0.05506637], ['HEALTH AND FITNESS', 0.05116533], ['AUTOMOTIVE', 0.0505816], ['SOCIETY', 0.05028139], ['SPORTS', 0.04962488]]","[['LANDSCAPING', 0.27], ['HOME & GARDEN', 0.07], ['HOBBIES & INTERESTS', 0.07], ['BIRDWATCHING', 0.05]]",True,72,63,11:18:10.228708
Elise wounded the binoculars,"[['SCIENCE', 0.04952602], ['SPORTS', 0.04905439], ['ARTS AND ENTERTAINMENT', 0.04861488], ['SOCIETY', 0.04847774], ['REAL ESTATE', 0.04791275]]","[['HOBBIES & INTERESTS', 0.08], ['BIRDWATCHING', 0.05]]",True,73,64,11:18:11.737138
Steve ran Steve by an fish,"[['SPORTS', 0.05697285], ['PETS', 0.05500122], ['FOOD AND DRINK', 0.051299], ['HOBBIES AND INTERESTS', 0.04871605], ['TRAVEL', 0.04821768]]","[['AQUARIUMS', 0.63], ['PETS', 0.19]]",False,74,64,11:18:13.450491
Steve wounded a monkey on Steve,"[['SPORTS', 0.05518804], ['HEALTH AND FITNESS', 0.04985132], ['BUSINESS', 0.04908891], ['FAMILY AND PARENTING', 0.04848179], ['HOBBIES AND INTERESTS', 0.04817198]]","[['HOBBIES & INTERESTS', 0.08], ['BIRDWATCHING', 0.05]]",True,75,65,11:18:15.230299
my squirrel in Elise ran Elise,"[['AUTOMOTIVE', 0.05086473], ['TRAVEL', 0.05054218], ['HOBBIES AND INTERESTS', 0.05052058], ['HEALTH AND FITNESS', 0.04961449], ['EDUCATION', 0.04899686]]","[['HOBBIES & INTERESTS', 0.08], ['BIRDWATCHING', 0.05]]",True,76,66,11:18:16.727748
an monkey outside my monkey outside the squirrel in the fish injured Mark on Elise outside Steve,"[['SPORTS', 0.06383365], ['PETS', 0.05756338], ['RELIGION AND SPIRITUALITY', 0.05560974], ['HEALTH AND FITNESS', 0.05160826], ['FOOD AND DRINK', 0.05026031]]","[['AQUARIUMS', 0.44], ['PETS', 0.1]]",False,77,66,11:18:18.205996
I injured I,"[['SPORTS', 0.05129744], ['TECHNOLOGY AND COMPUTING', 0.05039165], ['HOBBIES AND INTERESTS', 0.05031699], ['FOOD AND DRINK', 0.04937176], ['ARTS AND ENTERTAINMENT', 0.04890269]]","[['OFF-ROAD VEHICLES', 0.1], ['HOBBIES & INTERESTS', 0.07], ['AUTOMOTIVE', 0.07], ['SPORTS', 0.06], ['BIRDWATCHING', 0.05]]",True,77,66,11:18:19.771466
an binoculars in my hedgehog viewed I,"[['AUTOMOTIVE', 0.05188917], ['HOBBIES AND INTERESTS', 0.05060015], ['HOME AND GARDEN', 0.05036664], ['TRAVEL', 0.05017022], ['TECHNOLOGY AND COMPUTING', 0.05009509]]","[['HOBBIES & INTERESTS', 0.07], ['BIRDWATCHING', 0.05]]",True,78,67,11:18:21.189045
Elise wounded Steve near the fish near the giraffe,"[['SPORTS', 0.0579869], ['PETS', 0.05397704], ['FOOD AND DRINK', 0.05107848], ['RELIGION AND SPIRITUALITY', 0.04892835], ['SCIENCE', 0.0484068]]","[['AQUARIUMS', 0.6], ['PETS', 0.14]]",False,79,67,11:18:22.795305
Mark went I near Elise by I,"[['AUTOMOTIVE', 0.05235711], ['ARTS AND ENTERTAINMENT', 0.05103835], ['SPORTS', 0.05043188], ['TECHNOLOGY AND COMPUTING', 0.04982418], ['SOCIETY', 0.04934105]]","[['HOBBIES & INTERESTS', 0.07], ['SPORTS', 0.06], ['BIRDWATCHING', 0.05], ['WATERSKI/WAKEBOARD', 0.04]]",True,80,68,11:18:24.163574
Mark ran Mark on I outside Steve,"[['SPORTS', 0.05948808], ['HOBBIES AND INTERESTS', 0.05237872], ['RELIGION AND SPIRITUALITY', 0.05114417], ['TECHNOLOGY AND COMPUTING', 0.05061359], ['TRAVEL', 0.04999373]]","[['SPORTS', 0.08], ['HOBBIES & INTERESTS', 0.07], ['CIGARS', 0.05], ['WATERSKI/WAKEBOARD', 0.04]]",True,81,69,11:18:25.490245
a monkey on an monkey by I went Elise,"[['ARTS AND ENTERTAINMENT', 0.05127375], ['AUTOMOTIVE', 0.05124996], ['SPORTS', 0.05063245], ['FOOD AND DRINK', 0.04935089], ['SCIENCE', 0.04858264]]","[['HOBBIES & INTERESTS', 0.07], ['BIRDWATCHING', 0.05]]",True,82,70,11:18:26.816944
I ran the monkey on Steve,"[['SPORTS', 0.05578622], ['HOBBIES AND INTERESTS', 0.05313766], ['TECHNOLOGY AND COMPUTING', 0.05247185], ['TRAVEL', 0.0514548], ['STYLE AND FASHION', 0.04939001]]","[['HOBBIES & INTERESTS', 0.08], ['BIRDWATCHING', 0.05]]",True,83,71,11:18:28.518824
Mark injured I,"[['SPORTS', 0.05367954], ['HOBBIES AND INTERESTS', 0.05207975], ['TECHNOLOGY AND COMPUTING', 0.05000267], ['ARTS AND ENTERTAINMENT', 0.04904074], ['FOOD AND DRINK', 0.04900569]]","[['OFF-ROAD VEHICLES', 0.1], ['SPORTS', 0.08], ['AUTOMOTIVE', 0.07], ['WATERSKI/WAKEBOARD', 0.04]]",True,84,72,11:18:30.225125
Elise ran Elise,"[['TRAVEL', 0.04944931], ['HOBBIES AND INTERESTS', 0.04932141], ['REAL ESTATE', 0.04876718], ['EDUCATION', 0.04867671], ['SOCIETY', 0.04848628]]","[['HOBBIES & INTERESTS', 0.07], ['BIRDWATCHING', 0.05]]",True,85,73,11:18:31.691319
Elise caught Mark on my monkey in I outside Steve,"[['SPORTS', 0.06820756], ['AUTOMOTIVE', 0.05118731], ['RELIGION AND SPIRITUALITY', 0.05103808], ['HOBBIES AND INTERESTS', 0.05023442], ['FOOD AND DRINK', 0.05007386]]","[['HOBBIES & INTERESTS', 0.07], ['BIRDWATCHING', 0.05]]",True,86,74,11:18:33.136889
an fish on Elise viewed Steve in a monkey,"[['SPORTS', 0.05953913], ['PETS', 0.05391914], ['FOOD AND DRINK', 0.05123774], ['RELIGION AND SPIRITUALITY', 0.04867626], ['STYLE AND FASHION', 0.04730183]]","[['AQUARIUMS', 0.62], ['PETS', 0.13]]",False,87,74,11:18:34.525608
Mark injured Elise with Elise,"[['SPORTS', 0.05016322], ['SOCIETY', 0.04898177], ['PETS', 0.04892298], ['HOBBIES AND INTERESTS', 0.04886229], ['ARTS AND ENTERTAINMENT', 0.04867408]]","[['HOBBIES & INTERESTS', 0.07], ['SPORTS', 0.06], ['BIRDWATCHING', 0.05], ['WATERSKI/WAKEBOARD', 0.04]]",True,88,75,11:18:35.926933
Elise wounded Steve near an monkey near the monkey with Elise,"[['SPORTS', 0.05335479], ['HEALTH AND FITNESS', 0.05031009], ['SCIENCE', 0.04985623], ['SOCIETY', 0.04878122], ['BUSINESS', 0.04818627]]","[['HOBBIES & INTERESTS', 0.08], ['BIRDWATCHING', 0.05]]",True,89,76,11:18:37.264762
a binoculars captured Steve on Mark,"[['SPORTS', 0.05509192], ['AUTOMOTIVE', 0.04993141], ['HOBBIES AND INTERESTS', 0.04990616], ['HEALTH AND FITNESS', 0.04976007], ['TECHNOLOGY AND COMPUTING', 0.04854108]]","[['HOBBIES & INTERESTS', 0.07], ['SPORTS', 0.06], ['BIRDWATCHING', 0.05], ['WATERSKI/WAKEBOARD', 0.04]]",True,90,77,11:18:38.554578
Mark went Mark on Steve in the squirrel with Mark,"[['SPORTS', 0.05575644], ['AUTOMOTIVE', 0.0527649], ['HEALTH AND FITNESS', 0.05059813], ['ARTS AND ENTERTAINMENT', 0.04958555], ['BUSINESS', 0.04891469]]","[['SPORTS', 0.07], ['HOBBIES & INTERESTS', 0.07], ['CIGARS', 0.05], ['WATERSKI/WAKEBOARD', 0.04]]",True,91,78,11:18:39.811973
Elise injured Steve,"[['SPORTS', 0.05349129], ['HEALTH AND FITNESS', 0.05097558], ['CAREERS', 0.04849924], ['FAMILY AND PARENTING', 0.04799316], ['SOCIETY', 0.04773409]]","[['HOBBIES & INTERESTS', 0.08], ['BIRDWATCHING', 0.05]]",True,92,79,11:18:41.121390
a giraffe captured Mark on Elise,"[['HOBBIES AND INTERESTS', 0.05078172], ['AUTOMOTIVE', 0.04983347], ['TECHNOLOGY AND COMPUTING', 0.04917758], ['SOCIETY', 0.04866513], ['RELIGION AND SPIRITUALITY', 0.04855278]]","[['HOBBIES & INTERESTS', 0.07], ['SPORTS', 0.06], ['BIRDWATCHING', 0.05], ['WATERSKI/WAKEBOARD', 0.04]]",True,93,80,11:18:42.453389
Mark caught Mark,"[['SPORTS', 0.05496293], ['FOOD AND DRINK', 0.04961045], ['LAW GOVERNMENT AND POLITICS', 0.04901199], ['SOCIETY', 0.04864979], ['AUTOMOTIVE', 0.04850026]]","[['SPORTS', 0.08], ['HOBBIES & INTERESTS', 0.07], ['BIRDWATCHING', 0.05], ['FLY FISHING', 0.04]]",True,94,81,11:18:43.762854
a fish went an binoculars with I with Elise outside my binoculars,"[['RELIGION AND SPIRITUALITY', 0.05728464], ['SPORTS', 0.05546265], ['PETS', 0.05536921], ['FOOD AND DRINK', 0.05471668], ['TRAVEL', 0.0521341]]","[['AQUARIUMS', 0.56], ['PETS', 0.11]]",False,95,81,11:18:45.126088
a monkey with Elise ran the lawn by Mark in my binoculars with an monkey,"[['HOME AND GARDEN', 0.05691917], ['TRAVEL', 0.05242752], ['HOBBIES AND INTERESTS', 0.05076305], ['SOCIETY', 0.04990787], ['AUTOMOTIVE', 0.04949204]]","[['LANDSCAPING', 0.23], ['HOBBIES & INTERESTS', 0.07], ['HOME & GARDEN', 0.06], ['BIRDWATCHING', 0.05]]",True,96,82,11:18:46.439404
Mark went my binoculars near I,"[['AUTOMOTIVE', 0.05533659], ['TRAVEL', 0.05134265], ['RELIGION AND SPIRITUALITY', 0.05004981], ['HOBBIES AND INTERESTS', 0.0500184], ['TECHNOLOGY AND COMPUTING', 0.04971703]]","[['HOBBIES & INTERESTS', 0.07], ['SPORTS', 0.06], ['BIRDWATCHING', 0.05], ['WATERSKI/WAKEBOARD', 0.04]]",True,97,83,11:18:48.012217
my binoculars on Mark went Mark by Mark on Elise with the man,"[['AUTOMOTIVE', 0.05512612], ['HEALTH AND FITNESS', 0.05197113], ['ARTS AND ENTERTAINMENT', 0.05169155], ['SOCIETY', 0.05146504], ['RELIGION AND SPIRITUALITY', 0.05110034]]","[['PROFANE CONTENT', 0.22], ['SPORTS', 0.07], ['HOBBIES & INTERESTS', 0.06], ['NON-STANDARD CONTENT', 0.06], ['CIGARS', 0.05]]",True,98,84,11:18:49.345199
my squirrel viewed my man on Mark in I on I on Mark,"[['SPORTS', 0.05605071], ['HOBBIES AND INTERESTS', 0.05568884], ['AUTOMOTIVE', 0.05250674], ['ARTS AND ENTERTAINMENT', 0.05126201], ['RELIGION AND SPIRITUALITY', 0.05042943]]","[['PROFANE CONTENT', 0.23], ['SPORTS', 0.08], ['NON-STANDARD CONTENT', 0.06], ['HOBBIES & INTERESTS', 0.06], ['CIGARS', 0.05]]",True,99,85,11:18:50.648031
I captured Steve,"[['SPORTS', 0.05519556], ['TECHNOLOGY AND COMPUTING', 0.05292531], ['HOBBIES AND INTERESTS', 0.05195331], ['HEALTH AND FITNESS', 0.04988867], ['HOME AND GARDEN', 0.04872655]]","[['HOBBIES & INTERESTS', 0.08], ['BIRDWATCHING', 0.05]]",True,100,86,11:18:52.363395
an monkey went an squirrel,"[['BUSINESS', 0.05023969], ['AUTOMOTIVE', 0.04969832], ['HEALTH AND FITNESS', 0.04889217], ['ARTS AND ENTERTAINMENT', 0.0488774], ['TRAVEL', 0.04859452]]","[['HOBBIES & INTERESTS', 0.08], ['BIRDWATCHING', 0.05]]",True,101,87,11:18:53.862864
the hedgehog outside Elise went an binoculars outside I,"[['SPORTS', 0.0522608], ['RELIGION AND SPIRITUALITY', 0.05206839], ['FOOD AND DRINK', 0.05092673], ['ARTS AND ENTERTAINMENT', 0.05071192], ['TRAVEL', 0.05046819]]","[['HOBBIES & INTERESTS', 0.07], ['BIRDWATCHING', 0.05]]",True,102,88,11:18:55.510999
Steve viewed my hedgehog in I near the hedgehog,"[['SPORTS', 0.0531499], ['AUTOMOTIVE', 0.05196382], ['HOBBIES AND INTERESTS', 0.05195763], ['HOME AND GARDEN', 0.05126515], ['TRAVEL', 0.05074338]]","[['REMODELING & CONSTRUCTION', 0.18], ['HOBBIES & INTERESTS', 0.07], ['HOME & GARDEN', 0.06], ['BIRDWATCHING', 0.05]]",True,103,89,11:18:57.249775
Elise wounded I,"[['SPORTS', 0.05153221], ['TECHNOLOGY AND COMPUTING', 0.0505433], ['HOBBIES AND INTERESTS', 0.05001585], ['ARTS AND ENTERTAINMENT', 0.04969274], ['FOOD AND DRINK', 0.04922842]]","[['HOBBIES & INTERESTS', 0.08], ['BIRDWATCHING', 0.05]]",True,104,90,11:18:58.816522
Mark injured a man on an squirrel,"[['SPORTS', 0.05310107], ['ARTS AND ENTERTAINMENT', 0.0510085], ['HEALTH AND FITNESS', 0.05096468], ['SOCIETY', 0.05014277], ['HOBBIES AND INTERESTS', 0.04998844]]","[['PROFANE CONTENT', 0.24], ['SPORTS', 0.07], ['HOBBIES & INTERESTS', 0.07], ['NON-STANDARD CONTENT', 0.06], ['CIGARS', 0.05]]",True,105,91,11:19:00.154461
a man wounded my man,"[['HEALTH AND FITNESS', 0.05265326], ['AUTOMOTIVE', 0.0500692], ['RELIGION AND SPIRITUALITY', 0.04984128], ['TRAVEL', 0.04953124], ['ARTS AND ENTERTAINMENT', 0.04952928]]","[['PROFANE CONTENT', 0.25], ['NON-STANDARD CONTENT', 0.11]]",True,106,92,11:19:01.527438
Elise injured my giraffe on Mark,"[['AUTOMOTIVE', 0.05181982], ['HOBBIES AND INTERESTS', 0.05079356], ['HEALTH AND FITNESS', 0.05073649], ['RELIGION AND SPIRITUALITY', 0.05044697], ['PETS', 0.05035948]]","[['OFF-ROAD VEHICLES', 0.11], ['HOBBIES & INTERESTS', 0.07], ['SPORTS', 0.06], ['AUTOMOTIVE', 0.05], ['BIRDWATCHING', 0.05]]",True,107,93,11:19:02.812463
a binoculars by Mark caught Steve,"[['SPORTS', 0.06208916], ['FAMILY AND PARENTING', 0.04920788], ['AUTOMOTIVE', 0.0488619], ['FOOD AND DRINK', 0.04874848], ['SOCIETY', 0.04827004]]","[['HOBBIES & INTERESTS', 0.08], ['SPORTS', 0.06], ['BIRDWATCHING', 0.05], ['FLY FISHING', 0.04]]",True,108,94,11:19:04.426056
Steve wounded I,"[['SPORTS', 0.05780109], ['HOBBIES AND INTERESTS', 0.05075542], ['TECHNOLOGY AND COMPUTING', 0.05026837], ['HEALTH AND FITNESS', 0.04909237], ['HOME AND GARDEN', 0.04884464]]","[['HOBBIES & INTERESTS', 0.09], ['BIRDWATCHING', 0.05]]",True,109,95,11:19:05.687086
I went a binoculars,"[['ARTS AND ENTERTAINMENT', 0.05216769], ['AUTOMOTIVE', 0.05149437], ['SCIENCE', 0.04989283], ['FOOD AND DRINK', 0.04975832], ['SPORTS', 0.04971646]]","[['HOBBIES & INTERESTS', 0.07], ['BIRDWATCHING', 0.05]]",True,110,96,11:19:07.022849
Elise wounded my giraffe outside Steve,"[['HEALTH AND FITNESS', 0.05477599], ['SPORTS', 0.05431597], ['RELIGION AND SPIRITUALITY', 0.05235202], ['AUTOMOTIVE', 0.05053896], ['TRAVEL', 0.04991439]]","[['HOBBIES & INTERESTS', 0.08], ['BIRDWATCHING', 0.05]]",True,111,97,11:19:08.615515
Steve caught Mark near Steve on Mark in an monkey in the hedgehog on Steve on the monkey on Mark,"[['SPORTS', 0.06029979], ['SOCIETY', 0.04903274], ['FAMILY AND PARENTING', 0.04890765], ['HOBBIES AND INTERESTS', 0.04860269], ['FOOD AND DRINK', 0.04856963]]","[['HOBBIES & INTERESTS', 0.07], ['SPORTS', 0.06], ['BIRDWATCHING', 0.05], ['WALKING', 0.04]]",True,112,98,11:19:10.055533
the hedgehog by Steve caught Elise outside Mark,"[['SPORTS', 0.06323917], ['FOOD AND DRINK', 0.05036199], ['RELIGION AND SPIRITUALITY', 0.04922419], ['PETS', 0.0490727], ['BUSINESS', 0.04903084]]","[['HOBBIES & INTERESTS', 0.08], ['BIRDWATCHING', 0.05]]",True,113,99,11:19:11.629256
the monkey captured Steve in Steve outside a giraffe with an binoculars in I,"[['SPORTS', 0.05877656], ['TECHNOLOGY AND COMPUTING', 0.05247479], ['TRAVEL', 0.05187444], ['HEALTH AND FITNESS', 0.05070211], ['RELIGION AND SPIRITUALITY', 0.04986969]]","[['HOBBIES & INTERESTS', 0.08], ['BIRDWATCHING', 0.05]]",True,114,100,11:19:13.518282
Steve captured Steve in Mark in I,"[['SPORTS', 0.05742193], ['HOBBIES AND INTERESTS', 0.05381478], ['TECHNOLOGY AND COMPUTING', 0.05290517], ['AUTOMOTIVE', 0.05051893], ['HEALTH AND FITNESS', 0.04896248]]","[['HOBBIES & INTERESTS', 0.08], ['SPORTS', 0.06], ['SCRAPBOOKING', 0.05], ['WATERSKI/WAKEBOARD', 0.04]]",True,115,101,11:19:15.031553
Steve wounded an lawn,"[['HOME AND GARDEN', 0.05907005], ['HEALTH AND FITNESS', 0.05133706], ['SPORTS', 0.04946891], ['PERSONAL FINANCE', 0.04862375], ['SOCIETY', 0.04848572]]","[['LANDSCAPING', 0.25], ['HOME & GARDEN', 0.09], ['HOBBIES & INTERESTS', 0.08], ['BIRDWATCHING', 0.05]]",True,116,102,11:19:16.593189
the hedgehog went Mark,"[['AUTOMOTIVE', 0.05222322], ['ARTS AND ENTERTAINMENT', 0.04984828], ['SOCIETY', 0.04948495], ['BUSINESS', 0.04900576], ['SPORTS', 0.04887955]]","[['REMODELING & CONSTRUCTION', 0.2], ['HOBBIES & INTERESTS', 0.07], ['SPORTS', 0.06], ['HOME & GARDEN', 0.06], ['BIRDWATCHING', 0.05]]",True,117,103,11:19:17.891151
Mark ran I with Elise near Steve,"[['SPORTS', 0.0556676], ['HOBBIES AND INTERESTS', 0.05473788], ['TECHNOLOGY AND COMPUTING', 0.05055861], ['AUTOMOTIVE', 0.04971918], ['TRAVEL', 0.04909105]]","[['HOBBIES & INTERESTS', 0.07], ['SPORTS', 0.06], ['BIRDWATCHING', 0.05], ['WATERSKI/WAKEBOARD', 0.04]]",True,118,104,11:19:19.460153
Mark ran a monkey on Mark in an fish with the fish,"[['PETS', 0.05724819], ['SPORTS', 0.05416155], ['FOOD AND DRINK', 0.05042564], ['HOBBIES AND INTERESTS', 0.05019446], ['RELIGION AND SPIRITUALITY', 0.04957989]]","[['AQUARIUMS', 0.75], ['PETS', 0.32]]",False,119,104,11:19:21.148163
Elise captured Elise with an hedgehog,"[['TECHNOLOGY AND COMPUTING', 0.04987189], ['PETS', 0.04867445], ['HEALTH AND FITNESS', 0.04854247], ['EDUCATION', 0.04826329], ['REAL ESTATE', 0.04815666]]","[['HOBBIES & INTERESTS', 0.07], ['BIRDWATCHING', 0.05]]",True,120,105,11:19:22.480425
I went an monkey on I in Steve,"[['SPORTS', 0.05679759], ['AUTOMOTIVE', 0.05143399], ['HEALTH AND FITNESS', 0.04979412], ['ARTS AND ENTERTAINMENT', 0.04964646], ['FOOD AND DRINK', 0.04850201]]","[['HOBBIES & INTERESTS', 0.08], ['BIRDWATCHING', 0.05]]",True,121,106,11:19:23.767755
the squirrel injured Elise by Steve,"[['SPORTS', 0.0544664], ['HEALTH AND FITNESS', 0.05170416], ['CAREERS', 0.04835453], ['FAMILY AND PARENTING', 0.04815598], ['ARTS AND ENTERTAINMENT', 0.04807536]]","[['HOBBIES & INTERESTS', 0.08], ['BIRDWATCHING', 0.05]]",True,122,107,11:19:25.156963
my fish injured Mark with I,"[['PETS', 0.05815778], ['SPORTS', 0.05657631], ['RELIGION AND SPIRITUALITY', 0.05363339], ['FOOD AND DRINK', 0.05353527], ['HOBBIES AND INTERESTS', 0.05171625]]","[['AQUARIUMS', 0.71], ['PETS', 0.29]]",False,123,107,11:19:26.433480
Steve viewed I outside I,"[['SPORTS', 0.05934694], ['RELIGION AND SPIRITUALITY', 0.05160002], ['TRAVEL', 0.04963355], ['TECHNOLOGY AND COMPUTING', 0.04912627], ['HEALTH AND FITNESS', 0.04912406]]","[['HOBBIES & INTERESTS', 0.08], ['BIRDWATCHING', 0.05]]",True,124,108,11:19:27.944969
a giraffe captured a fish on Mark by my binoculars,"[['PETS', 0.05840503], ['RELIGION AND SPIRITUALITY', 0.05337833], ['SPORTS', 0.0530391], ['AUTOMOTIVE', 0.05103477], ['FOOD AND DRINK', 0.05064593]]","[['AQUARIUMS', 0.56], ['PETS', 0.16]]",False,125,108,11:19:29.477851
my lawn on Elise wounded a giraffe near Elise outside a lawn on the fish,"[['HOME AND GARDEN', 0.05659802], ['RELIGION AND SPIRITUALITY', 0.05612831], ['PETS', 0.0555823], ['TRAVEL', 0.05492488], ['HEALTH AND FITNESS', 0.05028346]]","[['AQUARIUMS', 0.5], ['LANDSCAPING', 0.27], ['PETS', 0.08], ['HOME & GARDEN', 0.08]]",True,126,109,11:19:30.991537
Mark captured Steve,"[['SPORTS', 0.05438167], ['HOBBIES AND INTERESTS', 0.05070965], ['HEALTH AND FITNESS', 0.05014967], ['AUTOMOTIVE', 0.05010611], ['TECHNOLOGY AND COMPUTING', 0.04897607]]","[['HOBBIES & INTERESTS', 0.07], ['SPORTS', 0.07], ['BIRDWATCHING', 0.05], ['WATERSKI/WAKEBOARD', 0.04]]",True,127,110,11:19:32.565886
I captured I by my giraffe by Steve on Steve,"[['HEALTH AND FITNESS', 0.05404051], ['HOBBIES AND INTERESTS', 0.0539674], ['TECHNOLOGY AND COMPUTING', 0.05356506], ['AUTOMOTIVE', 0.05268052], ['SPORTS', 0.05257448]]","[['HOBBIES & INTERESTS', 0.08], ['SCRAPBOOKING', 0.05]]",True,128,111,11:19:34.091735
Steve ran Mark outside I,"[['SPORTS', 0.06008378], ['HOBBIES AND INTERESTS', 0.05231645], ['RELIGION AND SPIRITUALITY', 0.05056964], ['TECHNOLOGY AND COMPUTING', 0.05045454], ['TRAVEL', 0.04997378]]","[['HOBBIES & INTERESTS', 0.07], ['SPORTS', 0.07], ['BIRDWATCHING', 0.05], ['WATERSKI/WAKEBOARD', 0.04]]",True,129,112,11:19:35.634466
I viewed my hedgehog on I,"[['AUTOMOTIVE', 0.05258923], ['HOBBIES AND INTERESTS', 0.0513887], ['HOME AND GARDEN', 0.05056016], ['TECHNOLOGY AND COMPUTING', 0.05040598], ['FOOD AND DRINK', 0.0497291]]","[['REMODELING & CONSTRUCTION', 0.18], ['HOBBIES & INTERESTS', 0.07], ['HOME & GARDEN', 0.06], ['BIRDWATCHING', 0.05]]",True,130,113,11:19:37.354073
Mark wounded Steve,"[['SPORTS', 0.05684967], ['AUTOMOTIVE', 0.0499105], ['HOBBIES AND INTERESTS', 0.04952276], ['HEALTH AND FITNESS', 0.04933159], ['SOCIETY', 0.04819516]]","[['HOBBIES & INTERESTS', 0.08], ['SPORTS', 0.07], ['BIRDWATCHING', 0.05], ['FLY FISHING', 0.05]]",True,131,114,11:19:38.674612
an man with my binoculars outside I caught Steve near Mark by Elise in Steve,"[['SPORTS', 0.06898407], ['TRAVEL', 0.05296057], ['RELIGION AND SPIRITUALITY', 0.051622], ['HEALTH AND FITNESS', 0.05111585], ['AUTOMOTIVE', 0.05056172]]","[['PROFANE CONTENT', 0.22], ['HOBBIES & INTERESTS', 0.07], ['SPORTS', 0.06], ['NON-STANDARD CONTENT', 0.06], ['BIRDWATCHING', 0.05]]",True,132,115,11:19:40.054495
a binoculars ran I outside Mark,"[['SPORTS', 0.05441345], ['RELIGION AND SPIRITUALITY', 0.05288647], ['TRAVEL', 0.05216163], ['HOBBIES AND INTERESTS', 0.05098328], ['TECHNOLOGY AND COMPUTING', 0.05006878]]","[['HOBBIES & INTERESTS', 0.07], ['SPORTS', 0.06], ['BIRDWATCHING', 0.05], ['WATERSKI/WAKEBOARD', 0.04]]",True,133,116,11:19:41.464296
the squirrel by the man viewed the fish by the hedgehog on the monkey with Mark,"[['SPORTS', 0.05888544], ['PETS', 0.05306079], ['RELIGION AND SPIRITUALITY', 0.05168912], ['SOCIETY', 0.04956047], ['FOOD AND DRINK', 0.04953925]]","[['AQUARIUMS', 0.48], ['PETS', 0.13]]",False,134,116,11:19:42.996943
I injured Steve by an fish with an hedgehog by my fish,"[['SPORTS', 0.06051714], ['PETS', 0.05726086], ['FOOD AND DRINK', 0.05409753], ['RELIGION AND SPIRITUALITY', 0.05080943], ['HOBBIES AND INTERESTS', 0.05006971]]","[['AQUARIUMS', 0.77], ['PETS', 0.36]]",False,135,116,11:19:44.549730
I viewed I,"[['SPORTS', 0.0509163], ['HOBBIES AND INTERESTS', 0.05065303], ['HOME AND GARDEN', 0.04975054], ['TECHNOLOGY AND COMPUTING', 0.04971782], ['FOOD AND DRINK', 0.04930255]]","[['HOBBIES & INTERESTS', 0.07], ['SPORTS', 0.06], ['BIRDWATCHING', 0.05], ['WATERSKI/WAKEBOARD', 0.05]]",True,136,117,11:19:46.002633
Mark captured Steve,"[['SPORTS', 0.05438167], ['HOBBIES AND INTERESTS', 0.05070965], ['HEALTH AND FITNESS', 0.05014967], ['AUTOMOTIVE', 0.05010611], ['TECHNOLOGY AND COMPUTING', 0.04897607]]","[['HOBBIES & INTERESTS', 0.07], ['SPORTS', 0.07], ['BIRDWATCHING', 0.05], ['WATERSKI/WAKEBOARD', 0.04]]",True,136,117,11:19:47.626334
Elise captured Mark with the giraffe,"[['HOBBIES AND INTERESTS', 0.05078172], ['AUTOMOTIVE', 0.04983347], ['TECHNOLOGY AND COMPUTING', 0.04917758], ['SOCIETY', 0.04866513], ['RELIGION AND SPIRITUALITY', 0.04855278]]","[['HOBBIES & INTERESTS', 0.07], ['SPORTS', 0.06], ['BIRDWATCHING', 0.05], ['WATERSKI/WAKEBOARD', 0.04]]",True,137,118,11:19:49.449958
an hedgehog with Steve injured Steve outside I near the binoculars near Elise outside a monkey on I,"[['SPORTS', 0.06040406], ['TRAVEL', 0.05121025], ['HEALTH AND FITNESS', 0.05047539], ['SCIENCE', 0.05026388], ['RELIGION AND SPIRITUALITY', 0.04940395]]","[['HOBBIES & INTERESTS', 0.08], ['BIRDWATCHING', 0.05]]",True,138,119,11:19:51.108325
Elise injured my man by my giraffe outside Elise,"[['HEALTH AND FITNESS', 0.05550544], ['RELIGION AND SPIRITUALITY', 0.05468562], ['TRAVEL', 0.05264968], ['SPORTS', 0.05049544], ['ARTS AND ENTERTAINMENT', 0.04897674]]","[['PROFANE CONTENT', 0.23], ['HOBBIES & INTERESTS', 0.07], ['NON-STANDARD CONTENT', 0.06], ['SPORTS', 0.06], ['BIRDWATCHING', 0.05]]",True,139,120,11:19:52.853810
my hedgehog in Steve ran Steve in Steve,"[['AUTOMOTIVE', 0.05158288], ['HOBBIES AND INTERESTS', 0.0508685], ['HEALTH AND FITNESS', 0.05051342], ['TRAVEL', 0.0500638], ['PETS', 0.04975983]]","[['HOBBIES & INTERESTS', 0.08], ['SCRAPBOOKING', 0.05]]",True,140,121,11:19:54.502128
I injured I by Mark,"[['SPORTS', 0.05367954], ['HOBBIES AND INTERESTS', 0.05207975], ['TECHNOLOGY AND COMPUTING', 0.05000267], ['ARTS AND ENTERTAINMENT', 0.04904074], ['FOOD AND DRINK', 0.04900569]]","[['OFF-ROAD VEHICLES', 0.1], ['SPORTS', 0.08], ['AUTOMOTIVE', 0.07], ['WATERSKI/WAKEBOARD', 0.04]]",True,141,122,11:19:56.401047
Mark caught Steve in Mark,"[['SPORTS', 0.0612986], ['AUTOMOTIVE', 0.04904079], ['FOOD AND DRINK', 0.04887123], ['FAMILY AND PARENTING', 0.04878332], ['HOBBIES AND INTERESTS', 0.04862779]]","[['SPORTS', 0.07], ['HOBBIES & INTERESTS', 0.07], ['BIRDWATCHING', 0.05], ['FLY FISHING', 0.04]]",True,142,123,11:19:58.034066
Elise went Mark on I,"[['AUTOMOTIVE', 0.05310506], ['SPORTS', 0.05156261], ['ARTS AND ENTERTAINMENT', 0.05145836], ['TECHNOLOGY AND COMPUTING', 0.05048091], ['HOBBIES AND INTERESTS', 0.04944974]]","[['HOBBIES & INTERESTS', 0.07], ['SPORTS', 0.06], ['BIRDWATCHING', 0.05], ['WATERSKI/WAKEBOARD', 0.04]]",True,143,124,11:19:59.692545
Steve captured Mark,"[['SPORTS', 0.05438167], ['HOBBIES AND INTERESTS', 0.05070965], ['HEALTH AND FITNESS', 0.05014967], ['AUTOMOTIVE', 0.05010611], ['TECHNOLOGY AND COMPUTING', 0.04897607]]","[['HOBBIES & INTERESTS', 0.07], ['SPORTS', 0.07], ['BIRDWATCHING', 0.05], ['WATERSKI/WAKEBOARD', 0.04]]",True,144,125,11:20:01.190481
my lawn injured Steve,"[['HOME AND GARDEN', 0.06064362], ['HEALTH AND FITNESS', 0.05457378], ['SOCIETY', 0.04835929], ['HOBBIES AND INTERESTS', 0.04805767], ['TRAVEL', 0.04794275]]","[['LANDSCAPING', 0.25], ['HOME & GARDEN', 0.09]]",True,145,126,11:20:02.962813
my monkey on I wounded I by Mark in I,"[['SPORTS', 0.05383609], ['HOBBIES AND INTERESTS', 0.05357711], ['AUTOMOTIVE', 0.05246357], ['TECHNOLOGY AND COMPUTING', 0.05062344], ['RELIGION AND SPIRITUALITY', 0.04959784]]","[['OFF-ROAD VEHICLES', 0.1], ['HOBBIES & INTERESTS', 0.07], ['AUTOMOTIVE', 0.06], ['SPORTS', 0.06], ['BIRDWATCHING', 0.05]]",False,146,126,11:20:04.854386
Mark went a monkey in Elise with Mark,"[['AUTOMOTIVE', 0.05208969], ['BUSINESS', 0.04982615], ['SPORTS', 0.04957694], ['SOCIETY', 0.04952231], ['ARTS AND ENTERTAINMENT', 0.04904735]]","[['CELEBRITY FAN/GOSSIP', 0.23], ['SPORTS', 0.07], ['HOBBIES & INTERESTS', 0.07], ['ARTS & ENTERTAINMENT', 0.05], ['BIRDWATCHING', 0.05]]",True,147,127,11:20:06.405472
my giraffe outside a giraffe went the binoculars,"[['TRAVEL', 0.05450539], ['RELIGION AND SPIRITUALITY', 0.0537066], ['HEALTH AND FITNESS', 0.05246081], ['AUTOMOTIVE', 0.05226564], ['PETS', 0.04834941]]","[['HOBBIES & INTERESTS', 0.07], ['BIRDWATCHING', 0.05]]",True,148,128,11:20:08.369504
my hedgehog viewed Steve on Steve,"[['AUTOMOTIVE', 0.0526981], ['SPORTS', 0.05098508], ['HEALTH AND FITNESS', 0.05066443], ['PETS', 0.0494624], ['HOME AND GARDEN', 0.04921644]]","[['HOBBIES & INTERESTS', 0.08], ['BIRDWATCHING', 0.05]]",True,149,129,11:20:10.115397
a hedgehog near an monkey near a man near Elise viewed Steve on Elise,"[['SPORTS', 0.05410511], ['SCIENCE', 0.05270092], ['HEALTH AND FITNESS', 0.0510267], ['SOCIETY', 0.05093354], ['TRAVEL', 0.05063066]]","[['PROFANE CONTENT', 0.21], ['HOBBIES & INTERESTS', 0.07], ['NON-STANDARD CONTENT', 0.06], ['BIRDWATCHING', 0.05]]",True,150,130,11:20:12.350108
a monkey in Elise wounded Steve by Elise,"[['SPORTS', 0.05488493], ['HEALTH AND FITNESS', 0.04990512], ['BUSINESS', 0.04891275], ['FAMILY AND PARENTING', 0.048259], ['SCIENCE', 0.04800444]]","[['HOBBIES & INTERESTS', 0.08], ['BIRDWATCHING', 0.05]]",True,151,131,11:20:14.199287
Elise injured I near Steve,"[['SPORTS', 0.0553274], ['HOBBIES AND INTERESTS', 0.05061599], ['HEALTH AND FITNESS', 0.05031327], ['TECHNOLOGY AND COMPUTING', 0.04977028], ['SCIENCE', 0.04963341]]","[['HOBBIES & INTERESTS', 0.08], ['BIRDWATCHING', 0.05]]",True,152,132,11:20:15.971602
Steve wounded I outside Mark,"[['SPORTS', 0.06290963], ['RELIGION AND SPIRITUALITY', 0.05254549], ['HOBBIES AND INTERESTS', 0.04998518], ['HEALTH AND FITNESS', 0.04976057], ['TECHNOLOGY AND COMPUTING', 0.04919741]]","[['HOBBIES & INTERESTS', 0.08], ['SPORTS', 0.07], ['BIRDWATCHING', 0.05], ['FLY FISHING', 0.05]]",True,153,133,11:20:18.029477
my squirrel viewed the monkey on the lawn in my giraffe in Elise by Elise,"[['HOME AND GARDEN', 0.06092852], ['TRAVEL', 0.05202819], ['HEALTH AND FITNESS', 0.05090781], ['SOCIETY', 0.04919107], ['HOBBIES AND INTERESTS', 0.04890981]]","[['LANDSCAPING', 0.23], ['HOBBIES & INTERESTS', 0.07], ['HOME & GARDEN', 0.06], ['BIRDWATCHING', 0.05]]",True,154,134,11:20:20.105290
Elise captured Steve with I,"[['SPORTS', 0.05516023], ['TECHNOLOGY AND COMPUTING', 0.05307516], ['HOBBIES AND INTERESTS', 0.05169272], ['HEALTH AND FITNESS', 0.05012862], ['AUTOMOTIVE', 0.04941494]]","[['HOBBIES & INTERESTS', 0.08], ['BIRDWATCHING', 0.05]]",True,155,135,11:20:21.936548
Elise injured I near I,"[['HOBBIES AND INTERESTS', 0.05010015], ['TECHNOLOGY AND COMPUTING', 0.04995773], ['SCIENCE', 0.04984666], ['SPORTS', 0.0495554], ['FOOD AND DRINK', 0.04899198]]","[['OFF-ROAD VEHICLES', 0.1], ['HOBBIES & INTERESTS', 0.07], ['AUTOMOTIVE', 0.06], ['BIRDWATCHING', 0.05]]",True,156,136,11:20:23.624838
I viewed my man near Elise near Elise in Mark,"[['HOBBIES AND INTERESTS', 0.05417055], ['AUTOMOTIVE', 0.05338041], ['SPORTS', 0.05209258], ['TRAVEL', 0.05143815], ['RELIGION AND SPIRITUALITY', 0.05107436]]","[['PROFANE CONTENT', 0.23], ['HOBBIES & INTERESTS', 0.07], ['NON-STANDARD CONTENT', 0.06], ['SPORTS', 0.06], ['BIRDWATCHING', 0.05]]",True,157,137,11:20:25.242438
I went Mark,"[['AUTOMOTIVE', 0.05367491], ['ARTS AND ENTERTAINMENT', 0.05246575], ['SPORTS', 0.05135879], ['FOOD AND DRINK', 0.04950994], ['HOBBIES AND INTERESTS', 0.04917974]]","[['SPORTS', 0.08], ['FLY FISHING', 0.04]]",False,158,137,11:20:26.563772
Mark went an monkey near Steve,"[['SPORTS', 0.05408054], ['AUTOMOTIVE', 0.05159077], ['SOCIETY', 0.05014256], ['HEALTH AND FITNESS', 0.05000112], ['BUSINESS', 0.04901116]]","[['HOBBIES & INTERESTS', 0.07], ['SPORTS', 0.06], ['BIRDWATCHING', 0.05], ['WALKING', 0.04]]",True,159,138,11:20:28.062407
I caught I in a fish with I,"[['SPORTS', 0.06551941], ['FOOD AND DRINK', 0.05662651], ['PETS', 0.05347597], ['TECHNOLOGY AND COMPUTING', 0.04927971], ['RELIGION AND SPIRITUALITY', 0.04880206]]","[['AQUARIUMS', 0.8], ['PETS', 0.46]]",False,160,138,11:20:29.690775
Mark captured Steve,"[['SPORTS', 0.05438167], ['HOBBIES AND INTERESTS', 0.05070965], ['HEALTH AND FITNESS', 0.05014967], ['AUTOMOTIVE', 0.05010611], ['TECHNOLOGY AND COMPUTING', 0.04897607]]","[['HOBBIES & INTERESTS', 0.07], ['SPORTS', 0.07], ['BIRDWATCHING', 0.05], ['WATERSKI/WAKEBOARD', 0.04]]",True,160,138,11:20:31.235304
I went I,"[['ARTS AND ENTERTAINMENT', 0.05232411], ['AUTOMOTIVE', 0.05161986], ['FOOD AND DRINK', 0.04986874], ['SPORTS', 0.04901932], ['HEALTH AND FITNESS', 0.04848687]]","[['HOBBIES & INTERESTS', 0.07], ['BIRDWATCHING', 0.05]]",True,161,139,11:20:32.765218
Mark ran my fish,"[['PETS', 0.05937998], ['RELIGION AND SPIRITUALITY', 0.05179375], ['SPORTS', 0.05153629], ['FOOD AND DRINK', 0.05112563], ['HOBBIES AND INTERESTS', 0.05100215]]","[['AQUARIUMS', 0.79], ['PETS', 0.39]]",False,162,139,11:20:34.309232
Elise viewed a giraffe,"[['SOCIETY', 0.04878034], ['ARTS AND ENTERTAINMENT', 0.04864236], ['AUTOMOTIVE', 0.04847886], ['TRAVEL', 0.04846584], ['HOBBIES AND INTERESTS', 0.0483394]]","[['HOBBIES & INTERESTS', 0.07], ['BIRDWATCHING', 0.05]]",True,163,140,11:20:35.851549
an giraffe near Elise went I by Mark,"[['AUTOMOTIVE', 0.05226822], ['ARTS AND ENTERTAINMENT', 0.05069273], ['SPORTS', 0.05045528], ['HOBBIES AND INTERESTS', 0.04989867], ['TECHNOLOGY AND COMPUTING', 0.04977066]]","[['HOBBIES & INTERESTS', 0.07], ['SPORTS', 0.06], ['BIRDWATCHING', 0.05], ['WATERSKI/WAKEBOARD', 0.04]]",True,164,141,11:20:37.373665
Mark caught an giraffe by Steve with the lawn on I outside I outside my giraffe outside I,"[['SPORTS', 0.05963401], ['HOME AND GARDEN', 0.05871776], ['TRAVEL', 0.05211081], ['RELIGION AND SPIRITUALITY', 0.0515575], ['HEALTH AND FITNESS', 0.05061978]]","[['LANDSCAPING', 0.21], ['HOBBIES & INTERESTS', 0.07], ['HOME & GARDEN', 0.06], ['BIRDWATCHING', 0.05]]",True,165,142,11:20:38.711653
Mark wounded my giraffe with Mark on Steve on Mark,"[['SPORTS', 0.05485369], ['AUTOMOTIVE', 0.05339119], ['HEALTH AND FITNESS', 0.05220027], ['HOBBIES AND INTERESTS', 0.05147894], ['PETS', 0.04936349]]","[['SPORTS', 0.07], ['HOBBIES & INTERESTS', 0.07], ['CIGARS', 0.05], ['FLY FISHING', 0.04]]",True,166,143,11:20:40.112390
I injured Mark in Elise,"[['SPORTS', 0.05338035], ['HOBBIES AND INTERESTS', 0.05184186], ['TECHNOLOGY AND COMPUTING', 0.0500803], ['ARTS AND ENTERTAINMENT', 0.04960986], ['FOOD AND DRINK', 0.04913091]]","[['OFF-ROAD VEHICLES', 0.11], ['HOBBIES & INTERESTS', 0.07], ['SPORTS', 0.07], ['AUTOMOTIVE', 0.06], ['BIRDWATCHING', 0.05]]",True,167,144,11:20:41.711959
I caught Mark,"[['SPORTS', 0.06089907], ['FOOD AND DRINK', 0.05106541], ['TECHNOLOGY AND COMPUTING', 0.05071884], ['HOBBIES AND INTERESTS', 0.05054399], ['AUTOMOTIVE', 0.04917476]]","[['DOGS', 0.19], ['HOBBIES & INTERESTS', 0.07], ['SPORTS', 0.07], ['PETS', 0.06], ['BIRDWATCHING', 0.05]]",True,168,145,11:20:43.153816
my lawn by Mark ran Elise by the fish,"[['PETS', 0.05725846], ['HOME AND GARDEN', 0.05546195], ['RELIGION AND SPIRITUALITY', 0.05143961], ['TRAVEL', 0.04999829], ['HOBBIES AND INTERESTS', 0.04983163]]","[['AQUARIUMS', 0.7], ['PETS', 0.15]]",False,169,145,11:20:44.744900
the monkey by Steve captured Elise in an lawn outside Steve outside Elise,"[['HOME AND GARDEN', 0.05721325], ['HEALTH AND FITNESS', 0.05356379], ['TRAVEL', 0.05040113], ['SPORTS', 0.0498125], ['REAL ESTATE', 0.04904051]]","[['HOBBIES & INTERESTS', 0.07], ['BIRDWATCHING', 0.05]]",True,170,146,11:20:46.586790
Mark went an man near a binoculars by a hedgehog by my giraffe on Elise by an binoculars in Elise on the fish near I,"[['SPORTS', 0.05594567], ['RELIGION AND SPIRITUALITY', 0.05406671], ['PETS', 0.05310732], ['AUTOMOTIVE', 0.05295557], ['TRAVEL', 0.05195524]]","[['AQUARIUMS', 0.44], ['PETS', 0.08]]",False,171,146,11:20:48.365281
Mark viewed an man with Steve,"[['SPORTS', 0.05788416], ['HOBBIES AND INTERESTS', 0.05079312], ['SOCIETY', 0.0504489], ['HEALTH AND FITNESS', 0.05028745], ['ARTS AND ENTERTAINMENT', 0.04986834]]","[['PROFANE CONTENT', 0.23], ['SPORTS', 0.08], ['NON-STANDARD CONTENT', 0.07], ['HOBBIES & INTERESTS', 0.06], ['CIGARS', 0.05]]",True,172,147,11:20:49.869599
an fish in I went the hedgehog by Steve by my hedgehog,"[['SPORTS', 0.05892423], ['PETS', 0.05525621], ['FOOD AND DRINK', 0.05465216], ['AUTOMOTIVE', 0.05407069], ['RELIGION AND SPIRITUALITY', 0.05013703]]","[['AQUARIUMS', 0.49], ['PETS', 0.12]]",False,173,147,11:20:51.693189
Mark captured my hedgehog in Steve with the binoculars by Elise with I,"[['SPORTS', 0.05594415], ['AUTOMOTIVE', 0.05434681], ['HOBBIES AND INTERESTS', 0.05344074], ['TECHNOLOGY AND COMPUTING', 0.05294006], ['HEALTH AND FITNESS', 0.05098585]]","[['HOBBIES & INTERESTS', 0.07], ['SPORTS', 0.06], ['BIRDWATCHING', 0.05], ['WATERSKI/WAKEBOARD', 0.04]]",True,174,148,11:20:53.442505
Mark caught Elise by Mark,"[['SPORTS', 0.05465805], ['FOOD AND DRINK', 0.04973855], ['AUTOMOTIVE', 0.04887709], ['SOCIETY', 0.0488467], ['ARTS AND ENTERTAINMENT', 0.04883395]]","[['HOBBIES & INTERESTS', 0.07], ['SPORTS', 0.07], ['BIRDWATCHING', 0.05], ['FLY FISHING', 0.04]]",True,175,149,11:20:55.020349
Steve captured Steve,"[['SPORTS', 0.0519754], ['HEALTH AND FITNESS', 0.05098244], ['TECHNOLOGY AND COMPUTING', 0.0493637], ['HOBBIES AND INTERESTS', 0.04899984], ['AUTOMOTIVE', 0.04824933]]","[['HOBBIES & INTERESTS', 0.08], ['SCRAPBOOKING', 0.05]]",True,176,150,11:20:56.752979
Mark injured a lawn near my giraffe with Elise on Elise,"[['HOME AND GARDEN', 0.0579779], ['HEALTH AND FITNESS', 0.05226427], ['SOCIETY', 0.05110634], ['TRAVEL', 0.05094715], ['HOBBIES AND INTERESTS', 0.04975414]]","[['LANDSCAPING', 0.24], ['OFF-ROAD VEHICLES', 0.11], ['HOBBIES & INTERESTS', 0.07], ['HOME & GARDEN', 0.06], ['SPORTS', 0.06]]",True,177,151,11:20:58.708242
Elise went Elise by Elise,"[['AUTOMOTIVE', 0.05067315], ['ARTS AND ENTERTAINMENT', 0.05049572], ['SOCIETY', 0.04909376], ['BUSINESS', 0.04882028], ['REAL ESTATE', 0.04859678]]","[['HOBBIES & INTERESTS', 0.07], ['BIRDWATCHING', 0.05]]",True,178,152,11:21:00.409171
a giraffe with I injured my squirrel in Steve by my binoculars,"[['SPORTS', 0.05693254], ['HEALTH AND FITNESS', 0.05306617], ['HOBBIES AND INTERESTS', 0.05206254], ['TECHNOLOGY AND COMPUTING', 0.05037643], ['AUTOMOTIVE', 0.05026202]]","[['HOBBIES & INTERESTS', 0.08], ['BIRDWATCHING', 0.05]]",True,179,153,11:21:02.074975
Steve injured the lawn by Mark on an binoculars by Steve,"[['HOME AND GARDEN', 0.05660742], ['SPORTS', 0.05193845], ['HEALTH AND FITNESS', 0.05090639], ['SOCIETY', 0.04944296], ['LAW GOVERNMENT AND POLITICS', 0.04872205]]","[['LANDSCAPING', 0.23], ['HOBBIES & INTERESTS', 0.07], ['HOME & GARDEN', 0.06], ['SPORTS', 0.06], ['BIRDWATCHING', 0.05]]",True,180,154,11:21:03.566139
a monkey on an man by Steve injured a squirrel near I,"[['SPORTS', 0.05939676], ['HEALTH AND FITNESS', 0.05312245], ['HOBBIES AND INTERESTS', 0.05209057], ['SCIENCE', 0.05203382], ['TRAVEL', 0.04967588]]","[['PROFANE CONTENT', 0.22], ['HOBBIES & INTERESTS', 0.07], ['NON-STANDARD CONTENT', 0.06], ['BIRDWATCHING', 0.05]]",True,181,155,11:21:05.470050
my hedgehog captured I,"[['TECHNOLOGY AND COMPUTING', 0.05395254], ['HOBBIES AND INTERESTS', 0.05217025], ['AUTOMOTIVE', 0.05152135], ['HEALTH AND FITNESS', 0.04990454], ['HOME AND GARDEN', 0.04934298]]","[['HOME REPAIR', 0.19], ['HOBBIES & INTERESTS', 0.07], ['HOME & GARDEN', 0.06], ['BIRDWATCHING', 0.05]]",True,182,156,11:21:06.826232
my monkey by my squirrel by Steve viewed I with Steve in I with Steve,"[['SPORTS', 0.05695001], ['HOBBIES AND INTERESTS', 0.05272648], ['AUTOMOTIVE', 0.05242934], ['HEALTH AND FITNESS', 0.05074399], ['TECHNOLOGY AND COMPUTING', 0.05059827]]","[['HOBBIES & INTERESTS', 0.08], ['SCRAPBOOKING', 0.05]]",True,183,157,11:21:08.156307
Steve injured I in I,"[['SPORTS', 0.05880198], ['HOBBIES AND INTERESTS', 0.05186869], ['TECHNOLOGY AND COMPUTING', 0.04997633], ['HEALTH AND FITNESS', 0.04925724], ['FOOD AND DRINK', 0.04853315]]","[['HOBBIES & INTERESTS', 0.08], ['BIRDWATCHING', 0.05]]",True,184,158,11:21:09.928928
an monkey ran an giraffe on Mark,"[['HOBBIES AND INTERESTS', 0.05248239], ['TRAVEL', 0.05069754], ['SPORTS', 0.04928841], ['REAL ESTATE', 0.04879379], ['SOCIETY', 0.04847785]]","[['HOBBIES & INTERESTS', 0.07], ['SPORTS', 0.06], ['BIRDWATCHING', 0.05], ['WATERSKI/WAKEBOARD', 0.04]]",True,185,159,11:21:11.437531
Steve wounded Steve,"[['SPORTS', 0.05433921], ['HEALTH AND FITNESS', 0.0501554], ['BUSINESS', 0.04808935], ['AUTOMOTIVE', 0.0480654], ['HOBBIES AND INTERESTS', 0.04785739]]","[['HOBBIES & INTERESTS', 0.09], ['SCRAPBOOKING', 0.05]]",True,186,160,11:21:13.020409
Steve ran an squirrel on Mark,"[['SPORTS', 0.05512232], ['HOBBIES AND INTERESTS', 0.05192118], ['AUTOMOTIVE', 0.04950323], ['HEALTH AND FITNESS', 0.04850626], ['REAL ESTATE', 0.04848044]]","[['HOBBIES & INTERESTS', 0.08], ['BIRDWATCHING', 0.05]]",True,187,161,11:21:14.424756
an binoculars on Mark captured Steve near the lawn in I,"[['HOME AND GARDEN', 0.05910466], ['HOBBIES AND INTERESTS', 0.05199984], ['SPORTS', 0.05187866], ['HEALTH AND FITNESS', 0.05027352], ['TECHNOLOGY AND COMPUTING', 0.0501854]]","[['LANDSCAPING', 0.25], ['HOME & GARDEN', 0.07], ['HOBBIES & INTERESTS', 0.07], ['SPORTS', 0.06], ['BIRDWATCHING', 0.05]]",True,188,162,11:21:16.082814
I went Mark on an man,"[['ARTS AND ENTERTAINMENT', 0.05499905], ['SPORTS', 0.05307509], ['AUTOMOTIVE', 0.05280978], ['HOBBIES AND INTERESTS', 0.04998789], ['HEALTH AND FITNESS', 0.04976532]]","[['PROFANE CONTENT', 0.26], ['NON-STANDARD CONTENT', 0.1], ['SPORTS', 0.08], ['WALKING', 0.05]]",True,189,163,11:21:17.653819
Elise captured a giraffe with an lawn in Mark,"[['HOME AND GARDEN', 0.05677153], ['HOBBIES AND INTERESTS', 0.04987117], ['LAW GOVERNMENT AND POLITICS', 0.04986741], ['SOCIETY', 0.04965265], ['HEALTH AND FITNESS', 0.04943891]]","[['LANDSCAPING', 0.25], ['HOME & GARDEN', 0.07], ['HOBBIES & INTERESTS', 0.07], ['SPORTS', 0.06], ['BIRDWATCHING', 0.05]]",True,190,164,11:21:19.109626
an fish caught Steve in Mark,"[['SPORTS', 0.06762067], ['PETS', 0.05547138], ['FOOD AND DRINK', 0.05395625], ['FAMILY AND PARENTING', 0.0483045], ['RELIGION AND SPIRITUALITY', 0.04798148]]","[['AQUARIUMS', 0.68], ['PETS', 0.29]]",False,191,164,11:21:20.685103
Steve viewed Mark outside Steve near I,"[['SPORTS', 0.06029297], ['RELIGION AND SPIRITUALITY', 0.05169229], ['TRAVEL', 0.05047612], ['HOBBIES AND INTERESTS', 0.05047513], ['AUTOMOTIVE', 0.04899882]]","[['HOBBIES & INTERESTS', 0.08], ['SPORTS', 0.07], ['SCRAPBOOKING', 0.05], ['WATERSKI/WAKEBOARD', 0.04]]",True,192,165,11:21:22.268068
Steve viewed Mark,"[['SPORTS', 0.05600691], ['AUTOMOTIVE', 0.05063202], ['HOBBIES AND INTERESTS', 0.04996711], ['SOCIETY', 0.04894146], ['HEALTH AND FITNESS', 0.0479524]]","[['SPORTS', 0.07], ['HOBBIES & INTERESTS', 0.07], ['BIRDWATCHING', 0.05], ['WATERSKI/WAKEBOARD', 0.04]]",True,193,166,11:21:23.769037
Steve ran I,"[['SPORTS', 0.05502866], ['HOBBIES AND INTERESTS', 0.05312039], ['TECHNOLOGY AND COMPUTING', 0.05140062], ['TRAVEL', 0.04901017], ['HOME AND GARDEN', 0.04845515]]","[['HOBBIES & INTERESTS', 0.08], ['SCRAPBOOKING', 0.05]]",True,193,166,11:21:25.374478
Mark wounded an squirrel outside Steve,"[['SPORTS', 0.06028553], ['HEALTH AND FITNESS', 0.05157704], ['RELIGION AND SPIRITUALITY', 0.05142286], ['BUSINESS', 0.05026736], ['AUTOMOTIVE', 0.04859721]]","[['HOBBIES & INTERESTS', 0.08], ['BIRDWATCHING', 0.05]]",True,194,167,11:21:26.911340
Elise wounded I,"[['SPORTS', 0.05153221], ['TECHNOLOGY AND COMPUTING', 0.0505433], ['HOBBIES AND INTERESTS', 0.05001585], ['ARTS AND ENTERTAINMENT', 0.04969274], ['FOOD AND DRINK', 0.04922842]]","[['HOBBIES & INTERESTS', 0.08], ['BIRDWATCHING', 0.05]]",True,194,167,11:21:28.370183
I went Elise in Elise,"[['ARTS AND ENTERTAINMENT', 0.05292055], ['AUTOMOTIVE', 0.05207447], ['FOOD AND DRINK', 0.05000283], ['SPORTS', 0.04880182], ['SCIENCE', 0.04843397]]","[['HOBBIES & INTERESTS', 0.07], ['BIRDWATCHING', 0.05]]",True,195,168,11:21:30.215603
