John wounded my elephant outside Bob by a man outside Mary,"[['HEALTH AND FITNESS', 0.05747368], ['SPORTS', 0.05579384], ['ARTS AND ENTERTAINMENT', 0.05381457], ['RELIGION AND SPIRITUALITY', 0.05264707], ['EDUCATION', 0.05087736]]","[['SPORTS', 0.418981], ['ARTS AND ENTERTAINMENT', 0.278732], ['NON STANDARD CONTENT', 0.0849767], ['HOBBIES AND INTERESTS', 0.0312302], ['RELIGION AND SPIRITUALITY', 0.0238821]]",True,1,1,21:29:06.447125
John ate my elephant outside Bob by a man outside Mary,"[['HEALTH AND FITNESS', 0.05778292], ['SPORTS', 0.05516411], ['ARTS AND ENTERTAINMENT', 0.05340245], ['EDUCATION', 0.05242454], ['RELIGION AND SPIRITUALITY', 0.05109304]]","[['NON STANDARD CONTENT', 0.999972], ['RELIGION AND SPIRITUALITY', 9.14415e-06], ['HEALTH AND FITNESS', 1.80307e-06], ['ARTS AND ENTERTAINMENT', 1.41495e-06], ['SOCIETY', 7.55884e-07]]",True,2,2,21:29:12.116927
John ate my elephant in Bob by a man outside Mary,"[['HEALTH AND FITNESS', 0.05778292], ['SPORTS', 0.05516411], ['ARTS AND ENTERTAINMENT', 0.05340245], ['EDUCATION', 0.05242454], ['RELIGION AND SPIRITUALITY', 0.05109304]]","[['NON STANDARD CONTENT', 0.999997], ['RELIGION AND SPIRITUALITY', 1.08542e-06], ['ARTS AND ENTERTAINMENT', 3.0409e-07], ['HEALTH AND FITNESS', 2.58891e-07], ['HOBBIES AND INTERESTS', 7.59115e-08]]",True,3,3,21:29:17.341191
John shot my elephant in Bob by a man outside Mary,"[['SPORTS', 0.06255699], ['HEALTH AND FITNESS', 0.05919816], ['ARTS AND ENTERTAINMENT', 0.05314373], ['TRAVEL', 0.0527422], ['RELIGION AND SPIRITUALITY', 0.05200672]]","[['SOCIETY', 0.999999], ['NON STANDARD CONTENT', 4.15683e-07], ['HEALTH AND FITNESS', 2.75459e-07], ['ARTS AND ENTERTAINMENT', 2.01076e-07], ['SPORTS', 1.54182e-07]]",True,4,4,21:29:22.981234
Bob shot my elephant in Bob by a man outside Mary,"[['SPORTS', 0.06049116], ['HEALTH AND FITNESS', 0.0592157], ['TRAVEL', 0.05547187], ['RELIGION AND SPIRITUALITY', 0.05106397], ['ARTS AND ENTERTAINMENT', 0.05052438]]","[['NON STANDARD CONTENT', 0.298039], ['HEALTH AND FITNESS', 0.171366], ['ARTS AND ENTERTAINMENT', 0.116706], ['HOBBIES AND INTERESTS', 0.110068], ['SPORTS', 0.0969544]]",True,5,5,21:29:28.569288
Bob shot my fish in Bob by a man outside Mary,"[['SPORTS', 0.06667137], ['PETS', 0.05637367], ['RELIGION AND SPIRITUALITY', 0.05491273], ['HEALTH AND FITNESS', 0.05487953], ['TRAVEL', 0.05215249]]","[['SPORTS', 0.784247], ['TRAVEL', 0.00794886], ['FOOD AND DRINK', 0.00265167], ['HOBBIES AND INTERESTS', 0.00233181], ['SOCIETY', 0.00131649]]",True,6,6,21:29:34.409484
Bob shot my fish outside Bob by a man outside Mary,"[['SPORTS', 0.06667137], ['PETS', 0.05637367], ['RELIGION AND SPIRITUALITY', 0.05491273], ['HEALTH AND FITNESS', 0.05487953], ['TRAVEL', 0.05215249]]","[['SPORTS', 0.977451], ['FOOD AND DRINK', 0.00263878], ['NON STANDARD CONTENT', 0.00146869], ['TRAVEL', 0.000974349], ['HOBBIES AND INTERESTS', 0.000952438]]",True,7,7,21:29:40.398493
Bob shot my fish outside I by a man outside Mary,"[['SPORTS', 0.07097415], ['RELIGION AND SPIRITUALITY', 0.05535677], ['PETS', 0.05449561], ['HEALTH AND FITNESS', 0.05354484], ['TRAVEL', 0.05227627]]","[['SPORTS', 0.989048], ['FOOD AND DRINK', 0.000893524], ['NON STANDARD CONTENT', 0.000862021], ['TRAVEL', 0.000714334], ['SOCIETY', 0.000686847]]",True,8,8,21:29:46.446012
Bob ate my fish outside I by a man outside Mary,"[['SPORTS', 0.06261001], ['PETS', 0.05587031], ['RELIGION AND SPIRITUALITY', 0.05440462], ['FOOD AND DRINK', 0.05295422], ['HEALTH AND FITNESS', 0.05228436]]","[['NON STANDARD CONTENT', 0.999583], ['SPORTS', 0.000406589], ['FOOD AND DRINK', 2.43843e-06], ['RELIGION AND SPIRITUALITY', 4.61296e-07], ['STYLE AND FASHION', 4.46507e-07]]",True,9,9,21:29:51.314559
Bob ate my cat outside I by a man outside Mary,"[['PETS', 0.06603433], ['SPORTS', 0.05467063], ['HEALTH AND FITNESS', 0.05444406], ['ARTS AND ENTERTAINMENT', 0.0520816], ['TECHNOLOGY AND COMPUTING', 0.05094095]]","[['NON STANDARD CONTENT', 0.998976], ['PETS', 0.00101899], ['STYLE AND FASHION', 2.99376e-07], ['SOCIETY', 2.96741e-07], ['RELIGION AND SPIRITUALITY', 2.56643e-07]]",True,10,10,21:29:56.872901
Bob ate an cat outside I by a man outside Mary,"[['PETS', 0.06053543], ['SPORTS', 0.05696824], ['ARTS AND ENTERTAINMENT', 0.0536016], ['HEALTH AND FITNESS', 0.05303279], ['TECHNOLOGY AND COMPUTING', 0.05074574]]","[['PETS', 0.991421], ['SCIENCE', 0.00417931], ['NON STANDARD CONTENT', 0.000891025], ['FAMILY AND PARENTING', 0.000855929], ['SOCIETY', 0.000226493]]",True,11,11,21:30:01.783694
Bob ate an cat outside I on a man outside Mary,"[['PETS', 0.06053543], ['SPORTS', 0.05696824], ['ARTS AND ENTERTAINMENT', 0.0536016], ['HEALTH AND FITNESS', 0.05303279], ['TECHNOLOGY AND COMPUTING', 0.05074574]]","[['PETS', 0.991747], ['SCIENCE', 0.00409397], ['NON STANDARD CONTENT', 0.000836446], ['FAMILY AND PARENTING', 0.000758798], ['SOCIETY', 0.000194414]]",True,12,12,21:30:07.672430
Bob ate an cat outside I on a man in Mary,"[['PETS', 0.06053543], ['SPORTS', 0.05696824], ['ARTS AND ENTERTAINMENT', 0.0536016], ['HEALTH AND FITNESS', 0.05303279], ['TECHNOLOGY AND COMPUTING', 0.05074574]]","[['PETS', 0.989382], ['HOBBIES AND INTERESTS', 0.00824113], ['SCIENCE', 0.00117728], ['NON STANDARD CONTENT', 0.000205542], ['SOCIETY', 8.05282e-05]]",True,13,13,21:30:13.115932
Bob walked an cat outside I on a man in Mary,"[['PETS', 0.06097232], ['SPORTS', 0.05672481], ['ARTS AND ENTERTAINMENT', 0.05469211], ['HEALTH AND FITNESS', 0.05173959], ['TECHNOLOGY AND COMPUTING', 0.05093281]]","[['PETS', 0.936203], ['HOBBIES AND INTERESTS', 0.0386014], ['SPORTS', 0.00234146], ['STYLE AND FASHION', 0.00196091], ['SCIENCE', 0.00103753]]",True,14,14,21:30:18.953000
Bob walked an cat outside I on a pajamas in Mary,"[['PETS', 0.06401802], ['SPORTS', 0.055112], ['TECHNOLOGY AND COMPUTING', 0.05166138], ['ARTS AND ENTERTAINMENT', 0.05135279], ['HEALTH AND FITNESS', 0.05044398]]","[['PETS', 0.921523], ['SCIENCE', 0.0425888], ['SPORTS', 0.0095454], ['HOBBIES AND INTERESTS', 0.00797434], ['FOOD AND DRINK', 0.0019912]]",True,15,15,21:30:25.130659
John walked an cat outside I on a pajamas in Mary,"[['PETS', 0.06162884], ['RELIGION AND SPIRITUALITY', 0.05237744], ['ARTS AND ENTERTAINMENT', 0.05175932], ['SPORTS', 0.05157089], ['TECHNOLOGY AND COMPUTING', 0.05021285]]","[['PETS', 0.725395], ['SCIENCE', 0.178195], ['SPORTS', 0.0305237], ['HOBBIES AND INTERESTS', 0.0198067], ['TRAVEL', 0.0099898]]",True,16,16,21:30:29.960462
John walked an cat outside I on a pajamas in Bob,"[['PETS', 0.06369454], ['SPORTS', 0.0590789], ['ARTS AND ENTERTAINMENT', 0.05297821], ['HEALTH AND FITNESS', 0.04886811], ['EDUCATION', 0.04847602]]","[['PETS', 0.7969], ['SPORTS', 0.0581316], ['SCIENCE', 0.0515487], ['TRAVEL', 0.0468992], ['HOBBIES AND INTERESTS', 0.00418856]]",True,17,17,21:30:35.848919
John walked an cat outside I on a pajamas on Bob,"[['PETS', 0.06369454], ['SPORTS', 0.0590789], ['ARTS AND ENTERTAINMENT', 0.05297821], ['HEALTH AND FITNESS', 0.04886811], ['EDUCATION', 0.04847602]]","[['SPORTS', 0.999719], ['PETS', 0.000207858], ['SCIENCE', 1.80936e-05], ['TRAVEL', 1.57511e-05], ['HOBBIES AND INTERESTS', 1.54307e-06]]",True,18,18,21:30:41.378616
John walked an cat outside I on a pajamas on Mary,"[['PETS', 0.06162884], ['RELIGION AND SPIRITUALITY', 0.05237744], ['ARTS AND ENTERTAINMENT', 0.05175932], ['SPORTS', 0.05157089], ['TECHNOLOGY AND COMPUTING', 0.05021285]]","[['EDUCATION', 0.998722], ['PETS', 0.00090543], ['SCIENCE', 0.000254912], ['SPORTS', 4.94345e-05], ['TRAVEL', 1.59582e-05]]",True,19,19,21:30:46.599645
John walked a cat outside I on a pajamas on Mary,"[['PETS', 0.06162884], ['RELIGION AND SPIRITUALITY', 0.05237744], ['ARTS AND ENTERTAINMENT', 0.05175932], ['SPORTS', 0.05157089], ['TECHNOLOGY AND COMPUTING', 0.05021285]]","[['PETS', 0.994239], ['EDUCATION', 0.00575608], ['SCIENCE', 2.90258e-06], ['SPORTS', 6.05813e-07], ['HOBBIES AND INTERESTS', 5.69552e-07]]",True,20,20,21:30:52.129628
John walked a cat by I on a pajamas on Mary,"[['PETS', 0.06140934], ['ARTS AND ENTERTAINMENT', 0.05212294], ['TECHNOLOGY AND COMPUTING', 0.05071449], ['HOBBIES AND INTERESTS', 0.05023984], ['EDUCATION', 0.04995061]]","[['PETS', 0.999984], ['EDUCATION', 1.6235e-05], ['SCIENCE', 1.43394e-08], ['HOBBIES AND INTERESTS', 4.17658e-09], ['SPORTS', 3.16854e-09]]",True,21,21,21:30:57.711384
John walked a cat by I on a pajamas on John,"[['PETS', 0.06154088], ['SPORTS', 0.05118762], ['ARTS AND ENTERTAINMENT', 0.05111796], ['HOBBIES AND INTERESTS', 0.05002539], ['TECHNOLOGY AND COMPUTING', 0.0495513]]","[['PETS', 1.0], ['TRAVEL', 2.90698e-07], ['SCIENCE', 4.19996e-08], ['HOBBIES AND INTERESTS', 1.25067e-08], ['SPORTS', 1.10561e-08]]",True,22,22,21:31:03.214731
John walked a cat by I on a elephant on John,"[['PETS', 0.06049858], ['HOBBIES AND INTERESTS', 0.05139357], ['ARTS AND ENTERTAINMENT', 0.05123116], ['SPORTS', 0.05094097], ['TECHNOLOGY AND COMPUTING', 0.0498564]]","[['PETS', 0.999999], ['TRAVEL', 2.90798e-07], ['SPORTS', 2.31255e-07], ['HOBBIES AND INTERESTS', 1.05734e-07], ['LAW AND GOVERNMENT AND POLITICS', 5.32389e-09]]",True,23,23,21:31:08.705278
John walked a cat by I on the elephant on John,"[['PETS', 0.06049858], ['HOBBIES AND INTERESTS', 0.05139357], ['ARTS AND ENTERTAINMENT', 0.05123116], ['SPORTS', 0.05094097], ['TECHNOLOGY AND COMPUTING', 0.0498564]]","[['PETS', 0.999998], ['SPORTS', 1.16148e-06], ['HOBBIES AND INTERESTS', 4.52576e-07], ['TRAVEL', 3.34062e-07], ['ARTS AND ENTERTAINMENT', 1.23443e-08]]",False,24,23,21:31:13.889011
John walked a cat with I on a elephant on John,"[['PETS', 0.06049858], ['HOBBIES AND INTERESTS', 0.05139357], ['ARTS AND ENTERTAINMENT', 0.05123116], ['SPORTS', 0.05094097], ['TECHNOLOGY AND COMPUTING', 0.0498564]]","[['PETS', 0.999945], ['HOBBIES AND INTERESTS', 5.52665e-05], ['TRAVEL', 9.37221e-09], ['SPORTS', 8.04758e-09], ['LAW AND GOVERNMENT AND POLITICS', 1.9128e-10]]",True,25,24,21:31:18.930141
John shot a cat with I on a elephant on John,"[['PETS', 0.05876302], ['SPORTS', 0.0581728], ['TECHNOLOGY AND COMPUTING', 0.05097215], ['HOBBIES AND INTERESTS', 0.04989268], ['ARTS AND ENTERTAINMENT', 0.04956276]]","[['PETS', 0.999979], ['HOBBIES AND INTERESTS', 1.81478e-05], ['SOCIETY', 2.49109e-06], ['TRAVEL', 1.34705e-10], ['SPORTS', 8.30389e-11]]",True,26,25,21:31:23.561913
John shot a cat with I on the elephant on John,"[['PETS', 0.05876302], ['SPORTS', 0.0581728], ['TECHNOLOGY AND COMPUTING', 0.05097215], ['HOBBIES AND INTERESTS', 0.04989268], ['ARTS AND ENTERTAINMENT', 0.04956276]]","[['PETS', 0.999209], ['HOBBIES AND INTERESTS', 0.000788461], ['SOCIETY', 2.24664e-06], ['ARTS AND ENTERTAINMENT', 4.63498e-10], ['SPORTS', 4.43857e-10]]",False,27,25,21:31:28.569201
John wounded a cat with I on a elephant on John,"[['PETS', 0.06006958], ['SPORTS', 0.05172227], ['HOBBIES AND INTERESTS', 0.05151383], ['ARTS AND ENTERTAINMENT', 0.05055297], ['EDUCATION', 0.04920337]]","[['PETS', 0.999998], ['HOBBIES AND INTERESTS', 1.80429e-06], ['TRAVEL', 2.09842e-10], ['ARTS AND ENTERTAINMENT', 2.8228e-11], ['SPORTS', 2.56555e-11]]",False,28,25,21:31:34.218744
John shot a cat with I on a man on John,"[['SPORTS', 0.06034031], ['PETS', 0.05691386], ['ARTS AND ENTERTAINMENT', 0.05271639], ['TECHNOLOGY AND COMPUTING', 0.04993023], ['HOBBIES AND INTERESTS', 0.04939654]]","[['PETS', 0.999986], ['SOCIETY', 1.34934e-05], ['HOBBIES AND INTERESTS', 2.55939e-07], ['TRAVEL', 2.80878e-10], ['SPORTS', 1.41923e-10]]",True,29,26,21:31:39.407131
John shot a cat in I on a man on John,"[['SPORTS', 0.06034031], ['PETS', 0.05691386], ['ARTS AND ENTERTAINMENT', 0.05271639], ['TECHNOLOGY AND COMPUTING', 0.04993023], ['HOBBIES AND INTERESTS', 0.04939654]]","[['PETS', 0.999992], ['SOCIETY', 7.87941e-06], ['TRAVEL', 1.42325e-10], ['SPORTS', 7.83477e-11], ['HOBBIES AND INTERESTS', 3.068e-11]]",True,30,27,21:31:44.368475
John shot a cat by I on a man on John,"[['SPORTS', 0.06034031], ['PETS', 0.05691386], ['ARTS AND ENTERTAINMENT', 0.05271639], ['TECHNOLOGY AND COMPUTING', 0.04993023], ['HOBBIES AND INTERESTS', 0.04939654]]","[['PETS', 0.99955], ['SOCIETY', 0.000450342], ['TRAVEL', 7.59837e-09], ['SPORTS', 3.40943e-09], ['HOBBIES AND INTERESTS', 1.90311e-09]]",True,31,28,21:31:49.089674
John shot an cat by I on a man on John,"[['SPORTS', 0.06034031], ['PETS', 0.05691386], ['ARTS AND ENTERTAINMENT', 0.05271639], ['TECHNOLOGY AND COMPUTING', 0.04993023], ['HOBBIES AND INTERESTS', 0.04939654]]","[['SOCIETY', 0.968961], ['PETS', 0.0310301], ['TRAVEL', 5.38526e-06], ['SPORTS', 3.92415e-07], ['HOBBIES AND INTERESTS', 2.93425e-07]]",True,32,29,21:31:54.799868
John saw an cat by I on a man on John,"[['PETS', 0.05688214], ['HOBBIES AND INTERESTS', 0.0547974], ['ARTS AND ENTERTAINMENT', 0.05389315], ['SPORTS', 0.05320278], ['EDUCATION', 0.05150936]]","[['PETS', 0.998794], ['TRAVEL', 0.000979076], ['RELIGION AND SPIRITUALITY', 4.76167e-05], ['SOCIETY', 1.6008e-05], ['HOBBIES AND INTERESTS', 1.22515e-05]]",True,33,30,21:32:00.195864
John saw an cat by I on my man on John,"[['PETS', 0.05893213], ['HOBBIES AND INTERESTS', 0.05594581], ['HEALTH AND FITNESS', 0.05422206], ['ARTS AND ENTERTAINMENT', 0.05280445], ['SPORTS', 0.05187715]]","[['SPORTS', 0.91563], ['PETS', 0.0841367], ['HOBBIES AND INTERESTS', 0.00013786], ['TRAVEL', 5.54988e-05], ['RELIGION AND SPIRITUALITY', 5.99068e-06]]",True,34,31,21:32:05.054073
John saw a cat by I on my man on John,"[['PETS', 0.05893213], ['HOBBIES AND INTERESTS', 0.05594581], ['HEALTH AND FITNESS', 0.05422206], ['ARTS AND ENTERTAINMENT', 0.05280445], ['SPORTS', 0.05187715]]","[['PETS', 0.999857], ['SPORTS', 0.000143311], ['HOBBIES AND INTERESTS', 6.47668e-09], ['TRAVEL', 2.92727e-09], ['RELIGION AND SPIRITUALITY', 2.88924e-10]]",True,35,32,21:32:09.856511
John saw a cat by I on my telescope on John,"[['PETS', 0.06205376], ['HOBBIES AND INTERESTS', 0.05431555], ['HEALTH AND FITNESS', 0.05194452], ['EDUCATION', 0.05154228], ['AUTOMOTIVE', 0.05056501]]","[['PETS', 1.0], ['HOBBIES AND INTERESTS', 1.91685e-08], ['TRAVEL', 2.01375e-09], ['SCIENCE', 2.00619e-09], ['RELIGION AND SPIRITUALITY', 3.16613e-10]]",True,36,33,21:32:15.689492
Bob saw a cat by I on my telescope on John,"[['PETS', 0.06404921], ['SPORTS', 0.0535489], ['HOBBIES AND INTERESTS', 0.0527462], ['HEALTH AND FITNESS', 0.05269968], ['ARTS AND ENTERTAINMENT', 0.05165583]]","[['PETS', 1.0], ['HOBBIES AND INTERESTS', 1.95584e-09], ['SCIENCE', 1.20064e-09], ['TRAVEL', 4.35869e-10], ['RELIGION AND SPIRITUALITY', 1.05015e-10]]",True,37,34,21:32:21.765427
Bob saw a cat by I on my fish on John,"[['PETS', 0.07534921], ['SPORTS', 0.05989534], ['HOBBIES AND INTERESTS', 0.05181572], ['ARTS AND ENTERTAINMENT', 0.05178139], ['HEALTH AND FITNESS', 0.04905272]]","[['PETS', 1.0], ['SPORTS', 1.74377e-09], ['HOBBIES AND INTERESTS', 3.24467e-10], ['TRAVEL', 7.23106e-11], ['HEALTH AND FITNESS', 2.07822e-11]]",False,38,34,21:32:26.748329
Bob saw a telescope by I on my telescope on John,"[['SPORTS', 0.05553785], ['HEALTH AND FITNESS', 0.05341118], ['ARTS AND ENTERTAINMENT', 0.05216068], ['HOBBIES AND INTERESTS', 0.05204596], ['AUTOMOTIVE', 0.05075138]]","[['SCIENCE', 0.999959], ['HOBBIES AND INTERESTS', 1.55071e-05], ['RELIGION AND SPIRITUALITY', 1.94606e-06], ['TRAVEL', 1.52683e-06], ['TECHNOLOGY AND COMPUTING', 7.68286e-07]]",True,39,35,21:32:32.299630
Bob saw a telescope by I outside my telescope on John,"[['SPORTS', 0.05793097], ['HEALTH AND FITNESS', 0.05388221], ['ARTS AND ENTERTAINMENT', 0.05122467], ['EDUCATION', 0.05032522], ['HOBBIES AND INTERESTS', 0.04964072]]","[['SCIENCE', 0.999988], ['HOBBIES AND INTERESTS', 3.84053e-06], ['TRAVEL', 5.61252e-07], ['TECHNOLOGY AND COMPUTING', 3.13995e-07], ['RELIGION AND SPIRITUALITY', 1.28839e-07]]",True,40,36,21:32:38.015293
Bob saw a telescope outside I outside my telescope on John,"[['SPORTS', 0.05802238], ['HEALTH AND FITNESS', 0.05381199], ['ARTS AND ENTERTAINMENT', 0.05149007], ['EDUCATION', 0.05028871], ['HOBBIES AND INTERESTS', 0.0496047]]","[['SCIENCE', 0.999967], ['HOBBIES AND INTERESTS', 6.78763e-06], ['TRAVEL', 1.71305e-06], ['TECHNOLOGY AND COMPUTING', 1.15607e-06], ['RELIGION AND SPIRITUALITY', 5.55352e-07]]",True,41,37,21:32:43.863348
Bob saw a monkey outside I outside my telescope on John,"[['SPORTS', 0.05893631], ['HEALTH AND FITNESS', 0.05349261], ['EDUCATION', 0.05001784], ['HOBBIES AND INTERESTS', 0.04993719], ['ARTS AND ENTERTAINMENT', 0.04985868]]","[['FAMILY AND PARENTING', 0.999944], ['SCIENCE', 2.4048e-05], ['HOBBIES AND INTERESTS', 1.15214e-05], ['TRAVEL', 4.47004e-06], ['STYLE AND FASHION', 7.36504e-07]]",True,42,38,21:32:49.374053
Bob wounded a monkey outside I outside my telescope on John,"[['SPORTS', 0.0594322], ['HEALTH AND FITNESS', 0.05177299], ['RELIGION AND SPIRITUALITY', 0.05065408], ['ARTS AND ENTERTAINMENT', 0.04974531], ['TRAVEL', 0.04900486]]","[['FAMILY AND PARENTING', 0.999558], ['TRAVEL', 0.000288679], ['SCIENCE', 7.72826e-05], ['HOBBIES AND INTERESTS', 2.10902e-05], ['NON STANDARD CONTENT', 8.09558e-06]]",True,43,39,21:32:55.058414
Bob saw a monkey outside I outside my telescope on John,"[['SPORTS', 0.05893631], ['HEALTH AND FITNESS', 0.05349261], ['EDUCATION', 0.05001784], ['HOBBIES AND INTERESTS', 0.04993719], ['ARTS AND ENTERTAINMENT', 0.04985868]]","[['FAMILY AND PARENTING', 0.999944], ['SCIENCE', 2.4048e-05], ['HOBBIES AND INTERESTS', 1.15214e-05], ['TRAVEL', 4.47004e-06], ['STYLE AND FASHION', 7.36504e-07]]",True,43,39,21:33:01.202747
Bob saw the monkey outside I outside my telescope on John,"[['SPORTS', 0.05893631], ['HEALTH AND FITNESS', 0.05349261], ['EDUCATION', 0.05001784], ['HOBBIES AND INTERESTS', 0.04993719], ['ARTS AND ENTERTAINMENT', 0.04985868]]","[['FAMILY AND PARENTING', 0.998302], ['SCIENCE', 0.00157911], ['HOBBIES AND INTERESTS', 1.63464e-05], ['TRAVEL', 1.629e-05], ['NON STANDARD CONTENT', 1.58378e-05]]",True,44,40,21:33:06.069481
Bob saw the monkey outside I outside the telescope on John,"[['SPORTS', 0.06118699], ['ARTS AND ENTERTAINMENT', 0.05129147], ['BUSINESS', 0.05117871], ['HEALTH AND FITNESS', 0.05038736], ['EDUCATION', 0.04975887]]","[['FAMILY AND PARENTING', 0.98761], ['SCIENCE', 0.0118953], ['TRAVEL', 0.000112916], ['HOBBIES AND INTERESTS', 8.62068e-05], ['NON STANDARD CONTENT', 4.51984e-05]]",True,45,41,21:33:11.955112
Bob saw a monkey outside I outside the telescope on John,"[['SPORTS', 0.06118699], ['ARTS AND ENTERTAINMENT', 0.05129147], ['BUSINESS', 0.05117871], ['HEALTH AND FITNESS', 0.05038736], ['EDUCATION', 0.04975887]]","[['FAMILY AND PARENTING', 0.99974], ['SCIENCE', 0.000166298], ['HOBBIES AND INTERESTS', 4.15688e-05], ['TRAVEL', 2.18919e-05], ['SPORTS', 1.59794e-06]]",True,46,42,21:33:17.127826
Bob saw a monkey outside I outside the telescope in John,"[['SPORTS', 0.06118699], ['ARTS AND ENTERTAINMENT', 0.05129147], ['BUSINESS', 0.05117871], ['HEALTH AND FITNESS', 0.05038736], ['EDUCATION', 0.04975887]]","[['FAMILY AND PARENTING', 0.999765], ['SCIENCE', 0.000156297], ['HOBBIES AND INTERESTS', 3.85861e-05], ['NON STANDARD CONTENT', 4.67127e-06], ['STYLE AND FASHION', 1.58156e-06]]",True,47,43,21:33:23.275963
Bob saw a telescope outside I outside the telescope in John,"[['SPORTS', 0.06023933], ['ARTS AND ENTERTAINMENT', 0.05297078], ['HEALTH AND FITNESS', 0.0506892], ['BUSINESS', 0.05013113], ['EDUCATION', 0.05002931]]","[['SCIENCE', 0.999967], ['HOBBIES AND INTERESTS', 1.17692e-05], ['TECHNOLOGY AND COMPUTING', 9.90659e-07], ['AUTOMOTIVE', 3.42376e-07], ['RELIGION AND SPIRITUALITY', 2.57211e-07]]",True,48,44,21:33:28.817346
Bob saw a telescope outside Bob outside the telescope in John,"[['SPORTS', 0.05655171], ['BUSINESS', 0.05297287], ['HEALTH AND FITNESS', 0.05181904], ['ARTS AND ENTERTAINMENT', 0.05168911], ['EDUCATION', 0.05129892]]","[['SCIENCE', 0.999937], ['HOBBIES AND INTERESTS', 3.18951e-05], ['AUTOMOTIVE', 7.03293e-07], ['SPORTS', 4.33639e-07], ['TECHNOLOGY AND COMPUTING', 3.86598e-07]]",True,49,45,21:33:34.641145
Bob saw a telescope outside John outside the telescope in John,"[['SPORTS', 0.05655171], ['BUSINESS', 0.05297287], ['HEALTH AND FITNESS', 0.05181904], ['ARTS AND ENTERTAINMENT', 0.05168911], ['EDUCATION', 0.05129892]]","[['SCIENCE', 0.999913], ['HOBBIES AND INTERESTS', 3.75035e-05], ['TECHNOLOGY AND COMPUTING', 1.42569e-06], ['AUTOMOTIVE', 8.89436e-07], ['RELIGION AND SPIRITUALITY', 6.69089e-07]]",True,50,46,21:33:40.326481
Bob saw a monkey outside John outside the telescope in John,"[['SPORTS', 0.05744276], ['BUSINESS', 0.05408115], ['HEALTH AND FITNESS', 0.05151174], ['EDUCATION', 0.05102286], ['ARTS AND ENTERTAINMENT', 0.05005165]]","[['FAMILY AND PARENTING', 0.999576], ['SCIENCE', 0.000222536], ['HOBBIES AND INTERESTS', 9.19146e-05], ['NON STANDARD CONTENT', 8.97171e-06], ['SPORTS', 4.62736e-06]]",True,51,47,21:33:45.288759
Bob saw a monkey outside Mary outside the telescope in John,"[['SPORTS', 0.05543434], ['BUSINESS', 0.05494739], ['HEALTH AND FITNESS', 0.05317497], ['EDUCATION', 0.05149907], ['ARTS AND ENTERTAINMENT', 0.0510484]]","[['FAMILY AND PARENTING', 0.999825], ['SCIENCE', 0.000121132], ['HOBBIES AND INTERESTS', 1.26709e-05], ['NON STANDARD CONTENT', 3.01749e-06], ['STYLE AND FASHION', 1.31413e-06]]",True,52,48,21:33:50.307033
Bob saw a monkey outside I outside the telescope in John,"[['SPORTS', 0.06118699], ['ARTS AND ENTERTAINMENT', 0.05129147], ['BUSINESS', 0.05117871], ['HEALTH AND FITNESS', 0.05038736], ['EDUCATION', 0.04975887]]","[['FAMILY AND PARENTING', 0.999765], ['SCIENCE', 0.000156297], ['HOBBIES AND INTERESTS', 3.85861e-05], ['NON STANDARD CONTENT', 4.67127e-06], ['STYLE AND FASHION', 1.58156e-06]]",True,52,48,21:33:55.307925
Bob saw a monkey outside I by the telescope in John,"[['SPORTS', 0.06125711], ['ARTS AND ENTERTAINMENT', 0.05130663], ['BUSINESS', 0.05119383], ['HEALTH AND FITNESS', 0.05040225], ['EDUCATION', 0.04977357]]","[['FAMILY AND PARENTING', 0.999909], ['SCIENCE', 6.40619e-05], ['HOBBIES AND INTERESTS', 1.53414e-05], ['NON STANDARD CONTENT', 7.33083e-07], ['STYLE AND FASHION', 4.12484e-07]]",True,53,49,21:34:00.492046
Bob saw a monkey outside I with the telescope in John,"[['SPORTS', 0.06125711], ['ARTS AND ENTERTAINMENT', 0.05130663], ['BUSINESS', 0.05119383], ['HEALTH AND FITNESS', 0.05040225], ['EDUCATION', 0.04977357]]","[['FAMILY AND PARENTING', 0.999882], ['SCIENCE', 7.82531e-05], ['HOBBIES AND INTERESTS', 2.2004e-05], ['NON STANDARD CONTENT', 1.00457e-06], ['HEALTH AND FITNESS', 8.38883e-07]]",True,54,50,21:34:05.818929
Bob saw my monkey outside I with the telescope in John,"[['SPORTS', 0.05875808], ['HEALTH AND FITNESS', 0.05357526], ['EDUCATION', 0.05033422], ['ARTS AND ENTERTAINMENT', 0.05009014], ['HOBBIES AND INTERESTS', 0.04974576]]","[['FAMILY AND PARENTING', 0.999732], ['HOBBIES AND INTERESTS', 0.000174895], ['SCIENCE', 8.31177e-05], ['NON STANDARD CONTENT', 2.71936e-06], ['HEALTH AND FITNESS', 1.2197e-06]]",True,55,51,21:34:10.663276
Bob saw my monkey outside I on the telescope in John,"[['SPORTS', 0.05875808], ['HEALTH AND FITNESS', 0.05357526], ['EDUCATION', 0.05033422], ['ARTS AND ENTERTAINMENT', 0.05009014], ['HOBBIES AND INTERESTS', 0.04974576]]","[['FAMILY AND PARENTING', 0.999773], ['HOBBIES AND INTERESTS', 0.00015101], ['SCIENCE', 7.06032e-05], ['NON STANDARD CONTENT', 2.03472e-06], ['SPORTS', 4.39918e-07]]",True,56,52,21:34:15.781403
Bob saw my monkey outside I on the telescope with John,"[['SPORTS', 0.05875808], ['HEALTH AND FITNESS', 0.05357526], ['EDUCATION', 0.05033422], ['ARTS AND ENTERTAINMENT', 0.05009014], ['HOBBIES AND INTERESTS', 0.04974576]]","[['FAMILY AND PARENTING', 0.99917], ['HOBBIES AND INTERESTS', 0.000747406], ['SCIENCE', 7.5391e-05], ['SOCIETY', 2.25508e-06], ['EDUCATION', 9.56871e-07]]",True,57,53,21:34:21.025450
Bob ate my monkey outside I on the telescope with John,"[['SPORTS', 0.05890687], ['HEALTH AND FITNESS', 0.05158025], ['EDUCATION', 0.04997621], ['ARTS AND ENTERTAINMENT', 0.04959717], ['TRAVEL', 0.04944327]]","[['FAMILY AND PARENTING', 0.773729], ['NON STANDARD CONTENT', 0.226211], ['SCIENCE', 5.39566e-05], ['HOBBIES AND INTERESTS', 1.5041e-06], ['EDUCATION', 5.0602e-07]]",True,58,54,21:34:26.094517
Bob ate my monkey outside I on the monkey with John,"[['SPORTS', 0.05992948], ['HEALTH AND FITNESS', 0.0515606], ['ARTS AND ENTERTAINMENT', 0.05024279], ['TRAVEL', 0.04996342], ['RELIGION AND SPIRITUALITY', 0.04948403]]","[['FAMILY AND PARENTING', 0.862238], ['NON STANDARD CONTENT', 0.137745], ['EDUCATION', 9.24265e-06], ['STYLE AND FASHION', 1.32783e-06], ['HOBBIES AND INTERESTS', 8.84013e-07]]",True,59,55,21:34:30.950845
Bob ate my pajamas outside I on the monkey with John,"[['SPORTS', 0.06018545], ['HEALTH AND FITNESS', 0.05266684], ['EDUCATION', 0.05003661], ['TRAVEL', 0.04989656], ['ARTS AND ENTERTAINMENT', 0.04945134]]","[['NON STANDARD CONTENT', 0.999846], ['SCIENCE', 0.000143518], ['EDUCATION', 3.5862e-06], ['SPORTS', 7.36611e-07], ['FOOD AND DRINK', 6.21577e-07]]",True,60,56,21:34:35.848251
Bob ate my pajamas outside I on an monkey with John,"[['SPORTS', 0.06018545], ['HEALTH AND FITNESS', 0.05266684], ['EDUCATION', 0.05003661], ['TRAVEL', 0.04989656], ['ARTS AND ENTERTAINMENT', 0.04945134]]","[['NON STANDARD CONTENT', 0.99958], ['SCIENCE', 0.000411794], ['SPORTS', 1.33722e-06], ['HOBBIES AND INTERESTS', 1.30652e-06], ['FOOD AND DRINK', 1.22414e-06]]",True,61,57,21:34:41.265285
Bob killed my pajamas outside I on an monkey with John,"[['SPORTS', 0.05696484], ['RELIGION AND SPIRITUALITY', 0.05474837], ['TRAVEL', 0.05124309], ['HEALTH AND FITNESS', 0.05105117], ['LAW GOVERNMENT AND POLITICS', 0.04944917]]","[['SCIENCE', 0.865185], ['SPORTS', 0.0929599], ['HOBBIES AND INTERESTS', 0.0143208], ['TRAVEL', 0.0100218], ['CAREERS', 0.00227768]]",True,62,58,21:34:47.131734
Bob killed my pajamas outside I on an monkey by John,"[['SPORTS', 0.05696484], ['RELIGION AND SPIRITUALITY', 0.05474837], ['TRAVEL', 0.05124309], ['HEALTH AND FITNESS', 0.05105117], ['LAW GOVERNMENT AND POLITICS', 0.04944917]]","[['SCIENCE', 0.961025], ['SPORTS', 0.0249858], ['PETS', 0.00205371], ['TRAVEL', 0.000830252], ['HOBBIES AND INTERESTS', 0.000803167]]",True,63,59,21:34:52.818436
Mary killed my pajamas outside I on an monkey by John,"[['RELIGION AND SPIRITUALITY', 0.05966072], ['HEALTH AND FITNESS', 0.05190533], ['EDUCATION', 0.05060913], ['SPORTS', 0.04965971], ['TRAVEL', 0.04956435]]","[['SCIENCE', 0.99361], ['SPORTS', 0.00140361], ['PETS', 0.000634549], ['HOBBIES AND INTERESTS', 0.000451082], ['CAREERS', 0.000317881]]",True,64,60,21:34:57.889445
Mary ate my pajamas outside I on an monkey by John,"[['RELIGION AND SPIRITUALITY', 0.05383383], ['HEALTH AND FITNESS', 0.05358914], ['SPORTS', 0.05250759], ['EDUCATION', 0.05154247], ['TECHNOLOGY AND COMPUTING', 0.04963387]]","[['NON STANDARD CONTENT', 0.993361], ['SCIENCE', 0.00661872], ['FOOD AND DRINK', 3.78621e-06], ['SPORTS', 3.02117e-06], ['HOBBIES AND INTERESTS', 9.85047e-07]]",True,65,61,21:35:03.086105
Mary ate my pajamas outside Mary on an monkey by John,"[['HEALTH AND FITNESS', 0.05479438], ['RELIGION AND SPIRITUALITY', 0.05342], ['EDUCATION', 0.05286085], ['BUSINESS', 0.04962401], ['SPORTS', 0.04926107]]","[['SPORTS', 0.999106], ['NON STANDARD CONTENT', 0.000835646], ['SCIENCE', 5.77366e-05], ['FOOD AND DRINK', 7.31994e-08], ['CAREERS', 2.64206e-08]]",True,66,62,21:35:08.396485
Mary walked my pajamas outside Mary on an monkey by John,"[['RELIGION AND SPIRITUALITY', 0.0555176], ['HEALTH AND FITNESS', 0.0536997], ['EDUCATION', 0.05108162], ['SPORTS', 0.04908186], ['PETS', 0.04904151]]","[['SPORTS', 0.99999], ['SCIENCE', 9.98446e-06], ['TRAVEL', 1.70864e-08], ['CAREERS', 1.67403e-08], ['HOME AND GARDEN', 1.59965e-08]]",True,67,63,21:35:14.783507
John walked my pajamas outside Mary on an monkey by John,"[['RELIGION AND SPIRITUALITY', 0.0555176], ['HEALTH AND FITNESS', 0.0536997], ['EDUCATION', 0.05108162], ['SPORTS', 0.04908186], ['PETS', 0.04904151]]","[['SPORTS', 0.999968], ['SCIENCE', 2.71299e-05], ['TRAVEL', 5.71506e-08], ['HOBBIES AND INTERESTS', 3.93912e-08], ['RELIGION AND SPIRITUALITY', 2.55741e-08]]",True,68,64,21:35:20.015873
John walked the pajamas outside Mary on an monkey by John,"[['RELIGION AND SPIRITUALITY', 0.05375526], ['HEALTH AND FITNESS', 0.05092973], ['SPORTS', 0.0508956], ['BUSINESS', 0.05080535], ['EDUCATION', 0.05072394]]","[['SPORTS', 0.994158], ['SCIENCE', 0.00580111], ['FOOD AND DRINK', 3.29112e-05], ['TRAVEL', 3.98147e-07], ['RELIGION AND SPIRITUALITY', 1.42351e-07]]",True,69,65,21:35:25.456716
John walked the pajamas outside Mary on an monkey by I,"[['SPORTS', 0.05533364], ['RELIGION AND SPIRITUALITY', 0.05395911], ['ARTS AND ENTERTAINMENT', 0.05030134], ['HEALTH AND FITNESS', 0.04954141], ['EDUCATION', 0.04953164]]","[['SPORTS', 0.997608], ['SCIENCE', 0.00235456], ['FOOD AND DRINK', 3.54541e-05], ['TRAVEL', 5.67578e-08], ['HEALTH AND FITNESS', 4.50678e-08]]",True,70,66,21:35:30.426403
John walked the pajamas outside Mary on an pajamas by I,"[['RELIGION AND SPIRITUALITY', 0.05497083], ['SPORTS', 0.05333628], ['ARTS AND ENTERTAINMENT', 0.05192005], ['HEALTH AND FITNESS', 0.05018341], ['EDUCATION', 0.04977384]]","[['SCIENCE', 0.864648], ['SPORTS', 0.0946662], ['FOOD AND DRINK', 0.0406803], ['CAREERS', 1.318e-07], ['TRAVEL', 8.94916e-08]]",True,71,67,21:35:35.676845
John walked the pajamas outside Mary on a pajamas by I,"[['RELIGION AND SPIRITUALITY', 0.05497083], ['SPORTS', 0.05333628], ['ARTS AND ENTERTAINMENT', 0.05192005], ['HEALTH AND FITNESS', 0.05018341], ['EDUCATION', 0.04977384]]","[['SCIENCE', 0.817165], ['SPORTS', 0.125212], ['FOOD AND DRINK', 0.0576174], ['RELIGION AND SPIRITUALITY', 1.6132e-07], ['CAREERS', 8.4307e-08]]",True,72,68,21:35:41.206270
John killed the pajamas outside Mary on a pajamas by I,"[['RELIGION AND SPIRITUALITY', 0.05860496], ['SPORTS', 0.05056737], ['EDUCATION', 0.05056658], ['LAW GOVERNMENT AND POLITICS', 0.05013293], ['HEALTH AND FITNESS', 0.04972274]]","[['SCIENCE', 0.879482], ['STYLE AND FASHION', 0.102193], ['SPORTS', 0.0159543], ['FOOD AND DRINK', 0.00236997], ['CAREERS', 1.39432e-08]]",True,73,69,21:35:46.688415
John killed the dog outside Mary on a pajamas by I,"[['RELIGION AND SPIRITUALITY', 0.05719473], ['PETS', 0.05533863], ['EDUCATION', 0.05237947], ['ARTS AND ENTERTAINMENT', 0.05014243], ['LAW GOVERNMENT AND POLITICS', 0.04972706]]","[['STYLE AND FASHION', 0.983732], ['SPORTS', 0.012154], ['ARTS AND ENTERTAINMENT', 0.00339744], ['PETS', 0.000715725], ['SCIENCE', 5.10903e-07]]",True,74,70,21:35:52.628049
John killed the dog outside Mary on a pajamas on I,"[['RELIGION AND SPIRITUALITY', 0.05719473], ['PETS', 0.05533863], ['EDUCATION', 0.05237947], ['ARTS AND ENTERTAINMENT', 0.05014243], ['LAW GOVERNMENT AND POLITICS', 0.04972706]]","[['STYLE AND FASHION', 0.978726], ['SPORTS', 0.0160821], ['ARTS AND ENTERTAINMENT', 0.0042682], ['PETS', 0.000922474], ['SCIENCE', 1.08391e-06]]",True,75,71,21:35:57.565492
John killed the dog outside Mary on a pajamas on John,"[['PETS', 0.05705396], ['RELIGION AND SPIRITUALITY', 0.05663757], ['EDUCATION', 0.05360806], ['BUSINESS', 0.05209064], ['LAW GOVERNMENT AND POLITICS', 0.05086352]]","[['STYLE AND FASHION', 0.964566], ['SPORTS', 0.0253656], ['ARTS AND ENTERTAINMENT', 0.0087919], ['PETS', 0.00120127], ['TRAVEL', 6.94501e-05]]",True,76,72,21:36:02.709090
John killed the dog by Mary on a pajamas on John,"[['PETS', 0.05658044], ['EDUCATION', 0.05352904], ['LAW GOVERNMENT AND POLITICS', 0.05228973], ['RELIGION AND SPIRITUALITY', 0.05187598], ['ARTS AND ENTERTAINMENT', 0.04979341]]","[['PETS', 0.99989], ['STYLE AND FASHION', 0.00010637], ['SPORTS', 4.03987e-06], ['TRAVEL', 1.11949e-08], ['SCIENCE', 6.8545e-10]]",True,77,73,21:36:08.229944
John killed an dog by Mary on a pajamas on John,"[['PETS', 0.05658044], ['EDUCATION', 0.05352904], ['LAW GOVERNMENT AND POLITICS', 0.05228973], ['RELIGION AND SPIRITUALITY', 0.05187598], ['ARTS AND ENTERTAINMENT', 0.04979341]]","[['PETS', 0.943988], ['STYLE AND FASHION', 0.0498488], ['SPORTS', 0.00616059], ['TRAVEL', 1.69051e-06], ['SCIENCE', 1.16113e-06]]",True,78,74,21:36:13.155260
John shot an dog by Mary on a pajamas on John,"[['PETS', 0.05564466], ['EDUCATION', 0.05170966], ['ARTS AND ENTERTAINMENT', 0.05117303], ['SPORTS', 0.05044162], ['BUSINESS', 0.05014706]]","[['PETS', 0.924237], ['SPORTS', 0.0696999], ['SOCIETY', 0.00605966], ['TRAVEL', 2.30076e-06], ['SCIENCE', 6.8753e-07]]",True,79,75,21:36:18.004159
John ate an dog by Mary on a pajamas on John,"[['PETS', 0.05681781], ['EDUCATION', 0.05464375], ['ARTS AND ENTERTAINMENT', 0.05178643], ['LAW GOVERNMENT AND POLITICS', 0.04976057], ['BUSINESS', 0.04866454]]","[['PETS', 0.989825], ['SPORTS', 0.0101642], ['TRAVEL', 9.22438e-06], ['SCIENCE', 5.72229e-07], ['FOOD AND DRINK', 4.22109e-07]]",True,80,76,21:36:24.279023
John ate an dog by Mary on a man on John,"[['ARTS AND ENTERTAINMENT', 0.05525058], ['EDUCATION', 0.05479537], ['PETS', 0.05412945], ['LAW GOVERNMENT AND POLITICS', 0.05018982], ['HEALTH AND FITNESS', 0.0491565]]","[['PETS', 0.996731], ['SPORTS', 0.00324817], ['TRAVEL', 2.0334e-05], ['SCIENCE', 3.50356e-07], ['FOOD AND DRINK', 3.87238e-08]]",True,81,77,21:36:29.726360
John ate an dog by Mary on a man in John,"[['ARTS AND ENTERTAINMENT', 0.05525058], ['EDUCATION', 0.05479537], ['PETS', 0.05412945], ['LAW GOVERNMENT AND POLITICS', 0.05018982], ['HEALTH AND FITNESS', 0.0491565]]","[['PETS', 0.991661], ['SPORTS', 0.00833821], ['SCIENCE', 1.67476e-07], ['FOOD AND DRINK', 7.99484e-08], ['TRAVEL', 4.7941e-08]]",True,82,78,21:36:35.601611
John ate an dog by Mary on an man in John,"[['ARTS AND ENTERTAINMENT', 0.05525058], ['EDUCATION', 0.05479537], ['PETS', 0.05412945], ['LAW GOVERNMENT AND POLITICS', 0.05018982], ['HEALTH AND FITNESS', 0.0491565]]","[['PETS', 0.993211], ['SPORTS', 0.00678819], ['SCIENCE', 3.38459e-07], ['FOOD AND DRINK', 1.22412e-07], ['HOBBIES AND INTERESTS', 1.05671e-07]]",True,83,79,21:36:41.434384
John saw an dog by Mary on an man in John,"[['ARTS AND ENTERTAINMENT', 0.05571112], ['EDUCATION', 0.05482232], ['PETS', 0.05288378], ['HOBBIES AND INTERESTS', 0.05222471], ['LAW GOVERNMENT AND POLITICS', 0.05053512]]","[['PETS', 0.966699], ['SPORTS', 0.0332983], ['TRAVEL', 7.26421e-07], ['HOBBIES AND INTERESTS', 6.74587e-07], ['NON STANDARD CONTENT', 1.30413e-07]]",True,84,80,21:36:46.414765
John saw an dog on Mary on an man in John,"[['ARTS AND ENTERTAINMENT', 0.05571112], ['EDUCATION', 0.05482232], ['PETS', 0.05288378], ['HOBBIES AND INTERESTS', 0.05222471], ['LAW GOVERNMENT AND POLITICS', 0.05053512]]","[['SPORTS', 0.958846], ['EDUCATION', 0.0408747], ['HOBBIES AND INTERESTS', 2.32879e-05], ['TRAVEL', 6.22649e-06], ['NON STANDARD CONTENT', 5.38211e-06]]",True,85,81,21:36:51.907094
John saw an dog on Mary on an cat in John,"[['PETS', 0.07348317], ['EDUCATION', 0.05392202], ['ARTS AND ENTERTAINMENT', 0.05244703], ['HOBBIES AND INTERESTS', 0.05194119], ['LAW GOVERNMENT AND POLITICS', 0.04947477]]","[['PETS', 0.934037], ['SPORTS', 0.0597852], ['EDUCATION', 0.00617268], ['NON STANDARD CONTENT', 6.88914e-07], ['HOBBIES AND INTERESTS', 2.3994e-07]]",True,86,82,21:36:57.086855
John saw an dog on Mary on an cat outside John,"[['PETS', 0.07443654], ['EDUCATION', 0.05395247], ['ARTS AND ENTERTAINMENT', 0.05178675], ['BUSINESS', 0.05095911], ['HOBBIES AND INTERESTS', 0.04948558]]","[['SPORTS', 0.849043], ['EDUCATION', 0.149258], ['PETS', 0.00165956], ['HOBBIES AND INTERESTS', 8.0745e-07], ['AUTOMOTIVE', 7.70266e-07]]",True,87,83,21:37:02.871312
John saw an dog on Mary outside an cat outside John,"[['PETS', 0.07443654], ['EDUCATION', 0.05395247], ['ARTS AND ENTERTAINMENT', 0.05178675], ['BUSINESS', 0.05095911], ['HOBBIES AND INTERESTS', 0.04948558]]","[['EDUCATION', 0.998242], ['PETS', 0.0017011], ['SPORTS', 1.5925e-05], ['NON STANDARD CONTENT', 1.71063e-06], ['HOBBIES AND INTERESTS', 1.50168e-06]]",True,88,84,21:37:08.144278
John saw a dog on Mary outside an cat outside John,"[['PETS', 0.07443654], ['EDUCATION', 0.05395247], ['ARTS AND ENTERTAINMENT', 0.05178675], ['BUSINESS', 0.05095911], ['HOBBIES AND INTERESTS', 0.04948558]]","[['EDUCATION', 0.963131], ['PETS', 0.0197125], ['SPORTS', 6.49456e-05], ['HOBBIES AND INTERESTS', 1.05408e-05], ['TRAVEL', 9.15471e-06]]",True,89,85,21:37:13.196759
John shot a dog on Mary outside an cat outside John,"[['PETS', 0.07453291], ['BUSINESS', 0.0510929], ['EDUCATION', 0.05097306], ['ARTS AND ENTERTAINMENT', 0.0506933], ['SPORTS', 0.05032009]]","[['EDUCATION', 0.546077], ['SOCIETY', 0.408345], ['PETS', 0.03347], ['SPORTS', 7.06622e-05], ['NON STANDARD CONTENT', 7.87293e-06]]",True,90,86,21:37:18.640325
John shot a elephant on Mary outside an cat outside John,"[['PETS', 0.0607552], ['SPORTS', 0.05494689], ['HEALTH AND FITNESS', 0.05180018], ['BUSINESS', 0.0507093], ['RELIGION AND SPIRITUALITY', 0.0503556]]","[['SOCIETY', 0.710312], ['EDUCATION', 0.289063], ['PETS', 0.000542549], ['SPORTS', 2.71136e-05], ['NON STANDARD CONTENT', 8.43225e-06]]",True,91,87,21:37:23.841390
John shot a elephant on Bob outside an cat outside John,"[['SPORTS', 0.06287813], ['PETS', 0.06272352], ['BUSINESS', 0.05156296], ['HEALTH AND FITNESS', 0.05082517], ['ARTS AND ENTERTAINMENT', 0.05004464]]","[['SOCIETY', 0.868061], ['SPORTS', 0.130904], ['PETS', 0.000871366], ['HEALTH AND FITNESS', 2.86691e-05], ['NON STANDARD CONTENT', 2.19274e-05]]",True,92,88,21:37:29.612938
John shot a elephant on Bob by an cat outside John,"[['SPORTS', 0.06287813], ['PETS', 0.06272352], ['BUSINESS', 0.05156296], ['HEALTH AND FITNESS', 0.05082517], ['ARTS AND ENTERTAINMENT', 0.05004464]]","[['SOCIETY', 0.930617], ['SPORTS', 0.0688975], ['PETS', 0.000436092], ['HEALTH AND FITNESS', 1.21873e-05], ['HOBBIES AND INTERESTS', 4.0547e-06]]",True,93,89,21:37:34.462502
John shot a elephant outside Bob by an cat outside John,"[['SPORTS', 0.06287813], ['PETS', 0.06272352], ['BUSINESS', 0.05156296], ['HEALTH AND FITNESS', 0.05082517], ['ARTS AND ENTERTAINMENT', 0.05004464]]","[['SOCIETY', 0.99915], ['PETS', 0.000703033], ['HEALTH AND FITNESS', 3.05546e-05], ['NON STANDARD CONTENT', 1.69965e-05], ['SPORTS', 1.48363e-05]]",True,94,90,21:37:40.386445
John shot an elephant outside Bob by an cat outside John,"[['SPORTS', 0.06287813], ['PETS', 0.06272352], ['BUSINESS', 0.05156296], ['HEALTH AND FITNESS', 0.05082517], ['ARTS AND ENTERTAINMENT', 0.05004464]]","[['SOCIETY', 0.998639], ['PETS', 0.000873807], ['HEALTH AND FITNESS', 0.000247512], ['SPORTS', 7.95519e-05], ['NON STANDARD CONTENT', 2.82483e-05]]",True,95,91,21:37:45.894516
John killed an elephant outside Bob by an cat outside John,"[['PETS', 0.06396577], ['SPORTS', 0.05229448], ['BUSINESS', 0.0512624], ['LAW GOVERNMENT AND POLITICS', 0.05120005], ['RELIGION AND SPIRITUALITY', 0.05025717]]","[['STYLE AND FASHION', 0.999712], ['PETS', 0.000255295], ['SPORTS', 2.06564e-05], ['HEALTH AND FITNESS', 4.98208e-06], ['NON STANDARD CONTENT', 7.67441e-07]]",True,96,92,21:37:51.122278
John killed an elephant outside Mary by an cat outside John,"[['PETS', 0.06184791], ['RELIGION AND SPIRITUALITY', 0.05480067], ['EDUCATION', 0.05147398], ['LAW GOVERNMENT AND POLITICS', 0.05073781], ['BUSINESS', 0.05032376]]","[['STYLE AND FASHION', 0.999701], ['PETS', 0.00028495], ['SPORTS', 5.73619e-06], ['HEALTH AND FITNESS', 1.49654e-06], ['RELIGION AND SPIRITUALITY', 6.53876e-07]]",True,97,93,21:37:57.271725
John killed a elephant outside Mary by an cat outside John,"[['PETS', 0.06184791], ['RELIGION AND SPIRITUALITY', 0.05480067], ['EDUCATION', 0.05147398], ['LAW GOVERNMENT AND POLITICS', 0.05073781], ['BUSINESS', 0.05032376]]","[['STYLE AND FASHION', 0.999806], ['PETS', 0.00019115], ['SPORTS', 4.59572e-07], ['RELIGION AND SPIRITUALITY', 2.71407e-07], ['NON STANDARD CONTENT', 2.12502e-07]]",True,98,94,21:38:02.831060
John shot a elephant outside Mary by an cat outside John,"[['PETS', 0.0607552], ['SPORTS', 0.05494689], ['HEALTH AND FITNESS', 0.05180018], ['BUSINESS', 0.0507093], ['RELIGION AND SPIRITUALITY', 0.0503556]]","[['SOCIETY', 0.999372], ['PETS', 0.000535072], ['SPORTS', 3.14508e-05], ['NON STANDARD CONTENT', 7.98938e-06], ['HEALTH AND FITNESS', 5.76006e-06]]",True,99,95,21:38:08.661789
John shot a elephant outside Mary by the cat outside John,"[['PETS', 0.0607552], ['SPORTS', 0.05494689], ['HEALTH AND FITNESS', 0.05180018], ['BUSINESS', 0.0507093], ['RELIGION AND SPIRITUALITY', 0.0503556]]","[['PETS', 0.971115], ['SOCIETY', 0.0288778], ['SPORTS', 1.3323e-06], ['ARTS AND ENTERTAINMENT', 1.07848e-06], ['HOBBIES AND INTERESTS', 9.54432e-07]]",True,100,96,21:38:14.805880
John ate a elephant outside Mary by the cat outside John,"[['PETS', 0.06210781], ['EDUCATION', 0.05254627], ['HEALTH AND FITNESS', 0.0513564], ['ARTS AND ENTERTAINMENT', 0.04959029], ['RELIGION AND SPIRITUALITY', 0.04949835]]","[['PETS', 1.0], ['FOOD AND DRINK', 6.43538e-08], ['ARTS AND ENTERTAINMENT', 3.18068e-08], ['HOBBIES AND INTERESTS', 1.81613e-08], ['SPORTS', 1.14364e-08]]",True,101,97,21:38:21.202256
John ate a elephant outside Mary by the cat in John,"[['PETS', 0.06210781], ['EDUCATION', 0.05254627], ['HEALTH AND FITNESS', 0.0513564], ['ARTS AND ENTERTAINMENT', 0.04959029], ['RELIGION AND SPIRITUALITY', 0.04949835]]","[['PETS', 1.0], ['NON STANDARD CONTENT', 2.77709e-12], ['ARTS AND ENTERTAINMENT', 2.07219e-12], ['HEALTH AND FITNESS', 2.04881e-12], ['FOOD AND DRINK', 1.1021e-12]]",True,102,98,21:38:26.074882
John ate a elephant outside Mary outside the cat in John,"[['PETS', 0.06210781], ['EDUCATION', 0.05254627], ['HEALTH AND FITNESS', 0.0513564], ['ARTS AND ENTERTAINMENT', 0.04959029], ['RELIGION AND SPIRITUALITY', 0.04949835]]","[['PETS', 1.0], ['NON STANDARD CONTENT', 5.3898e-11], ['ARTS AND ENTERTAINMENT', 2.12708e-11], ['HEALTH AND FITNESS', 1.80991e-11], ['FOOD AND DRINK', 1.07006e-11]]",True,103,99,21:38:31.053567
John shot a elephant outside Mary outside the cat in John,"[['PETS', 0.0607552], ['SPORTS', 0.05494689], ['HEALTH AND FITNESS', 0.05180018], ['BUSINESS', 0.0507093], ['RELIGION AND SPIRITUALITY', 0.0503556]]","[['PETS', 0.999995], ['SOCIETY', 4.78636e-06], ['NON STANDARD CONTENT', 1.92636e-09], ['ARTS AND ENTERTAINMENT', 8.1256e-10], ['SPORTS', 2.57976e-10]]",True,104,100,21:38:36.260694
John shot a park outside Mary outside the cat in John,"[['PETS', 0.06021277], ['SPORTS', 0.0574449], ['TRAVEL', 0.05413997], ['HEALTH AND FITNESS', 0.05277116], ['BUSINESS', 0.05089943]]","[['PETS', 0.999929], ['TRAVEL', 6.50243e-05], ['SOCIETY', 5.94662e-06], ['SPORTS', 5.97003e-10], ['HOBBIES AND INTERESTS', 1.26887e-10]]",True,105,101,21:38:41.532170
John shot a park outside Mary with the cat in John,"[['PETS', 0.06021277], ['SPORTS', 0.0574449], ['TRAVEL', 0.05413997], ['HEALTH AND FITNESS', 0.05277116], ['BUSINESS', 0.05089943]]","[['PETS', 0.999989], ['TRAVEL', 1.02055e-05], ['SOCIETY', 1.2912e-06], ['SPORTS', 4.66792e-11], ['HOBBIES AND INTERESTS', 9.47622e-12]]",True,106,102,21:38:47.042005
John shot the park outside Mary with the cat in John,"[['PETS', 0.06021277], ['SPORTS', 0.0574449], ['TRAVEL', 0.05413997], ['HEALTH AND FITNESS', 0.05277116], ['BUSINESS', 0.05089943]]","[['PETS', 0.999968], ['TRAVEL', 2.99157e-05], ['SOCIETY', 2.30759e-06], ['SPORTS', 1.48212e-11], ['HOBBIES AND INTERESTS', 1.41182e-11]]",True,107,103,21:38:52.033947
John saw the park outside Mary with the cat in John,"[['PETS', 0.06023835], ['HEALTH AND FITNESS', 0.05372999], ['EDUCATION', 0.05266182], ['BUSINESS', 0.05085347], ['SPORTS', 0.05069964]]","[['PETS', 0.999895], ['TRAVEL', 0.000104734], ['HOBBIES AND INTERESTS', 1.06699e-10], ['SPORTS', 9.9535e-11], ['HEALTH AND FITNESS', 1.75884e-11]]",True,108,104,21:38:57.156849
John walked the park outside Mary with the cat in John,"[['PETS', 0.06203302], ['TRAVEL', 0.05216641], ['ARTS AND ENTERTAINMENT', 0.05122014], ['HEALTH AND FITNESS', 0.05107247], ['EDUCATION', 0.05070378]]","[['PETS', 0.999986], ['TRAVEL', 1.41517e-05], ['SPORTS', 2.17584e-09], ['HOBBIES AND INTERESTS', 3.42181e-11], ['HOME AND GARDEN', 2.8651e-11]]",True,109,105,21:39:02.728303
John walked the park outside Mary with the cat in Mary,"[['PETS', 0.06203302], ['TRAVEL', 0.05216641], ['ARTS AND ENTERTAINMENT', 0.05122014], ['HEALTH AND FITNESS', 0.05107247], ['EDUCATION', 0.05070378]]","[['PETS', 0.999979], ['TRAVEL', 2.1029e-05], ['SPORTS', 5.60072e-10], ['HOBBIES AND INTERESTS', 2.58857e-10], ['HOME AND GARDEN', 2.14049e-11]]",True,110,106,21:39:08.089777
John walked the park outside Mary with the fish in Mary,"[['SPORTS', 0.0573568], ['RELIGION AND SPIRITUALITY', 0.05645184], ['PETS', 0.05474329], ['TRAVEL', 0.05365403], ['ARTS AND ENTERTAINMENT', 0.05122887]]","[['TRAVEL', 0.958401], ['SPORTS', 0.0414952], ['HOBBIES AND INTERESTS', 2.89225e-06], ['SCIENCE', 3.0218e-07], ['HOME AND GARDEN', 2.64483e-07]]",True,111,107,21:39:14.402136
John walked my park outside Mary with the fish in Mary,"[['RELIGION AND SPIRITUALITY', 0.05828704], ['PETS', 0.05682038], ['TRAVEL', 0.05546825], ['SPORTS', 0.05529806], ['HEALTH AND FITNESS', 0.0506203]]","[['SPORTS', 0.737602], ['TRAVEL', 0.260921], ['HOBBIES AND INTERESTS', 1.06092e-05], ['SCIENCE', 4.7939e-06], ['FOOD AND DRINK', 1.93847e-06]]",True,112,108,21:39:20.548464
John walked my park outside Mary with the park in Mary,"[['TRAVEL', 0.05622053], ['RELIGION AND SPIRITUALITY', 0.05486054], ['HEALTH AND FITNESS', 0.05422021], ['EDUCATION', 0.05080643], ['ARTS AND ENTERTAINMENT', 0.05039294]]","[['TRAVEL', 0.999998], ['SPORTS', 1.91072e-06], ['HOBBIES AND INTERESTS', 1.02256e-07], ['HOME AND GARDEN', 2.7241e-09], ['PETS', 1.15053e-09]]",True,113,109,21:39:26.750185
John walked my park outside I with the park in Mary,"[['TRAVEL', 0.05644392], ['RELIGION AND SPIRITUALITY', 0.05530277], ['SPORTS', 0.05358902], ['HEALTH AND FITNESS', 0.05304412], ['ARTS AND ENTERTAINMENT', 0.05164843]]","[['TRAVEL', 0.999998], ['SPORTS', 1.26996e-06], ['HOBBIES AND INTERESTS', 5.06522e-08], ['PETS', 3.32833e-08], ['HOME AND GARDEN', 1.97269e-09]]",True,114,110,21:39:32.813939
John shot my park outside I with the park in Mary,"[['SPORTS', 0.0610292], ['TRAVEL', 0.05843591], ['HEALTH AND FITNESS', 0.05548426], ['RELIGION AND SPIRITUALITY', 0.05419729], ['ARTS AND ENTERTAINMENT', 0.05034817]]","[['TRAVEL', 0.999861], ['SOCIETY', 0.000139168], ['HOBBIES AND INTERESTS', 2.83229e-08], ['PETS', 5.63786e-09], ['SPORTS', 1.26894e-09]]",True,115,111,21:39:39.573668
John shot my park outside I with the fish in Mary,"[['SPORTS', 0.0673122], ['TRAVEL', 0.05759806], ['RELIGION AND SPIRITUALITY', 0.05752649], ['PETS', 0.053269], ['FOOD AND DRINK', 0.05192892]]","[['TRAVEL', 0.508529], ['SOCIETY', 0.488309], ['SPORTS', 0.00221613], ['HOBBIES AND INTERESTS', 6.14137e-06], ['PETS', 6.82566e-07]]",True,116,112,21:39:45.644792
John shot my park outside I with a fish in Mary,"[['SPORTS', 0.0673122], ['TRAVEL', 0.05759806], ['RELIGION AND SPIRITUALITY', 0.05752649], ['PETS', 0.053269], ['FOOD AND DRINK', 0.05192892]]","[['SOCIETY', 0.506946], ['TRAVEL', 0.49119], ['SPORTS', 0.00139458], ['HOBBIES AND INTERESTS', 6.38911e-06], ['PETS', 7.94433e-07]]",True,117,113,21:39:51.266548
John ate my park outside I with a fish in Mary,"[['SPORTS', 0.05933741], ['RELIGION AND SPIRITUALITY', 0.05649684], ['FOOD AND DRINK', 0.0560804], ['TRAVEL', 0.05482783], ['PETS', 0.05457394]]","[['TRAVEL', 0.544382], ['NON STANDARD CONTENT', 0.446484], ['SPORTS', 0.00789079], ['HOBBIES AND INTERESTS', 1.30586e-05], ['PETS', 9.31419e-06]]",True,118,114,21:39:57.410638
I ate my park outside I with a fish in Mary,"[['TRAVEL', 0.05817315], ['SPORTS', 0.05780888], ['FOOD AND DRINK', 0.05707198], ['RELIGION AND SPIRITUALITY', 0.05528081], ['PETS', 0.05478321]]","[['TRAVEL', 0.542955], ['NON STANDARD CONTENT', 0.452057], ['SPORTS', 0.00361257], ['PETS', 1.73386e-05], ['HOBBIES AND INTERESTS', 8.80549e-06]]",True,119,115,21:40:03.246588
I ate my park outside I with a fish in Bob,"[['SPORTS', 0.06617121], ['TRAVEL', 0.06001507], ['PETS', 0.05657343], ['FOOD AND DRINK', 0.05592246], ['RELIGION AND SPIRITUALITY', 0.05062079]]","[['TRAVEL', 0.549906], ['NON STANDARD CONTENT', 0.443041], ['SPORTS', 0.0062954], ['PETS', 5.00078e-06], ['FOOD AND DRINK', 3.94966e-06]]",False,120,115,21:40:09.119323
I ate my cat outside I with a fish in Mary,"[['PETS', 0.07821624], ['FOOD AND DRINK', 0.05482303], ['RELIGION AND SPIRITUALITY', 0.05370246], ['SPORTS', 0.05301116], ['TECHNOLOGY AND COMPUTING', 0.05113079]]","[['NON STANDARD CONTENT', 0.991739], ['SPORTS', 0.00419725], ['PETS', 0.00363525], ['FOOD AND DRINK', 1.06775e-05], ['HOBBIES AND INTERESTS', 8.95373e-06]]",True,121,116,21:40:15.306430
I ate my cat outside I with my fish in Mary,"[['PETS', 0.07874875], ['FOOD AND DRINK', 0.05461338], ['RELIGION AND SPIRITUALITY', 0.05351793], ['SPORTS', 0.0527045], ['TECHNOLOGY AND COMPUTING', 0.05100702]]","[['NON STANDARD CONTENT', 0.997868], ['PETS', 0.00205174], ['SPORTS', 2.2992e-05], ['HOBBIES AND INTERESTS', 8.05398e-06], ['HEALTH AND FITNESS', 2.77243e-06]]",True,122,117,21:40:21.371482
I ate a cat outside I with my fish in Mary,"[['PETS', 0.0750123], ['FOOD AND DRINK', 0.05486719], ['RELIGION AND SPIRITUALITY', 0.05388517], ['SPORTS', 0.0529805], ['TECHNOLOGY AND COMPUTING', 0.05127434]]","[['PETS', 1.0], ['SPORTS', 1.4341e-08], ['HEALTH AND FITNESS', 6.52793e-09], ['HOBBIES AND INTERESTS', 2.92057e-09], ['FOOD AND DRINK', 1.37413e-09]]",True,123,118,21:40:27.211740
John ate a cat outside I with my fish in Mary,"[['PETS', 0.07472324], ['RELIGION AND SPIRITUALITY', 0.05506864], ['SPORTS', 0.05437952], ['FOOD AND DRINK', 0.05391208], ['HEALTH AND FITNESS', 0.05033127]]","[['PETS', 1.0], ['SPORTS', 9.63334e-09], ['HEALTH AND FITNESS', 2.473e-09], ['HOBBIES AND INTERESTS', 1.66064e-09], ['SCIENCE', 3.48081e-10]]",True,124,119,21:40:32.788619
John ate a cat outside I with a fish in Mary,"[['PETS', 0.0715057], ['SPORTS', 0.05676048], ['FOOD AND DRINK', 0.05463726], ['RELIGION AND SPIRITUALITY', 0.05354502], ['ARTS AND ENTERTAINMENT', 0.05097682]]","[['PETS', 0.999996], ['SPORTS', 3.88946e-06], ['HEALTH AND FITNESS', 8.74552e-09], ['FOOD AND DRINK', 5.71514e-09], ['HOBBIES AND INTERESTS', 5.39512e-09]]",True,125,120,21:40:38.882492
John ate a cat outside I with a fish on Mary,"[['PETS', 0.0715057], ['SPORTS', 0.05676048], ['FOOD AND DRINK', 0.05463726], ['RELIGION AND SPIRITUALITY', 0.05354502], ['ARTS AND ENTERTAINMENT', 0.05097682]]","[['PETS', 0.999875], ['EDUCATION', 0.000102584], ['SPORTS', 2.19894e-05], ['HEALTH AND FITNESS', 7.24667e-09], ['HOBBIES AND INTERESTS', 3.14563e-09]]",True,126,121,21:40:44.412109
John ate a cat outside I with a fish in Mary,"[['PETS', 0.0715057], ['SPORTS', 0.05676048], ['FOOD AND DRINK', 0.05463726], ['RELIGION AND SPIRITUALITY', 0.05354502], ['ARTS AND ENTERTAINMENT', 0.05097682]]","[['PETS', 0.999996], ['SPORTS', 3.88946e-06], ['HEALTH AND FITNESS', 8.74552e-09], ['FOOD AND DRINK', 5.71514e-09], ['HOBBIES AND INTERESTS', 5.39512e-09]]",True,126,121,21:40:50.293086
John ate a cat on I with a fish in Mary,"[['PETS', 0.07129542], ['SPORTS', 0.05438915], ['FOOD AND DRINK', 0.05412591], ['ARTS AND ENTERTAINMENT', 0.05136694], ['EDUCATION', 0.05007098]]","[['PETS', 1.0], ['SPORTS', 4.24153e-19], ['HEALTH AND FITNESS', 1.09404e-21], ['FOOD AND DRINK', 5.75688e-22], ['HOBBIES AND INTERESTS', 4.06353e-22]]",True,127,122,21:40:56.086542
John shot a cat on I with a fish in Mary,"[['PETS', 0.06977221], ['SPORTS', 0.06186487], ['ARTS AND ENTERTAINMENT', 0.05072134], ['TECHNOLOGY AND COMPUTING', 0.05025598], ['FOOD AND DRINK', 0.05024989]]","[['PETS', 1.0], ['SOCIETY', 2.01817e-15], ['SPORTS', 1.44364e-17], ['HOBBIES AND INTERESTS', 4.12795e-20], ['HEALTH AND FITNESS', 2.78061e-20]]",True,128,123,21:41:02.538906
John shot a cat on I with a fish in Bob,"[['PETS', 0.0719724], ['SPORTS', 0.07073545], ['ARTS AND ENTERTAINMENT', 0.0518161], ['FOOD AND DRINK', 0.04918321], ['LAW GOVERNMENT AND POLITICS', 0.04811853]]","[['PETS', 1.0], ['SOCIETY', 6.8496e-16], ['SPORTS', 1.25171e-17], ['HOBBIES AND INTERESTS', 7.48556e-21], ['HEALTH AND FITNESS', 2.53793e-21]]",True,129,124,21:41:08.372779
John killed a cat on I with a fish in Bob,"[['PETS', 0.07346507], ['SPORTS', 0.05888315], ['ARTS AND ENTERTAINMENT', 0.05061364], ['LAW GOVERNMENT AND POLITICS', 0.05046575], ['RELIGION AND SPIRITUALITY', 0.04977703]]","[['PETS', 1.0], ['STYLE AND FASHION', 5.87755e-15], ['SPORTS', 2.23508e-18], ['HEALTH AND FITNESS', 2.48982e-21], ['HOBBIES AND INTERESTS', 6.63018e-22]]",True,130,125,21:41:14.825406
John killed a cat on I with a fish outside Bob,"[['PETS', 0.07430958], ['SPORTS', 0.06128525], ['RELIGION AND SPIRITUALITY', 0.05431123], ['FOOD AND DRINK', 0.04999561], ['ARTS AND ENTERTAINMENT', 0.04990349]]","[['PETS', 1.0], ['STYLE AND FASHION', 1.51835e-14], ['SPORTS', 3.84477e-19], ['HEALTH AND FITNESS', 5.59658e-21], ['HOBBIES AND INTERESTS', 1.55205e-21]]",True,131,126,21:41:20.661452
John killed my cat on I with a fish outside Bob,"[['PETS', 0.08102899], ['SPORTS', 0.05885171], ['RELIGION AND SPIRITUALITY', 0.05571179], ['FOOD AND DRINK', 0.04932823], ['ARTS AND ENTERTAINMENT', 0.04849234]]","[['PETS', 1.0], ['STYLE AND FASHION', 4.52246e-10], ['SPORTS', 6.13325e-15], ['HEALTH AND FITNESS', 9.6498e-19], ['HOBBIES AND INTERESTS', 8.8436e-19]]",True,132,127,21:41:26.505060
John killed my cat on I in a fish outside Bob,"[['PETS', 0.08102899], ['SPORTS', 0.05885171], ['RELIGION AND SPIRITUALITY', 0.05571179], ['FOOD AND DRINK', 0.04932823], ['ARTS AND ENTERTAINMENT', 0.04849234]]","[['PETS', 1.0], ['STYLE AND FASHION', 1.39976e-10], ['SPORTS', 1.04896e-15], ['HOBBIES AND INTERESTS', 9.64597e-20], ['SCIENCE', 6.06912e-20]]",True,133,128,21:41:32.720903
John shot my cat on I in a fish outside Bob,"[['PETS', 0.07929232], ['SPORTS', 0.07053901], ['RELIGION AND SPIRITUALITY', 0.0511499], ['ARTS AND ENTERTAINMENT', 0.05009993], ['FOOD AND DRINK', 0.04891037]]","[['PETS', 1.0], ['SOCIETY', 6.14183e-12], ['SPORTS', 7.26343e-15], ['HOBBIES AND INTERESTS', 4.53526e-19], ['FOOD AND DRINK', 2.08734e-19]]",True,134,129,21:41:38.172172
John shot my cat on I in the fish outside Bob,"[['PETS', 0.07929232], ['SPORTS', 0.07053901], ['RELIGION AND SPIRITUALITY', 0.0511499], ['ARTS AND ENTERTAINMENT', 0.05009993], ['FOOD AND DRINK', 0.04891037]]","[['PETS', 1.0], ['SOCIETY', 1.87053e-12], ['SPORTS', 5.74932e-15], ['HOBBIES AND INTERESTS', 2.35478e-19], ['FOOD AND DRINK', 8.52973e-20]]",True,135,130,21:41:46.187774
John shot my cat on I by the fish outside Bob,"[['PETS', 0.07929232], ['SPORTS', 0.07053901], ['RELIGION AND SPIRITUALITY', 0.0511499], ['ARTS AND ENTERTAINMENT', 0.05009993], ['FOOD AND DRINK', 0.04891037]]","[['PETS', 1.0], ['SOCIETY', 1.83361e-12], ['SPORTS', 5.26993e-15], ['HOBBIES AND INTERESTS', 2.62881e-19], ['FOOD AND DRINK', 7.29912e-20]]",True,136,131,21:41:51.740780
John shot my dog on I by the fish outside Bob,"[['PETS', 0.07153674], ['SPORTS', 0.06731634], ['RELIGION AND SPIRITUALITY', 0.05265116], ['ARTS AND ENTERTAINMENT', 0.05215718], ['TRAVEL', 0.05038274]]","[['SOCIETY', 0.934457], ['SPORTS', 0.0637576], ['PETS', 4.52904e-06], ['AUTOMOTIVE', 2.99789e-06], ['FOOD AND DRINK', 1.71466e-06]]",True,137,132,21:41:57.543506
John shot an dog on I by the fish outside Bob,"[['SPORTS', 0.0701275], ['PETS', 0.0655393], ['ARTS AND ENTERTAINMENT', 0.05337729], ['RELIGION AND SPIRITUALITY', 0.05101071], ['FOOD AND DRINK', 0.05020985]]","[['SOCIETY', 0.957063], ['SPORTS', 0.0395009], ['PETS', 5.46738e-06], ['AUTOMOTIVE', 3.31133e-06], ['FOOD AND DRINK', 2.43123e-06]]",True,138,133,21:42:03.977372
John saw an dog on I by the fish outside Bob,"[['PETS', 0.06564702], ['SPORTS', 0.06196842], ['ARTS AND ENTERTAINMENT', 0.05468897], ['EDUCATION', 0.05053334], ['RELIGION AND SPIRITUALITY', 0.0498812]]","[['SPORTS', 0.854817], ['FOOD AND DRINK', 0.00038559], ['PETS', 9.36137e-05], ['AUTOMOTIVE', 7.17085e-05], ['HOBBIES AND INTERESTS', 2.31376e-05]]",True,139,134,21:42:09.507150
John saw an dog on I by the park outside Bob,"[['SPORTS', 0.05871225], ['ARTS AND ENTERTAINMENT', 0.05506902], ['PETS', 0.05461993], ['TRAVEL', 0.05450233], ['EDUCATION', 0.05165597]]","[['TRAVEL', 0.999999], ['SPORTS', 8.39961e-07], ['PETS', 2.57027e-08], ['FOOD AND DRINK', 3.12741e-09], ['AUTOMOTIVE', 9.30574e-10]]",True,140,135,21:42:15.960842
John walked an dog on I by the park outside Bob,"[['SPORTS', 0.0583119], ['TRAVEL', 0.05632566], ['PETS', 0.05626552], ['ARTS AND ENTERTAINMENT', 0.05568089], ['EDUCATION', 0.04975153]]","[['TRAVEL', 0.999991], ['SPORTS', 3.8089e-06], ['PETS', 1.37476e-06], ['HOBBIES AND INTERESTS', 1.36184e-08], ['RELIGION AND SPIRITUALITY', 5.77545e-09]]",True,141,136,21:42:21.531991
John walked an dog in I by the park outside Bob,"[['SPORTS', 0.0583119], ['TRAVEL', 0.05632566], ['PETS', 0.05626552], ['ARTS AND ENTERTAINMENT', 0.05568089], ['EDUCATION', 0.04975153]]","[['TRAVEL', 0.999699], ['PETS', 0.00029287], ['SPORTS', 3.86571e-06], ['HOBBIES AND INTERESTS', 1.57386e-08], ['SCIENCE', 1.37699e-08]]",True,142,137,21:42:27.018689
I walked an dog in I by the park outside Bob,"[['TRAVEL', 0.05971747], ['PETS', 0.05667961], ['SPORTS', 0.05638701], ['ARTS AND ENTERTAINMENT', 0.05306723], ['AUTOMOTIVE', 0.04967491]]","[['TRAVEL', 0.999597], ['PETS', 0.000399756], ['SPORTS', 2.5188e-06], ['HOBBIES AND INTERESTS', 1.83696e-08], ['SCIENCE', 1.529e-08]]",True,143,138,21:42:32.853713
I walked an dog in I by the park outside I,"[['TRAVEL', 0.06022992], ['PETS', 0.05487513], ['AUTOMOTIVE', 0.05150861], ['ARTS AND ENTERTAINMENT', 0.05106924], ['SPORTS', 0.05105678]]","[['TRAVEL', 0.996617], ['PETS', 0.00336968], ['SPORTS', 7.575e-06], ['SCIENCE', 4.02859e-07], ['HOBBIES AND INTERESTS', 6.50951e-08]]",True,144,139,21:42:38.390712
I walked an cat in I by the park outside I,"[['PETS', 0.06110958], ['TRAVEL', 0.05784497], ['SPORTS', 0.05373692], ['ARTS AND ENTERTAINMENT', 0.04900457], ['RELIGION AND SPIRITUALITY', 0.04877721]]","[['TRAVEL', 0.670964], ['PETS', 0.329022], ['SPORTS', 5.09627e-06], ['HOBBIES AND INTERESTS', 3.8469e-07], ['STYLE AND FASHION', 7.68925e-08]]",True,145,140,21:42:44.220367
I walked an cat in I by the park in I,"[['PETS', 0.06039425], ['TRAVEL', 0.05526221], ['SPORTS', 0.05225868], ['HOBBIES AND INTERESTS', 0.04994311], ['ARTS AND ENTERTAINMENT', 0.04931205]]","[['PETS', 0.999873], ['TRAVEL', 9.6321e-05], ['SPORTS', 1.42883e-05], ['HOBBIES AND INTERESTS', 4.42237e-07], ['HOME AND GARDEN', 4.19531e-07]]",False,146,140,21:42:50.671191
I ate an cat in I by the park outside I,"[['PETS', 0.0604908], ['TRAVEL', 0.0570456], ['SPORTS', 0.05440042], ['FOOD AND DRINK', 0.05136169], ['HEALTH AND FITNESS', 0.04956328]]","[['PETS', 0.650655], ['TRAVEL', 0.349341], ['SPORTS', 1.7152e-07], ['SCIENCE', 6.24029e-08], ['FAMILY AND PARENTING', 5.64545e-08]]",True,147,141,21:42:56.248789
I ate an cat in I by the park outside Mary,"[['PETS', 0.06044438], ['TRAVEL', 0.05477139], ['SPORTS', 0.0524365], ['HEALTH AND FITNESS', 0.0512507], ['FOOD AND DRINK', 0.05081425]]","[['PETS', 0.670687], ['TRAVEL', 0.329313], ['SCIENCE', 1.38964e-08], ['FAMILY AND PARENTING', 1.00014e-08], ['SPORTS', 9.52703e-09]]",True,148,142,21:43:02.959531
Mary ate an cat in I by the park outside Mary,"[['PETS', 0.06060834], ['TRAVEL', 0.05425234], ['SPORTS', 0.05200622], ['FOOD AND DRINK', 0.05107431], ['HEALTH AND FITNESS', 0.05101486]]","[['PETS', 0.676628], ['TRAVEL', 0.323372], ['SCIENCE', 1.53023e-08], ['FAMILY AND PARENTING', 8.84984e-09], ['HOBBIES AND INTERESTS', 7.76953e-09]]",True,149,143,21:43:08.796640
Mary ate an telescope in I by the park outside Mary,"[['TRAVEL', 0.05593943], ['SPORTS', 0.05291379], ['FOOD AND DRINK', 0.05237719], ['SCIENCE', 0.05196207], ['HEALTH AND FITNESS', 0.05162214]]","[['TRAVEL', 0.999989], ['SCIENCE', 1.0136e-05], ['HOBBIES AND INTERESTS', 3.29061e-08], ['FAMILY AND PARENTING', 2.73669e-08], ['SPORTS', 2.52944e-08]]",True,150,144,21:43:14.955745
Mary ate the telescope in I by the park outside Mary,"[['TRAVEL', 0.05593943], ['SPORTS', 0.05291379], ['FOOD AND DRINK', 0.05237719], ['SCIENCE', 0.05196207], ['HEALTH AND FITNESS', 0.05162214]]","[['TRAVEL', 0.999956], ['SCIENCE', 3.94546e-05], ['PETS', 2.05918e-06], ['HOBBIES AND INTERESTS', 1.03326e-07], ['SPORTS', 7.12405e-08]]",True,151,145,21:43:21.084267
Mary ate the telescope in I by the fish outside Mary,"[['FOOD AND DRINK', 0.05751553], ['SPORTS', 0.05586954], ['PETS', 0.05447525], ['RELIGION AND SPIRITUALITY', 0.05431554], ['SCIENCE', 0.05246046]]","[['SPORTS', 0.749458], ['SCIENCE', 0.00503649], ['PETS', 0.000470069], ['HOBBIES AND INTERESTS', 0.000277271], ['FOOD AND DRINK', 9.31631e-05]]",False,152,145,21:43:26.614224
Mary saw the telescope in I by the park outside Mary,"[['TRAVEL', 0.05497475], ['SPORTS', 0.05306665], ['HEALTH AND FITNESS', 0.05298392], ['SCIENCE', 0.05268626], ['HOBBIES AND INTERESTS', 0.05058855]]","[['TRAVEL', 0.999973], ['SCIENCE', 2.63856e-05], ['HOBBIES AND INTERESTS', 1.05401e-07], ['SPORTS', 3.31369e-08], ['RELIGION AND SPIRITUALITY', 7.79457e-09]]",False,153,145,21:43:32.541491
Mary ate the telescope by I by the park outside Mary,"[['TRAVEL', 0.05593943], ['SPORTS', 0.05291379], ['FOOD AND DRINK', 0.05237719], ['SCIENCE', 0.05196207], ['HEALTH AND FITNESS', 0.05162214]]","[['TRAVEL', 0.999923], ['SCIENCE', 6.86049e-05], ['PETS', 3.77973e-06], ['HOBBIES AND INTERESTS', 2.18065e-07], ['SPORTS', 1.43183e-07]]",True,154,146,21:43:38.574087
Mary ate my telescope by I by the park outside Mary,"[['TRAVEL', 0.05784261], ['HEALTH AND FITNESS', 0.05416435], ['FOOD AND DRINK', 0.05186718], ['RELIGION AND SPIRITUALITY', 0.05133746], ['SPORTS', 0.05097615]]","[['TRAVEL', 0.99123], ['NON STANDARD CONTENT', 0.00871002], ['SCIENCE', 5.74139e-05], ['SPORTS', 5.89811e-07], ['HOBBIES AND INTERESTS', 8.14613e-08]]",True,155,147,21:43:44.738158
Mary ate my telescope by John by the park outside Mary,"[['HEALTH AND FITNESS', 0.05534007], ['TRAVEL', 0.05480761], ['EDUCATION', 0.05330349], ['RELIGION AND SPIRITUALITY', 0.05188891], ['SPORTS', 0.0495769]]","[['TRAVEL', 0.989928], ['NON STANDARD CONTENT', 0.00980822], ['SCIENCE', 0.000244905], ['SPORTS', 4.43022e-06], ['HOBBIES AND INTERESTS', 2.03747e-06]]",True,156,148,21:43:50.555431
Mary ate my telescope by John in the park outside Mary,"[['HEALTH AND FITNESS', 0.05534007], ['TRAVEL', 0.05480761], ['EDUCATION', 0.05330349], ['RELIGION AND SPIRITUALITY', 0.05188891], ['SPORTS', 0.0495769]]","[['TRAVEL', 0.987836], ['NON STANDARD CONTENT', 0.0119664], ['SCIENCE', 0.000168386], ['HOBBIES AND INTERESTS', 1.56322e-05], ['SPORTS', 3.62282e-06]]",True,157,149,21:43:56.684545
Mary shot my telescope by John in the park outside Mary,"[['TRAVEL', 0.05762491], ['HEALTH AND FITNESS', 0.05676191], ['SPORTS', 0.05628689], ['RELIGION AND SPIRITUALITY', 0.05287871], ['EDUCATION', 0.05038608]]","[['TRAVEL', 0.9999], ['HEALTH AND FITNESS', 6.41411e-05], ['SCIENCE', 2.32871e-05], ['HOBBIES AND INTERESTS', 8.84028e-06], ['SPORTS', 1.63984e-06]]",True,158,150,21:44:02.215012
Mary shot my pajamas by John in the park outside Mary,"[['TRAVEL', 0.05814074], ['HEALTH AND FITNESS', 0.05794523], ['SPORTS', 0.05749627], ['RELIGION AND SPIRITUALITY', 0.05364572], ['EDUCATION', 0.05043616]]","[['TRAVEL', 0.999803], ['SCIENCE', 0.000128175], ['HEALTH AND FITNESS', 6.41231e-05], ['HOBBIES AND INTERESTS', 2.63313e-06], ['SPORTS', 4.39443e-07]]",True,159,151,21:44:08.410909
Mary saw my pajamas by John in the park outside Mary,"[['HEALTH AND FITNESS', 0.05867849], ['TRAVEL', 0.05466984], ['EDUCATION', 0.05373841], ['RELIGION AND SPIRITUALITY', 0.05222674], ['SPORTS', 0.05051394]]","[['TRAVEL', 0.999803], ['SCIENCE', 0.00018715], ['HOBBIES AND INTERESTS', 4.04281e-06], ['SPORTS', 6.39989e-07], ['CAREERS', 3.62859e-07]]",True,160,152,21:44:14.194571
Mary saw my pajamas by John in the park outside John,"[['HEALTH AND FITNESS', 0.05867849], ['TRAVEL', 0.05466984], ['EDUCATION', 0.05373841], ['RELIGION AND SPIRITUALITY', 0.05222674], ['SPORTS', 0.05051394]]","[['TRAVEL', 0.999604], ['SCIENCE', 0.000379678], ['HOBBIES AND INTERESTS', 7.3631e-06], ['SPORTS', 7.13727e-07], ['RELIGION AND SPIRITUALITY', 5.64022e-07]]",True,161,153,21:44:19.790565
Mary saw my park by John in the park outside John,"[['HEALTH AND FITNESS', 0.05745654], ['TRAVEL', 0.05475317], ['EDUCATION', 0.05294459], ['RELIGION AND SPIRITUALITY', 0.05236403], ['SPORTS', 0.05030835]]","[['TRAVEL', 0.999999], ['HOBBIES AND INTERESTS', 4.86604e-07], ['SPORTS', 1.41907e-08], ['SCIENCE', 7.19775e-09], ['RELIGION AND SPIRITUALITY', 5.58375e-09]]",True,162,154,21:44:25.868919
Mary saw my park outside John in the park outside John,"[['HEALTH AND FITNESS', 0.05745654], ['TRAVEL', 0.05475317], ['EDUCATION', 0.05294459], ['RELIGION AND SPIRITUALITY', 0.05236403], ['SPORTS', 0.05030835]]","[['TRAVEL', 1.0], ['HOBBIES AND INTERESTS', 6.28085e-13], ['SPORTS', 1.60498e-13], ['CAREERS', 1.54868e-13], ['RELIGION AND SPIRITUALITY', 1.33912e-13]]",True,163,155,21:44:31.723620
Mary saw my park outside Bob in the park outside John,"[['HEALTH AND FITNESS', 0.05828402], ['SPORTS', 0.05564187], ['TRAVEL', 0.05424782], ['ARTS AND ENTERTAINMENT', 0.05202799], ['EDUCATION', 0.05187133]]","[['TRAVEL', 1.0], ['SPORTS', 3.39713e-14], ['HOBBIES AND INTERESTS', 1.54406e-14], ['CAREERS', 7.94095e-15], ['FOOD AND DRINK', 7.54144e-15]]",True,164,156,21:44:38.156772
Bob saw my park outside Bob in the park outside John,"[['SPORTS', 0.05762314], ['TRAVEL', 0.05652354], ['HEALTH AND FITNESS', 0.05642705], ['EDUCATION', 0.05136078], ['ARTS AND ENTERTAINMENT', 0.05098145]]","[['TRAVEL', 1.0], ['SPORTS', 3.9957e-13], ['LAW AND GOVERNMENT AND POLITICS', 7.29914e-14], ['HOBBIES AND INTERESTS', 3.61195e-14], ['FOOD AND DRINK', 3.17086e-14]]",True,165,157,21:44:44.299845
John saw my park outside Bob in the park outside John,"[['SPORTS', 0.05762314], ['TRAVEL', 0.05652354], ['HEALTH AND FITNESS', 0.05642705], ['EDUCATION', 0.05136078], ['ARTS AND ENTERTAINMENT', 0.05098145]]","[['TRAVEL', 1.0], ['SPORTS', 2.06425e-13], ['LAW AND GOVERNMENT AND POLITICS', 1.22811e-13], ['HOBBIES AND INTERESTS', 6.41028e-14], ['FOOD AND DRINK', 3.68766e-14]]",True,166,158,21:44:49.828355
Mary saw my park outside Bob in the park outside John,"[['HEALTH AND FITNESS', 0.05828402], ['SPORTS', 0.05564187], ['TRAVEL', 0.05424782], ['ARTS AND ENTERTAINMENT', 0.05202799], ['EDUCATION', 0.05187133]]","[['TRAVEL', 1.0], ['SPORTS', 3.39713e-14], ['HOBBIES AND INTERESTS', 1.54406e-14], ['CAREERS', 7.94095e-15], ['FOOD AND DRINK', 7.54144e-15]]",True,166,158,21:44:55.360774
Mary saw an park outside Bob in the park outside John,"[['SPORTS', 0.05802072], ['HEALTH AND FITNESS', 0.05484382], ['BUSINESS', 0.05400572], ['ARTS AND ENTERTAINMENT', 0.0533029], ['TRAVEL', 0.05210594]]","[['TRAVEL', 1.0], ['FOOD AND DRINK', 8.29798e-15], ['SPORTS', 7.95633e-15], ['FAMILY AND PARENTING', 2.72693e-15], ['SOCIETY', 2.57963e-15]]",True,167,159,21:45:01.197223
Mary saw an park outside Bob in the park outside I,"[['SPORTS', 0.05983727], ['TRAVEL', 0.05503553], ['HEALTH AND FITNESS', 0.05368482], ['ARTS AND ENTERTAINMENT', 0.05195247], ['BUSINESS', 0.0507473]]","[['TRAVEL', 1.0], ['SPORTS', 5.80172e-15], ['FOOD AND DRINK', 4.93594e-15], ['SOCIETY', 2.17939e-15], ['LAW AND GOVERNMENT AND POLITICS', 1.56537e-15]]",True,168,160,21:45:07.033872
Mary ate an park outside Bob in the park outside I,"[['SPORTS', 0.05966714], ['TRAVEL', 0.05600338], ['HEALTH AND FITNESS', 0.05230698], ['ARTS AND ENTERTAINMENT', 0.05146754], ['FOOD AND DRINK', 0.05094223]]","[['TRAVEL', 1.0], ['FOOD AND DRINK', 6.4525e-15], ['SPORTS', 5.41264e-15], ['FAMILY AND PARENTING', 5.27488e-15], ['CAREERS', 1.92988e-15]]",True,169,161,21:45:12.870064
Mary ate an park outside Bob in the park with I,"[['SPORTS', 0.06029061], ['TRAVEL', 0.05658775], ['HEALTH AND FITNESS', 0.05230943], ['ARTS AND ENTERTAINMENT', 0.05108731], ['FOOD AND DRINK', 0.05094809]]","[['TRAVEL', 1.0], ['HOBBIES AND INTERESTS', 7.78342e-08], ['SPORTS', 4.07327e-10], ['FAMILY AND PARENTING', 2.22659e-10], ['FOOD AND DRINK', 1.60222e-10]]",True,170,162,21:45:19.058568
Mary ate an park outside Bob in my park with I,"[['TRAVEL', 0.05851231], ['SPORTS', 0.05813762], ['HEALTH AND FITNESS', 0.05500231], ['FOOD AND DRINK', 0.05049959], ['ARTS AND ENTERTAINMENT', 0.04986905]]","[['TRAVEL', 0.999989], ['HOBBIES AND INTERESTS', 1.11461e-05], ['SPORTS', 5.29194e-08], ['FAMILY AND PARENTING', 1.76241e-08], ['STYLE AND FASHION', 9.48712e-09]]",True,171,163,21:45:24.547879
Mary ate an park in Bob in my park with I,"[['SPORTS', 0.0559579], ['TRAVEL', 0.05532668], ['HEALTH AND FITNESS', 0.0533729], ['ARTS AND ENTERTAINMENT', 0.05055928], ['FOOD AND DRINK', 0.05002721]]","[['HOBBIES AND INTERESTS', 0.820853], ['TRAVEL', 0.0975411], ['SPORTS', 0.0149095], ['PETS', 0.00335492], ['HEALTH AND FITNESS', 0.00270836]]",True,172,164,21:45:30.434420
Mary ate an park in Bob in my man with I,"[['SPORTS', 0.05827719], ['HEALTH AND FITNESS', 0.05632009], ['TRAVEL', 0.05595261], ['ARTS AND ENTERTAINMENT', 0.05256207], ['HOBBIES AND INTERESTS', 0.05029388]]","[['SPORTS', 0.99655], ['HOBBIES AND INTERESTS', 0.00339223], ['HEALTH AND FITNESS', 1.14494e-05], ['TRAVEL', 5.0623e-06], ['ARTS AND ENTERTAINMENT', 4.36231e-06]]",False,173,164,21:45:36.229206
Mary ate an park in Bob in my park with John,"[['HEALTH AND FITNESS', 0.05457959], ['SPORTS', 0.05375414], ['ARTS AND ENTERTAINMENT', 0.05231418], ['TRAVEL', 0.05189483], ['EDUCATION', 0.05166167]]","[['TRAVEL', 0.353858], ['SPORTS', 0.139787], ['REAL ESTATE', 0.0270881], ['EDUCATION', 0.015011], ['HEALTH AND FITNESS', 0.0138271]]",False,174,164,21:45:42.668958
Mary ate an park in Bob in my park on I,"[['SPORTS', 0.0559579], ['TRAVEL', 0.05532668], ['HEALTH AND FITNESS', 0.0533729], ['ARTS AND ENTERTAINMENT', 0.05055928], ['FOOD AND DRINK', 0.05002721]]","[['TRAVEL', 0.510346], ['PETS', 0.078771], ['SPORTS', 0.0379672], ['HEALTH AND FITNESS', 0.00584109], ['SOCIETY', 0.00341394]]",True,175,165,21:45:48.506000
Mary ate an park in Bob on my park on I,"[['SPORTS', 0.0559579], ['TRAVEL', 0.05532668], ['HEALTH AND FITNESS', 0.0533729], ['ARTS AND ENTERTAINMENT', 0.05055928], ['FOOD AND DRINK', 0.05002721]]","[['TRAVEL', 0.584635], ['SPORTS', 0.0401661], ['PETS', 0.0190228], ['HEALTH AND FITNESS', 0.0103546], ['FAMILY AND PARENTING', 0.00188732]]",True,176,166,21:45:54.687153
Mary ate the park in Bob on my park on I,"[['SPORTS', 0.0559579], ['TRAVEL', 0.05532668], ['HEALTH AND FITNESS', 0.0533729], ['ARTS AND ENTERTAINMENT', 0.05055928], ['FOOD AND DRINK', 0.05002721]]","[['TRAVEL', 0.689582], ['PETS', 0.088153], ['SPORTS', 0.00280258], ['SCIENCE', 0.00194845], ['HEALTH AND FITNESS', 0.000315165]]",True,177,167,21:46:01.408095
Mary ate the park in John on my park on I,"[['TRAVEL', 0.05312082], ['HEALTH AND FITNESS', 0.05262593], ['SPORTS', 0.05234817], ['EDUCATION', 0.05133423], ['ARTS AND ENTERTAINMENT', 0.05094564]]","[['TRAVEL', 0.881359], ['PETS', 0.0704837], ['SCIENCE', 0.00286535], ['SPORTS', 0.00114884], ['HOME AND GARDEN', 0.000145584]]",True,178,168,21:46:07.618193
Mary ate my park in John on my park on I,"[['TRAVEL', 0.05313527], ['HEALTH AND FITNESS', 0.05252784], ['SPORTS', 0.05231247], ['EDUCATION', 0.0512271], ['ARTS AND ENTERTAINMENT', 0.05088743]]","[['NON STANDARD CONTENT', 0.998876], ['TRAVEL', 0.000385877], ['SPORTS', 0.000221849], ['PETS', 8.92592e-05], ['HEALTH AND FITNESS', 2.41636e-05]]",True,179,169,21:46:13.388136
Mary ate my park in John on my park on Mary,"[['HEALTH AND FITNESS', 0.05369868], ['EDUCATION', 0.05261494], ['TRAVEL', 0.05238692], ['ARTS AND ENTERTAINMENT', 0.05002809], ['LAW GOVERNMENT AND POLITICS', 0.04871411]]","[['EDUCATION', 0.83584], ['NON STANDARD CONTENT', 0.16301], ['SPORTS', 0.000356773], ['TRAVEL', 0.000167288], ['PETS', 0.000129695]]",True,180,170,21:46:20.454581
Mary ate my park with John on my park on Mary,"[['HEALTH AND FITNESS', 0.05369868], ['EDUCATION', 0.05261494], ['TRAVEL', 0.05238692], ['ARTS AND ENTERTAINMENT', 0.05002809], ['LAW GOVERNMENT AND POLITICS', 0.04871411]]","[['EDUCATION', 0.813707], ['NON STANDARD CONTENT', 0.185942], ['TRAVEL', 8.19192e-05], ['PETS', 3.81313e-05], ['SPORTS', 2.57487e-05]]",True,181,171,21:46:25.984322
Mary ate my park with John on my fish on Mary,"[['PETS', 0.05622204], ['FOOD AND DRINK', 0.05366168], ['SPORTS', 0.05352207], ['EDUCATION', 0.05175221], ['TRAVEL', 0.05159584]]","[['NON STANDARD CONTENT', 0.563639], ['EDUCATION', 0.43145], ['SPORTS', 0.00292713], ['HEALTH AND FITNESS', 1.98634e-05], ['HOME AND GARDEN', 1.624e-05]]",True,182,172,21:46:31.822020
Mary ate the park with John on my fish on Mary,"[['PETS', 0.05626009], ['FOOD AND DRINK', 0.05369799], ['SPORTS', 0.05355829], ['EDUCATION', 0.05186013], ['TRAVEL', 0.0515815]]","[['EDUCATION', 0.96784], ['SPORTS', 0.0293816], ['PETS', 0.000437766], ['TRAVEL', 0.000162811], ['SCIENCE', 0.000115031]]",False,183,172,21:46:37.658091
Mary ate a park with John on my fish on Mary,"[['PETS', 0.05626009], ['FOOD AND DRINK', 0.05369799], ['SPORTS', 0.05355829], ['EDUCATION', 0.05186013], ['TRAVEL', 0.0515815]]","[['EDUCATION', 0.997339], ['SPORTS', 0.00209407], ['HOME AND GARDEN', 2.75563e-05], ['TRAVEL', 2.41045e-05], ['SOCIETY', 2.25173e-05]]",True,184,173,21:46:43.495568
Mary ate a park with John on the fish on Mary,"[['SPORTS', 0.05547718], ['FOOD AND DRINK', 0.05421465], ['PETS', 0.05374556], ['EDUCATION', 0.05153873], ['ARTS AND ENTERTAINMENT', 0.05093346]]","[['EDUCATION', 0.907612], ['SPORTS', 0.0899982], ['TRAVEL', 3.18802e-05], ['HOME AND GARDEN', 2.44835e-05], ['PETS', 1.28229e-05]]",True,185,174,21:46:49.379519
Mary ate a park with John on the fish on John,"[['SPORTS', 0.05547718], ['FOOD AND DRINK', 0.05421465], ['PETS', 0.05374556], ['EDUCATION', 0.05153873], ['ARTS AND ENTERTAINMENT', 0.05093346]]","[['SPORTS', 0.982282], ['TRAVEL', 0.00531603], ['FOOD AND DRINK', 0.000285879], ['HOME AND GARDEN', 0.000104419], ['PETS', 8.1796e-05]]",True,186,175,21:46:56.046125
Mary ate a park with John on an fish on John,"[['SPORTS', 0.05547718], ['FOOD AND DRINK', 0.05421465], ['PETS', 0.05374556], ['EDUCATION', 0.05153873], ['ARTS AND ENTERTAINMENT', 0.05093346]]","[['SPORTS', 0.538765], ['TRAVEL', 0.392101], ['FOOD AND DRINK', 0.00220423], ['HOME AND GARDEN', 0.00117138], ['PETS', 0.000929375]]",True,187,176,21:47:01.927866
Mary walked a park with John on an fish on John,"[['SPORTS', 0.055253], ['PETS', 0.05414607], ['ARTS AND ENTERTAINMENT', 0.0519818], ['RELIGION AND SPIRITUALITY', 0.05176276], ['TRAVEL', 0.05077576]]","[['TRAVEL', 0.812429], ['SPORTS', 0.105812], ['HOBBIES AND INTERESTS', 0.00333529], ['SCIENCE', 0.00201198], ['PETS', 0.000480478]]",True,188,177,21:47:08.103529
Mary killed a park with John on an fish on John,"[['RELIGION AND SPIRITUALITY', 0.05519547], ['PETS', 0.05355077], ['SPORTS', 0.05239472], ['TRAVEL', 0.05133851], ['LAW GOVERNMENT AND POLITICS', 0.05128563]]","[['SPORTS', 0.77189], ['TRAVEL', 0.112844], ['SCIENCE', 0.00116287], ['PETS', 0.000837806], ['HOBBIES AND INTERESTS', 0.000685096]]",True,189,178,21:47:14.215495
Mary killed my park with John on an fish on John,"[['RELIGION AND SPIRITUALITY', 0.05700073], ['PETS', 0.05561599], ['TRAVEL', 0.05308051], ['EDUCATION', 0.05086386], ['SPORTS', 0.05057181]]","[['SPORTS', 0.47922], ['TRAVEL', 0.324297], ['HOBBIES AND INTERESTS', 0.00284134], ['PETS', 0.00191102], ['CAREERS', 0.00119]]",True,190,179,21:47:20.051477
Mary walked my park with John on an fish on John,"[['PETS', 0.05620369], ['RELIGION AND SPIRITUALITY', 0.05344855], ['SPORTS', 0.0532728], ['TRAVEL', 0.05249565], ['ARTS AND ENTERTAINMENT', 0.05073544]]","[['TRAVEL', 0.715342], ['SPORTS', 0.19671], ['HOBBIES AND INTERESTS', 0.00453891], ['SCIENCE', 0.00151454], ['HOME AND GARDEN', 0.000500685]]",True,191,180,21:47:25.888436
Mary walked my park with I on an fish on John,"[['SPORTS', 0.05755379], ['PETS', 0.054388], ['RELIGION AND SPIRITUALITY', 0.05384967], ['TRAVEL', 0.05321869], ['FOOD AND DRINK', 0.05187389]]","[['HOBBIES AND INTERESTS', 0.949787], ['TRAVEL', 0.0316809], ['SPORTS', 0.0099608], ['HOME AND GARDEN', 2.87534e-05], ['SCIENCE', 2.26888e-05]]",True,192,181,21:47:32.044395
Mary walked my dog with I on an fish on John,"[['PETS', 0.07054378], ['RELIGION AND SPIRITUALITY', 0.05368274], ['ARTS AND ENTERTAINMENT', 0.05297137], ['AUTOMOTIVE', 0.05070189], ['EDUCATION', 0.05060268]]","[['PETS', 0.933573], ['HOBBIES AND INTERESTS', 0.0523552], ['TRAVEL', 0.0135519], ['SPORTS', 0.000296111], ['SCIENCE', 2.93418e-06]]",True,193,182,21:47:37.868878
Mary saw my dog with I on an fish on John,"[['PETS', 0.06849569], ['HOBBIES AND INTERESTS', 0.05362042], ['AUTOMOTIVE', 0.0530037], ['EDUCATION', 0.05277308], ['ARTS AND ENTERTAINMENT', 0.05240611]]","[['PETS', 0.762416], ['HOBBIES AND INTERESTS', 0.223457], ['TRAVEL', 0.0114026], ['SPORTS', 0.00089429], ['SOCIETY', 1.6605e-05]]",True,194,183,21:47:43.651547
John saw my dog with I on an fish on John,"[['PETS', 0.0686022], ['AUTOMOTIVE', 0.05532739], ['HOBBIES AND INTERESTS', 0.05336027], ['EDUCATION', 0.05226749], ['SPORTS', 0.05139913]]","[['HOBBIES AND INTERESTS', 0.567953], ['PETS', 0.416781], ['TRAVEL', 0.011531], ['SPORTS', 0.00183835], ['EDUCATION', 1.83057e-05]]",False,195,183,21:47:49.238954
Mary killed my dog with I on an fish on John,"[['PETS', 0.06982674], ['RELIGION AND SPIRITUALITY', 0.05726738], ['EDUCATION', 0.05143669], ['FOOD AND DRINK', 0.0504753], ['AUTOMOTIVE', 0.05006523]]","[['PETS', 0.957081], ['HOBBIES AND INTERESTS', 0.0341041], ['TRAVEL', 0.00714234], ['SPORTS', 0.000979783], ['HEALTH AND FITNESS', 5.98624e-06]]",True,196,184,21:47:55.069977
