an man with a man with my elephant wounded John,"[['ARTS AND ENTERTAINMENT', 0.956903], ['HEALTH AND FITNESS', 0.0154152], ['SPORTS', 0.0117237], ['TRAVEL', 0.00358507], ['CAREERS', 0.00250352]]","[['PROFANE CONTENT', 0.22], ['NON-STANDARD CONTENT', 0.11]]",True,1,1,19:36:16.095361
an elephant in Mary saw John in Mary on I outside an park outside Bob,"[['TRAVEL', 0.580882], ['SPORTS', 0.410969], ['HOBBIES AND INTERESTS', 0.00805898], ['RELIGION AND SPIRITUALITY', 5.31434e-06], ['HEALTH AND FITNESS', 1.96868e-06]]","[['NATIONAL PARKS', 0.24], ['TRAVEL', 0.08], ['HOBBIES & INTERESTS', 0.07], ['BIRDWATCHING', 0.06]]",True,2,2,19:36:17.652324
John ate John,"[['FOOD AND DRINK', 0.132801], ['RELIGION AND SPIRITUALITY', 0.126526], ['TRAVEL', 0.106465], ['SPORTS', 0.0412601], ['NON STANDARD CONTENT', 0.0377471]]","[['EXTREME GRAPHIC/EXPLICIT VIOLENCE', 0.18], ['NON-STANDARD CONTENT', 0.08], ['HOBBIES & INTERESTS', 0.07], ['SCREENWRITING', 0.06]]",True,3,3,19:36:19.377589
I saw Bob outside John by I on Bob,"[['SPORTS', 0.999999], ['NON STANDARD CONTENT', 1.68433e-07], ['HOBBIES AND INTERESTS', 5.56368e-08], ['ARTS AND ENTERTAINMENT', 4.39009e-08], ['RELIGION AND SPIRITUALITY', 1.89117e-08]]","[['HOBBIES & INTERESTS', 0.09], ['SPORTS', 0.07], ['SCREENWRITING', 0.05], ['WATERSKI/WAKEBOARD', 0.04]]",True,4,4,19:36:20.916289
a monkey with a monkey ate the man by an man,"[['STYLE AND FASHION', 0.564322], ['NON STANDARD CONTENT', 0.116381], ['FOOD AND DRINK', 0.0708852], ['HOBBIES AND INTERESTS', 0.0587685], ['SCIENCE', 0.0464061]]","[['PROFANE CONTENT', 0.22], ['NON-STANDARD CONTENT', 0.08]]",True,5,5,19:36:22.555686
my dog in an cat saw Mary in my cat with I,"[['PETS', 0.999999], ['HOBBIES AND INTERESTS', 6.07839e-08], ['ARTS AND ENTERTAINMENT', 5.38111e-09], ['NON STANDARD CONTENT', 7.15981e-10], ['FAMILY AND PARENTING', 1.31238e-10]]","[['CATS', 0.73], ['PETS', 0.61]]",True,6,6,19:36:24.242152
my park on I walked John,"[['TRAVEL', 0.398724], ['SPORTS', 0.212176], ['PETS', 0.0646967], ['RELIGION AND SPIRITUALITY', 0.015851], ['HOME AND GARDEN', 0.00251802]]","[['NATIONAL PARKS', 0.53], ['TRAVEL', 0.09]]",True,7,7,19:36:26.095656
I killed an man,"[['SPORTS', 0.258101], ['RELIGION AND SPIRITUALITY', 0.133823], ['SOCIETY', 0.0604162], ['SCIENCE', 0.0505539], ['TRAVEL', 0.0477031]]","[['ISLAM', 0.24], ['PROFANE CONTENT', 0.23], ['RELIGION & SPIRITUALITY', 0.12], ['NON-STANDARD CONTENT', 0.1]]",True,8,8,19:36:27.969531
my dog outside Mary killed an park in I in a man,"[['ARTS AND ENTERTAINMENT', 0.999447], ['PETS', 0.000507734], ['TRAVEL', 1.68646e-05], ['FOOD AND DRINK', 2.67252e-06], ['SPORTS', 2.29507e-06]]","[['DOGS', 0.63], ['PETS', 0.41]]",True,9,9,19:36:29.793219
Bob shot John outside I,"[['ARTS AND ENTERTAINMENT', 1.0], ['SPORTS', 3.07292e-09], ['NON STANDARD CONTENT', 8.33866e-11], ['RELIGION AND SPIRITUALITY', 3.05336e-11], ['HOBBIES AND INTERESTS', 2.96271e-11]]","[['HOBBIES & INTERESTS', 0.1], ['SCREENWRITING', 0.05]]",True,10,10,19:36:31.451297
Mary walked an pajamas in an man,"[['SCIENCE', 0.919483], ['SPORTS', 0.0413108], ['FOOD AND DRINK', 0.0127226], ['TRAVEL', 0.00569165], ['RELIGION AND SPIRITUALITY', 0.00210089]]","[['PROFANE CONTENT', 0.22], ['NON-STANDARD CONTENT', 0.08]]",True,11,11,19:36:33.001411
I shot John by John,"[['ARTS AND ENTERTAINMENT', 1.0], ['HOBBIES AND INTERESTS', 3.72803e-10], ['SPORTS', 1.5541e-10], ['TECHNOLOGY AND COMPUTING', 7.2662e-11], ['TRAVEL', 3.47703e-11]]","[['EXTREME GRAPHIC/EXPLICIT VIOLENCE', 0.18], ['HOBBIES & INTERESTS', 0.08], ['NON-STANDARD CONTENT', 0.08], ['SCREENWRITING', 0.06]]",True,12,12,19:36:34.714653
the telescope in I ate Bob on John with my dog,"[['SOCIETY', 0.973817], ['TRAVEL', 0.0243048], ['SCIENCE', 0.0014431], ['PETS', 0.000242813], ['ARTS AND ENTERTAINMENT', 3.89461e-05]]","[['DOGS', 0.47], ['PETS', 0.23]]",True,13,13,19:36:36.583728
Mary saw Bob,"[['HOBBIES AND INTERESTS', 0.165744], ['CAREERS', 0.103779], ['HEALTH AND FITNESS', 0.061078], ['SPORTS', 0.0502132], ['EDUCATION', 0.0408336]]","[['HOBBIES & INTERESTS', 0.08], ['SPORTS', 0.06], ['NEEDLEWORK', 0.06], ['WATERSKI/WAKEBOARD', 0.04]]",True,14,14,19:36:38.322125
an park outside Mary shot an pajamas on the fish by an monkey in a park,"[['TRAVEL', 0.999592], ['SCIENCE', 0.000210336], ['HEALTH AND FITNESS', 0.0001395], ['SPORTS', 4.22219e-05], ['PETS', 1.45453e-06]]","[['AQUARIUMS', 0.43], ['PETS', 0.17]]",True,15,15,19:36:40.071586
I saw I by Mary,"[['SOCIETY', 0.603679], ['SPORTS', 0.0502399], ['ARTS AND ENTERTAINMENT', 0.0358475], ['STYLE AND FASHION', 0.0275674], ['HOBBIES AND INTERESTS', 0.0221105]]","[['BODY ART', 0.39], ['EXTREME GRAPHIC/EXPLICIT VIOLENCE', 0.21], ['NEEDLEWORK', 0.07], ['HOBBIES & INTERESTS', 0.06], ['TRAVELING WITH KIDS', 0.06]]",True,16,16,19:36:41.636260
the fish in I walked Bob,"[['SPORTS', 0.887461], ['PETS', 0.000169278], ['HEALTH AND FITNESS', 7.80393e-05], ['FOOD AND DRINK', 4.20899e-05], ['TRAVEL', 2.13916e-05]]","[['AQUARIUMS', 0.69], ['PETS', 0.25]]",True,17,17,19:36:43.292479
an elephant wounded the man outside Mary in my elephant on an monkey in John,"[['SPORTS', 0.32237], ['HEALTH AND FITNESS', 0.321541], ['PETS', 0.163605], ['NON STANDARD CONTENT', 0.0861745], ['ARTS AND ENTERTAINMENT', 0.0542933]]","[['LARGE ANIMALS', 0.5], ['PROFANE CONTENT', 0.19], ['HOBBIES & INTERESTS', 0.07], ['NON-STANDARD CONTENT', 0.07], ['PETS', 0.06]]",True,18,18,19:36:45.142895
my telescope wounded Bob,"[['SCIENCE', 0.955718], ['HOBBIES AND INTERESTS', 0.0297006], ['SPORTS', 0.00172267], ['ARTS AND ENTERTAINMENT', 5.35025e-05], ['CAREERS', 4.26468e-05]]","[['HOBBIES & INTERESTS', 0.09], ['BIRDWATCHING', 0.05]]",True,19,19,19:36:46.762956
the telescope outside John shot my man,"[['SPORTS', 0.845825], ['SOCIETY', 0.154174], ['SCIENCE', 1.13767e-06], ['HOBBIES AND INTERESTS', 4.14118e-09], ['STYLE AND FASHION', 8.58101e-10]]","[['PROFANE CONTENT', 0.21], ['NON-STANDARD CONTENT', 0.09], ['HOBBIES & INTERESTS', 0.08], ['SCREENWRITING', 0.05]]",True,20,20,19:36:48.659820
Bob wounded Mary by Mary,"[['SPORTS', 0.621745], ['CAREERS', 0.0816007], ['TRAVEL', 0.0473338], ['TECHNOLOGY AND COMPUTING', 0.0238466], ['HOBBIES AND INTERESTS', 0.0195528]]","[['HOBBIES & INTERESTS', 0.08], ['NEEDLEWORK', 0.06]]",True,21,21,19:36:50.300682
I killed I in I outside Bob,"[['RELIGION AND SPIRITUALITY', 0.094821], ['CAREERS', 0.089226], ['SPORTS', 0.0870944], ['HOBBIES AND INTERESTS', 0.0602424], ['TRAVEL', 0.0472485]]","[['ISLAM', 0.16], ['ROAD-SIDE ASSISTANCE', 0.15], ['AUTOMOTIVE', 0.07], ['HOBBIES & INTERESTS', 0.07], ['RELIGION & SPIRITUALITY', 0.07]]",True,22,22,19:36:51.943607
John killed John outside John on Mary,"[['STYLE AND FASHION', 0.824935], ['RELIGION AND SPIRITUALITY', 0.15652], ['EDUCATION', 0.0185447], ['TRAVEL', 2.88305e-09], ['HOBBIES AND INTERESTS', 1.82935e-09]]","[['CATHOLICISM', 0.27], ['HATE CONTENT', 0.18], ['NON-STANDARD CONTENT', 0.08], ['RELIGION & SPIRITUALITY', 0.07]]",True,23,23,19:36:53.718892
my elephant saw Mary,"[['SPORTS', 0.165896], ['ARTS AND ENTERTAINMENT', 0.108592], ['STYLE AND FASHION', 0.0858105], ['HOBBIES AND INTERESTS', 0.0793667], ['HEALTH AND FITNESS', 0.0662718]]","[['LARGE ANIMALS', 0.49], ['HOBBIES & INTERESTS', 0.07], ['PETS', 0.06], ['NEEDLEWORK', 0.06]]",True,24,24,19:36:55.348287
I walked my fish in I,"[['SPORTS', 0.360992], ['PETS', 0.038076], ['SCIENCE', 0.0230918], ['FOOD AND DRINK', 0.0179522], ['TRAVEL', 0.00791135]]","[['AQUARIUMS', 0.79], ['PETS', 0.36]]",True,25,25,19:36:56.899698
Mary ate John,"[['FOOD AND DRINK', 0.308981], ['TRAVEL', 0.278857], ['RELIGION AND SPIRITUALITY', 0.0526024], ['SCIENCE', 0.0372738], ['SOCIETY', 0.0218634]]","[['EXTREME GRAPHIC/EXPLICIT VIOLENCE', 0.19], ['BARBECUES & GRILLING', 0.1], ['NON-STANDARD CONTENT', 0.07], ['HOBBIES & INTERESTS', 0.07], ['FOOD & DRINK', 0.06]]",True,26,26,19:36:58.601530
I killed an dog by a telescope with the park with Bob,"[['PETS', 0.999996], ['SCIENCE', 3.26387e-06], ['TRAVEL', 1.25864e-07], ['HOBBIES AND INTERESTS', 9.72873e-08], ['SPORTS', 2.1279e-08]]","[['DOGS', 0.52], ['PETS', 0.34]]",True,27,27,19:37:00.275369
Mary wounded an fish in I in my telescope outside a park on I,"[['SPORTS', 0.472434], ['PETS', 0.0701163], ['TRAVEL', 0.0182158], ['SCIENCE', 0.0157975], ['HOBBIES AND INTERESTS', 0.00479404]]","[['AQUARIUMS', 0.53], ['PETS', 0.19]]",True,28,28,19:37:01.911552
I saw Bob with Mary,"[['ARTS AND ENTERTAINMENT', 0.45811], ['SOCIETY', 0.124743], ['HOBBIES AND INTERESTS', 0.0967163], ['HEALTH AND FITNESS', 0.0413868], ['NON STANDARD CONTENT', 0.0182383]]","[['HOBBIES & INTERESTS', 0.08], ['SPORTS', 0.06], ['NEEDLEWORK', 0.06], ['WATERSKI/WAKEBOARD', 0.04]]",True,29,29,19:37:03.605731
my fish walked Mary by John,"[['SPORTS', 1.0], ['RELIGION AND SPIRITUALITY', 2.28943e-12], ['HOBBIES AND INTERESTS', 1.14435e-12], ['TRAVEL', 6.31497e-13], ['SCIENCE', 1.41076e-13]]","[['AQUARIUMS', 0.64], ['PETS', 0.22]]",True,30,30,19:37:05.524267
John walked my elephant by Mary with Mary,"[['SPORTS', 0.89613], ['HOBBIES AND INTERESTS', 0.0650347], ['RELIGION AND SPIRITUALITY', 0.0137937], ['STYLE AND FASHION', 0.00355919], ['SOCIETY', 0.00152037]]","[['EXTREME GRAPHIC/EXPLICIT VIOLENCE', 0.19], ['HOBBIES & INTERESTS', 0.06], ['NEEDLEWORK', 0.06], ['NON-STANDARD CONTENT', 0.06]]",True,31,31,19:37:07.470295
my man in an elephant in my cat with Bob ate Bob with I,"[['PETS', 0.631741], ['SPORTS', 0.259238], ['HOBBIES AND INTERESTS', 0.108724], ['ARTS AND ENTERTAINMENT', 7.38705e-05], ['NON STANDARD CONTENT', 3.17118e-05]]","[['CATS', 0.39], ['PETS', 0.12]]",True,32,32,19:37:09.307803
Bob walked I by John,"[['SPORTS', 0.907388], ['HOBBIES AND INTERESTS', 0.00525745], ['RELIGION AND SPIRITUALITY', 0.00267899], ['TRAVEL', 0.000245805], ['TECHNOLOGY AND COMPUTING', 0.000139142]]","[['HOBBIES & INTERESTS', 0.08], ['SPORTS', 0.07], ['SCREENWRITING', 0.06], ['WALKING', 0.04]]",True,33,33,19:37:11.019913
Mary ate John outside a dog on Bob,"[['SPORTS', 0.966793], ['PETS', 0.0331987], ['FOOD AND DRINK', 9.17286e-07], ['TRAVEL', 3.40648e-07], ['NON STANDARD CONTENT', 4.23619e-08]]","[['DOGS', 0.49], ['PETS', 0.25]]",True,34,34,19:37:12.797231
Bob shot I outside my elephant,"[['SPORTS', 1.0], ['PETS', 1.7007e-08], ['HEALTH AND FITNESS', 9.99055e-09], ['NON STANDARD CONTENT', 3.77239e-09], ['ARTS AND ENTERTAINMENT', 2.21652e-09]]","[['HOBBIES & INTERESTS', 0.09], ['BEADWORK', 0.05]]",True,35,35,19:37:14.585479
Mary saw Bob,"[['HOBBIES AND INTERESTS', 0.165744], ['CAREERS', 0.103779], ['HEALTH AND FITNESS', 0.061078], ['SPORTS', 0.0502132], ['EDUCATION', 0.0408336]]","[['HOBBIES & INTERESTS', 0.08], ['SPORTS', 0.06], ['NEEDLEWORK', 0.06], ['WATERSKI/WAKEBOARD', 0.04]]",True,35,35,19:37:16.448874
I walked a elephant in John with an pajamas by my telescope outside Mary on a dog by John outside my monkey,"[['PETS', 0.998569], ['SPORTS', 0.0010204], ['SOCIETY', 0.000383005], ['NON STANDARD CONTENT', 4.16598e-06], ['SCIENCE', 1.58195e-06]]","[['DOGS', 0.34], ['PETS', 0.17]]",True,36,36,19:37:18.293053
Mary walked John in an monkey in an park,"[['EDUCATION', 0.174781], ['HOBBIES AND INTERESTS', 0.128245], ['SPORTS', 0.126107], ['AUTOMOTIVE', 0.0805328], ['RELIGION AND SPIRITUALITY', 0.051699]]","[['NATIONAL PARKS', 0.31], ['TRAVEL', 0.08]]",True,37,37,19:37:20.146870
an pajamas with an man walked John,"[['SCIENCE', 0.894668], ['SPORTS', 0.0742479], ['FOOD AND DRINK', 0.0130997], ['STYLE AND FASHION', 0.00498981], ['SHOPPING', 0.000471582]]","[['HATE CONTENT', 0.21], ['NON-STANDARD CONTENT', 0.09]]",True,38,38,19:37:21.792568
Bob saw an dog,"[['PETS', 0.871946], ['SPORTS', 0.0609019], ['FOOD AND DRINK', 0.0158201], ['TECHNOLOGY AND COMPUTING', 0.00199177], ['RELIGION AND SPIRITUALITY', 0.00104623]]","[['DOGS', 0.68], ['PETS', 0.5]]",True,39,39,19:37:23.334352
my telescope walked my telescope with John with Mary,"[['SOCIETY', 0.90549], ['SCIENCE', 0.0937426], ['HOBBIES AND INTERESTS', 0.000616187], ['RELIGION AND SPIRITUALITY', 3.81162e-05], ['SPORTS', 2.46484e-06]]","[['SPACE/ASTRONOMY', 0.28], ['EXTREME GRAPHIC/EXPLICIT VIOLENCE', 0.2], ['HOBBIES & INTERESTS', 0.07], ['SCIENCE', 0.06], ['NON-STANDARD CONTENT', 0.06]]",True,40,40,19:37:25.120365
Mary killed Bob by I,"[['HOBBIES AND INTERESTS', 0.423381], ['SPORTS', 0.20009], ['RELIGION AND SPIRITUALITY', 0.0951309], ['EDUCATION', 0.0431059], ['PETS', 0.0239267]]","[['CATHOLICISM', 0.19], ['ROAD-SIDE ASSISTANCE', 0.12], ['RELIGION & SPIRITUALITY', 0.07], ['HOBBIES & INTERESTS', 0.07], ['AUTOMOTIVE', 0.06]]",True,41,41,19:37:26.835834
Bob walked Bob in John,"[['SPORTS', 0.98729], ['HEALTH AND FITNESS', 0.0101347], ['LAW AND GOVERNMENT AND POLITICS', 0.00131702], ['HOBBIES AND INTERESTS', 8.30925e-05], ['NON STANDARD CONTENT', 4.17841e-05]]","[['HOBBIES & INTERESTS', 0.08], ['SPORTS', 0.07], ['SCREENWRITING', 0.05], ['WATERSKI/WAKEBOARD', 0.04]]",True,42,42,19:37:28.581060
a elephant walked an monkey outside I,"[['FAMILY AND PARENTING', 0.99999], ['SPORTS', 9.54175e-06], ['PETS', 1.89455e-08], ['HEALTH AND FITNESS', 1.12347e-08], ['LAW AND GOVERNMENT AND POLITICS', 5.22033e-09]]","[['LARGE ANIMALS', 0.4], ['HOBBIES & INTERESTS', 0.07], ['PETS', 0.06], ['BIRDWATCHING', 0.05]]",True,43,43,19:37:30.296292
my fish on I walked my dog outside Mary on I by I,"[['SPORTS', 0.784658], ['ARTS AND ENTERTAINMENT', 0.212474], ['PETS', 0.000544382], ['STYLE AND FASHION', 2.85084e-05], ['SCIENCE', 2.65755e-05]]","[['PETS', 0.61], ['AQUARIUMS', 0.55]]",True,44,44,19:37:31.860508
Mary walked Mary,"[['RELIGION AND SPIRITUALITY', 0.384135], ['TRAVEL', 0.0883316], ['HOBBIES AND INTERESTS', 0.0572704], ['SCIENCE', 0.0472502], ['HOME AND GARDEN', 0.0371633]]","[['BODY ART', 0.39], ['GARDENING', 0.21], ['EXTREME GRAPHIC/EXPLICIT VIOLENCE', 0.2], ['NEEDLEWORK', 0.07], ['HOBBIES & INTERESTS', 0.06]]",True,45,45,19:37:33.542207
my elephant in Mary saw Mary,"[['HOBBIES AND INTERESTS', 0.814473], ['ARTS AND ENTERTAINMENT', 0.0156513], ['STYLE AND FASHION', 0.011872], ['FAMILY AND PARENTING', 0.0048232], ['LAW AND GOVERNMENT AND POLITICS', 0.00252544]]","[['EXTREME GRAPHIC/EXPLICIT VIOLENCE', 0.21], ['HOBBIES & INTERESTS', 0.07], ['NEEDLEWORK', 0.07], ['TRAVELING WITH KIDS', 0.06], ['TRAVEL', 0.05]]",True,46,46,19:37:35.191561
Bob ate Mary outside Mary with John on I outside Bob,"[['CAREERS', 0.158482], ['EDUCATION', 0.0820111], ['HOBBIES AND INTERESTS', 0.0814189], ['REAL ESTATE', 0.0771959], ['SPORTS', 0.0591817]]","[['HOBBIES & INTERESTS', 0.08], ['SPORTS', 0.06], ['NEEDLEWORK', 0.06], ['FRESHWATER FISHING', 0.04]]",True,47,47,19:37:37.059736
an dog in my elephant ate Mary,"[['PETS', 0.999036], ['ARTS AND ENTERTAINMENT', 0.000621999], ['SPORTS', 0.000223766], ['FOOD AND DRINK', 2.50951e-05], ['NON STANDARD CONTENT', 2.44144e-05]]","[['DOGS', 0.44], ['PETS', 0.33]]",True,48,48,19:37:38.733525
Bob ate Bob,"[['FOOD AND DRINK', 0.252965], ['HOME AND GARDEN', 0.208753], ['SPORTS', 0.078077], ['TRAVEL', 0.0119157], ['SCIENCE', 0.0091877]]","[['HOBBIES & INTERESTS', 0.09], ['BIRDWATCHING', 0.05]]",True,49,49,19:37:40.380456
my cat wounded Bob outside an dog in a elephant in Bob,"[['PETS', 0.590411], ['ARTS AND ENTERTAINMENT', 0.0421656], ['SPORTS', 0.0291589], ['NON STANDARD CONTENT', 0.000863257], ['HOBBIES AND INTERESTS', 0.000121569]]","[['PETS', 0.38], ['CATS', 0.33]]",True,50,50,19:37:41.959251
my cat on I shot a park,"[['PETS', 1.0], ['TRAVEL', 4.63239e-22], ['SPORTS', 3.66215e-22], ['STYLE AND FASHION', 7.79815e-24], ['ARTS AND ENTERTAINMENT', 6.63169e-24]]","[['CATS', 0.72], ['PETS', 0.28]]",True,51,51,19:37:43.532409
Bob shot the man by the cat by Mary,"[['PETS', 1.0], ['HOBBIES AND INTERESTS', 1.53739e-08], ['SPORTS', 9.40812e-10], ['TECHNOLOGY AND COMPUTING', 5.78487e-10], ['ARTS AND ENTERTAINMENT', 5.32881e-10]]","[['CATS', 0.59], ['PETS', 0.14]]",True,52,52,19:37:45.123059
my elephant with a cat on I shot an monkey on John on Bob,"[['PETS', 1.0], ['FAMILY AND PARENTING', 5.45599e-13], ['SPORTS', 6.91221e-15], ['HOBBIES AND INTERESTS', 2.92514e-17], ['NON STANDARD CONTENT', 2.83538e-18]]","[['CATS', 0.47], ['PETS', 0.14]]",True,53,53,19:37:46.834368
an man killed Bob,"[['HOBBIES AND INTERESTS', 1.0], ['SPORTS', 3.16674e-11], ['RELIGION AND SPIRITUALITY', 1.26513e-11], ['TRAVEL', 3.47708e-12], ['FOOD AND DRINK', 2.46814e-12]]","[['PROFANE CONTENT', 0.21], ['ISLAM', 0.16], ['RELIGION & SPIRITUALITY', 0.08], ['NON-STANDARD CONTENT', 0.08]]",True,54,54,19:37:48.688419
Bob saw Mary on John,"[['SPORTS', 0.999996], ['TRAVEL', 3.70096e-06], ['CAREERS', 1.13724e-11], ['HOBBIES AND INTERESTS', 1.01733e-11], ['HEALTH AND FITNESS', 8.77076e-12]]","[['EXTREME GRAPHIC/EXPLICIT VIOLENCE', 0.19], ['HOBBIES & INTERESTS', 0.08], ['SPORTS', 0.06], ['NON-STANDARD CONTENT', 0.06], ['NEEDLEWORK', 0.06]]",True,55,55,19:37:50.631145
I walked Mary,"[['RELIGION AND SPIRITUALITY', 0.32241], ['SPORTS', 0.179829], ['SCIENCE', 0.0756121], ['HOBBIES AND INTERESTS', 0.0513079], ['TRAVEL', 0.027846]]","[['BODY ART', 0.39], ['GARDENING', 0.22], ['EXTREME GRAPHIC/EXPLICIT VIOLENCE', 0.2], ['OFF-ROAD VEHICLES', 0.1], ['HOBBIES & INTERESTS', 0.06]]",True,56,56,19:37:52.417381
my man saw Bob,"[['SPORTS', 1.0], ['HOBBIES AND INTERESTS', 6.51536e-15], ['HEALTH AND FITNESS', 5.07889e-15], ['RELIGION AND SPIRITUALITY', 4.52656e-15], ['NON STANDARD CONTENT', 4.1111e-15]]","[['PROFANE CONTENT', 0.22], ['NON-STANDARD CONTENT', 0.09], ['SPORTS', 0.07], ['HOBBIES & INTERESTS', 0.07], ['COLLECTING', 0.05]]",True,57,57,19:37:54.143222
John saw Mary,"[['RELIGION AND SPIRITUALITY', 0.104088], ['TRAVEL', 0.100193], ['CAREERS', 0.0741229], ['HOBBIES AND INTERESTS', 0.0549795], ['EDUCATION', 0.0275903]]","[['EXTREME GRAPHIC/EXPLICIT VIOLENCE', 0.19], ['NON-STANDARD CONTENT', 0.07], ['HOBBIES & INTERESTS', 0.07], ['NEEDLEWORK', 0.06]]",True,58,58,19:37:55.696186
John wounded I outside I in I,"[['CAREERS', 0.250503], ['SPORTS', 0.104185], ['NON STANDARD CONTENT', 0.0625157], ['TRAVEL', 0.0573999], ['RELIGION AND SPIRITUALITY', 0.0341535]]","[['HOBBIES & INTERESTS', 0.08], ['SCREENWRITING', 0.06]]",True,59,59,19:37:57.289711
the cat killed Bob,"[['PETS', 1.0], ['HOBBIES AND INTERESTS', 1.41535e-14], ['SPORTS', 1.49275e-15], ['TECHNOLOGY AND COMPUTING', 1.94295e-16], ['ARTS AND ENTERTAINMENT', 6.47196e-17]]","[['CATS', 0.66], ['PETS', 0.22]]",True,60,60,19:37:59.261272
John saw I by Mary,"[['SPORTS', 0.215166], ['HOBBIES AND INTERESTS', 0.0957803], ['TRAVEL', 0.0925516], ['HEALTH AND FITNESS', 0.0871445], ['EDUCATION', 0.0862085]]","[['EXTREME GRAPHIC/EXPLICIT VIOLENCE', 0.19], ['NON-STANDARD CONTENT', 0.07], ['HOBBIES & INTERESTS', 0.07], ['NEEDLEWORK', 0.06]]",True,61,61,19:38:01.192466
an park walked John on Bob,"[['SPORTS', 1.0], ['HOBBIES AND INTERESTS', 1.18599e-09], ['TRAVEL', 3.22737e-11], ['RELIGION AND SPIRITUALITY', 2.37918e-12], ['HOME AND GARDEN', 5.42487e-13]]","[['NATIONAL PARKS', 0.42], ['TRAVEL', 0.08], ['HOBBIES & INTERESTS', 0.07], ['SPORTS', 0.07], ['BIRDWATCHING', 0.07]]",True,62,62,19:38:03.232164
the fish wounded I,"[['SPORTS', 0.889866], ['PETS', 0.000108728], ['FOOD AND DRINK', 3.64439e-06], ['TRAVEL', 2.01083e-06], ['HOBBIES AND INTERESTS', 7.27318e-07]]","[['AQUARIUMS', 0.73], ['PETS', 0.32]]",True,63,63,19:38:04.969396
Bob walked my dog outside I,"[['ARTS AND ENTERTAINMENT', 1.0], ['PETS', 2.73138e-07], ['SPORTS', 1.76765e-08], ['RELIGION AND SPIRITUALITY', 1.62797e-09], ['STYLE AND FASHION', 1.06516e-09]]","[['DOGS', 0.62], ['PETS', 0.39]]",True,64,64,19:38:06.560690
I saw an telescope with Mary with a man,"[['SCIENCE', 0.743559], ['SOCIETY', 0.0973109], ['HOBBIES AND INTERESTS', 0.0538152], ['ARTS AND ENTERTAINMENT', 0.0115427], ['RELIGION AND SPIRITUALITY', 0.00997612]]","[['PROFANE CONTENT', 0.21], ['NON-STANDARD CONTENT', 0.08]]",True,65,65,19:38:08.234223
the monkey wounded an telescope in the monkey in Mary by Mary,"[['SCIENCE', 0.473506], ['STYLE AND FASHION', 0.0720433], ['HOBBIES AND INTERESTS', 0.0451122], ['RELIGION AND SPIRITUALITY', 0.0397843], ['TRAVEL', 0.0376166]]","[['HOBBIES & INTERESTS', 0.07], ['NEEDLEWORK', 0.06]]",True,66,66,19:38:10.244712
I killed Bob in my dog in John,"[['PETS', 0.903764], ['NON STANDARD CONTENT', 0.0332948], ['SPORTS', 0.0321681], ['HOBBIES AND INTERESTS', 0.0125872], ['ARTS AND ENTERTAINMENT', 0.00397732]]","[['DOGS', 0.6], ['PETS', 0.4]]",True,67,67,19:38:11.737900
I shot John,"[['ARTS AND ENTERTAINMENT', 1.0], ['SPORTS', 1.92667e-14], ['HOBBIES AND INTERESTS', 2.36187e-15], ['NON STANDARD CONTENT', 8.49253e-16], ['RELIGION AND SPIRITUALITY', 2.8606e-16]]","[['HOBBIES & INTERESTS', 0.09], ['SCREENWRITING', 0.06]]",True,68,68,19:38:13.301670
a fish with John saw Mary,"[['SPORTS', 0.934885], ['FOOD AND DRINK', 2.45705e-05], ['SCIENCE', 1.46435e-05], ['EDUCATION', 3.23106e-06], ['CAREERS', 1.67163e-06]]","[['AQUARIUMS', 0.69], ['PETS', 0.28]]",True,69,69,19:38:15.334509
Mary killed my telescope outside John outside Mary,"[['SCIENCE', 0.693363], ['HOBBIES AND INTERESTS', 0.116639], ['SPORTS', 0.0191093], ['RELIGION AND SPIRITUALITY', 0.0114843], ['ARTS AND ENTERTAINMENT', 0.00976944]]","[['CATHOLICISM', 0.23], ['EXTREME GRAPHIC/EXPLICIT VIOLENCE', 0.2], ['RELIGION & SPIRITUALITY', 0.07], ['NEEDLEWORK', 0.06], ['HOBBIES & INTERESTS', 0.06]]",True,70,70,19:38:16.946798
an dog outside an cat outside I shot an cat,"[['PETS', 0.965529], ['ARTS AND ENTERTAINMENT', 0.0344597], ['NON STANDARD CONTENT', 2.73806e-07], ['HOBBIES AND INTERESTS', 1.83024e-07], ['HEALTH AND FITNESS', 9.52677e-08]]","[['CATS', 0.73], ['PETS', 0.62]]",True,71,71,19:38:18.573920
my monkey walked I,"[['SPORTS', 0.93424], ['HOBBIES AND INTERESTS', 0.025081], ['TRAVEL', 0.0160887], ['STYLE AND FASHION', 0.00534539], ['RELIGION AND SPIRITUALITY', 0.00139963]]","[['HOBBIES & INTERESTS', 0.07], ['BIRDWATCHING', 0.05]]",True,72,72,19:38:20.241515
John shot a cat,"[['PETS', 0.999634], ['SOCIETY', 0.000366248], ['SPORTS', 8.27023e-13], ['HOBBIES AND INTERESTS', 1.7374e-13], ['HEALTH AND FITNESS', 3.61692e-14]]","[['CATS', 0.72], ['PETS', 0.22]]",True,73,73,19:38:22.157367
an telescope by Bob walked Bob in Mary by my elephant in an dog,"[['SPORTS', 0.77185], ['SCIENCE', 0.0773118], ['NON STANDARD CONTENT', 0.03187], ['HOBBIES AND INTERESTS', 0.0270306], ['ARTS AND ENTERTAINMENT', 0.0205712]]","[['DOGS', 0.32], ['PETS', 0.18]]",True,74,74,19:38:24.077524
Bob saw Bob outside an dog outside my cat with an dog with John,"[['PETS', 0.89322], ['ARTS AND ENTERTAINMENT', 0.00481091], ['HOBBIES AND INTERESTS', 8.44514e-06], ['SPORTS', 3.6162e-06], ['NON STANDARD CONTENT', 2.05113e-06]]","[['PETS', 0.58], ['DOGS', 0.56]]",True,75,75,19:38:25.894020
Mary shot I,"[['SPORTS', 0.998688], ['HEALTH AND FITNESS', 0.00131203], ['TRAVEL', 9.70444e-16], ['ARTS AND ENTERTAINMENT', 7.3925e-16], ['FOOD AND DRINK', 4.93369e-16]]","[['HOBBIES & INTERESTS', 0.08], ['NEEDLEWORK', 0.06]]",True,76,76,19:38:27.750332
Mary walked I in I in I,"[['RELIGION AND SPIRITUALITY', 0.405097], ['SPORTS', 0.140317], ['HOBBIES AND INTERESTS', 0.0481118], ['SCIENCE', 0.0105713], ['TRAVEL', 0.0094381]]","[['BODY ART', 0.39], ['GARDENING', 0.22], ['EXTREME GRAPHIC/EXPLICIT VIOLENCE', 0.2], ['OFF-ROAD VEHICLES', 0.1], ['HOBBIES & INTERESTS', 0.06]]",True,77,77,19:38:29.968044
an cat on John wounded I,"[['PETS', 1.0], ['TRAVEL', 2.26595e-22], ['ARTS AND ENTERTAINMENT', 4.56478e-26], ['SPORTS', 4.19838e-26], ['HOBBIES AND INTERESTS', 1.74493e-26]]","[['CATS', 0.65], ['PETS', 0.18]]",True,78,78,19:38:31.722257
the dog walked an fish in John outside a pajamas in an dog on Mary in I in a dog outside John,"[['PETS', 0.999738], ['HEALTH AND FITNESS', 0.000194359], ['EDUCATION', 4.44106e-05], ['ARTS AND ENTERTAINMENT', 1.77972e-05], ['SPORTS', 1.63557e-06]]","[['DOGS', 0.65], ['PETS', 0.64]]",True,79,79,19:38:33.404551
Mary walked my telescope in an cat,"[['PETS', 0.953491], ['SCIENCE', 0.0372156], ['HOBBIES AND INTERESTS', 0.00807503], ['RELIGION AND SPIRITUALITY', 0.000137659], ['STYLE AND FASHION', 0.000120893]]","[['CATS', 0.54], ['PETS', 0.13]]",True,80,80,19:38:35.296565
Bob saw Mary,"[['HOBBIES AND INTERESTS', 0.165744], ['CAREERS', 0.103779], ['HEALTH AND FITNESS', 0.061078], ['SPORTS', 0.0502132], ['EDUCATION', 0.0408336]]","[['HOBBIES & INTERESTS', 0.08], ['SPORTS', 0.06], ['NEEDLEWORK', 0.06], ['WATERSKI/WAKEBOARD', 0.04]]",True,81,81,19:38:37.271488
my dog with Bob shot an fish in Mary by Mary,"[['PETS', 0.994257], ['SPORTS', 0.00424368], ['HOBBIES AND INTERESTS', 0.000351146], ['HEALTH AND FITNESS', 0.000130017], ['FOOD AND DRINK', 0.000109553]]","[['AQUARIUMS', 0.43], ['PETS', 0.42]]",True,82,82,19:38:39.187902
John walked an monkey in the park,"[['SPORTS', 0.562224], ['TRAVEL', 0.278068], ['PETS', 0.000315293], ['AUTOMOTIVE', 0.000286922], ['HOBBIES AND INTERESTS', 0.000274711]]","[['NATIONAL PARKS', 0.38], ['TRAVEL', 0.08], ['BIRDWATCHING', 0.06], ['HOBBIES & INTERESTS', 0.06]]",True,83,83,19:38:40.831399
I walked a man outside Bob,"[['SPORTS', 0.838079], ['TRAVEL', 0.0186564], ['HOBBIES AND INTERESTS', 0.0155551], ['SCIENCE', 0.0137259], ['STYLE AND FASHION', 0.010237]]","[['PROFANE CONTENT', 0.21], ['NON-STANDARD CONTENT', 0.08], ['SPORTS', 0.07], ['HOBBIES & INTERESTS', 0.07], ['WALKING', 0.06]]",True,84,84,19:38:42.518226
my dog on John shot John in an man on the park,"[['SOCIETY', 0.908765], ['ARTS AND ENTERTAINMENT', 0.0867194], ['TRAVEL', 0.00264992], ['SPORTS', 0.00098515], ['HOBBIES AND INTERESTS', 0.000252904]]","[['DOGS', 0.58], ['PETS', 0.31]]",True,85,85,19:38:44.311433
an telescope with Bob saw my dog,"[['HOBBIES AND INTERESTS', 0.749346], ['SCIENCE', 0.218727], ['PETS', 0.00335391], ['SPORTS', 0.000836212], ['HEALTH AND FITNESS', 0.00030869]]","[['DOGS', 0.54], ['PETS', 0.32]]",True,86,86,19:38:46.069563
an cat ate I on John,"[['PETS', 0.98588], ['TRAVEL', 0.0141136], ['EDUCATION', 3.72435e-06], ['STYLE AND FASHION', 2.89537e-07], ['SCIENCE', 1.49518e-07]]","[['CATS', 0.67], ['PETS', 0.18]]",True,87,87,19:38:47.639385
Bob saw my cat outside an fish by Bob,"[['PETS', 0.778131], ['SPORTS', 0.181684], ['HOBBIES AND INTERESTS', 0.0277874], ['NON STANDARD CONTENT', 0.000567224], ['FOOD AND DRINK', 0.000250671]]","[['AQUARIUMS', 0.43], ['PETS', 0.34]]",True,88,88,19:38:49.218614
an monkey by Bob killed John by Bob outside Mary,"[['RELIGION AND SPIRITUALITY', 0.999775], ['HOBBIES AND INTERESTS', 0.000130823], ['NON STANDARD CONTENT', 4.91799e-05], ['SPORTS', 1.6737e-05], ['ARTS AND ENTERTAINMENT', 5.38845e-06]]","[['HOBBIES & INTERESTS', 0.07], ['SPORTS', 0.06], ['NEEDLEWORK', 0.05], ['WALKING', 0.04]]",True,89,89,19:38:51.319080
my pajamas saw John,"[['SCIENCE', 0.998474], ['FOOD AND DRINK', 0.00126661], ['SPORTS', 0.000251406], ['CAREERS', 2.26847e-06], ['AUTOMOTIVE', 3.21444e-07]]","[['HATE CONTENT', 0.18], ['HOBBIES & INTERESTS', 0.07], ['NON-STANDARD CONTENT', 0.07], ['SCREENWRITING', 0.06]]",True,90,90,19:38:52.961813
my elephant ate the elephant outside I outside my fish,"[['PETS', 0.663899], ['FOOD AND DRINK', 0.292582], ['HOBBIES AND INTERESTS', 0.0140635], ['HEALTH AND FITNESS', 0.0136986], ['SPORTS', 0.00280988]]","[['LARGE ANIMALS', 0.43], ['PETS', 0.2]]",True,91,91,19:38:54.729651
Bob shot a cat outside John,"[['PETS', 1.0], ['SPORTS', 1.27177e-11], ['HOBBIES AND INTERESTS', 1.13372e-11], ['NON STANDARD CONTENT', 1.99749e-13], ['FOOD AND DRINK', 1.81638e-13]]","[['CATS', 0.64], ['PETS', 0.17]]",True,92,92,19:38:56.286210
my fish outside Mary walked Mary outside my man in the pajamas in the park with John with Mary with Mary with Mary,"[['SOCIETY', 0.96084], ['SPORTS', 0.0174265], ['SCIENCE', 0.0119029], ['FOOD AND DRINK', 0.0021559], ['HOBBIES AND INTERESTS', 0.000503624]]","[['AQUARIUMS', 0.29], ['NATIONAL PARKS', 0.1], ['PETS', 0.08], ['TRAVEL', 0.06]]",True,93,93,19:38:57.900453
Mary saw Bob on my pajamas,"[['SCIENCE', 0.982749], ['FOOD AND DRINK', 0.00605584], ['HEALTH AND FITNESS', 0.0032324], ['SPORTS', 0.00272754], ['CAREERS', 0.00149508]]","[['HOBBIES & INTERESTS', 0.07], ['NEEDLEWORK', 0.06]]",True,94,94,19:38:59.748649
I wounded I by Mary,"[['SPORTS', 0.5699], ['CAREERS', 0.0932138], ['TRAVEL', 0.0674328], ['PETS', 0.0302727], ['NON STANDARD CONTENT', 0.025608]]","[['OFF-ROAD VEHICLES', 0.1], ['HOBBIES & INTERESTS', 0.07], ['NEEDLEWORK', 0.06], ['AUTOMOTIVE', 0.06]]",True,95,95,19:39:01.591440
I saw my dog outside John outside Bob,"[['ARTS AND ENTERTAINMENT', 0.999936], ['HOBBIES AND INTERESTS', 4.02208e-05], ['SOCIETY', 1.23733e-05], ['NON STANDARD CONTENT', 4.152e-06], ['SPORTS', 1.60633e-06]]","[['DOGS', 0.64], ['PETS', 0.42]]",True,96,96,19:39:03.117298
the telescope walked Bob,"[['SPORTS', 0.828558], ['SCIENCE', 0.17127], ['HEALTH AND FITNESS', 6.93441e-05], ['HOBBIES AND INTERESTS', 4.29327e-05], ['TRAVEL', 4.76901e-06]]","[['HOBBIES & INTERESTS', 0.08], ['BIRDWATCHING', 0.05]]",True,97,97,19:39:04.916127
Mary wounded an man outside a man outside Bob,"[['TRAVEL', 0.160982], ['SPORTS', 0.0850662], ['SOCIETY', 0.0845243], ['NON STANDARD CONTENT', 0.0412344], ['ARTS AND ENTERTAINMENT', 0.033181]]","[['PROFANE CONTENT', 0.23], ['NON-STANDARD CONTENT', 0.09]]",True,98,98,19:39:06.472401
an cat ate John,"[['PETS', 1.0], ['HEALTH AND FITNESS', 1.55306e-09], ['HOME AND GARDEN', 1.49351e-09], ['SCIENCE', 1.43732e-09], ['SPORTS', 1.05407e-09]]","[['CATS', 0.67], ['PETS', 0.18]]",True,99,99,19:39:08.014184
my dog ate my monkey by Bob by I,"[['NON STANDARD CONTENT', 0.999983], ['PETS', 1.16429e-05], ['SCIENCE', 1.88587e-06], ['HOBBIES AND INTERESTS', 6.15729e-07], ['FOOD AND DRINK', 1.07706e-07]]","[['DOGS', 0.52], ['PETS', 0.24]]",True,100,100,19:39:09.871724
John shot John,"[['ARTS AND ENTERTAINMENT', 0.701169], ['SOCIETY', 0.298831], ['SPORTS', 2.39116e-11], ['HOBBIES AND INTERESTS', 5.21175e-12], ['TRAVEL', 2.57221e-12]]","[['EXTREME GRAPHIC/EXPLICIT VIOLENCE', 0.18], ['HOBBIES & INTERESTS', 0.08], ['NON-STANDARD CONTENT', 0.08], ['SCREENWRITING', 0.06]]",True,101,101,19:39:11.875023
an pajamas with an monkey shot I in John,"[['SPORTS', 0.999896], ['SCIENCE', 9.89551e-05], ['FOOD AND DRINK', 2.68805e-06], ['TRAVEL', 8.53372e-07], ['HOBBIES AND INTERESTS', 3.36024e-07]]","[['HOBBIES & INTERESTS', 0.08], ['SCREENWRITING', 0.05]]",True,102,102,19:39:13.766861
the monkey ate Bob with Bob in John,"[['NON STANDARD CONTENT', 0.473015], ['HEALTH AND FITNESS', 0.272659], ['SPORTS', 0.0371276], ['SCIENCE', 0.0340547], ['PETS', 0.0255432]]","[['HOBBIES & INTERESTS', 0.08], ['SCREENWRITING', 0.05]]",True,103,103,19:39:15.663364
I killed Bob with Mary,"[['HOBBIES AND INTERESTS', 0.733707], ['SOCIETY', 0.1024], ['PETS', 0.0351509], ['REAL ESTATE', 0.0301367], ['SPORTS', 0.0271665]]","[['CATHOLICISM', 0.19], ['ROAD-SIDE ASSISTANCE', 0.12], ['RELIGION & SPIRITUALITY', 0.07], ['HOBBIES & INTERESTS', 0.07], ['AUTOMOTIVE', 0.06]]",True,104,104,19:39:17.298987
Mary walked John with Bob outside Bob,"[['SOCIETY', 0.999999], ['SPORTS', 1.97309e-07], ['HEALTH AND FITNESS', 3.30988e-08], ['HOBBIES AND INTERESTS', 9.9057e-09], ['TRAVEL', 8.33562e-09]]","[['HOBBIES & INTERESTS', 0.08], ['SPORTS', 0.07], ['NEEDLEWORK', 0.05], ['WATERSKI/WAKEBOARD', 0.04]]",True,105,105,19:39:19.039699
I ate John on John,"[['TRAVEL', 0.999926], ['RELIGION AND SPIRITUALITY', 9.47365e-06], ['EDUCATION', 8.46932e-06], ['FOOD AND DRINK', 4.37079e-06], ['NON STANDARD CONTENT', 4.24143e-06]]","[['EXTREME GRAPHIC/EXPLICIT VIOLENCE', 0.18], ['NON-STANDARD CONTENT', 0.08], ['HOBBIES & INTERESTS', 0.07], ['SCREENWRITING', 0.06]]",True,106,106,19:39:20.829621
John walked I outside Mary with Bob in an telescope,"[['SPORTS', 0.353524], ['SCIENCE', 0.245537], ['HOBBIES AND INTERESTS', 0.0228954], ['TRAVEL', 0.0141446], ['RELIGION AND SPIRITUALITY', 0.0122804]]","[['EXTREME GRAPHIC/EXPLICIT VIOLENCE', 0.19], ['HOBBIES & INTERESTS', 0.07], ['SPORTS', 0.06], ['NON-STANDARD CONTENT', 0.06], ['NEEDLEWORK', 0.06]]",True,107,107,19:39:22.503255
Bob shot I with I,"[['SPORTS', 0.99375], ['HOBBIES AND INTERESTS', 0.0062497], ['PETS', 1.17622e-09], ['RELIGION AND SPIRITUALITY', 4.54987e-10], ['HEALTH AND FITNESS', 2.06378e-10]]","[['HOBBIES & INTERESTS', 0.1], ['PHOTOGRAPHY', 0.06]]",True,108,108,19:39:24.104475
Bob walked Bob,"[['SPORTS', 0.994436], ['HEALTH AND FITNESS', 0.00551157], ['HOBBIES AND INTERESTS', 2.70153e-06], ['TECHNOLOGY AND COMPUTING', 1.9425e-06], ['TRAVEL', 1.48965e-06]]","[['HOBBIES & INTERESTS', 0.08], ['SPORTS', 0.07], ['BIRDWATCHING', 0.05], ['WATERSKI/WAKEBOARD', 0.04]]",True,109,109,19:39:26.041997
an telescope on an man killed an fish outside Mary,"[['HOBBIES AND INTERESTS', 0.993742], ['SPORTS', 0.004842], ['SCIENCE', 0.000345728], ['TRAVEL', 1.6159e-05], ['FOOD AND DRINK', 1.10687e-05]]","[['AQUARIUMS', 0.56], ['PETS', 0.19]]",True,110,110,19:39:27.821741
my fish wounded an pajamas with John outside Mary,"[['SPORTS', 0.56307], ['FOOD AND DRINK', 0.279306], ['SCIENCE', 0.123772], ['CAREERS', 0.0210537], ['HOBBIES AND INTERESTS', 0.00191692]]","[['AQUARIUMS', 0.53], ['PETS', 0.16]]",True,111,111,19:39:29.685512
John wounded John outside I,"[['TRAVEL', 0.233356], ['SPORTS', 0.0916778], ['CAREERS', 0.0755849], ['NON STANDARD CONTENT', 0.0470026], ['HOBBIES AND INTERESTS', 0.0330565]]","[['EXTREME GRAPHIC/EXPLICIT VIOLENCE', 0.18], ['HOBBIES & INTERESTS', 0.08], ['NON-STANDARD CONTENT', 0.07], ['SCREENWRITING', 0.06]]",True,112,112,19:39:31.648618
Mary saw Bob on Bob,"[['SPORTS', 1.0], ['HOBBIES AND INTERESTS', 7.34591e-12], ['HEALTH AND FITNESS', 3.86417e-12], ['CAREERS', 2.43353e-12], ['TRAVEL', 2.26943e-12]]","[['HOBBIES & INTERESTS', 0.08], ['SPORTS', 0.07], ['NEEDLEWORK', 0.06], ['WATERSKI/WAKEBOARD', 0.04]]",True,113,113,19:39:33.502588
I wounded Bob in an telescope,"[['SCIENCE', 0.826691], ['HOBBIES AND INTERESTS', 0.114398], ['SPORTS', 0.00360432], ['LAW AND GOVERNMENT AND POLITICS', 0.00196283], ['ARTS AND ENTERTAINMENT', 0.000279413]]","[['HOBBIES & INTERESTS', 0.09], ['BIRDWATCHING', 0.05]]",True,114,114,19:39:35.045648
Mary shot my pajamas in I,"[['HEALTH AND FITNESS', 0.999769], ['SCIENCE', 0.000226688], ['FOOD AND DRINK', 4.36544e-06], ['SPORTS', 1.60378e-08], ['TRAVEL', 9.07796e-09]]","[['HOBBIES & INTERESTS', 0.08], ['NEEDLEWORK', 0.06]]",True,115,115,19:39:36.532718
John killed Mary,"[['STYLE AND FASHION', 1.0], ['HEALTH AND FITNESS', 3.22809e-15], ['TRAVEL', 5.95376e-16], ['ARTS AND ENTERTAINMENT', 4.42493e-16], ['PETS', 3.55962e-16]]","[['CATHOLICISM', 0.26], ['RELIGION & SPIRITUALITY', 0.09]]",True,116,116,19:39:38.160978
John walked the dog in the dog outside John with an cat,"[['PETS', 1.0], ['ARTS AND ENTERTAINMENT', 2.10575e-07], ['SOCIETY', 2.68694e-08], ['SPORTS', 2.25345e-10], ['TRAVEL', 2.04018e-10]]","[['PETS', 0.63], ['DOGS', 0.61]]",True,117,117,19:39:39.760707
John ate I on an man by John,"[['HOBBIES AND INTERESTS', 0.412511], ['RELIGION AND SPIRITUALITY', 0.0500052], ['TRAVEL', 0.0304108], ['HEALTH AND FITNESS', 0.0297184], ['SPORTS', 0.0289201]]","[['PROFANE CONTENT', 0.2], ['NON-STANDARD CONTENT', 0.11]]",True,118,118,19:39:41.363021
Mary killed Bob outside my fish by Mary with an man by Bob,"[['SPORTS', 0.778384], ['HOBBIES AND INTERESTS', 0.124188], ['SOCIETY', 0.00401724], ['TRAVEL', 0.00342726], ['NON STANDARD CONTENT', 0.00278826]]","[['AQUARIUMS', 0.42], ['PETS', 0.11]]",True,119,119,19:39:42.888729
I killed John on Mary,"[['RELIGION AND SPIRITUALITY', 0.981888], ['EDUCATION', 0.0181115], ['SPORTS', 1.45356e-12], ['TRAVEL', 8.76029e-13], ['CAREERS', 6.20199e-13]]","[['CATHOLICISM', 0.26], ['RELIGION & SPIRITUALITY', 0.09]]",True,120,120,19:39:44.845608
Bob killed an pajamas on Mary,"[['EDUCATION', 0.999898], ['SCIENCE', 0.000101963], ['SPORTS', 3.3933e-07], ['FOOD AND DRINK', 5.38105e-08], ['CAREERS', 1.0671e-08]]","[['CATHOLICISM', 0.16], ['ROAD-SIDE ASSISTANCE', 0.1], ['HOBBIES & INTERESTS', 0.07], ['RELIGION & SPIRITUALITY', 0.06], ['AUTOMOTIVE', 0.06]]",True,121,121,19:39:46.748813
I ate my elephant with John,"[['NON STANDARD CONTENT', 1.0], ['SPORTS', 1.17613e-08], ['FOOD AND DRINK', 6.90274e-09], ['LAW AND GOVERNMENT AND POLITICS', 2.04103e-10], ['RELIGION AND SPIRITUALITY', 1.81345e-10]]","[['EXTREME GRAPHIC/EXPLICIT VIOLENCE', 0.19], ['HOBBIES & INTERESTS', 0.07], ['NON-STANDARD CONTENT', 0.07], ['SCREENWRITING', 0.06]]",True,122,122,19:39:48.350255
John wounded Bob by Bob on Mary,"[['EDUCATION', 0.999994], ['SPORTS', 3.35714e-06], ['HOBBIES AND INTERESTS', 1.04046e-06], ['ARTS AND ENTERTAINMENT', 5.83842e-07], ['CAREERS', 9.02345e-08]]","[['HOBBIES & INTERESTS', 0.08], ['SPORTS', 0.07], ['NEEDLEWORK', 0.05], ['FRESHWATER FISHING', 0.04]]",True,123,123,19:39:50.105353
the monkey wounded John,"[['SPORTS', 0.524156], ['TRAVEL', 0.279662], ['STYLE AND FASHION', 0.0353388], ['NON STANDARD CONTENT', 0.0108117], ['TECHNOLOGY AND COMPUTING', 0.0102968]]","[['HOBBIES & INTERESTS', 0.08], ['SCREENWRITING', 0.06]]",True,124,124,19:39:51.916560
my monkey in I wounded my monkey with John with Mary,"[['SOCIETY', 0.99937], ['EDUCATION', 0.000379099], ['TRAVEL', 6.16148e-05], ['HOBBIES AND INTERESTS', 4.01316e-05], ['STYLE AND FASHION', 2.80152e-05]]","[['HOBBIES & INTERESTS', 0.07], ['NEEDLEWORK', 0.05]]",True,125,125,19:39:53.813157
Mary ate John,"[['FOOD AND DRINK', 0.308981], ['TRAVEL', 0.278857], ['RELIGION AND SPIRITUALITY', 0.0526024], ['SCIENCE', 0.0372738], ['SOCIETY', 0.0218634]]","[['EXTREME GRAPHIC/EXPLICIT VIOLENCE', 0.19], ['BARBECUES & GRILLING', 0.1], ['NON-STANDARD CONTENT', 0.07], ['HOBBIES & INTERESTS', 0.07], ['FOOD & DRINK', 0.06]]",True,125,125,19:39:55.578070
Bob wounded I with Bob,"[['HOBBIES AND INTERESTS', 0.451222], ['PETS', 0.184063], ['SPORTS', 0.0793437], ['HEALTH AND FITNESS', 0.0430099], ['RELIGION AND SPIRITUALITY', 0.0303257]]","[['HOBBIES & INTERESTS', 0.09], ['BIRDWATCHING', 0.05]]",True,126,126,19:39:57.466956
Mary shot my elephant,"[['HEALTH AND FITNESS', 0.999999], ['PETS', 4.4144e-07], ['SPORTS', 5.3283e-08], ['ARTS AND ENTERTAINMENT', 3.16685e-08], ['FOOD AND DRINK', 2.2977e-08]]","[['HOBBIES & INTERESTS', 0.08], ['NEEDLEWORK', 0.06]]",True,127,127,19:39:59.316477
John shot I with John,"[['SPORTS', 0.953995], ['SOCIETY', 0.0460048], ['RELIGION AND SPIRITUALITY', 1.49794e-08], ['HOBBIES AND INTERESTS', 1.57237e-09], ['PETS', 4.69228e-10]]","[['EXTREME GRAPHIC/EXPLICIT VIOLENCE', 0.18], ['HOBBIES & INTERESTS', 0.08], ['NON-STANDARD CONTENT', 0.08], ['SCREENWRITING', 0.06]]",True,128,128,19:40:01.135306
I killed the elephant in I,"[['FOOD AND DRINK', 0.599619], ['SPORTS', 0.106998], ['HEALTH AND FITNESS', 0.0747362], ['PETS', 0.0526689], ['HOBBIES AND INTERESTS', 0.0328764]]","[['LARGE ANIMALS', 0.62], ['PETS', 0.08]]",True,129,129,19:40:02.759226
I killed a man,"[['SOCIETY', 0.291434], ['SPORTS', 0.164991], ['RELIGION AND SPIRITUALITY', 0.101497], ['TRAVEL', 0.0556064], ['SCIENCE', 0.0448464]]","[['ISLAM', 0.24], ['PROFANE CONTENT', 0.23], ['RELIGION & SPIRITUALITY', 0.12], ['NON-STANDARD CONTENT', 0.1]]",True,130,130,19:40:04.596806
an telescope ate an telescope on Mary on a man by Bob,"[['EDUCATION', 0.75877], ['SCIENCE', 0.185591], ['SPORTS', 0.0526722], ['HOBBIES AND INTERESTS', 0.000144637], ['FAMILY AND PARENTING', 1.6836e-06]]","[['PROFANE CONTENT', 0.2], ['HOBBIES & INTERESTS', 0.07], ['NON-STANDARD CONTENT', 0.06], ['NEEDLEWORK', 0.05]]",True,131,131,19:40:06.409772
my elephant in I saw Mary,"[['SPORTS', 0.564793], ['ARTS AND ENTERTAINMENT', 0.129953], ['FOOD AND DRINK', 0.0971589], ['HOBBIES AND INTERESTS', 0.0800998], ['NON STANDARD CONTENT', 0.0530693]]","[['LARGE ANIMALS', 0.49], ['HOBBIES & INTERESTS', 0.07], ['PETS', 0.06], ['NEEDLEWORK', 0.06]]",True,132,132,19:40:08.198493
Bob shot my man with my park outside my elephant with Mary in John,"[['TRAVEL', 0.666833], ['SPORTS', 0.332166], ['ARTS AND ENTERTAINMENT', 0.000573098], ['RELIGION AND SPIRITUALITY', 3.99007e-05], ['NON STANDARD CONTENT', 3.42127e-05]]","[['NATIONAL PARKS', 0.31], ['PROFANE CONTENT', 0.19], ['TRAVEL', 0.08], ['NON-STANDARD CONTENT', 0.07], ['HOBBIES & INTERESTS', 0.07]]",True,133,133,19:40:10.358192
Mary killed Mary outside I,"[['HEALTH AND FITNESS', 0.339766], ['ARTS AND ENTERTAINMENT', 0.129514], ['PETS', 0.0725607], ['TRAVEL', 0.0663715], ['BUSINESS', 0.0515412]]","[['CATHOLICISM', 0.23], ['RELIGION & SPIRITUALITY', 0.07], ['NEEDLEWORK', 0.07], ['HOBBIES & INTERESTS', 0.06]]",True,134,134,19:40:12.142698
Mary wounded an pajamas with I on John,"[['HOBBIES AND INTERESTS', 0.978938], ['TRAVEL', 0.0207827], ['SCIENCE', 0.000200956], ['FOOD AND DRINK', 3.448e-05], ['CAREERS', 2.1242e-05]]","[['EXTREME GRAPHIC/EXPLICIT VIOLENCE', 0.19], ['HOBBIES & INTERESTS', 0.07], ['NON-STANDARD CONTENT', 0.06], ['NEEDLEWORK', 0.06]]",True,135,135,19:40:13.972345
an dog with an park walked John by Bob,"[['PETS', 0.999902], ['HOBBIES AND INTERESTS', 4.42666e-05], ['TRAVEL', 1.61613e-05], ['SPORTS', 5.78699e-06], ['FOOD AND DRINK', 6.44353e-07]]","[['DOGS', 0.59], ['PETS', 0.35]]",True,136,136,19:40:15.585724
Bob wounded Bob,"[['SPORTS', 0.479418], ['HOBBIES AND INTERESTS', 0.0909253], ['ARTS AND ENTERTAINMENT', 0.0724979], ['PETS', 0.015564], ['HEALTH AND FITNESS', 0.0148455]]","[['HOBBIES & INTERESTS', 0.09], ['BIRDWATCHING', 0.05]]",True,137,137,19:40:17.423221
I walked John,"[['SPORTS', 0.894375], ['RELIGION AND SPIRITUALITY', 0.0224467], ['TRAVEL', 0.01895], ['HOBBIES AND INTERESTS', 0.00928887], ['LAW AND GOVERNMENT AND POLITICS', 0.00595328]]","[['EXTREME GRAPHIC/EXPLICIT VIOLENCE', 0.18], ['NON-STANDARD CONTENT', 0.07], ['HOBBIES & INTERESTS', 0.07], ['SCREENWRITING', 0.06], ['SPORTS', 0.06]]",True,138,138,19:40:19.468180
my fish walked an dog with my cat by John,"[['SPORTS', 0.999538], ['PETS', 0.000281377], ['HOBBIES AND INTERESTS', 1.14054e-09], ['SCIENCE', 7.17945e-10], ['ARTS AND ENTERTAINMENT', 6.89794e-10]]","[['PETS', 0.68], ['AQUARIUMS', 0.44]]",True,139,139,19:40:21.098973
Mary saw an monkey with Bob,"[['HOBBIES AND INTERESTS', 0.411998], ['STYLE AND FASHION', 0.220235], ['HEALTH AND FITNESS', 0.20098], ['TRAVEL', 0.0522846], ['SPORTS', 0.0399591]]","[['HOBBIES & INTERESTS', 0.07], ['NEEDLEWORK', 0.06]]",True,140,140,19:40:23.056313
Bob shot I,"[['SPORTS', 1.0], ['HOBBIES AND INTERESTS', 4.26463e-16], ['HEALTH AND FITNESS', 2.55085e-16], ['FOOD AND DRINK', 1.78428e-16], ['NON STANDARD CONTENT', 1.17714e-16]]","[['HOBBIES & INTERESTS', 0.1], ['PHOTOGRAPHY', 0.06]]",True,141,141,19:40:24.591266
I saw an man with an monkey outside Bob with my telescope by Mary,"[['FAMILY AND PARENTING', 0.999573], ['SCIENCE', 0.000145616], ['HOBBIES AND INTERESTS', 3.66403e-05], ['NON STANDARD CONTENT', 1.82766e-05], ['TRAVEL', 1.79826e-05]]","[['PROFANE CONTENT', 0.2], ['HOBBIES & INTERESTS', 0.07], ['NON-STANDARD CONTENT', 0.07], ['SPORTS', 0.06], ['NEEDLEWORK', 0.06]]",True,142,142,19:40:26.351671
I ate John on Mary with an fish,"[['EDUCATION', 1.0], ['SPORTS', 2.08602e-08], ['FOOD AND DRINK', 4.26325e-09], ['PETS', 5.97467e-10], ['STYLE AND FASHION', 5.73196e-10]]","[['AQUARIUMS', 0.62], ['PETS', 0.19]]",True,143,143,19:40:28.203983
a elephant ate the elephant,"[['HEALTH AND FITNESS', 0.509027], ['PETS', 0.312666], ['FOOD AND DRINK', 0.0949378], ['HOBBIES AND INTERESTS', 0.0777851], ['SPORTS', 0.00261912]]","[['LARGE ANIMALS', 0.6], ['HOBBIES & INTERESTS', 0.07], ['PETS', 0.07], ['BEADWORK', 0.05]]",True,144,144,19:40:30.063209
my man in Mary killed John by I,"[['RELIGION AND SPIRITUALITY', 0.883278], ['SPORTS', 0.116722], ['HOBBIES AND INTERESTS', 2.34054e-07], ['TRAVEL', 2.98243e-10], ['SCIENCE', 2.59716e-10]]","[['CATHOLICISM', 0.23], ['HATE CONTENT', 0.2], ['NON-STANDARD CONTENT', 0.1], ['RELIGION & SPIRITUALITY', 0.1]]",True,145,145,19:40:31.854716
Mary ate Mary in a telescope on my telescope,"[['SCIENCE', 0.999851], ['RELIGION AND SPIRITUALITY', 0.000115087], ['HOBBIES AND INTERESTS', 7.68778e-06], ['TECHNOLOGY AND COMPUTING', 4.73146e-07], ['EDUCATION', 1.66377e-07]]","[['HOBBIES & INTERESTS', 0.07], ['NEEDLEWORK', 0.06]]",True,146,146,19:40:33.726128
John saw Bob by John,"[['EDUCATION', 0.0572284], ['HOBBIES AND INTERESTS', 0.0541565], ['TRAVEL', 0.0378647], ['TECHNOLOGY AND COMPUTING', 0.0310686], ['SPORTS', 0.0291365]]","[['EXTREME GRAPHIC/EXPLICIT VIOLENCE', 0.18], ['HOBBIES & INTERESTS', 0.08], ['NON-STANDARD CONTENT', 0.07], ['SPORTS', 0.07], ['SCREENWRITING', 0.06]]",True,147,147,19:40:35.809712
my monkey saw John outside John,"[['HOBBIES AND INTERESTS', 0.76307], ['TRAVEL', 0.111248], ['EDUCATION', 0.0207687], ['SOCIETY', 0.0172177], ['NON STANDARD CONTENT', 0.0171148]]","[['EXTREME GRAPHIC/EXPLICIT VIOLENCE', 0.18], ['NON-STANDARD CONTENT', 0.07], ['HOBBIES & INTERESTS', 0.07], ['SCREENWRITING', 0.06]]",True,148,148,19:40:37.765506
Mary walked an fish outside an monkey by Mary,"[['SPORTS', 0.857408], ['HOBBIES AND INTERESTS', 0.0263562], ['SCIENCE', 0.0219751], ['HOME AND GARDEN', 0.00548631], ['TRAVEL', 0.00389854]]","[['AQUARIUMS', 0.5], ['PETS', 0.12]]",True,149,149,19:40:39.387388
an fish outside an telescope killed my cat by the pajamas,"[['SCIENCE', 0.67936], ['PETS', 0.320473], ['FOOD AND DRINK', 0.000127767], ['SPORTS', 1.6957e-05], ['HOBBIES AND INTERESTS', 7.01842e-07]]","[['AQUARIUMS', 0.44], ['PETS', 0.38]]",True,150,150,19:40:41.049235
an elephant killed Mary by Bob outside I,"[['HEALTH AND FITNESS', 0.280059], ['SPORTS', 0.186439], ['HOBBIES AND INTERESTS', 0.151466], ['ARTS AND ENTERTAINMENT', 0.120842], ['NON STANDARD CONTENT', 0.0952666]]","[['LARGE ANIMALS', 0.44], ['CATHOLICISM', 0.16], ['ROAD-SIDE ASSISTANCE', 0.11], ['HOBBIES & INTERESTS', 0.07], ['PETS', 0.06]]",True,151,151,19:40:43.215731
Mary walked John in Mary,"[['HOBBIES AND INTERESTS', 0.952638], ['RELIGION AND SPIRITUALITY', 0.00154422], ['TRAVEL', 0.000185464], ['SCIENCE', 6.29813e-05], ['FOOD AND DRINK', 6.16129e-05]]","[['GARDENING', 0.25], ['EXTREME GRAPHIC/EXPLICIT VIOLENCE', 0.19], ['NEEDLEWORK', 0.06], ['HOBBIES & INTERESTS', 0.06], ['NON-STANDARD CONTENT', 0.06]]",True,152,152,19:40:45.064860
John walked Mary with an man in Bob,"[['SPORTS', 0.933497], ['RELIGION AND SPIRITUALITY', 0.0256349], ['HOBBIES AND INTERESTS', 0.00597829], ['TRAVEL', 0.00561488], ['SCIENCE', 0.0012201]]","[['PROFANE CONTENT', 0.2], ['NON-STANDARD CONTENT', 0.09]]",True,153,153,19:40:46.902584
I ate Bob by an man,"[['FOOD AND DRINK', 0.14551], ['RELIGION AND SPIRITUALITY', 0.106402], ['NON STANDARD CONTENT', 0.0782532], ['SOCIETY', 0.0736766], ['STYLE AND FASHION', 0.0392513]]","[['PROFANE CONTENT', 0.21], ['NON-STANDARD CONTENT', 0.08], ['HOBBIES & INTERESTS', 0.07], ['BIRDWATCHING', 0.05]]",True,154,154,19:40:48.739784
John killed I on Bob,"[['STYLE AND FASHION', 0.980737], ['SPORTS', 0.0192626], ['HOBBIES AND INTERESTS', 6.23602e-13], ['RELIGION AND SPIRITUALITY', 5.30638e-13], ['TRAVEL', 4.7515e-13]]","[['EXTREME GRAPHIC/EXPLICIT VIOLENCE', 0.19], ['CATHOLICISM', 0.15], ['ROAD-SIDE ASSISTANCE', 0.13], ['HOBBIES & INTERESTS', 0.07], ['RELIGION & SPIRITUALITY', 0.07]]",True,155,155,19:40:50.638124
Mary walked I,"[['RELIGION AND SPIRITUALITY', 0.372352], ['SPORTS', 0.304225], ['HOBBIES AND INTERESTS', 0.0470464], ['SCIENCE', 0.000492242], ['TRAVEL', 0.000210025]]","[['BODY ART', 0.39], ['GARDENING', 0.22], ['EXTREME GRAPHIC/EXPLICIT VIOLENCE', 0.2], ['OFF-ROAD VEHICLES', 0.1], ['HOBBIES & INTERESTS', 0.06]]",True,156,156,19:40:52.246536
Bob ate Bob with Mary,"[['TRAVEL', 0.149004], ['HOBBIES AND INTERESTS', 0.133296], ['FOOD AND DRINK', 0.102658], ['HEALTH AND FITNESS', 0.0560038], ['PETS', 0.053089]]","[['HOBBIES & INTERESTS', 0.08], ['NEEDLEWORK', 0.05]]",True,157,157,19:40:54.080087
Bob saw Mary,"[['HOBBIES AND INTERESTS', 0.165744], ['CAREERS', 0.103779], ['HEALTH AND FITNESS', 0.061078], ['SPORTS', 0.0502132], ['EDUCATION', 0.0408336]]","[['HOBBIES & INTERESTS', 0.08], ['SPORTS', 0.06], ['NEEDLEWORK', 0.06], ['WATERSKI/WAKEBOARD', 0.04]]",True,157,157,19:40:55.808631
John saw my monkey by an park,"[['HOBBIES AND INTERESTS', 0.225215], ['HOME AND GARDEN', 0.181739], ['SOCIETY', 0.118911], ['SCIENCE', 0.0997178], ['AUTOMOTIVE', 0.0579445]]","[['NATIONAL PARKS', 0.46], ['TRAVEL', 0.08]]",True,158,158,19:40:57.772903
Bob saw I,"[['HOBBIES AND INTERESTS', 0.101875], ['SPORTS', 0.0774246], ['HEALTH AND FITNESS', 0.0658148], ['RELIGION AND SPIRITUALITY', 0.0628785], ['LAW AND GOVERNMENT AND POLITICS', 0.0279392]]","[['HOBBIES & INTERESTS', 0.09], ['SPORTS', 0.07], ['BIRDWATCHING', 0.05], ['WATERSKI/WAKEBOARD', 0.04]]",True,159,159,19:40:59.383608
John killed my cat outside an dog,"[['STYLE AND FASHION', 0.999996], ['PETS', 3.50521e-06], ['HEALTH AND FITNESS', 8.77891e-12], ['SPORTS', 2.4764e-12], ['ARTS AND ENTERTAINMENT', 7.92524e-13]]","[['PETS', 0.63], ['CATS', 0.5]]",True,160,160,19:41:00.912804
my cat shot John in Bob,"[['ARTS AND ENTERTAINMENT', 0.999936], ['PETS', 6.43378e-05], ['HOBBIES AND INTERESTS', 1.4252e-09], ['RELIGION AND SPIRITUALITY', 5.02676e-10], ['NON STANDARD CONTENT', 2.58312e-10]]","[['CATS', 0.64], ['PETS', 0.17]]",True,161,161,19:41:02.901365
Bob killed I,"[['SPORTS', 0.316932], ['HOBBIES AND INTERESTS', 0.151668], ['TRAVEL', 0.0457388], ['RELIGION AND SPIRITUALITY', 0.0411143], ['PETS', 0.0119556]]","[['ISLAM', 0.16], ['ROAD-SIDE ASSISTANCE', 0.15], ['AUTOMOTIVE', 0.07], ['HOBBIES & INTERESTS', 0.07], ['RELIGION & SPIRITUALITY', 0.07]]",True,162,162,19:41:04.491062
John shot I on Mary outside John,"[['SPORTS', 0.937578], ['SOCIETY', 0.0422999], ['EDUCATION', 0.020122], ['TRAVEL', 3.00451e-10], ['ARTS AND ENTERTAINMENT', 2.77815e-10]]","[['EXTREME GRAPHIC/EXPLICIT VIOLENCE', 0.19], ['HOBBIES & INTERESTS', 0.08], ['NON-STANDARD CONTENT', 0.08], ['SCREENWRITING', 0.06]]",True,163,163,19:41:06.240131
I walked John by Bob,"[['HOBBIES AND INTERESTS', 0.363997], ['SPORTS', 0.182746], ['NON STANDARD CONTENT', 0.0158104], ['RELIGION AND SPIRITUALITY', 0.0102331], ['LAW AND GOVERNMENT AND POLITICS', 0.00787695]]","[['HOBBIES & INTERESTS', 0.08], ['SPORTS', 0.07], ['SCREENWRITING', 0.06], ['WALKING', 0.04]]",True,164,164,19:41:07.800140
Mary killed the cat with a pajamas with John,"[['PETS', 1.0], ['SCIENCE', 1.20317e-10], ['HOBBIES AND INTERESTS', 8.53629e-12], ['FOOD AND DRINK', 4.6484e-13], ['SPORTS', 1.68942e-13]]","[['CATS', 0.54], ['PETS', 0.15]]",True,165,165,19:41:09.500088
I killed Bob,"[['HOBBIES AND INTERESTS', 0.281828], ['SPORTS', 0.200345], ['RELIGION AND SPIRITUALITY', 0.130618], ['PETS', 0.0198762], ['FOOD AND DRINK', 0.0175175]]","[['ISLAM', 0.16], ['ROAD-SIDE ASSISTANCE', 0.15], ['AUTOMOTIVE', 0.07], ['HOBBIES & INTERESTS', 0.07], ['RELIGION & SPIRITUALITY', 0.07]]",True,166,166,19:41:11.048817
a cat in my elephant in Mary walked the cat with Bob with Mary in an fish by Bob with Mary outside Mary,"[['PETS', 1.0], ['HOBBIES AND INTERESTS', 6.30206e-11], ['SPORTS', 1.27169e-13], ['NON STANDARD CONTENT', 9.88838e-14], ['ARTS AND ENTERTAINMENT', 5.57111e-14]]","[['CATS', 0.41], ['PETS', 0.21]]",True,167,167,19:41:12.699156
Bob ate my fish on John in an elephant,"[['NON STANDARD CONTENT', 0.997328], ['SPORTS', 0.00191162], ['TRAVEL', 0.00025958], ['FOOD AND DRINK', 9.13229e-05], ['HEALTH AND FITNESS', 8.16609e-05]]","[['AQUARIUMS', 0.51], ['PETS', 0.21]]",True,168,168,19:41:14.323048
a cat killed Mary in my man outside the elephant with I,"[['PETS', 0.911166], ['HOBBIES AND INTERESTS', 0.0848888], ['SPORTS', 0.00393871], ['ARTS AND ENTERTAINMENT', 4.87861e-07], ['NON STANDARD CONTENT', 4.686e-08]]","[['CATS', 0.49], ['PETS', 0.2]]",True,169,169,19:41:16.443977
I walked John in Mary,"[['HOBBIES AND INTERESTS', 0.98141], ['RELIGION AND SPIRITUALITY', 0.00273392], ['SPORTS', 5.89314e-05], ['SCIENCE', 3.14638e-05], ['TRAVEL', 2.73279e-05]]","[['EXTREME GRAPHIC/EXPLICIT VIOLENCE', 0.19], ['NON-STANDARD CONTENT', 0.07], ['HOBBIES & INTERESTS', 0.06], ['NEEDLEWORK', 0.06]]",True,170,170,19:41:18.364828
Mary saw John,"[['RELIGION AND SPIRITUALITY', 0.104088], ['TRAVEL', 0.100193], ['CAREERS', 0.0741229], ['HOBBIES AND INTERESTS', 0.0549795], ['EDUCATION', 0.0275903]]","[['EXTREME GRAPHIC/EXPLICIT VIOLENCE', 0.19], ['NON-STANDARD CONTENT', 0.07], ['HOBBIES & INTERESTS', 0.07], ['NEEDLEWORK', 0.06]]",True,171,171,19:41:20.267388
the cat shot I by an monkey,"[['PETS', 0.995447], ['SPORTS', 0.00455332], ['HOBBIES AND INTERESTS', 2.33518e-11], ['HEALTH AND FITNESS', 7.17827e-12], ['FOOD AND DRINK', 4.40149e-12]]","[['CATS', 0.64], ['PETS', 0.16]]",True,172,172,19:41:22.168544
my telescope by Bob walked John in I,"[['SCIENCE', 0.899466], ['HOBBIES AND INTERESTS', 0.0361557], ['SPORTS', 0.0197891], ['RELIGION AND SPIRITUALITY', 0.0117789], ['NON STANDARD CONTENT', 0.000796003]]","[['HOBBIES & INTERESTS', 0.08], ['SPORTS', 0.06], ['SCREENWRITING', 0.05], ['FLY FISHING', 0.04]]",True,173,173,19:41:23.860235
my pajamas saw the man by I outside Mary,"[['SCIENCE', 0.923616], ['RELIGION AND SPIRITUALITY', 0.0151831], ['SPORTS', 0.00592084], ['TRAVEL', 0.00565546], ['NON STANDARD CONTENT', 0.00364731]]","[['PROFANE CONTENT', 0.23], ['NON-STANDARD CONTENT', 0.08]]",True,174,174,19:41:25.633788
John wounded a monkey outside Bob by Mary by a elephant with John,"[['FAMILY AND PARENTING', 0.999893], ['SPORTS', 3.91066e-05], ['HOBBIES AND INTERESTS', 1.36639e-05], ['ARTS AND ENTERTAINMENT', 4.8337e-06], ['TECHNOLOGY AND COMPUTING', 3.4278e-06]]","[['HOBBIES & INTERESTS', 0.08], ['SCREENWRITING', 0.06]]",True,175,175,19:41:27.269356
John saw my park on Bob in Mary with Mary outside I,"[['SPORTS', 0.999949], ['HOBBIES AND INTERESTS', 1.88799e-05], ['SOCIETY', 8.2025e-06], ['REAL ESTATE', 7.44257e-07], ['EDUCATION', 7.22288e-07]]","[['NATIONAL PARKS', 0.25], ['TRAVEL', 0.08]]",True,176,176,19:41:28.834002
an monkey with I walked I,"[['HOBBIES AND INTERESTS', 0.999983], ['SPORTS', 1.28471e-05], ['TRAVEL', 7.32766e-07], ['STYLE AND FASHION', 4.52981e-07], ['RELIGION AND SPIRITUALITY', 1.19315e-07]]","[['HOBBIES & INTERESTS', 0.07], ['BIRDWATCHING', 0.05]]",True,177,177,19:41:30.518255
Mary saw I in John,"[['SPORTS', 0.367757], ['HOBBIES AND INTERESTS', 0.110995], ['RELIGION AND SPIRITUALITY', 0.0922851], ['NON STANDARD CONTENT', 0.0513229], ['HEALTH AND FITNESS', 0.0475981]]","[['EXTREME GRAPHIC/EXPLICIT VIOLENCE', 0.19], ['NON-STANDARD CONTENT', 0.07], ['HOBBIES & INTERESTS', 0.07], ['NEEDLEWORK', 0.06]]",True,178,178,19:41:32.108480
an park killed a cat outside I,"[['PETS', 0.993727], ['TRAVEL', 0.00627287], ['HOBBIES AND INTERESTS', 1.4426e-12], ['HEALTH AND FITNESS', 1.43999e-12], ['SPORTS', 1.36442e-12]]","[['CATS', 0.72], ['PETS', 0.33]]",True,179,179,19:41:33.903539
Bob wounded John in Mary outside an telescope by my pajamas in Bob in an fish with the dog,"[['PETS', 0.745087], ['SPORTS', 0.169163], ['HOBBIES AND INTERESTS', 0.00848058], ['ARTS AND ENTERTAINMENT', 0.00422757], ['SCIENCE', 0.00308084]]","[['AQUARIUMS', 0.37], ['PETS', 0.29]]",True,180,180,19:41:35.516765
Bob walked I in my monkey outside Mary,"[['FAMILY AND PARENTING', 1.0], ['SPORTS', 9.52206e-09], ['HOBBIES AND INTERESTS', 4.27196e-09], ['NON STANDARD CONTENT', 1.73342e-09], ['RELIGION AND SPIRITUALITY', 1.45122e-09]]","[['HOBBIES & INTERESTS', 0.07], ['SPORTS', 0.06], ['NEEDLEWORK', 0.06], ['WALKING', 0.05]]",True,181,181,19:41:37.635622
Bob killed an cat outside John with Mary by John,"[['SOCIETY', 0.999774], ['PETS', 0.000226147], ['TRAVEL', 3.81276e-08], ['HOBBIES AND INTERESTS', 1.39173e-08], ['SPORTS', 3.10913e-09]]","[['CATS', 0.51], ['PETS', 0.12]]",True,182,182,19:41:39.677537
John walked I in Mary,"[['SPORTS', 0.866074], ['HOBBIES AND INTERESTS', 0.049248], ['RELIGION AND SPIRITUALITY', 0.0217389], ['TRAVEL', 0.000715878], ['SCIENCE', 0.000113422]]","[['EXTREME GRAPHIC/EXPLICIT VIOLENCE', 0.19], ['NON-STANDARD CONTENT', 0.07], ['HOBBIES & INTERESTS', 0.06], ['NEEDLEWORK', 0.06]]",True,183,183,19:41:41.633979
John ate my park by I on Mary,"[['NON STANDARD CONTENT', 0.941237], ['EDUCATION', 0.0587634], ['HEALTH AND FITNESS', 5.95902e-09], ['TRAVEL', 4.95746e-09], ['SCIENCE', 4.77027e-09]]","[['NATIONAL PARKS', 0.39], ['TRAVEL', 0.09]]",True,184,184,19:41:43.244024
Bob shot I on I,"[['SPORTS', 1.0], ['HOBBIES AND INTERESTS', 2.15252e-11], ['HEALTH AND FITNESS', 1.32684e-11], ['NON STANDARD CONTENT', 7.55702e-12], ['ARTS AND ENTERTAINMENT', 6.14727e-12]]","[['HOBBIES & INTERESTS', 0.1], ['PHOTOGRAPHY', 0.06]]",True,185,185,19:41:45.339652
the dog with Mary wounded Mary in I,"[['PETS', 1.0], ['TRAVEL', 2.64236e-09], ['SPORTS', 1.15825e-10], ['ARTS AND ENTERTAINMENT', 2.00671e-11], ['HOBBIES AND INTERESTS', 9.25647e-12]]","[['DOGS', 0.42], ['PETS', 0.22]]",True,186,186,19:41:46.922473
Mary walked Mary by an pajamas with Bob by Mary,"[['SCIENCE', 0.30239], ['HEALTH AND FITNESS', 0.195585], ['FOOD AND DRINK', 0.090948], ['CAREERS', 0.0773938], ['HOBBIES AND INTERESTS', 0.0417453]]","[['HOBBIES & INTERESTS', 0.07], ['NEEDLEWORK', 0.06], ['SPORTS', 0.05], ['FRESHWATER FISHING', 0.04]]",True,187,187,19:41:48.613795
an park with Bob walked Bob outside Bob,"[['SPORTS', 0.978471], ['TRAVEL', 0.000235411], ['HEALTH AND FITNESS', 0.000135423], ['HOBBIES AND INTERESTS', 9.89589e-05], ['HOME AND GARDEN', 1.81176e-05]]","[['HOBBIES & INTERESTS', 0.08], ['SPORTS', 0.07], ['BIRDWATCHING', 0.06], ['WATERSKI/WAKEBOARD', 0.05]]",True,188,188,19:41:50.512264
John shot an pajamas on John,"[['SOCIETY', 0.999935], ['SCIENCE', 5.15775e-05], ['TRAVEL', 7.12694e-06], ['FOOD AND DRINK', 5.71059e-06], ['SPORTS', 4.50343e-08]]","[['EXTREME GRAPHIC/EXPLICIT VIOLENCE', 0.18], ['HOBBIES & INTERESTS', 0.08], ['NON-STANDARD CONTENT', 0.07], ['SCREENWRITING', 0.06]]",True,189,189,19:41:52.153428
the pajamas walked an elephant by an monkey in John,"[['SCIENCE', 0.935836], ['SPORTS', 0.0422011], ['FOOD AND DRINK', 0.0167216], ['HEALTH AND FITNESS', 0.00227734], ['PETS', 0.00033589]]","[['EXTREME GRAPHIC/EXPLICIT VIOLENCE', 0.19], ['HOBBIES & INTERESTS', 0.07], ['NON-STANDARD CONTENT', 0.06], ['SCREENWRITING', 0.05]]",True,190,190,19:41:53.880236
the park wounded Bob,"[['SPORTS', 0.999066], ['TRAVEL', 0.000421423], ['HOBBIES AND INTERESTS', 4.17093e-05], ['PETS', 2.80641e-05], ['AUTOMOTIVE', 2.64008e-05]]","[['NATIONAL PARKS', 0.44], ['TRAVEL', 0.09], ['HOBBIES & INTERESTS', 0.08], ['BIRDWATCHING', 0.07]]",True,191,191,19:41:55.508014
I shot Mary,"[['SPORTS', 0.62882], ['TRAVEL', 0.0292306], ['ARTS AND ENTERTAINMENT', 0.0216441], ['FOOD AND DRINK', 0.012883], ['REAL ESTATE', 0.00978798]]","[['HOBBIES & INTERESTS', 0.08], ['NEEDLEWORK', 0.06]]",True,192,192,19:41:57.644247
John saw Mary,"[['RELIGION AND SPIRITUALITY', 0.104088], ['TRAVEL', 0.100193], ['CAREERS', 0.0741229], ['HOBBIES AND INTERESTS', 0.0549795], ['EDUCATION', 0.0275903]]","[['EXTREME GRAPHIC/EXPLICIT VIOLENCE', 0.19], ['NON-STANDARD CONTENT', 0.07], ['HOBBIES & INTERESTS', 0.07], ['NEEDLEWORK', 0.06]]",True,192,192,19:41:59.566289
I shot my cat by a fish outside I on Bob,"[['PETS', 0.871442], ['SPORTS', 0.111817], ['HOBBIES AND INTERESTS', 1.80879e-06], ['STYLE AND FASHION', 5.49486e-07], ['FOOD AND DRINK', 5.33724e-07]]","[['PETS', 0.48], ['AQUARIUMS', 0.46]]",True,193,193,19:42:01.693154
John walked a dog in John,"[['PETS', 0.999998], ['SPORTS', 1.4648e-06], ['TRAVEL', 1.59584e-07], ['SCIENCE', 2.29262e-08], ['HOBBIES AND INTERESTS', 2.22366e-08]]","[['DOGS', 0.57], ['PETS', 0.3]]",True,194,194,19:42:03.259319
John killed John on Bob,"[['STYLE AND FASHION', 0.963297], ['RELIGION AND SPIRITUALITY', 0.0327197], ['SPORTS', 0.00398309], ['HOBBIES AND INTERESTS', 1.47546e-12], ['EDUCATION', 1.09775e-12]]","[['CATHOLICISM', 0.19], ['EXTREME GRAPHIC/EXPLICIT VIOLENCE', 0.18], ['NON-STANDARD CONTENT', 0.07], ['HOBBIES & INTERESTS', 0.07], ['RELIGION & SPIRITUALITY', 0.07]]",True,195,195,19:42:05.334358
John saw I with I,"[['HOBBIES AND INTERESTS', 1.0], ['RELIGION AND SPIRITUALITY', 1.31362e-07], ['HEALTH AND FITNESS', 1.15163e-08], ['PETS', 5.33181e-09], ['EDUCATION', 3.99293e-10]]","[['HATE CONTENT', 0.18], ['NON-STANDARD CONTENT', 0.08], ['HOBBIES & INTERESTS', 0.07], ['SCREENWRITING', 0.06]]",True,196,196,19:42:07.307907
