my tree Stephen James Irene my ship,"[['BUSINESS', 0.05666524], ['RELIGION AND SPIRITUALITY', 0.05651026], ['TRAVEL', 0.05642167], ['HOBBIES AND INTERESTS', 0.05465804], ['FAMILY AND PARENTING', 0.0505818]]","[['HOME REPAIR', 0.22], ['EXTREME GRAPHIC/EXPLICIT VIOLENCE', 0.2], ['CRUISES', 0.09], ['HOME & GARDEN', 0.06], ['TRAVEL', 0.06]]",True,1,1,23:02:59.554994
I began I,"[['FOOD AND DRINK', 0.05313345], ['HOME AND GARDEN', 0.05204459], ['SPORTS', 0.04996985], ['STYLE AND FASHION', 0.04984224], ['HOBBIES AND INTERESTS', 0.04959297]]","[['EXTREME GRAPHIC/EXPLICIT VIOLENCE', 0.21], ['HOBBIES & INTERESTS', 0.08], ['NON-STANDARD CONTENT', 0.07], ['CIGARS', 0.05]]",True,2,2,23:03:01.052118
I began an man,"[['SPORTS', 0.05167372], ['HEALTH AND FITNESS', 0.05098291], ['FOOD AND DRINK', 0.05083364], ['SOCIETY', 0.05077715], ['ARTS AND ENTERTAINMENT', 0.0504415]]","[['PROFANE CONTENT', 0.24], ['NON-STANDARD CONTENT', 0.14]]",True,3,3,23:03:02.612763
I heard country pajamas I a monkey I James outside I,"[['TRAVEL', 0.05606539], ['SPORTS', 0.05531608], ['RELIGION AND SPIRITUALITY', 0.05253335], ['EDUCATION', 0.05192971], ['HEALTH AND FITNESS', 0.05131265]]","[['HOME REPAIR', 0.2], ['EXTREME GRAPHIC/EXPLICIT VIOLENCE', 0.19], ['HINDUISM', 0.17], ['HUMOR', 0.16], ['OFF-ROAD VEHICLES', 0.08]]",True,4,4,23:03:04.056270
Irene caught James in man in my monkey,"[['RELIGION AND SPIRITUALITY', 0.052422], ['TRAVEL', 0.05121422], ['HOBBIES AND INTERESTS', 0.05050705], ['SPORTS', 0.05011378], ['SCIENCE', 0.05003855]]","[['PROFANE CONTENT', 0.2], ['CELEBRITY FAN/GOSSIP', 0.17], ['NON-STANDARD CONTENT', 0.07], ['HOBBIES & INTERESTS', 0.07], ['SPORTS', 0.06]]",True,5,5,23:03:05.672918
James built James on Stephen with James,"[['RELIGION AND SPIRITUALITY', 0.05076294], ['AUTOMOTIVE', 0.05067062], ['REAL ESTATE', 0.05062389], ['HOME AND GARDEN', 0.05035899], ['TRAVEL', 0.04953477]]","[['BOOKS & LITERATURE', 0.2], ['PRO BASKETBALL', 0.08], ['ARTS & ENTERTAINMENT', 0.07], ['SPORTS', 0.07], ['HOBBIES & INTERESTS', 0.06]]",True,6,6,23:03:07.480043
Stephen began Irene,"[['HEALTH AND FITNESS', 0.05301504], ['FOOD AND DRINK', 0.05041261], ['SOCIETY', 0.05024314], ['HOME AND GARDEN', 0.04890478], ['STYLE AND FASHION', 0.04887084]]","[['EXTREME GRAPHIC/EXPLICIT VIOLENCE', 0.2], ['HOBBIES & INTERESTS', 0.07], ['NON-STANDARD CONTENT', 0.06], ['NEEDLEWORK', 0.05]]",True,7,7,23:03:08.954430
Irene fought James,"[['RELIGION AND SPIRITUALITY', 0.05219164], ['SCIENCE', 0.04916986], ['HOBBIES AND INTERESTS', 0.04903236], ['ARTS AND ENTERTAINMENT', 0.0490129], ['REAL ESTATE', 0.04901183]]","[['EXTREME GRAPHIC/EXPLICIT VIOLENCE', 0.22], ['HOBBIES & INTERESTS', 0.07], ['SPORTS', 0.06], ['NON-STANDARD CONTENT', 0.06], ['BEADWORK', 0.06]]",True,8,8,23:03:10.611720
my outside my monkey with an pajamas by Irene meant my telescope with my country on my monkey I Stephen,"[['TRAVEL', 0.05740385], ['HEALTH AND FITNESS', 0.05504734], ['EDUCATION', 0.05343505], ['SPORTS', 0.05104871], ['FOOD AND DRINK', 0.05021111]]","[['EXTREME GRAPHIC/EXPLICIT VIOLENCE', 0.2], ['HOBBIES & INTERESTS', 0.06], ['NON-STANDARD CONTENT', 0.05], ['BIRDWATCHING', 0.05]]",True,9,9,23:03:12.067882
Irene began Irene by I an telescope telescope monkey I Stephen,"[['SCIENCE', 0.0532102], ['FOOD AND DRINK', 0.05136836], ['HEALTH AND FITNESS', 0.05123892], ['HOME AND GARDEN', 0.05053186], ['STYLE AND FASHION', 0.05007408]]","[['HOBBIES & INTERESTS', 0.07], ['NEEDLEWORK', 0.05]]",True,10,10,23:03:13.613637
an ship outside my man caught James outside ship on an mountain on country on I mountain,"[['SPORTS', 0.06851521], ['TRAVEL', 0.06498185], ['RELIGION AND SPIRITUALITY', 0.05710919], ['EDUCATION', 0.05258343], ['ARTS AND ENTERTAINMENT', 0.05226489]]","[['CRUISES', 0.17], ['TRAVEL', 0.12]]",False,11,10,23:03:15.262420
Stephen meant I on telescope cat,"[['PETS', 0.06349172], ['SCIENCE', 0.05359472], ['TECHNOLOGY AND COMPUTING', 0.05129202], ['HOME AND GARDEN', 0.04995652], ['ARTS AND ENTERTAINMENT', 0.04990313]]","[['CATS', 0.51], ['PETS', 0.13]]",False,12,10,23:03:16.982946
the tree by my tree on Stephen fought I,"[['BUSINESS', 0.05320513], ['HOBBIES AND INTERESTS', 0.05247498], ['HEALTH AND FITNESS', 0.05236248], ['TECHNOLOGY AND COMPUTING', 0.05233382], ['RELIGION AND SPIRITUALITY', 0.05144821]]","[['LANDSCAPING', 0.22], ['HOME & GARDEN', 0.08]]",True,13,11,23:03:18.528257
the man began an pajamas outside I with Irene,"[['HEALTH AND FITNESS', 0.05387075], ['SPORTS', 0.05354742], ['RELIGION AND SPIRITUALITY', 0.05118815], ['ARTS AND ENTERTAINMENT', 0.05052019], ['TRAVEL', 0.05017426]]","[['PROFANE CONTENT', 0.21], ['NON-STANDARD CONTENT', 0.08], ['HOBBIES & INTERESTS', 0.07], ['CIGARS', 0.05]]",True,14,12,23:03:20.055434
my cat with mountain pajamas by an cat Irene I built Stephen on an tree outside my monkey,"[['PETS', 0.06224888], ['SPORTS', 0.0608076], ['TECHNOLOGY AND COMPUTING', 0.05456614], ['TRAVEL', 0.05430353], ['BUSINESS', 0.05415999]]","[['CATS', 0.62], ['PETS', 0.18]]",False,15,12,23:03:21.575012
an by the tree on James outside Irene caught Stephen in I,"[['RELIGION AND SPIRITUALITY', 0.05865444], ['BUSINESS', 0.05572978], ['TRAVEL', 0.05215927], ['SPORTS', 0.05090591], ['FAMILY AND PARENTING', 0.0501024]]","[['BODY ART', 0.36], ['EXTREME GRAPHIC/EXPLICIT VIOLENCE', 0.2], ['LANDSCAPING', 0.2], ['REPTILES', 0.18], ['HOBBIES & INTERESTS', 0.06]]",True,16,13,23:03:23.268873
Stephen began Stephen outside an mountain by James,"[['SPORTS', 0.05774816], ['RELIGION AND SPIRITUALITY', 0.05754072], ['HEALTH AND FITNESS', 0.05138813], ['REAL ESTATE', 0.04999325], ['FOOD AND DRINK', 0.04997188]]","[['SPORTS', 0.08], ['MOUNTAIN BIKING', 0.08]]",False,17,13,23:03:24.958004
I fought James with James,"[['RELIGION AND SPIRITUALITY', 0.05244033], ['HOBBIES AND INTERESTS', 0.05199088], ['HOME AND GARDEN', 0.05009413], ['SPORTS', 0.05001814], ['AUTOMOTIVE', 0.04963939]]","[['BOOKS & LITERATURE', 0.18], ['PRO BASKETBALL', 0.07], ['SPORTS', 0.07], ['HOBBIES & INTERESTS', 0.06], ['ARTS & ENTERTAINMENT', 0.06]]",True,18,14,23:03:26.683353
the mountain built I by telescope mountain outside James,"[['SPORTS', 0.0647712], ['RELIGION AND SPIRITUALITY', 0.05610977], ['SCIENCE', 0.05426391], ['TRAVEL', 0.05034574], ['HOBBIES AND INTERESTS', 0.04947112]]","[['MOUNTAIN BIKING', 0.26], ['SPORTS', 0.1]]",False,19,14,23:03:28.307693
Irene fought my with Stephen outside I outside Irene,"[['RELIGION AND SPIRITUALITY', 0.05414225], ['HEALTH AND FITNESS', 0.05401414], ['TRAVEL', 0.05182588], ['TECHNOLOGY AND COMPUTING', 0.05161406], ['SPORTS', 0.05119546]]","[['HOBBIES & INTERESTS', 0.07], ['BEADWORK', 0.05]]",True,20,15,23:03:29.899425
Irene began James,"[['RELIGION AND SPIRITUALITY', 0.05100615], ['SOCIETY', 0.05069748], ['HOME AND GARDEN', 0.05061652], ['FOOD AND DRINK', 0.0499159], ['REAL ESTATE', 0.04922982]]","[['EXTREME GRAPHIC/EXPLICIT VIOLENCE', 0.21], ['HOBBIES & INTERESTS', 0.07], ['NON-STANDARD CONTENT', 0.06], ['BEADWORK', 0.05]]",True,21,16,23:03:32.055505
my country by James built James by Stephen,"[['AUTOMOTIVE', 0.05752959], ['TRAVEL', 0.05595055], ['HOME AND GARDEN', 0.05145322], ['RELIGION AND SPIRITUALITY', 0.05021116], ['EDUCATION', 0.04996863]]","[['BOOKS & LITERATURE', 0.21], ['EXTREME GRAPHIC/EXPLICIT VIOLENCE', 0.21], ['REMODELING & CONSTRUCTION', 0.18], ['OFF-ROAD VEHICLES', 0.07], ['PRO BASKETBALL', 0.06]]",True,22,17,23:03:33.856718
an cat Irene the pajamas outside I by James,"[['PETS', 0.0618319], ['RELIGION AND SPIRITUALITY', 0.05539256], ['HOBBIES AND INTERESTS', 0.05050819], ['SCIENCE', 0.04892858], ['EDUCATION', 0.04837798]]","[['CATS', 0.48], ['PETS', 0.13]]",False,23,17,23:03:35.426703
I meant James Irene I,"[['HOBBIES AND INTERESTS', 0.0528514], ['HOME AND GARDEN', 0.05254184], ['ARTS AND ENTERTAINMENT', 0.05181712], ['RELIGION AND SPIRITUALITY', 0.05110024], ['SCIENCE', 0.05054566]]","[['EXTREME GRAPHIC/EXPLICIT VIOLENCE', 0.21], ['HOBBIES & INTERESTS', 0.07], ['SPORTS', 0.06], ['NON-STANDARD CONTENT', 0.05], ['BEADWORK', 0.05]]",True,24,18,23:03:36.980919
I James an mountain Stephen I in my James Irene outside James in James,"[['RELIGION AND SPIRITUALITY', 0.06159542], ['SPORTS', 0.05976368], ['HEALTH AND FITNESS', 0.05183038], ['TRAVEL', 0.05057718], ['HOBBIES AND INTERESTS', 0.0493335]]","[['SPORTS', 0.09], ['PRO BASKETBALL', 0.06]]",False,25,18,23:03:38.514554
I began the telescope,"[['SCIENCE', 0.05314535], ['FOOD AND DRINK', 0.05291362], ['HOME AND GARDEN', 0.05171757], ['STYLE AND FASHION', 0.04947905], ['SPORTS', 0.04907645]]","[['HOBBIES & INTERESTS', 0.08], ['BEADWORK', 0.05]]",True,26,19,23:03:40.145312
Stephen James Stephen,"[['RELIGION AND SPIRITUALITY', 0.05313548], ['REAL ESTATE', 0.04940594], ['HEALTH AND FITNESS', 0.04886431], ['SCIENCE', 0.04862202], ['HOBBIES AND INTERESTS', 0.04833596]]","[['BOOKS & LITERATURE', 0.18], ['SPORTS', 0.07], ['HOBBIES & INTERESTS', 0.06], ['ARTS & ENTERTAINMENT', 0.06], ['NEEDLEWORK', 0.05]]",True,27,20,23:03:42.215897
James built Stephen,"[['RELIGION AND SPIRITUALITY', 0.05076294], ['AUTOMOTIVE', 0.05067062], ['REAL ESTATE', 0.05062389], ['HOME AND GARDEN', 0.05035899], ['TRAVEL', 0.04953477]]","[['REMODELING & CONSTRUCTION', 0.19], ['BOOKS & LITERATURE', 0.18], ['HOME & GARDEN', 0.06], ['SPORTS', 0.06], ['HOBBIES & INTERESTS', 0.06]]",True,28,21,23:03:43.782671
pajamas man fought my cat by ship man by Irene,"[['PETS', 0.06423117], ['TRAVEL', 0.05307633], ['HOBBIES AND INTERESTS', 0.05267151], ['TECHNOLOGY AND COMPUTING', 0.05000865], ['EDUCATION', 0.05000615]]","[['CATS', 0.4], ['PROFANE CONTENT', 0.23], ['PETS', 0.09], ['NON-STANDARD CONTENT', 0.09]]",True,29,22,23:03:45.433423
Irene meant I Stephen James outside I I Stephen,"[['RELIGION AND SPIRITUALITY', 0.05595353], ['ARTS AND ENTERTAINMENT', 0.05157922], ['SPORTS', 0.05106252], ['HOME AND GARDEN', 0.05024801], ['HOBBIES AND INTERESTS', 0.05015422]]","[['EXTREME GRAPHIC/EXPLICIT VIOLENCE', 0.2], ['HUMOR', 0.17], ['SPORTS', 0.06], ['HOBBIES & INTERESTS', 0.06], ['NON-STANDARD CONTENT', 0.05]]",True,30,23,23:03:47.163558
Irene caught my mountain with Stephen,"[['SPORTS', 0.06367092], ['TRAVEL', 0.05097489], ['FAMILY AND PARENTING', 0.05089038], ['PETS', 0.04916195], ['FOOD AND DRINK', 0.04905758]]","[['MOUNTAIN BIKING', 0.09], ['SPORTS', 0.08], ['HOBBIES & INTERESTS', 0.07], ['BIRDWATCHING', 0.06]]",True,31,24,23:03:48.463871
James meant Irene with James,"[['RELIGION AND SPIRITUALITY', 0.0516024], ['ARTS AND ENTERTAINMENT', 0.05132777], ['HOME AND GARDEN', 0.05089213], ['EDUCATION', 0.05018056], ['SOCIETY', 0.04990644]]","[['BOOKS & LITERATURE', 0.17], ['SPORTS', 0.07], ['HOBBIES & INTERESTS', 0.06], ['ARTS & ENTERTAINMENT', 0.06], ['BEADWORK', 0.05]]",True,32,25,23:03:50.058822
my pajamas caught telescope telescope by I,"[['SPORTS', 0.05318271], ['SCIENCE', 0.05169372], ['FOOD AND DRINK', 0.0507902], ['TECHNOLOGY AND COMPUTING', 0.0505019], ['HOME AND GARDEN', 0.04971645]]","[['HOBBIES & INTERESTS', 0.08], ['BIRDWATCHING', 0.05]]",True,33,26,23:03:51.439587
I began Irene with James,"[['HOME AND GARDEN', 0.0532249], ['FOOD AND DRINK', 0.05264299], ['RELIGION AND SPIRITUALITY', 0.05150178], ['HOBBIES AND INTERESTS', 0.05139773], ['SOCIETY', 0.04976634]]","[['EXTREME GRAPHIC/EXPLICIT VIOLENCE', 0.21], ['HOBBIES & INTERESTS', 0.07], ['NON-STANDARD CONTENT', 0.06], ['BEADWORK', 0.05]]",True,34,27,23:03:52.754774
I built telescope ship in James,"[['HOBBIES AND INTERESTS', 0.05576886], ['SCIENCE', 0.05536448], ['TRAVEL', 0.0541355], ['TECHNOLOGY AND COMPUTING', 0.05179113], ['AUTOMOTIVE', 0.05088132]]","[['SPACE/ASTRONOMY', 0.26], ['HOME REPAIR', 0.22], ['CRUISES', 0.11], ['TRAVEL', 0.06], ['HOBBIES & INTERESTS', 0.06]]",True,35,28,23:03:54.092530
an mountain built James,"[['SPORTS', 0.05940451], ['RELIGION AND SPIRITUALITY', 0.05202553], ['REAL ESTATE', 0.05008202], ['FAMILY AND PARENTING', 0.05001981], ['HOBBIES AND INTERESTS', 0.04977941]]","[['MOUNTAIN BIKING', 0.24], ['SPORTS', 0.1]]",False,36,28,23:03:55.381035
an on the ship in I by my in Stephen meant an ship with my man,"[['TRAVEL', 0.05584042], ['HOBBIES AND INTERESTS', 0.05492912], ['HEALTH AND FITNESS', 0.0543442], ['TECHNOLOGY AND COMPUTING', 0.05272141], ['ARTS AND ENTERTAINMENT', 0.05255386]]","[['CRUISES', 0.25], ['TRAVEL', 0.1]]",False,37,28,23:03:56.965944
Irene pajamas monkey an cat in James outside I,"[['PETS', 0.06089876], ['RELIGION AND SPIRITUALITY', 0.05466113], ['HOBBIES AND INTERESTS', 0.05086728], ['SPORTS', 0.04912695], ['SCIENCE', 0.04910431]]","[['CATS', 0.43], ['PETS', 0.11]]",False,38,28,23:03:58.476896
James meant Stephen James Stephen,"[['RELIGION AND SPIRITUALITY', 0.05184839], ['ARTS AND ENTERTAINMENT', 0.05052286], ['HOME AND GARDEN', 0.05040232], ['SOCIETY', 0.05005126], ['HEALTH AND FITNESS', 0.04974643]]","[['BOOKS & LITERATURE', 0.19], ['SPORTS', 0.07], ['ARTS & ENTERTAINMENT', 0.06], ['HOBBIES & INTERESTS', 0.06], ['PRO BASKETBALL', 0.06]]",True,39,29,23:03:59.966456
Stephen heard I by James,"[['RELIGION AND SPIRITUALITY', 0.05195757], ['HOBBIES AND INTERESTS', 0.05083921], ['SCIENCE', 0.05062374], ['HEALTH AND FITNESS', 0.05019702], ['CAREERS', 0.04912492]]","[['HUMOR', 0.2], ['EXTREME GRAPHIC/EXPLICIT VIOLENCE', 0.19], ['ARTS & ENTERTAINMENT', 0.06], ['SPORTS', 0.06], ['HOBBIES & INTERESTS', 0.06]]",True,40,30,23:04:01.527994
I meant I in Irene,"[['SPORTS', 0.0531887], ['ARTS AND ENTERTAINMENT', 0.05137145], ['HOME AND GARDEN', 0.05132696], ['HOBBIES AND INTERESTS', 0.05084417], ['TECHNOLOGY AND COMPUTING', 0.05066345]]","[['HOBBIES & INTERESTS', 0.07], ['BIRDWATCHING', 0.05]]",True,41,31,23:04:03.102014
man telescope began Stephen,"[['HEALTH AND FITNESS', 0.0557324], ['SCIENCE', 0.05518871], ['SOCIETY', 0.05154814], ['ARTS AND ENTERTAINMENT', 0.04923822], ['FOOD AND DRINK', 0.04798685]]","[['PROFANE CONTENT', 0.21], ['NON-STANDARD CONTENT', 0.08]]",True,42,32,23:04:04.528354
James began my monkey on Irene,"[['RELIGION AND SPIRITUALITY', 0.05194671], ['HOME AND GARDEN', 0.05159888], ['STYLE AND FASHION', 0.05121644], ['SOCIETY', 0.05025912], ['HOBBIES AND INTERESTS', 0.05025128]]","[['EXTREME GRAPHIC/EXPLICIT VIOLENCE', 0.21], ['HOBBIES & INTERESTS', 0.07], ['NON-STANDARD CONTENT', 0.06], ['BEADWORK', 0.05]]",True,43,33,23:04:05.913181
James built the man outside Stephen,"[['RELIGION AND SPIRITUALITY', 0.05625038], ['TRAVEL', 0.05370476], ['HEALTH AND FITNESS', 0.05185261], ['REAL ESTATE', 0.05086242], ['SCIENCE', 0.05050142]]","[['GARDENING', 0.24], ['MOVIES', 0.22], ['PROFANE CONTENT', 0.2], ['NON-STANDARD CONTENT', 0.07], ['HOME & GARDEN', 0.06]]",True,44,34,23:04:07.234778
Stephen built I by the mountain,"[['SPORTS', 0.06451799], ['TECHNOLOGY AND COMPUTING', 0.05309168], ['HOBBIES AND INTERESTS', 0.0498465], ['TRAVEL', 0.04981467], ['HOME AND GARDEN', 0.04878517]]","[['MOUNTAIN BIKING', 0.2], ['REMODELING & CONSTRUCTION', 0.18], ['SPORTS', 0.08], ['HOME & GARDEN', 0.07]]",True,45,35,23:04:08.542011
the pajamas built my man on ship cat,"[['PETS', 0.05913113], ['TRAVEL', 0.05673182], ['HOBBIES AND INTERESTS', 0.0541041], ['TECHNOLOGY AND COMPUTING', 0.05278897], ['AUTOMOTIVE', 0.05176091]]","[['CATS', 0.53], ['PETS', 0.13]]",False,46,35,23:04:09.858681
Stephen heard an man outside Stephen man with James tree an monkey Stephen Irene,"[['BUSINESS', 0.05991728], ['RELIGION AND SPIRITUALITY', 0.05951604], ['HEALTH AND FITNESS', 0.05457139], ['TRAVEL', 0.05455072], ['SOCIETY', 0.05004275]]","[['PROFANE CONTENT', 0.21], ['NON-STANDARD CONTENT', 0.08]]",True,47,36,23:04:11.229436
an ship meant an country in a man on Irene outside Stephen,"[['TRAVEL', 0.06244982], ['ARTS AND ENTERTAINMENT', 0.05508981], ['EDUCATION', 0.05376309], ['HEALTH AND FITNESS', 0.05231908], ['BUSINESS', 0.05153614]]","[['PROFANE CONTENT', 0.2], ['TRAVEL', 0.08], ['UNITED KINGDOM', 0.08], ['NON-STANDARD CONTENT', 0.07]]",True,48,37,23:04:12.580575
Stephen an man by ship mountain Irene with I with I,"[['SPORTS', 0.06346652], ['TRAVEL', 0.05523266], ['HOBBIES AND INTERESTS', 0.05394187], ['TECHNOLOGY AND COMPUTING', 0.05067468], ['ARTS AND ENTERTAINMENT', 0.0504671]]","[['PROFANE CONTENT', 0.2], ['CRUISES', 0.09], ['SPORTS', 0.08], ['TRAVEL', 0.07], ['MOUNTAIN BIKING', 0.07]]",False,49,37,23:04:13.899965
Stephen heard in Stephen man,"[['HEALTH AND FITNESS', 0.05510605], ['SCIENCE', 0.05178243], ['SOCIETY', 0.05068691], ['TRAVEL', 0.05029021], ['ARTS AND ENTERTAINMENT', 0.04969751]]","[['PROFANE CONTENT', 0.21], ['NON-STANDARD CONTENT', 0.08]]",True,50,38,23:04:15.215165
James began monkey telescope,"[['SCIENCE', 0.05457143], ['HOME AND GARDEN', 0.05061811], ['SOCIETY', 0.05015234], ['STYLE AND FASHION', 0.04998174], ['RELIGION AND SPIRITUALITY', 0.04946979]]","[['HOBBIES & INTERESTS', 0.07], ['BEADWORK', 0.05]]",True,51,39,23:04:16.985836
Irene heard the with man on Irene outside mountain cat my cat I in a telescope by Stephen,"[['PETS', 0.06435368], ['SPORTS', 0.06232702], ['SCIENCE', 0.05604545], ['HEALTH AND FITNESS', 0.05468929], ['RELIGION AND SPIRITUALITY', 0.05159857]]","[['CATS', 0.55], ['PETS', 0.13]]",False,52,39,23:04:18.442045
James I pajamas monkey in James,"[['HOBBIES AND INTERESTS', 0.05275147], ['RELIGION AND SPIRITUALITY', 0.05248373], ['HOME AND GARDEN', 0.05066428], ['SCIENCE', 0.04932199], ['STYLE AND FASHION', 0.04907579]]","[['BOOKS & LITERATURE', 0.16], ['HOBBIES & INTERESTS', 0.06], ['ARTS & ENTERTAINMENT', 0.06], ['SPORTS', 0.06], ['BEADWORK', 0.05]]",True,53,40,23:04:19.980079
James meant Irene in Irene with the man by the tree,"[['RELIGION AND SPIRITUALITY', 0.05493151], ['BUSINESS', 0.05364885], ['HOBBIES AND INTERESTS', 0.05286849], ['SOCIETY', 0.05216229], ['ARTS AND ENTERTAINMENT', 0.05167534]]","[['GARDENING', 0.29], ['PROFANE CONTENT', 0.19], ['NON-STANDARD CONTENT', 0.07], ['HOBBIES & INTERESTS', 0.06], ['HOME & GARDEN', 0.06]]",True,54,41,23:04:21.853067
on an man ship fought the tree,"[['BUSINESS', 0.05985673], ['TRAVEL', 0.05529456], ['HOBBIES AND INTERESTS', 0.05323519], ['SOCIETY', 0.04952116], ['RELIGION AND SPIRITUALITY', 0.04923989]]","[['PROFANE CONTENT', 0.21], ['CRUISES', 0.12], ['TRAVEL', 0.09], ['NON-STANDARD CONTENT', 0.09]]",True,55,42,23:04:23.231255
Irene fought the telescope,"[['SCIENCE', 0.05391762], ['SPORTS', 0.04876951], ['EDUCATION', 0.04827487], ['FAMILY AND PARENTING', 0.0479902], ['ARTS AND ENTERTAINMENT', 0.04790515]]","[['HOBBIES & INTERESTS', 0.07], ['BEADWORK', 0.05]]",True,56,43,23:04:24.868926
I meant James in the country outside Irene,"[['RELIGION AND SPIRITUALITY', 0.05409175], ['ARTS AND ENTERTAINMENT', 0.05374956], ['EDUCATION', 0.05285893], ['TRAVEL', 0.05271399], ['SPORTS', 0.05193724]]","[['EXTREME GRAPHIC/EXPLICIT VIOLENCE', 0.2], ['HOME REPAIR', 0.2], ['HINDUISM', 0.16], ['OFF-ROAD VEHICLES', 0.08], ['UNITED KINGDOM', 0.07]]",True,57,44,23:04:26.429673
a man in Irene caught an telescope by Irene,"[['SCIENCE', 0.05638057], ['SPORTS', 0.05311689], ['ARTS AND ENTERTAINMENT', 0.05028791], ['SOCIETY', 0.04916461], ['EDUCATION', 0.04910054]]","[['PROFANE CONTENT', 0.2], ['HOBBIES & INTERESTS', 0.07], ['NON-STANDARD CONTENT', 0.06], ['BIRDWATCHING', 0.05]]",True,58,45,23:04:27.962803
James meant Irene in the telescope telescope in I mountain I,"[['SPORTS', 0.06254192], ['SCIENCE', 0.05501184], ['RELIGION AND SPIRITUALITY', 0.05238746], ['HOBBIES AND INTERESTS', 0.05151493], ['ARTS AND ENTERTAINMENT', 0.05085299]]","[['SPACE/ASTRONOMY', 0.23], ['SPORTS', 0.07], ['HOBBIES & INTERESTS', 0.07], ['SCIENCE', 0.06], ['BIRDWATCHING', 0.06]]",False,59,45,23:04:29.364766
I built Irene,"[['TECHNOLOGY AND COMPUTING', 0.05461569], ['HOBBIES AND INTERESTS', 0.05146417], ['HOME AND GARDEN', 0.05096419], ['SPORTS', 0.05080431], ['AUTOMOTIVE', 0.05066871]]","[['REMODELING & CONSTRUCTION', 0.2], ['HOBBIES & INTERESTS', 0.07], ['HOME & GARDEN', 0.06], ['WOODWORKING', 0.05]]",True,60,46,23:04:31.010194
my ship built a telescope in James,"[['TRAVEL', 0.05598338], ['AUTOMOTIVE', 0.05436852], ['HOBBIES AND INTERESTS', 0.05369884], ['SCIENCE', 0.05307643], ['RELIGION AND SPIRITUALITY', 0.05052713]]","[['SPACE/ASTRONOMY', 0.26], ['HOME REPAIR', 0.22], ['CRUISES', 0.11], ['TRAVEL', 0.06], ['HOBBIES & INTERESTS', 0.06]]",True,61,47,23:04:32.553989
James began tree ship by I,"[['HOBBIES AND INTERESTS', 0.05738067], ['BUSINESS', 0.05398707], ['RELIGION AND SPIRITUALITY', 0.05317384], ['TRAVEL', 0.05277898], ['HOME AND GARDEN', 0.04923439]]","[['HOME REPAIR', 0.23], ['EXTREME GRAPHIC/EXPLICIT VIOLENCE', 0.2], ['CRUISES', 0.14], ['TRAVEL', 0.07], ['HOME & GARDEN', 0.07]]",True,62,48,23:04:33.986453
Stephen heard my tree outside tree monkey ship my cat country outside cat man by a tree with my telescope pajamas an mountain with the cat the tree ship with an cat ship by I mountain by Irene outside I,"[['TRAVEL', 0.06564106], ['BUSINESS', 0.05808104], ['SPORTS', 0.05802399], ['PETS', 0.05648418], ['EDUCATION', 0.05475032]]","[['CATS', 0.62], ['PETS', 0.18]]",False,63,48,23:04:35.404562
the country on Irene heard Irene by I,"[['TRAVEL', 0.05253407], ['ARTS AND ENTERTAINMENT', 0.05165115], ['EDUCATION', 0.05161469], ['AUTOMOTIVE', 0.05113434], ['SPORTS', 0.05063357]]","[['EXTREME GRAPHIC/EXPLICIT VIOLENCE', 0.2], ['HOBBIES & INTERESTS', 0.07], ['NON-STANDARD CONTENT', 0.06], ['BIRDWATCHING', 0.05]]",True,64,49,23:04:36.699924
Stephen began Stephen,"[['HEALTH AND FITNESS', 0.05315259], ['FOOD AND DRINK', 0.05037956], ['SOCIETY', 0.05026215], ['HOME AND GARDEN', 0.04895255], ['STYLE AND FASHION', 0.04895006]]","[['EXTREME GRAPHIC/EXPLICIT VIOLENCE', 0.2], ['HOBBIES & INTERESTS', 0.07], ['NON-STANDARD CONTENT', 0.06], ['NEEDLEWORK', 0.05]]",True,65,50,23:04:38.053425
I caught Irene with the telescope by an pajamas,"[['SPORTS', 0.05721213], ['SCIENCE', 0.0535726], ['FOOD AND DRINK', 0.05092919], ['TECHNOLOGY AND COMPUTING', 0.0501738], ['HOME AND GARDEN', 0.04898227]]","[['HOBBIES & INTERESTS', 0.08], ['BIRDWATCHING', 0.05]]",True,66,51,23:04:39.607971
Irene built Stephen with Stephen,"[['TECHNOLOGY AND COMPUTING', 0.05054378], ['AUTOMOTIVE', 0.05025642], ['TRAVEL', 0.05022184], ['HEALTH AND FITNESS', 0.04952999], ['HOME AND GARDEN', 0.0491289]]","[['REMODELING & CONSTRUCTION', 0.2], ['HOBBIES & INTERESTS', 0.07], ['HOME & GARDEN', 0.06], ['NEEDLEWORK', 0.05]]",True,67,52,23:04:41.207797
I meant Stephen outside James,"[['RELIGION AND SPIRITUALITY', 0.05610072], ['SPORTS', 0.05040719], ['ARTS AND ENTERTAINMENT', 0.05036068], ['HOME AND GARDEN', 0.0503148], ['FOOD AND DRINK', 0.04970962]]","[['BOOKS & LITERATURE', 0.19], ['SPORTS', 0.07], ['HOBBIES & INTERESTS', 0.06], ['ARTS & ENTERTAINMENT', 0.06], ['BEADWORK', 0.05]]",True,68,53,23:04:43.064489
James began my pajamas on I,"[['HOME AND GARDEN', 0.05306046], ['RELIGION AND SPIRITUALITY', 0.05300368], ['HOBBIES AND INTERESTS', 0.05285152], ['STYLE AND FASHION', 0.05094814], ['AUTOMOTIVE', 0.05090722]]","[['EXTREME GRAPHIC/EXPLICIT VIOLENCE', 0.22], ['HOBBIES & INTERESTS', 0.07], ['NON-STANDARD CONTENT', 0.06], ['SPORTS', 0.06], ['BEADWORK', 0.05]]",True,69,54,23:04:44.702550
monkey I James country began I on James,"[['HOME AND GARDEN', 0.05337683], ['FOOD AND DRINK', 0.05297382], ['HOBBIES AND INTERESTS', 0.0514031], ['TRAVEL', 0.05099427], ['ARTS AND ENTERTAINMENT', 0.05020757]]","[['EXTREME GRAPHIC/EXPLICIT VIOLENCE', 0.21], ['BOOKS & LITERATURE', 0.19], ['HINDUISM', 0.16], ['OFF-ROAD VEHICLES', 0.08], ['HOBBIES & INTERESTS', 0.06]]",True,70,55,23:04:46.073535
Stephen began Irene,"[['HEALTH AND FITNESS', 0.05301504], ['FOOD AND DRINK', 0.05041261], ['SOCIETY', 0.05024314], ['HOME AND GARDEN', 0.04890478], ['STYLE AND FASHION', 0.04887084]]","[['EXTREME GRAPHIC/EXPLICIT VIOLENCE', 0.2], ['HOBBIES & INTERESTS', 0.07], ['NON-STANDARD CONTENT', 0.06], ['NEEDLEWORK', 0.05]]",True,70,55,23:04:47.756617
Stephen James Irene by outside I cat,"[['PETS', 0.06275527], ['RELIGION AND SPIRITUALITY', 0.0557098], ['HOBBIES AND INTERESTS', 0.04953452], ['HEALTH AND FITNESS', 0.04879161], ['SCIENCE', 0.04865693]]","[['CATS', 0.49], ['PETS', 0.13]]",False,71,55,23:04:49.153984
Irene built an pajamas by an with James,"[['HOME AND GARDEN', 0.05085336], ['AUTOMOTIVE', 0.05078834], ['RELIGION AND SPIRITUALITY', 0.05041221], ['HOBBIES AND INTERESTS', 0.05019295], ['REAL ESTATE', 0.05001043]]","[['REMODELING & CONSTRUCTION', 0.19], ['HOBBIES & INTERESTS', 0.07], ['HOME & GARDEN', 0.06], ['SPORTS', 0.05], ['BEADWORK', 0.05]]",True,72,56,23:04:50.661278
the country Stephen Stephen heard James,"[['EDUCATION', 0.05283215], ['TRAVEL', 0.05241434], ['AUTOMOTIVE', 0.05074333], ['ARTS AND ENTERTAINMENT', 0.05029614], ['HEALTH AND FITNESS', 0.05015151]]","[['HOME REPAIR', 0.19], ['BOOKS & LITERATURE', 0.19], ['EXTREME GRAPHIC/EXPLICIT VIOLENCE', 0.19], ['HINDUISM', 0.16], ['OFF-ROAD VEHICLES', 0.08]]",True,73,57,23:04:52.261678
Stephen heard a Irene the ship with my country by I in Irene,"[['TRAVEL', 0.06281932], ['AUTOMOTIVE', 0.05462355], ['HOBBIES AND INTERESTS', 0.05189072], ['EDUCATION', 0.05138554], ['ARTS AND ENTERTAINMENT', 0.0507156]]","[['EXTREME GRAPHIC/EXPLICIT VIOLENCE', 0.19], ['TRAVEL', 0.07], ['UNITED KINGDOM', 0.06], ['HOBBIES & INTERESTS', 0.06], ['NON-STANDARD CONTENT', 0.06]]",True,74,58,23:04:53.742821
the ship meant an pajamas on an tree outside the Stephen Irene outside the telescope,"[['BUSINESS', 0.06102248], ['TRAVEL', 0.0564203], ['RELIGION AND SPIRITUALITY', 0.05152159], ['HEALTH AND FITNESS', 0.05135879], ['EDUCATION', 0.05035206]]","[['HOME REPAIR', 0.21], ['EXTREME GRAPHIC/EXPLICIT VIOLENCE', 0.19], ['CRUISES', 0.07], ['HOME & GARDEN', 0.06], ['HOBBIES & INTERESTS', 0.06]]",True,75,59,23:04:55.286140
Irene meant a country on I in James,"[['ARTS AND ENTERTAINMENT', 0.05546843], ['HOME AND GARDEN', 0.05358672], ['EDUCATION', 0.05308861], ['HOBBIES AND INTERESTS', 0.05162734], ['FOOD AND DRINK', 0.0511525]]","[['EXTREME GRAPHIC/EXPLICIT VIOLENCE', 0.2], ['HOME REPAIR', 0.2], ['HINDUISM', 0.16], ['OFF-ROAD VEHICLES', 0.08], ['UNITED KINGDOM', 0.07]]",True,76,60,23:04:56.834160
Stephen heard James with James,"[['RELIGION AND SPIRITUALITY', 0.05186514], ['HEALTH AND FITNESS', 0.0506599], ['SCIENCE', 0.05063036], ['SOCIETY', 0.0497316], ['AUTOMOTIVE', 0.04888379]]","[['BOOKS & LITERATURE', 0.19], ['ARTS & ENTERTAINMENT', 0.07], ['SPORTS', 0.07], ['PRO BASKETBALL', 0.07], ['HOBBIES & INTERESTS', 0.06]]",True,77,61,23:04:58.223446
Stephen meant country pajamas,"[['EDUCATION', 0.05346028], ['HEALTH AND FITNESS', 0.05212918], ['ARTS AND ENTERTAINMENT', 0.05181101], ['TRAVEL', 0.05124662], ['HOME AND GARDEN', 0.04984291]]","[['ACCESSORIES', 0.35], ['HOME REPAIR', 0.19], ['EXTREME GRAPHIC/EXPLICIT VIOLENCE', 0.19], ['HINDUISM', 0.18], ['OFF-ROAD VEHICLES', 0.09]]",True,78,62,23:04:59.507918
Stephen heard James outside James with the tree my monkey outside James a telescope by Irene,"[['RELIGION AND SPIRITUALITY', 0.05947498], ['BUSINESS', 0.05816583], ['TRAVEL', 0.05426934], ['HEALTH AND FITNESS', 0.05408176], ['FAMILY AND PARENTING', 0.05238388]]","[['HOME REPAIR', 0.19], ['BOOKS & LITERATURE', 0.17], ['ARTS & ENTERTAINMENT', 0.07], ['SPORTS', 0.06], ['HOBBIES & INTERESTS', 0.06]]",True,79,63,23:05:01.158732
James built I outside Irene with James,"[['RELIGION AND SPIRITUALITY', 0.05621321], ['TRAVEL', 0.05156813], ['HOME AND GARDEN', 0.05074454], ['HOBBIES AND INTERESTS', 0.05072438], ['SPORTS', 0.05039902]]","[['REMODELING & CONSTRUCTION', 0.18], ['BOOKS & LITERATURE', 0.17], ['HOBBIES & INTERESTS', 0.06], ['SPORTS', 0.06], ['ARTS & ENTERTAINMENT', 0.06]]",True,80,64,23:05:02.666255
my telescope on Stephen built Irene,"[['AUTOMOTIVE', 0.05295691], ['SCIENCE', 0.05213049], ['HEALTH AND FITNESS', 0.05204765], ['TRAVEL', 0.05133799], ['TECHNOLOGY AND COMPUTING', 0.0502399]]","[['REMODELING & CONSTRUCTION', 0.2], ['HOBBIES & INTERESTS', 0.07], ['HOME & GARDEN', 0.06], ['NEEDLEWORK', 0.05]]",True,81,65,23:05:04.095514
cat in I pajamas by an I James by Irene caught cat with James with an mountain,"[['SPORTS', 0.0664691], ['PETS', 0.06022492], ['HOBBIES AND INTERESTS', 0.05124405], ['RELIGION AND SPIRITUALITY', 0.0497808], ['FOOD AND DRINK', 0.04899513]]","[['CATS', 0.62], ['PETS', 0.2]]",False,82,65,23:05:05.434527
James began Stephen an mountain James,"[['SPORTS', 0.05548256], ['RELIGION AND SPIRITUALITY', 0.05273488], ['SOCIETY', 0.05078297], ['HEALTH AND FITNESS', 0.04988302], ['FOOD AND DRINK', 0.04952155]]","[['SPORTS', 0.09], ['MOUNTAIN BIKING', 0.09]]",False,83,65,23:05:06.915980
Stephen began James,"[['HEALTH AND FITNESS', 0.05126264], ['RELIGION AND SPIRITUALITY', 0.05123641], ['SOCIETY', 0.05083181], ['HOME AND GARDEN', 0.05011676], ['FOOD AND DRINK', 0.04988689]]","[['EXTREME GRAPHIC/EXPLICIT VIOLENCE', 0.21], ['BOOKS & LITERATURE', 0.19], ['HOBBIES & INTERESTS', 0.06], ['SPORTS', 0.06], ['NON-STANDARD CONTENT', 0.06]]",True,84,66,23:05:08.335255
the country meant I,"[['ARTS AND ENTERTAINMENT', 0.05399196], ['SPORTS', 0.05225889], ['HOME AND GARDEN', 0.0520857], ['EDUCATION', 0.05193914], ['FOOD AND DRINK', 0.05150463]]","[['HATE CONTENT', 0.21], ['TRAVELING WITH KIDS', 0.08], ['TRAVEL', 0.07], ['NON-STANDARD CONTENT', 0.06]]",True,85,67,23:05:09.716437
an outside I Stephen James caught Stephen with James outside James,"[['RELIGION AND SPIRITUALITY', 0.0559957], ['SPORTS', 0.05326007], ['FOOD AND DRINK', 0.051811], ['TRAVEL', 0.0509989], ['ARTS AND ENTERTAINMENT', 0.04884622]]","[['BOOKS & LITERATURE', 0.2], ['SPORTS', 0.07], ['ARTS & ENTERTAINMENT', 0.07], ['PRO BASKETBALL', 0.07], ['HOBBIES & INTERESTS', 0.06]]",True,86,68,23:05:11.256692
tree tree the telescope James,"[['BUSINESS', 0.05728736], ['RELIGION AND SPIRITUALITY', 0.05437953], ['FAMILY AND PARENTING', 0.05104342], ['SCIENCE', 0.05069019], ['HOBBIES AND INTERESTS', 0.05057445]]","[['LANDSCAPING', 0.23], ['HOME & GARDEN', 0.08]]",True,87,69,23:05:12.813880
I built Irene on James,"[['HOBBIES AND INTERESTS', 0.05335256], ['HOME AND GARDEN', 0.05219867], ['AUTOMOTIVE', 0.05104567], ['RELIGION AND SPIRITUALITY', 0.05082177], ['TECHNOLOGY AND COMPUTING', 0.0505419]]","[['REMODELING & CONSTRUCTION', 0.19], ['HOBBIES & INTERESTS', 0.07], ['HOME & GARDEN', 0.06], ['SPORTS', 0.05], ['BEADWORK', 0.05]]",True,88,70,23:05:14.156055
I began Irene,"[['FOOD AND DRINK', 0.05316351], ['HOME AND GARDEN', 0.05198911], ['SPORTS', 0.04977096], ['STYLE AND FASHION', 0.04975707], ['HOBBIES AND INTERESTS', 0.04960044]]","[['EXTREME GRAPHIC/EXPLICIT VIOLENCE', 0.21], ['HOBBIES & INTERESTS', 0.08], ['NON-STANDARD CONTENT', 0.06], ['BEADWORK', 0.05]]",True,89,71,23:05:15.494306
Stephen fought my country on mountain outside the outside my on my mountain with James tree on I by Stephen,"[['RELIGION AND SPIRITUALITY', 0.061599], ['SPORTS', 0.05977607], ['TRAVEL', 0.05684644], ['BUSINESS', 0.05493015], ['EDUCATION', 0.05194006]]","[['MOUNTAIN BIKING', 0.16], ['SPORTS', 0.09]]",False,90,71,23:05:16.785401
I meant my country pajamas with my telescope telescope Stephen outside James,"[['TRAVEL', 0.05511027], ['RELIGION AND SPIRITUALITY', 0.05437356], ['EDUCATION', 0.05391812], ['HEALTH AND FITNESS', 0.05283504], ['HOME AND GARDEN', 0.05107588]]","[['SPACE/ASTRONOMY', 0.27], ['EXTREME GRAPHIC/EXPLICIT VIOLENCE', 0.2], ['HOBBIES & INTERESTS', 0.06], ['SCIENCE', 0.06], ['SPORTS', 0.05]]",True,91,72,23:05:18.297200
pajamas mountain by I heard I with Stephen outside Stephen,"[['SPORTS', 0.07055801], ['HEALTH AND FITNESS', 0.05682517], ['RELIGION AND SPIRITUALITY', 0.05098725], ['TRAVEL', 0.05096019], ['SCIENCE', 0.0477868]]","[['SPORTS', 0.07], ['MOUNTAIN BIKING', 0.07], ['HOBBIES & INTERESTS', 0.06], ['BIRDWATCHING', 0.06]]",True,92,73,23:05:19.773752
Stephen fought James,"[['RELIGION AND SPIRITUALITY', 0.05243759], ['REAL ESTATE', 0.04944292], ['HEALTH AND FITNESS', 0.04930174], ['SOCIETY', 0.04873927], ['SCIENCE', 0.04845141]]","[['EXTREME GRAPHIC/EXPLICIT VIOLENCE', 0.21], ['BOOKS & LITERATURE', 0.18], ['SPORTS', 0.07], ['HOBBIES & INTERESTS', 0.06], ['NON-STANDARD CONTENT', 0.06]]",True,93,74,23:05:21.535785
Irene built Stephen in a tree,"[['BUSINESS', 0.0584836], ['TRAVEL', 0.051507], ['FAMILY AND PARENTING', 0.05131547], ['TECHNOLOGY AND COMPUTING', 0.05058962], ['HOBBIES AND INTERESTS', 0.04955816]]","[['LANDSCAPING', 0.21], ['HOME & GARDEN', 0.08]]",True,94,75,23:05:22.896682
my mountain heard James in I in Stephen,"[['SPORTS', 0.05875139], ['RELIGION AND SPIRITUALITY', 0.05571921], ['HOBBIES AND INTERESTS', 0.05156641], ['HEALTH AND FITNESS', 0.05072256], ['TRAVEL', 0.04914547]]","[['MOUNTAIN BIKING', 0.14], ['SPORTS', 0.09]]",False,95,75,23:05:24.391895
a mountain I James caught I,"[['SPORTS', 0.0688982], ['RELIGION AND SPIRITUALITY', 0.05267076], ['FOOD AND DRINK', 0.05073138], ['HOBBIES AND INTERESTS', 0.05050878], ['ARTS AND ENTERTAINMENT', 0.04872463]]","[['MOUNTAIN BIKING', 0.19], ['SPORTS', 0.1]]",False,96,75,23:05:25.952755
I fought Irene with James,"[['RELIGION AND SPIRITUALITY', 0.05261527], ['HOBBIES AND INTERESTS', 0.05206871], ['SPORTS', 0.05006447], ['HOME AND GARDEN', 0.05004431], ['ARTS AND ENTERTAINMENT', 0.04992674]]","[['EXTREME GRAPHIC/EXPLICIT VIOLENCE', 0.22], ['HOBBIES & INTERESTS', 0.07], ['SPORTS', 0.06], ['NON-STANDARD CONTENT', 0.06], ['BEADWORK', 0.06]]",True,97,76,23:05:27.362077
I meant the country Stephen Stephen,"[['ARTS AND ENTERTAINMENT', 0.05316647], ['TRAVEL', 0.05183541], ['FOOD AND DRINK', 0.05155502], ['HOME AND GARDEN', 0.05149076], ['EDUCATION', 0.05124156]]","[['HOME REPAIR', 0.19], ['EXTREME GRAPHIC/EXPLICIT VIOLENCE', 0.19], ['HINDUISM', 0.18], ['OFF-ROAD VEHICLES', 0.09], ['CANADA', 0.06]]",True,98,77,23:05:29.364828
Stephen fought James,"[['RELIGION AND SPIRITUALITY', 0.05243759], ['REAL ESTATE', 0.04944292], ['HEALTH AND FITNESS', 0.04930174], ['SOCIETY', 0.04873927], ['SCIENCE', 0.04845141]]","[['EXTREME GRAPHIC/EXPLICIT VIOLENCE', 0.21], ['BOOKS & LITERATURE', 0.18], ['SPORTS', 0.07], ['HOBBIES & INTERESTS', 0.06], ['NON-STANDARD CONTENT', 0.06]]",True,98,77,23:05:30.948472
James fought Irene,"[['RELIGION AND SPIRITUALITY', 0.05219164], ['SCIENCE', 0.04916986], ['HOBBIES AND INTERESTS', 0.04903236], ['ARTS AND ENTERTAINMENT', 0.0490129], ['REAL ESTATE', 0.04901183]]","[['EXTREME GRAPHIC/EXPLICIT VIOLENCE', 0.22], ['HOBBIES & INTERESTS', 0.07], ['SPORTS', 0.06], ['NON-STANDARD CONTENT', 0.06], ['BEADWORK', 0.06]]",True,99,78,23:05:32.266884
Irene meant my with James with on I tree on Stephen I James,"[['RELIGION AND SPIRITUALITY', 0.05645015], ['HOBBIES AND INTERESTS', 0.05537799], ['HOME AND GARDEN', 0.05146736], ['HEALTH AND FITNESS', 0.05091471], ['BUSINESS', 0.0496003]]","[['LANDSCAPING', 0.2], ['BOOKS & LITERATURE', 0.18], ['SPORTS', 0.07], ['HOME & GARDEN', 0.06], ['ARTS & ENTERTAINMENT', 0.06]]",True,100,79,23:05:33.594228
I caught Stephen,"[['SPORTS', 0.05617098], ['FOOD AND DRINK', 0.05150184], ['TECHNOLOGY AND COMPUTING', 0.05146834], ['HOME AND GARDEN', 0.04883187], ['TRAVEL', 0.04867243]]","[['REPTILES', 0.18], ['HOBBIES & INTERESTS', 0.07], ['PETS', 0.06], ['NEEDLEWORK', 0.05]]",True,101,80,23:05:35.100707
I meant Irene,"[['SPORTS', 0.05276576], ['ARTS AND ENTERTAINMENT', 0.05134827], ['HOME AND GARDEN', 0.05131629], ['HOBBIES AND INTERESTS', 0.05099768], ['TECHNOLOGY AND COMPUTING', 0.05079676]]","[['HOBBIES & INTERESTS', 0.07], ['BIRDWATCHING', 0.05]]",True,102,81,23:05:36.405456
an tree outside Irene fought an telescope I Stephen on pajamas pajamas outside I,"[['BUSINESS', 0.05646284], ['RELIGION AND SPIRITUALITY', 0.05334085], ['HEALTH AND FITNESS', 0.05234998], ['SPORTS', 0.05081654], ['TRAVEL', 0.05079038]]","[['EXTREME GRAPHIC/EXPLICIT VIOLENCE', 0.2], ['LANDSCAPING', 0.19], ['HOBBIES & INTERESTS', 0.07], ['NON-STANDARD CONTENT', 0.06], ['HOME & GARDEN', 0.05]]",True,103,82,23:05:38.511951
James caught I outside monkey cat in Stephen,"[['PETS', 0.06071329], ['RELIGION AND SPIRITUALITY', 0.05371392], ['SPORTS', 0.0522261], ['TRAVEL', 0.05006818], ['FOOD AND DRINK', 0.0496649]]","[['CATS', 0.49], ['PETS', 0.15]]",False,104,82,23:05:39.897257
mountain on an pajamas ship on James fought Stephen on I,"[['SPORTS', 0.05978706], ['HOBBIES AND INTERESTS', 0.0535217], ['RELIGION AND SPIRITUALITY', 0.05348801], ['TRAVEL', 0.05174815], ['TECHNOLOGY AND COMPUTING', 0.04818198]]","[['SPORTS', 0.08], ['CRUISES', 0.08], ['TRAVEL', 0.07], ['MOUNTAIN BIKING', 0.07]]",False,105,82,23:05:41.341895
James built an tree,"[['BUSINESS', 0.05630575], ['RELIGION AND SPIRITUALITY', 0.05297968], ['HOBBIES AND INTERESTS', 0.05242487], ['FAMILY AND PARENTING', 0.05120472], ['TRAVEL', 0.04997773]]","[['LANDSCAPING', 0.22], ['HOME & GARDEN', 0.1]]",True,106,83,23:05:42.688272
Irene meant Stephen in James,"[['RELIGION AND SPIRITUALITY', 0.05179321], ['ARTS AND ENTERTAINMENT', 0.05102798], ['HOME AND GARDEN', 0.05034868], ['SOCIETY', 0.0500279], ['EDUCATION', 0.04965112]]","[['EXTREME GRAPHIC/EXPLICIT VIOLENCE', 0.2], ['HUMOR', 0.17], ['SPORTS', 0.06], ['HOBBIES & INTERESTS', 0.06], ['NON-STANDARD CONTENT', 0.05]]",True,107,84,23:05:44.126484
Irene heard Stephen,"[['HEALTH AND FITNESS', 0.05241138], ['SCIENCE', 0.049514], ['SOCIETY', 0.04915387], ['TRAVEL', 0.04873449], ['CAREERS', 0.0485842]]","[['EXTREME GRAPHIC/EXPLICIT VIOLENCE', 0.19], ['HOBBIES & INTERESTS', 0.07], ['NON-STANDARD CONTENT', 0.06], ['NEEDLEWORK', 0.05]]",True,108,85,23:05:45.522214
the mountain by I meant I,"[['SPORTS', 0.06939753], ['HOBBIES AND INTERESTS', 0.05022737], ['ARTS AND ENTERTAINMENT', 0.05007967], ['HOME AND GARDEN', 0.04926092], ['FOOD AND DRINK', 0.04914226]]","[['MOUNTAIN BIKING', 0.27], ['SPORTS', 0.1]]",False,109,85,23:05:46.901637
I I Irene on an country in an cat,"[['PETS', 0.05874952], ['HOBBIES AND INTERESTS', 0.05157245], ['ARTS AND ENTERTAINMENT', 0.05110594], ['EDUCATION', 0.05110298], ['SPORTS', 0.05005226]]","[['CATS', 0.58], ['PETS', 0.16]]",False,110,85,23:05:48.233931
I heard the on Stephen Stephen the mountain in an mountain,"[['SPORTS', 0.06794715], ['HEALTH AND FITNESS', 0.05345768], ['SCIENCE', 0.04910882], ['CAREERS', 0.04849402], ['TRAVEL', 0.04832351]]","[['MOUNTAIN BIKING', 0.22], ['SPORTS', 0.09]]",False,111,85,23:05:49.668760
the telescope Irene tree pajamas on ship on monkey pajamas tree,"[['BUSINESS', 0.06109798], ['TRAVEL', 0.05524479], ['HOBBIES AND INTERESTS', 0.05222209], ['FAMILY AND PARENTING', 0.05042897], ['SCIENCE', 0.04904502]]","[['LANDSCAPING', 0.2], ['EXTREME GRAPHIC/EXPLICIT VIOLENCE', 0.2], ['HOME & GARDEN', 0.06], ['HOBBIES & INTERESTS', 0.06], ['UNITED KINGDOM', 0.06]]",True,112,86,23:05:51.193983
Stephen I my monkey with I with I outside Stephen with Irene,"[['HEALTH AND FITNESS', 0.05397452], ['TRAVEL', 0.05369264], ['RELIGION AND SPIRITUALITY', 0.0527993], ['SPORTS', 0.05187787], ['TECHNOLOGY AND COMPUTING', 0.05072245]]","[['HOBBIES & INTERESTS', 0.07], ['SPORTS', 0.06], ['NEEDLEWORK', 0.05], ['WATERSKI/WAKEBOARD', 0.05]]",True,113,87,23:05:52.673937
my monkey outside James caught I,"[['RELIGION AND SPIRITUALITY', 0.05723994], ['SPORTS', 0.05411256], ['TRAVEL', 0.05306849], ['FOOD AND DRINK', 0.05065072], ['HOBBIES AND INTERESTS', 0.05011922]]","[['CELEBRITY FAN/GOSSIP', 0.18], ['HOBBIES & INTERESTS', 0.07], ['ARTS & ENTERTAINMENT', 0.06], ['SPORTS', 0.06], ['BEADWORK', 0.05]]",True,114,88,23:05:54.086875
Stephen began the pajamas in Stephen,"[['HEALTH AND FITNESS', 0.0542889], ['SOCIETY', 0.0509087], ['FOOD AND DRINK', 0.05001242], ['STYLE AND FASHION', 0.04937314], ['HOME AND GARDEN', 0.04894073]]","[['EXTREME GRAPHIC/EXPLICIT VIOLENCE', 0.2], ['HOBBIES & INTERESTS', 0.07], ['NON-STANDARD CONTENT', 0.06], ['NEEDLEWORK', 0.05]]",True,115,89,23:05:55.726016
an ship Stephen an monkey by the monkey by Stephen,"[['TRAVEL', 0.05568492], ['BUSINESS', 0.05151906], ['TECHNOLOGY AND COMPUTING', 0.05006029], ['HOBBIES AND INTERESTS', 0.04982227], ['FAMILY AND PARENTING', 0.04813712]]","[['HOBBIES & INTERESTS', 0.07], ['CRUISES', 0.06], ['TRAVEL', 0.05], ['NEEDLEWORK', 0.05]]",True,116,90,23:05:57.139735
I built I,"[['TECHNOLOGY AND COMPUTING', 0.05504745], ['HOBBIES AND INTERESTS', 0.05141769], ['SPORTS', 0.05114883], ['HOME AND GARDEN', 0.05098018], ['AUTOMOTIVE', 0.0506846]]","[['REMODELING & CONSTRUCTION', 0.2], ['HOME & GARDEN', 0.1]]",True,117,91,23:05:58.622286
I meant James on Irene the in I monkey cat on James,"[['PETS', 0.06125917], ['HOBBIES AND INTERESTS', 0.05398852], ['HOME AND GARDEN', 0.05222599], ['SCIENCE', 0.05100526], ['ARTS AND ENTERTAINMENT', 0.04976264]]","[['CATS', 0.38], ['PETS', 0.1]]",False,118,91,23:06:00.022290
James fought James,"[['RELIGION AND SPIRITUALITY', 0.05224502], ['REAL ESTATE', 0.04914258], ['HOBBIES AND INTERESTS', 0.04902281], ['SCIENCE', 0.04884353], ['SOCIETY', 0.04862151]]","[['BOOKS & LITERATURE', 0.18], ['PRO BASKETBALL', 0.07], ['SPORTS', 0.07], ['HOBBIES & INTERESTS', 0.06], ['ARTS & ENTERTAINMENT', 0.06]]",True,119,92,23:06:01.331047
mountain an telescope Irene man with on James ship on James heard an man on James the tree I with Stephen,"[['BUSINESS', 0.05618398], ['HOBBIES AND INTERESTS', 0.05580348], ['TRAVEL', 0.05542193], ['RELIGION AND SPIRITUALITY', 0.05523082], ['SPORTS', 0.05513713]]","[['PROFANE CONTENT', 0.21], ['MOVIES', 0.17], ['SPORTS', 0.08], ['NON-STANDARD CONTENT', 0.07], ['ARTS & ENTERTAINMENT', 0.06]]",True,120,93,23:06:02.657193
Stephen caught Stephen with Irene Stephen country in an with pajamas with Irene mountain in Irene with my mountain on James,"[['SPORTS', 0.06054621], ['EDUCATION', 0.05407456], ['TRAVEL', 0.05300516], ['RELIGION AND SPIRITUALITY', 0.05157748], ['FOOD AND DRINK', 0.050142]]","[['SPORTS', 0.07], ['HOBBIES & INTERESTS', 0.06], ['BIRDWATCHING', 0.06], ['MOUNTAIN BIKING', 0.06]]",True,121,94,23:06:04.308460
Stephen an monkey James on monkey tree with Irene,"[['BUSINESS', 0.05773485], ['RELIGION AND SPIRITUALITY', 0.05483461], ['FAMILY AND PARENTING', 0.05158524], ['HOBBIES AND INTERESTS', 0.05077279], ['TRAVEL', 0.04969986]]","[['EXTREME GRAPHIC/EXPLICIT VIOLENCE', 0.2], ['LANDSCAPING', 0.2], ['CELEBRITY FAN/GOSSIP', 0.17], ['HOBBIES & INTERESTS', 0.06], ['ARTS & ENTERTAINMENT', 0.06]]",True,122,95,23:06:05.640097
Stephen Stephen Stephen in Irene,"[['HEALTH AND FITNESS', 0.05053888], ['PETS', 0.04846618], ['TRAVEL', 0.04822342], ['FAMILY AND PARENTING', 0.04793708], ['BUSINESS', 0.04793211]]","[['HOBBIES & INTERESTS', 0.07], ['SPORTS', 0.06], ['NEEDLEWORK', 0.05], ['WATERSKI/WAKEBOARD', 0.05]]",True,123,96,23:06:06.948621
man by Irene monkey I my tree in Irene I James in my ship in Stephen in outside James tree on James,"[['TRAVEL', 0.06225419], ['RELIGION AND SPIRITUALITY', 0.06180885], ['HOBBIES AND INTERESTS', 0.05645239], ['BUSINESS', 0.05610344], ['HEALTH AND FITNESS', 0.05230323]]","[['GARDENING', 0.21], ['EXTREME GRAPHIC/EXPLICIT VIOLENCE', 0.2], ['FINE ART', 0.16], ['SPORTS', 0.06], ['HOME & GARDEN', 0.06]]",True,124,97,23:06:08.380325
my mountain an man by my tree by telescope telescope tree mountain outside James,"[['RELIGION AND SPIRITUALITY', 0.06400004], ['SPORTS', 0.05767671], ['BUSINESS', 0.05451221], ['TRAVEL', 0.05262399], ['FAMILY AND PARENTING', 0.05252994]]","[['GARDENING', 0.23], ['CLIMBING', 0.09], ['SPORTS', 0.08], ['HOME & GARDEN', 0.07]]",True,125,98,23:06:09.753521
tree on Irene telescope began Stephen,"[['BUSINESS', 0.05590162], ['HEALTH AND FITNESS', 0.05286199], ['FAMILY AND PARENTING', 0.05070094], ['SOCIETY', 0.05068278], ['SCIENCE', 0.04844724]]","[['EXTREME GRAPHIC/EXPLICIT VIOLENCE', 0.2], ['LANDSCAPING', 0.2], ['HOBBIES & INTERESTS', 0.07], ['HOME & GARDEN', 0.06], ['NON-STANDARD CONTENT', 0.06]]",True,126,99,23:06:11.515595
Stephen Irene my cat,"[['PETS', 0.07008254], ['HEALTH AND FITNESS', 0.05152037], ['TECHNOLOGY AND COMPUTING', 0.04904953], ['AUTOMOTIVE', 0.04845982], ['HOBBIES AND INTERESTS', 0.04810896]]","[['CATS', 0.54], ['PETS', 0.14]]",False,127,99,23:06:12.946233
Irene began James,"[['RELIGION AND SPIRITUALITY', 0.05100615], ['SOCIETY', 0.05069748], ['HOME AND GARDEN', 0.05061652], ['FOOD AND DRINK', 0.0499159], ['REAL ESTATE', 0.04922982]]","[['EXTREME GRAPHIC/EXPLICIT VIOLENCE', 0.21], ['HOBBIES & INTERESTS', 0.07], ['NON-STANDARD CONTENT', 0.06], ['BEADWORK', 0.05]]",True,127,99,23:06:14.274635
James heard James in Stephen with Irene,"[['RELIGION AND SPIRITUALITY', 0.05204072], ['SCIENCE', 0.05098129], ['HEALTH AND FITNESS', 0.05055118], ['SOCIETY', 0.04971431], ['EDUCATION', 0.04904121]]","[['EXTREME GRAPHIC/EXPLICIT VIOLENCE', 0.2], ['HUMOR', 0.18], ['SPORTS', 0.06], ['ARTS & ENTERTAINMENT', 0.06], ['HOBBIES & INTERESTS', 0.06]]",True,128,100,23:06:15.731321
Stephen heard cat in Irene monkey with an on a telescope,"[['PETS', 0.06223647], ['SCIENCE', 0.05636618], ['HEALTH AND FITNESS', 0.05165241], ['EDUCATION', 0.0488283], ['TECHNOLOGY AND COMPUTING', 0.04809095]]","[['CATS', 0.41], ['PETS', 0.09]]",False,129,100,23:06:17.317039
I meant my tree in I,"[['HOBBIES AND INTERESTS', 0.05444061], ['TECHNOLOGY AND COMPUTING', 0.05217739], ['BUSINESS', 0.05123809], ['HOME AND GARDEN', 0.05051942], ['TRAVEL', 0.04956576]]","[['LANDSCAPING', 0.23], ['HOME & GARDEN', 0.09]]",True,130,101,23:06:18.754738
a telescope on the ship meant my cat,"[['PETS', 0.06877637], ['HOBBIES AND INTERESTS', 0.05186846], ['SCIENCE', 0.05127817], ['TRAVEL', 0.05084942], ['EDUCATION', 0.05048618]]","[['CATS', 0.53], ['PETS', 0.13]]",False,131,101,23:06:20.336356
James began Irene,"[['RELIGION AND SPIRITUALITY', 0.05100615], ['SOCIETY', 0.05069748], ['HOME AND GARDEN', 0.05061652], ['FOOD AND DRINK', 0.0499159], ['REAL ESTATE', 0.04922982]]","[['EXTREME GRAPHIC/EXPLICIT VIOLENCE', 0.21], ['HOBBIES & INTERESTS', 0.07], ['NON-STANDARD CONTENT', 0.06], ['BEADWORK', 0.05]]",True,132,102,23:06:21.908752
man by I a country Stephen built Irene,"[['TRAVEL', 0.05627701], ['AUTOMOTIVE', 0.05283038], ['ARTS AND ENTERTAINMENT', 0.05169164], ['SPORTS', 0.0510363], ['HEALTH AND FITNESS', 0.0508708]]","[['GARDENING', 0.28], ['PROFANE CONTENT', 0.19], ['NON-STANDARD CONTENT', 0.07], ['HOME & GARDEN', 0.06]]",True,133,103,23:06:23.569361
Irene began James,"[['RELIGION AND SPIRITUALITY', 0.05100615], ['SOCIETY', 0.05069748], ['HOME AND GARDEN', 0.05061652], ['FOOD AND DRINK', 0.0499159], ['REAL ESTATE', 0.04922982]]","[['EXTREME GRAPHIC/EXPLICIT VIOLENCE', 0.21], ['HOBBIES & INTERESTS', 0.07], ['NON-STANDARD CONTENT', 0.06], ['BEADWORK', 0.05]]",True,133,103,23:06:25.124956
Irene caught I,"[['SPORTS', 0.05578449], ['FOOD AND DRINK', 0.05180998], ['TECHNOLOGY AND COMPUTING', 0.05088542], ['ARTS AND ENTERTAINMENT', 0.04952934], ['HOME AND GARDEN', 0.04942406]]","[['HOBBIES & INTERESTS', 0.08], ['BIRDWATCHING', 0.05]]",True,134,104,23:06:26.423516
Stephen heard cat pajamas outside an man with my man,"[['PETS', 0.06286438], ['HEALTH AND FITNESS', 0.06023952], ['TRAVEL', 0.05260851], ['RELIGION AND SPIRITUALITY', 0.05093345], ['EDUCATION', 0.0500351]]","[['CATS', 0.47], ['PROFANE CONTENT', 0.25], ['PETS', 0.11], ['NON-STANDARD CONTENT', 0.09]]",True,135,105,23:06:27.962202
Irene began the ship,"[['TRAVEL', 0.05173372], ['FOOD AND DRINK', 0.05045692], ['HOBBIES AND INTERESTS', 0.05003543], ['SOCIETY', 0.04948048], ['PERSONAL FINANCE', 0.04865583]]","[['EXTREME GRAPHIC/EXPLICIT VIOLENCE', 0.2], ['CRUISES', 0.11], ['TRAVEL', 0.07], ['HOBBIES & INTERESTS', 0.07], ['NON-STANDARD CONTENT', 0.06]]",True,136,106,23:06:29.366794
Irene meant the country with I outside Irene in Irene,"[['ARTS AND ENTERTAINMENT', 0.05424655], ['SPORTS', 0.05414548], ['TRAVEL', 0.05407048], ['EDUCATION', 0.05226547], ['FOOD AND DRINK', 0.05216959]]","[['HOBBIES & INTERESTS', 0.07], ['BIRDWATCHING', 0.05]]",True,137,107,23:06:30.708271
Stephen caught ship on Irene ship by I on an mountain on Irene,"[['SPORTS', 0.06583522], ['TRAVEL', 0.05426123], ['TECHNOLOGY AND COMPUTING', 0.05181291], ['FOOD AND DRINK', 0.05134479], ['HOBBIES AND INTERESTS', 0.05073824]]","[['CRUISES', 0.11], ['TRAVEL', 0.08], ['HOBBIES & INTERESTS', 0.07], ['SPORTS', 0.06], ['BIRDWATCHING', 0.06]]",False,138,107,23:06:32.044057
telescope telescope outside James a on the cat the pajamas in Stephen,"[['PETS', 0.06450656], ['RELIGION AND SPIRITUALITY', 0.05416271], ['SCIENCE', 0.05410024], ['HEALTH AND FITNESS', 0.05101276], ['REAL ESTATE', 0.0506119]]","[['CATS', 0.34], ['PETS', 0.09]]",False,139,107,23:06:33.394889
Irene caught the tree outside I,"[['BUSINESS', 0.05698121], ['SPORTS', 0.05624269], ['RELIGION AND SPIRITUALITY', 0.0525674], ['TRAVEL', 0.05210119], ['TECHNOLOGY AND COMPUTING', 0.05033423]]","[['LANDSCAPING', 0.21], ['BIRDS', 0.18], ['HOBBIES & INTERESTS', 0.07], ['PETS', 0.06], ['HOME & GARDEN', 0.06]]",True,140,108,23:06:34.858344
the country built James outside ship cat,"[['TRAVEL', 0.06063766], ['PETS', 0.05790927], ['REAL ESTATE', 0.05222844], ['AUTOMOTIVE', 0.05136762], ['HOBBIES AND INTERESTS', 0.05071309]]","[['CATS', 0.57], ['PETS', 0.15]]",False,141,108,23:06:36.409457
the monkey by I cat on James by Irene on James James with James,"[['PETS', 0.06024437], ['HOBBIES AND INTERESTS', 0.0534611], ['HOME AND GARDEN', 0.05006397], ['SCIENCE', 0.05006052], ['RELIGION AND SPIRITUALITY', 0.04972111]]","[['CATS', 0.28], ['HUMOR', 0.18], ['PETS', 0.08], ['ARTS & ENTERTAINMENT', 0.07], ['SPORTS', 0.06]]",True,142,109,23:06:37.763613
Irene cat telescope Irene,"[['PETS', 0.06337898], ['SCIENCE', 0.0543964], ['EDUCATION', 0.04869086], ['REAL ESTATE', 0.0482636], ['TECHNOLOGY AND COMPUTING', 0.04784398]]","[['CATS', 0.35], ['PETS', 0.09]]",False,143,109,23:06:39.110145
Stephen built I in James,"[['HOBBIES AND INTERESTS', 0.05219693], ['HOME AND GARDEN', 0.05201314], ['RELIGION AND SPIRITUALITY', 0.05111128], ['AUTOMOTIVE', 0.05110529], ['TECHNOLOGY AND COMPUTING', 0.05066073]]","[['REMODELING & CONSTRUCTION', 0.19], ['BOOKS & LITERATURE', 0.18], ['HOME & GARDEN', 0.06], ['SPORTS', 0.06], ['HOBBIES & INTERESTS', 0.06]]",True,144,110,23:06:40.852974
Stephen Irene Irene in a mountain on an cat by Irene outside James,"[['PETS', 0.06423295], ['RELIGION AND SPIRITUALITY', 0.05677858], ['SPORTS', 0.05668005], ['REAL ESTATE', 0.05061552], ['EDUCATION', 0.04911456]]","[['CATS', 0.28], ['PETS', 0.07], ['HOBBIES & INTERESTS', 0.07], ['SPORTS', 0.06], ['BIRDWATCHING', 0.05]]",False,145,110,23:06:42.368816
Stephen fought Irene,"[['HEALTH AND FITNESS', 0.05098069], ['ARTS AND ENTERTAINMENT', 0.04828604], ['PETS', 0.04823368], ['SOCIETY', 0.04816877], ['TECHNOLOGY AND COMPUTING', 0.04816405]]","[['EXTREME GRAPHIC/EXPLICIT VIOLENCE', 0.2], ['HOBBIES & INTERESTS', 0.07], ['NON-STANDARD CONTENT', 0.06], ['BEADWORK', 0.05]]",True,146,111,23:06:43.850129
I built Irene I Stephen by I,"[['TECHNOLOGY AND COMPUTING', 0.05495936], ['HOBBIES AND INTERESTS', 0.05043316], ['HOME AND GARDEN', 0.0504292], ['AUTOMOTIVE', 0.05038127], ['TRAVEL', 0.05020654]]","[['REMODELING & CONSTRUCTION', 0.2], ['HOBBIES & INTERESTS', 0.07], ['HOME & GARDEN', 0.06], ['NEEDLEWORK', 0.05]]",True,147,112,23:06:45.226099
the tree telescope outside Stephen mountain I began Irene,"[['SPORTS', 0.06149466], ['BUSINESS', 0.0549451], ['RELIGION AND SPIRITUALITY', 0.05364099], ['HEALTH AND FITNESS', 0.05151815], ['FAMILY AND PARENTING', 0.05101564]]","[['EXTREME GRAPHIC/EXPLICIT VIOLENCE', 0.2], ['LANDSCAPING', 0.19], ['SPORTS', 0.07], ['HOBBIES & INTERESTS', 0.06], ['CLIMBING', 0.06]]",True,148,113,23:06:46.568490
Irene built Stephen with a mountain,"[['SPORTS', 0.06027717], ['FAMILY AND PARENTING', 0.05013907], ['TRAVEL', 0.04945946], ['TECHNOLOGY AND COMPUTING', 0.04905874], ['REAL ESTATE', 0.04871292]]","[['REMODELING & CONSTRUCTION', 0.18], ['MOUNTAIN BIKING', 0.1], ['SPORTS', 0.07], ['HOBBIES & INTERESTS', 0.06], ['HOME & GARDEN', 0.06]]",True,149,114,23:06:47.912253
an country fought James,"[['EDUCATION', 0.05214551], ['AUTOMOTIVE', 0.05107173], ['ARTS AND ENTERTAINMENT', 0.05102034], ['REAL ESTATE', 0.05046136], ['RELIGION AND SPIRITUALITY', 0.05007377]]","[['EXTREME GRAPHIC/EXPLICIT VIOLENCE', 0.21], ['HINDUISM', 0.16], ['OFF-ROAD VEHICLES', 0.08], ['UNITED KINGDOM', 0.07], ['NON-STANDARD CONTENT', 0.06]]",True,150,115,23:06:49.456377
I began I,"[['FOOD AND DRINK', 0.05313345], ['HOME AND GARDEN', 0.05204459], ['SPORTS', 0.04996985], ['STYLE AND FASHION', 0.04984224], ['HOBBIES AND INTERESTS', 0.04959297]]","[['EXTREME GRAPHIC/EXPLICIT VIOLENCE', 0.21], ['HOBBIES & INTERESTS', 0.08], ['NON-STANDARD CONTENT', 0.07], ['CIGARS', 0.05]]",True,150,115,23:06:51.073028
my tree James James fought James,"[['RELIGION AND SPIRITUALITY', 0.05628296], ['BUSINESS', 0.05344008], ['HOBBIES AND INTERESTS', 0.05224379], ['AUTOMOTIVE', 0.05099555], ['FAMILY AND PARENTING', 0.05071933]]","[['BOOKS & LITERATURE', 0.19], ['SPORTS', 0.07], ['PRO BASKETBALL', 0.07], ['ARTS & ENTERTAINMENT', 0.06], ['HOBBIES & INTERESTS', 0.06]]",True,151,116,23:06:52.603335
my telescope by James heard I with a tree,"[['RELIGION AND SPIRITUALITY', 0.05504152], ['HOBBIES AND INTERESTS', 0.05460285], ['BUSINESS', 0.05128165], ['SCIENCE', 0.05127321], ['TRAVEL', 0.04978231]]","[['GARDENING', 0.2], ['HOME & GARDEN', 0.07], ['HOBBIES & INTERESTS', 0.06], ['BEADWORK', 0.05]]",True,152,117,23:06:53.889396
James built James with my country James the mountain,"[['SPORTS', 0.05720153], ['TRAVEL', 0.05426678], ['RELIGION AND SPIRITUALITY', 0.05152835], ['EDUCATION', 0.05146056], ['AUTOMOTIVE', 0.0512217]]","[['SPORTS', 0.08], ['MOUNTAIN BIKING', 0.08]]",False,153,117,23:06:55.242522
I fought my ship,"[['TRAVEL', 0.05454648], ['HOBBIES AND INTERESTS', 0.05447532], ['TECHNOLOGY AND COMPUTING', 0.05394053], ['AUTOMOTIVE', 0.0522835], ['FOOD AND DRINK', 0.04859856]]","[['CRUISES', 0.19], ['TRAVEL', 0.1]]",False,154,117,23:06:56.879416
Irene began I with my pajamas Stephen Stephen monkey in country on Stephen Irene,"[['HEALTH AND FITNESS', 0.05629934], ['TRAVEL', 0.05359079], ['AUTOMOTIVE', 0.05297671], ['FOOD AND DRINK', 0.05245992], ['HOME AND GARDEN', 0.05186879]]","[['EXTREME GRAPHIC/EXPLICIT VIOLENCE', 0.2], ['HOBBIES & INTERESTS', 0.06], ['NON-STANDARD CONTENT', 0.06], ['BIRDWATCHING', 0.05]]",True,155,118,23:06:58.325975
Stephen heard Stephen outside Irene in Stephen,"[['HEALTH AND FITNESS', 0.05403046], ['TRAVEL', 0.0515587], ['RELIGION AND SPIRITUALITY', 0.0510961], ['BUSINESS', 0.05058789], ['SCIENCE', 0.04869019]]","[['EXTREME GRAPHIC/EXPLICIT VIOLENCE', 0.19], ['HOBBIES & INTERESTS', 0.07], ['SPORTS', 0.05], ['NON-STANDARD CONTENT', 0.05], ['NEEDLEWORK', 0.05]]",True,156,119,23:06:59.710773
Irene caught I tree I my monkey mountain Irene Stephen Irene,"[['SPORTS', 0.0654182], ['BUSINESS', 0.05407819], ['FAMILY AND PARENTING', 0.05294105], ['TRAVEL', 0.05149151], ['HOBBIES AND INTERESTS', 0.05135243]]","[['HOBBIES & INTERESTS', 0.07], ['SPORTS', 0.06], ['BIRDWATCHING', 0.05], ['WATERSKI/WAKEBOARD', 0.04]]",True,157,120,23:07:01.183650
James built a tree,"[['BUSINESS', 0.05630575], ['RELIGION AND SPIRITUALITY', 0.05297968], ['HOBBIES AND INTERESTS', 0.05242487], ['FAMILY AND PARENTING', 0.05120472], ['TRAVEL', 0.04997773]]","[['LANDSCAPING', 0.22], ['HOME & GARDEN', 0.1]]",True,158,121,23:07:02.583318
I cat on my on Irene in an tree in an tree monkey on I I in Stephen,"[['PETS', 0.061206], ['HOBBIES AND INTERESTS', 0.05492022], ['BUSINESS', 0.05377979], ['TECHNOLOGY AND COMPUTING', 0.05257727], ['TRAVEL', 0.05097488]]","[['CATS', 0.37], ['PETS', 0.12]]",False,159,121,23:07:03.900276
Irene caught James,"[['RELIGION AND SPIRITUALITY', 0.05063722], ['FOOD AND DRINK', 0.04953998], ['SPORTS', 0.0495366], ['REAL ESTATE', 0.04950148], ['ARTS AND ENTERTAINMENT', 0.04907639]]","[['HOBBIES & INTERESTS', 0.07], ['SPORTS', 0.06], ['BEADWORK', 0.05], ['FRESHWATER FISHING', 0.04]]",True,160,122,23:07:05.411068
a pajamas caught Stephen,"[['SPORTS', 0.05088811], ['FOOD AND DRINK', 0.04965003], ['TRAVEL', 0.04881566], ['SOCIETY', 0.04871722], ['HEALTH AND FITNESS', 0.04857036]]","[['AQUARIUMS', 0.17], ['HOBBIES & INTERESTS', 0.07], ['PETS', 0.06], ['BIRDWATCHING', 0.05]]",True,161,123,23:07:07.076173
James fought I outside an cat,"[['PETS', 0.06128477], ['RELIGION AND SPIRITUALITY', 0.05552434], ['SPORTS', 0.05046147], ['HOBBIES AND INTERESTS', 0.0502548], ['SCIENCE', 0.04841524]]","[['CATS', 0.6], ['PETS', 0.19]]",False,162,123,23:07:08.623677
Irene began my outside my on my man Stephen cat man with James by I on James,"[['PETS', 0.06139836], ['HEALTH AND FITNESS', 0.05706712], ['RELIGION AND SPIRITUALITY', 0.0566385], ['HOBBIES AND INTERESTS', 0.051265], ['TRAVEL', 0.04983457]]","[['CATS', 0.37], ['PROFANE CONTENT', 0.22], ['PETS', 0.09], ['NON-STANDARD CONTENT', 0.08]]",True,163,124,23:07:09.896352
James meant James by Irene,"[['RELIGION AND SPIRITUALITY', 0.0516024], ['ARTS AND ENTERTAINMENT', 0.05132777], ['HOME AND GARDEN', 0.05089213], ['EDUCATION', 0.05018056], ['SOCIETY', 0.04990644]]","[['BOOKS & LITERATURE', 0.17], ['SPORTS', 0.07], ['HOBBIES & INTERESTS', 0.06], ['ARTS & ENTERTAINMENT', 0.06], ['BEADWORK', 0.05]]",True,164,125,23:07:11.367864
James caught Stephen outside my by Irene,"[['RELIGION AND SPIRITUALITY', 0.05722764], ['TRAVEL', 0.05250067], ['HEALTH AND FITNESS', 0.05003764], ['PETS', 0.05002694], ['FAMILY AND PARENTING', 0.04962065]]","[['HOBBIES & INTERESTS', 0.07], ['SPORTS', 0.06], ['BEADWORK', 0.05], ['FRESHWATER FISHING', 0.04]]",True,165,126,23:07:12.926577
Stephen built I,"[['TECHNOLOGY AND COMPUTING', 0.05473865], ['HOME AND GARDEN', 0.05077799], ['AUTOMOTIVE', 0.05072283], ['TRAVEL', 0.05061938], ['HOBBIES AND INTERESTS', 0.05034442]]","[['REMODELING & CONSTRUCTION', 0.2], ['HOME & GARDEN', 0.07], ['HOBBIES & INTERESTS', 0.06], ['NEEDLEWORK', 0.05]]",True,166,127,23:07:14.464481
man on monkey with James tree on Stephen country meant my cat,"[['PETS', 0.06110792], ['EDUCATION', 0.05522042], ['TRAVEL', 0.05383946], ['HOBBIES AND INTERESTS', 0.05302605], ['BUSINESS', 0.0526124]]","[['CATS', 0.41], ['PETS', 0.11]]",False,167,127,23:07:15.972575
an outside James a country James,"[['RELIGION AND SPIRITUALITY', 0.05539569], ['TRAVEL', 0.05395263], ['EDUCATION', 0.05237088], ['REAL ESTATE', 0.05100606], ['ARTS AND ENTERTAINMENT', 0.04982915]]","[['BOOKS & LITERATURE', 0.22], ['PRO BASKETBALL', 0.08], ['SPORTS', 0.07], ['ARTS & ENTERTAINMENT', 0.06], ['HOBBIES & INTERESTS', 0.05]]",True,168,128,23:07:17.648510
an pajamas by my on Irene in a in cat monkey Stephen Irene heard my mountain on a in the tree on Irene,"[['PETS', 0.06149365], ['BUSINESS', 0.05573138], ['SPORTS', 0.05496796], ['HEALTH AND FITNESS', 0.05392153], ['EDUCATION', 0.05036344]]","[['CATS', 0.27], ['GARDENING', 0.22], ['PETS', 0.07], ['HOBBIES & INTERESTS', 0.06], ['HOME & GARDEN', 0.06]]",True,169,129,23:07:19.170407
an ship caught James by Irene,"[['TRAVEL', 0.05292269], ['HOBBIES AND INTERESTS', 0.05118876], ['RELIGION AND SPIRITUALITY', 0.04991331], ['FOOD AND DRINK', 0.04956827], ['ARTS AND ENTERTAINMENT', 0.04922648]]","[['CRUISES', 0.1], ['HOBBIES & INTERESTS', 0.07], ['TRAVEL', 0.06], ['SPORTS', 0.05], ['BEADWORK', 0.05]]",True,170,130,23:07:20.576696
Stephen fought Irene in my ship with the mountain on I,"[['SPORTS', 0.06032403], ['TRAVEL', 0.05428276], ['HOBBIES AND INTERESTS', 0.05284256], ['TECHNOLOGY AND COMPUTING', 0.05261793], ['RELIGION AND SPIRITUALITY', 0.04961034]]","[['CRUISES', 0.08], ['TRAVEL', 0.07], ['SPORTS', 0.07], ['MOUNTAIN BIKING', 0.07], ['HOBBIES & INTERESTS', 0.06]]",False,171,130,23:07:21.876774
I built Irene,"[['TECHNOLOGY AND COMPUTING', 0.05461569], ['HOBBIES AND INTERESTS', 0.05146417], ['HOME AND GARDEN', 0.05096419], ['SPORTS', 0.05080431], ['AUTOMOTIVE', 0.05066871]]","[['REMODELING & CONSTRUCTION', 0.2], ['HOBBIES & INTERESTS', 0.07], ['HOME & GARDEN', 0.06], ['WOODWORKING', 0.05]]",True,171,130,23:07:23.349419
James fought Irene,"[['RELIGION AND SPIRITUALITY', 0.05219164], ['SCIENCE', 0.04916986], ['HOBBIES AND INTERESTS', 0.04903236], ['ARTS AND ENTERTAINMENT', 0.0490129], ['REAL ESTATE', 0.04901183]]","[['EXTREME GRAPHIC/EXPLICIT VIOLENCE', 0.22], ['HOBBIES & INTERESTS', 0.07], ['SPORTS', 0.06], ['NON-STANDARD CONTENT', 0.06], ['BEADWORK', 0.06]]",True,171,130,23:07:24.734651
I built Irene by Irene on a pajamas,"[['TECHNOLOGY AND COMPUTING', 0.0544248], ['HOBBIES AND INTERESTS', 0.05140276], ['SPORTS', 0.05103059], ['HOME AND GARDEN', 0.05096501], ['AUTOMOTIVE', 0.05053872]]","[['HOBBIES & INTERESTS', 0.07], ['BIRDWATCHING', 0.05]]",True,172,131,23:07:26.413502
James heard my tree in Stephen,"[['RELIGION AND SPIRITUALITY', 0.05617794], ['BUSINESS', 0.05473174], ['HEALTH AND FITNESS', 0.053186], ['HOBBIES AND INTERESTS', 0.05117626], ['TRAVEL', 0.05085136]]","[['GARDENING', 0.21], ['HOME & GARDEN', 0.07]]",True,173,132,23:07:27.962738
my ship built James outside an outside a telescope outside my cat on Irene,"[['PETS', 0.066105], ['TRAVEL', 0.0566093], ['SCIENCE', 0.05260574], ['RELIGION AND SPIRITUALITY', 0.05217615], ['HOBBIES AND INTERESTS', 0.0516927]]","[['CATS', 0.42], ['PETS', 0.1]]",False,174,132,23:07:29.522321
my on James meant man cat on I,"[['PETS', 0.06170896], ['HOBBIES AND INTERESTS', 0.05563894], ['ARTS AND ENTERTAINMENT', 0.0524798], ['RELIGION AND SPIRITUALITY', 0.05195191], ['HOME AND GARDEN', 0.05072973]]","[['CATS', 0.61], ['PETS', 0.17]]",False,175,132,23:07:30.858609
Stephen meant an outside an monkey in James with I in I,"[['RELIGION AND SPIRITUALITY', 0.05527516], ['SPORTS', 0.05159898], ['HOBBIES AND INTERESTS', 0.05078549], ['HOME AND GARDEN', 0.05050375], ['TRAVEL', 0.05044423]]","[['EXTREME GRAPHIC/EXPLICIT VIOLENCE', 0.2], ['BOOKS & LITERATURE', 0.17], ['ARTS & ENTERTAINMENT', 0.06], ['SPORTS', 0.06], ['HOBBIES & INTERESTS', 0.06]]",True,176,133,23:07:32.278022
James caught Stephen,"[['RELIGION AND SPIRITUALITY', 0.05088778], ['REAL ESTATE', 0.04994859], ['FOOD AND DRINK', 0.04953258], ['FAMILY AND PARENTING', 0.04919039], ['SOCIETY', 0.04865067]]","[['BOOKS & LITERATURE', 0.19], ['REPTILES', 0.18], ['SPORTS', 0.07], ['HOBBIES & INTERESTS', 0.07], ['ARTS & ENTERTAINMENT', 0.06]]",True,177,134,23:07:33.863172
Irene Stephen an man,"[['HEALTH AND FITNESS', 0.05301945], ['ARTS AND ENTERTAINMENT', 0.05014265], ['SCIENCE', 0.05007889], ['TRAVEL', 0.04959293], ['SOCIETY', 0.04919682]]","[['PROFANE CONTENT', 0.21], ['NON-STANDARD CONTENT', 0.08], ['HOBBIES & INTERESTS', 0.06], ['NEEDLEWORK', 0.05]]",True,178,135,23:07:35.141766
Stephen built a monkey by Stephen,"[['TRAVEL', 0.05156632], ['TECHNOLOGY AND COMPUTING', 0.05088001], ['AUTOMOTIVE', 0.04976296], ['FAMILY AND PARENTING', 0.04965736], ['HOME AND GARDEN', 0.04942792]]","[['REMODELING & CONSTRUCTION', 0.2], ['HOBBIES & INTERESTS', 0.06], ['HOME & GARDEN', 0.06], ['NEEDLEWORK', 0.05], ['SPORTS', 0.05]]",True,179,136,23:07:36.563720
man by I country meant my pajamas on Irene,"[['ARTS AND ENTERTAINMENT', 0.05411574], ['EDUCATION', 0.05411041], ['TRAVEL', 0.05328152], ['HEALTH AND FITNESS', 0.05325409], ['AUTOMOTIVE', 0.05228575]]","[['PROFANE CONTENT', 0.2], ['NON-STANDARD CONTENT', 0.08]]",True,180,137,23:07:37.962276
an man heard my mountain with James Irene on Irene mountain Irene Stephen,"[['SPORTS', 0.05680108], ['RELIGION AND SPIRITUALITY', 0.05594165], ['HEALTH AND FITNESS', 0.05426095], ['SCIENCE', 0.05151997], ['SOCIETY', 0.05122851]]","[['SPORTS', 0.08], ['MOUNTAIN BIKING', 0.07], ['HOBBIES & INTERESTS', 0.06], ['BIRDWATCHING', 0.06]]",True,181,138,23:07:39.367468
by monkey outside Stephen tree ship began my man,"[['TRAVEL', 0.06214504], ['BUSINESS', 0.05918007], ['HEALTH AND FITNESS', 0.05663094], ['RELIGION AND SPIRITUALITY', 0.05361918], ['HOBBIES AND INTERESTS', 0.05080538]]","[['GARDENING', 0.23], ['PROFANE CONTENT', 0.2], ['CRUISES', 0.09], ['NON-STANDARD CONTENT', 0.08], ['TRAVEL', 0.07]]",True,182,139,23:07:40.690516
the telescope in James fought Irene on Stephen,"[['SCIENCE', 0.05505731], ['RELIGION AND SPIRITUALITY', 0.05144181], ['HEALTH AND FITNESS', 0.04913688], ['REAL ESTATE', 0.04909441], ['FAMILY AND PARENTING', 0.04855935]]","[['EXTREME GRAPHIC/EXPLICIT VIOLENCE', 0.21], ['HOBBIES & INTERESTS', 0.07], ['SPORTS', 0.06], ['NON-STANDARD CONTENT', 0.05], ['BEADWORK', 0.05]]",True,183,140,23:07:42.093669
Irene began the pajamas in my ship,"[['TRAVEL', 0.05341378], ['HOBBIES AND INTERESTS', 0.05108131], ['HEALTH AND FITNESS', 0.05096239], ['AUTOMOTIVE', 0.05074161], ['SOCIETY', 0.05000898]]","[['EXTREME GRAPHIC/EXPLICIT VIOLENCE', 0.2], ['CRUISES', 0.08], ['HOBBIES & INTERESTS', 0.07], ['TRAVEL', 0.06], ['NON-STANDARD CONTENT', 0.06]]",True,184,141,23:07:43.423366
Stephen fought I,"[['TECHNOLOGY AND COMPUTING', 0.05181756], ['SPORTS', 0.05116446], ['HEALTH AND FITNESS', 0.05005381], ['HOBBIES AND INTERESTS', 0.04917561], ['FOOD AND DRINK', 0.04906455]]","[['EXTREME GRAPHIC/EXPLICIT VIOLENCE', 0.2], ['HOBBIES & INTERESTS', 0.07], ['NON-STANDARD CONTENT', 0.06], ['SPORTS', 0.06], ['BEADWORK', 0.05]]",True,185,142,23:07:44.753848
James my pajamas James,"[['RELIGION AND SPIRITUALITY', 0.05453188], ['AUTOMOTIVE', 0.05121648], ['HOBBIES AND INTERESTS', 0.05036592], ['EDUCATION', 0.04942559], ['HEALTH AND FITNESS', 0.04930851]]","[['BOOKS & LITERATURE', 0.17], ['SPORTS', 0.07], ['HOBBIES & INTERESTS', 0.06], ['ARTS & ENTERTAINMENT', 0.06], ['PRO BASKETBALL', 0.06]]",True,186,143,23:07:46.101754
I fought Stephen by James,"[['RELIGION AND SPIRITUALITY', 0.05287746], ['HOBBIES AND INTERESTS', 0.05101946], ['HOME AND GARDEN', 0.04957332], ['ARTS AND ENTERTAINMENT', 0.04915436], ['SCIENCE', 0.04870924]]","[['EXTREME GRAPHIC/EXPLICIT VIOLENCE', 0.21], ['BOOKS & LITERATURE', 0.18], ['SPORTS', 0.07], ['HOBBIES & INTERESTS', 0.06], ['NON-STANDARD CONTENT', 0.06]]",True,187,144,23:07:47.630604
Irene fought James outside Stephen in my monkey Irene Irene,"[['RELIGION AND SPIRITUALITY', 0.05825252], ['HEALTH AND FITNESS', 0.05297251], ['TRAVEL', 0.05192159], ['PETS', 0.04971408], ['AUTOMOTIVE', 0.04939502]]","[['HOBBIES & INTERESTS', 0.07], ['SPORTS', 0.06], ['BEADWORK', 0.05], ['WATERSKI/WAKEBOARD', 0.05]]",True,188,145,23:07:49.051220
Stephen caught my ship with an monkey with an cat,"[['PETS', 0.06328866], ['TRAVEL', 0.0573827], ['TECHNOLOGY AND COMPUTING', 0.05131125], ['HOBBIES AND INTERESTS', 0.05075049], ['FAMILY AND PARENTING', 0.04757475]]","[['CATS', 0.5], ['PETS', 0.14]]",False,189,145,23:07:50.504078
Irene heard Irene by James on Irene,"[['RELIGION AND SPIRITUALITY', 0.05185865], ['SCIENCE', 0.05140284], ['SOCIETY', 0.04960284], ['EDUCATION', 0.04957337], ['HOBBIES AND INTERESTS', 0.04889452]]","[['HOBBIES & INTERESTS', 0.07], ['BEADWORK', 0.05]]",True,190,146,23:07:51.913460
a monkey began James,"[['HOME AND GARDEN', 0.05094987], ['SOCIETY', 0.05043391], ['RELIGION AND SPIRITUALITY', 0.05037415], ['STYLE AND FASHION', 0.05036017], ['FOOD AND DRINK', 0.04921649]]","[['EXTREME GRAPHIC/EXPLICIT VIOLENCE', 0.21], ['FINE ART', 0.16], ['HOBBIES & INTERESTS', 0.07], ['ARTS & ENTERTAINMENT', 0.06], ['NON-STANDARD CONTENT', 0.06]]",True,191,147,23:07:53.427023
Stephen caught an monkey on Irene,"[['SPORTS', 0.05126204], ['TRAVEL', 0.04981534], ['FAMILY AND PARENTING', 0.0498029], ['FOOD AND DRINK', 0.04935497], ['BUSINESS', 0.04882493]]","[['HOBBIES & INTERESTS', 0.07], ['BIRDWATCHING', 0.05]]",True,192,148,23:07:54.901456
my monkey tree tree a man caught Irene in I,"[['TRAVEL', 0.05407579], ['SPORTS', 0.05405916], ['BUSINESS', 0.05401862], ['HOBBIES AND INTERESTS', 0.05365109], ['TECHNOLOGY AND COMPUTING', 0.05075702]]","[['GARDENING', 0.26], ['PROFANE CONTENT', 0.2], ['BIRDS', 0.19], ['HOME & GARDEN', 0.07], ['NON-STANDARD CONTENT', 0.07]]",True,193,149,23:07:56.203079
