a monkey in an park by Mary killed my park in I by a cat in Bob,"[['PETS', 0.06240536], ['TRAVEL', 0.0557702], ['SPORTS', 0.05190105], ['HEALTH AND FITNESS', 0.05095862], ['HOBBIES AND INTERESTS', 0.05074085]]","[['PETS', 1.0], ['TRAVEL', 3.96648e-09], ['HOBBIES AND INTERESTS', 9.68484e-10], ['SPORTS', 3.34159e-10], ['HEALTH AND FITNESS', 9.25039e-11]]",False,1,0,13:04:03.437012
the dog in I ate an monkey in a fish,"[['PETS', 0.06357602], ['FOOD AND DRINK', 0.05564879], ['SPORTS', 0.05296324], ['HOBBIES AND INTERESTS', 0.04974033], ['AUTOMOTIVE', 0.04895007]]","[['PETS', 0.999995], ['SCIENCE', 3.39445e-06], ['FOOD AND DRINK', 5.02643e-07], ['SPORTS', 4.90533e-07], ['HOBBIES AND INTERESTS', 3.73139e-09]]",False,2,0,13:04:06.119789
Mary walked John with an pajamas outside an man in I,"[['RELIGION AND SPIRITUALITY', 0.05538009], ['SPORTS', 0.05537644], ['ARTS AND ENTERTAINMENT', 0.0536714], ['HEALTH AND FITNESS', 0.05315265], ['EDUCATION', 0.05047388]]","[['SOCIETY', 0.9999], ['SCIENCE', 9.41608e-05], ['FOOD AND DRINK', 8.08928e-07], ['TRAVEL', 4.53167e-07], ['HOBBIES AND INTERESTS', 3.34247e-07]]",True,3,1,13:04:08.225718
Mary saw Bob,"[['HEALTH AND FITNESS', 0.05189616], ['BUSINESS', 0.05168675], ['SPORTS', 0.05155729], ['ARTS AND ENTERTAINMENT', 0.05146835], ['HOBBIES AND INTERESTS', 0.04964161]]","[['HOBBIES AND INTERESTS', 0.165744], ['CAREERS', 0.103779], ['HEALTH AND FITNESS', 0.061078], ['SPORTS', 0.0502132], ['EDUCATION', 0.0408336]]",False,4,1,13:04:10.784508
Bob killed the pajamas on Mary,"[['BUSINESS', 0.05100571], ['HEALTH AND FITNESS', 0.04997426], ['LAW GOVERNMENT AND POLITICS', 0.04976367], ['STYLE AND FASHION', 0.04954921], ['RELIGION AND SPIRITUALITY', 0.04905482]]","[['EDUCATION', 0.784445], ['SCIENCE', 0.215261], ['FOOD AND DRINK', 0.000294121], ['SPORTS', 8.29108e-08], ['CAREERS', 2.16281e-08]]",True,5,2,13:04:13.186096
Bob ate the elephant outside Mary by John,"[['SPORTS', 0.05537638], ['HEALTH AND FITNESS', 0.05248762], ['BUSINESS', 0.05238744], ['ARTS AND ENTERTAINMENT', 0.05222574], ['EDUCATION', 0.05125695]]","[['HEALTH AND FITNESS', 0.606371], ['ARTS AND ENTERTAINMENT', 0.0927022], ['SPORTS', 0.0618979], ['HOBBIES AND INTERESTS', 0.0352766], ['FOOD AND DRINK', 0.0350341]]",False,6,2,13:04:15.827267
an pajamas walked a cat outside I,"[['PETS', 0.06216466], ['SPORTS', 0.05164742], ['TECHNOLOGY AND COMPUTING', 0.05160465], ['RELIGION AND SPIRITUALITY', 0.05019984], ['TRAVEL', 0.04871205]]","[['PETS', 1.0], ['SCIENCE', 3.22372e-08], ['SPORTS', 4.01459e-09], ['HOBBIES AND INTERESTS', 1.73815e-09], ['FOOD AND DRINK', 9.3458e-10]]",True,7,3,13:04:18.837256
John walked Mary by the pajamas by I,"[['ARTS AND ENTERTAINMENT', 0.05259991], ['SPORTS', 0.05118834], ['RELIGION AND SPIRITUALITY', 0.05032513], ['EDUCATION', 0.04976266], ['TECHNOLOGY AND COMPUTING', 0.04968956]]","[['SCIENCE', 0.881047], ['FOOD AND DRINK', 0.118019], ['SPORTS', 0.000864778], ['RELIGION AND SPIRITUALITY', 1.5406e-05], ['CAREERS', 5.23959e-06]]",True,8,4,13:04:21.557897
an cat killed Mary in a man by I,"[['PETS', 0.05762309], ['SCIENCE', 0.05323292], ['HOBBIES AND INTERESTS', 0.05198542], ['RELIGION AND SPIRITUALITY', 0.05076298], ['TECHNOLOGY AND COMPUTING', 0.05059368]]","[['PETS', 0.999817], ['RELIGION AND SPIRITUALITY', 4.42371e-05], ['HEALTH AND FITNESS', 2.42156e-05], ['HOBBIES AND INTERESTS', 2.29048e-05], ['ARTS AND ENTERTAINMENT', 1.1659e-05]]",False,9,4,13:04:24.329335
Mary killed the telescope outside Mary,"[['RELIGION AND SPIRITUALITY', 0.05611019], ['SCIENCE', 0.05505591], ['BUSINESS', 0.05127341], ['HEALTH AND FITNESS', 0.04963512], ['REAL ESTATE', 0.04950503]]","[['SCIENCE', 0.956078], ['HOBBIES AND INTERESTS', 0.00778655], ['STYLE AND FASHION', 0.000659751], ['RELIGION AND SPIRITUALITY', 0.000508508], ['TRAVEL', 0.000490743]]",True,10,5,13:04:26.948724
Mary saw my monkey,"[['HEALTH AND FITNESS', 0.05400017], ['HOBBIES AND INTERESTS', 0.05242223], ['AUTOMOTIVE', 0.05100841], ['EDUCATION', 0.04959698], ['STYLE AND FASHION', 0.04940003]]","[['SOCIETY', 0.517877], ['HOBBIES AND INTERESTS', 0.477737], ['EDUCATION', 0.000518837], ['STYLE AND FASHION', 0.000280565], ['NON STANDARD CONTENT', 0.00025053]]",False,11,5,13:04:29.249007
John killed John in John,"[['LAW GOVERNMENT AND POLITICS', 0.05301493], ['RELIGION AND SPIRITUALITY', 0.05182318], ['EDUCATION', 0.05047073], ['BUSINESS', 0.04906976], ['PERSONAL FINANCE', 0.04847736]]","[['RELIGION AND SPIRITUALITY', 0.655835], ['STYLE AND FASHION', 0.344165], ['HOBBIES AND INTERESTS', 9.96116e-09], ['SPORTS', 4.71243e-10], ['HEALTH AND FITNESS', 3.27236e-10]]",True,12,6,13:04:32.218387
an man outside my man with Mary killed Bob on I,"[['RELIGION AND SPIRITUALITY', 0.05709588], ['HEALTH AND FITNESS', 0.0552926], ['SPORTS', 0.05433035], ['TRAVEL', 0.0525202], ['ARTS AND ENTERTAINMENT', 0.05047744]]","[['SPORTS', 0.99999], ['SOCIETY', 2.88502e-06], ['RELIGION AND SPIRITUALITY', 1.94556e-06], ['HOBBIES AND INTERESTS', 1.46664e-06], ['TRAVEL', 9.10095e-07]]",False,13,6,13:04:34.918954
John ate a man by Bob,"[['SPORTS', 0.05696001], ['ARTS AND ENTERTAINMENT', 0.05514857], ['EDUCATION', 0.05143973], ['HEALTH AND FITNESS', 0.05137137], ['LAW GOVERNMENT AND POLITICS', 0.05105043]]","[['RELIGION AND SPIRITUALITY', 0.368334], ['FOOD AND DRINK', 0.164701], ['BUSINESS', 0.067744], ['SPORTS', 0.0605311], ['SOCIETY', 0.0415397]]",True,14,7,13:04:37.680921
an cat by Bob killed my pajamas,"[['PETS', 0.06722402], ['HEALTH AND FITNESS', 0.05048891], ['LAW GOVERNMENT AND POLITICS', 0.04830914], ['STYLE AND FASHION', 0.04826307], ['EDUCATION', 0.04813475]]","[['PETS', 0.999987], ['SPORTS', 1.03549e-05], ['SCIENCE', 2.73923e-06], ['HOBBIES AND INTERESTS', 4.24828e-08], ['NON STANDARD CONTENT', 4.27838e-09]]",True,15,8,13:04:40.401351
my monkey saw Mary on I outside a elephant with I,"[['HOBBIES AND INTERESTS', 0.05447444], ['HEALTH AND FITNESS', 0.05425046], ['RELIGION AND SPIRITUALITY', 0.05253826], ['TRAVEL', 0.05204026], ['TECHNOLOGY AND COMPUTING', 0.05108939]]","[['HOBBIES AND INTERESTS', 0.504011], ['SPORTS', 0.495987], ['NON STANDARD CONTENT', 2.52963e-07], ['PETS', 1.17348e-07], ['FAMILY AND PARENTING', 1.03713e-07]]",True,16,9,13:04:43.168436
Mary shot my pajamas,"[['HEALTH AND FITNESS', 0.054872], ['SPORTS', 0.05112958], ['TECHNOLOGY AND COMPUTING', 0.05010519], ['RELIGION AND SPIRITUALITY', 0.04963977], ['TRAVEL', 0.04917373]]","[['HEALTH AND FITNESS', 0.999857], ['SCIENCE', 0.000141439], ['FOOD AND DRINK', 1.56222e-06], ['SPORTS', 1.49453e-09], ['TRAVEL', 3.20846e-10]]",False,17,9,13:04:45.838490
I saw Bob by John,"[['SPORTS', 0.05929641], ['ARTS AND ENTERTAINMENT', 0.05357155], ['EDUCATION', 0.05086142], ['HOBBIES AND INTERESTS', 0.05050788], ['AUTOMOTIVE', 0.05022839]]","[['HOBBIES AND INTERESTS', 0.326097], ['SPORTS', 0.219979], ['ARTS AND ENTERTAINMENT', 0.0445068], ['AUTOMOTIVE', 0.0217209], ['RELIGION AND SPIRITUALITY', 0.0181332]]",False,18,9,13:04:48.411221
my park shot John outside Mary,"[['TRAVEL', 0.05833886], ['SPORTS', 0.05747164], ['HEALTH AND FITNESS', 0.05586509], ['RELIGION AND SPIRITUALITY', 0.05369759], ['BUSINESS', 0.04986094]]","[['ARTS AND ENTERTAINMENT', 1.0], ['PETS', 1.35076e-07], ['SPORTS', 4.24822e-09], ['TRAVEL', 7.98456e-10], ['HOBBIES AND INTERESTS', 5.70653e-10]]",True,19,10,13:04:51.054326
I walked an park by I by Bob,"[['SPORTS', 0.05985652], ['TRAVEL', 0.05707543], ['ARTS AND ENTERTAINMENT', 0.05192692], ['CAREERS', 0.04818626], ['HOBBIES AND INTERESTS', 0.04777856]]","[['SPORTS', 0.720623], ['TRAVEL', 0.102115], ['HOBBIES AND INTERESTS', 0.0750397], ['HEALTH AND FITNESS', 0.00203176], ['STYLE AND FASHION', 0.00195208]]",False,20,10,13:04:53.816872
my man killed a pajamas with Bob with a park by John,"[['TRAVEL', 0.05721046], ['SPORTS', 0.05512699], ['HEALTH AND FITNESS', 0.05445053], ['EDUCATION', 0.05171116], ['LAW GOVERNMENT AND POLITICS', 0.05152077]]","[['SPORTS', 0.880216], ['HOBBIES AND INTERESTS', 0.105347], ['SCIENCE', 0.0140684], ['TRAVEL', 5.00806e-05], ['HEALTH AND FITNESS', 3.09504e-05]]",False,21,10,13:04:56.458093
my dog walked Mary outside Mary on an telescope with John,"[['PETS', 0.06346941], ['RELIGION AND SPIRITUALITY', 0.05396163], ['EDUCATION', 0.05313632], ['ARTS AND ENTERTAINMENT', 0.05064548], ['AUTOMOTIVE', 0.0492561]]","[['HEALTH AND FITNESS', 0.856393], ['SPORTS', 0.143556], ['SCIENCE', 1.63147e-05], ['HOBBIES AND INTERESTS', 1.33327e-05], ['PETS', 7.80148e-06]]",True,22,11,13:04:59.038168
Mary wounded Mary,"[['HEALTH AND FITNESS', 0.04949212], ['ARTS AND ENTERTAINMENT', 0.04914624], ['BUSINESS', 0.04910616], ['SCIENCE', 0.04878505], ['RELIGION AND SPIRITUALITY', 0.04867104]]","[['CAREERS', 0.415113], ['TRAVEL', 0.283038], ['PETS', 0.0401321], ['SPORTS', 0.0357122], ['NON STANDARD CONTENT', 0.0166669]]",True,23,12,13:05:01.555526
Bob wounded I in Mary,"[['SPORTS', 0.0553242], ['ARTS AND ENTERTAINMENT', 0.05233738], ['TECHNOLOGY AND COMPUTING', 0.05054501], ['STYLE AND FASHION', 0.04974148], ['HEALTH AND FITNESS', 0.04918179]]","[['HOBBIES AND INTERESTS', 0.418152], ['SPORTS', 0.129869], ['CAREERS', 0.0678085], ['ARTS AND ENTERTAINMENT', 0.0195657], ['TRAVEL', 0.0173031]]",True,24,13,13:05:04.156828
John shot John,"[['SPORTS', 0.05665403], ['LAW GOVERNMENT AND POLITICS', 0.05083148], ['ARTS AND ENTERTAINMENT', 0.04971252], ['BUSINESS', 0.04962756], ['EDUCATION', 0.0487693]]","[['ARTS AND ENTERTAINMENT', 0.701169], ['SOCIETY', 0.298831], ['SPORTS', 2.39116e-11], ['HOBBIES AND INTERESTS', 5.21175e-12], ['TRAVEL', 2.57221e-12]]",True,25,14,13:05:06.957197
an dog outside Bob walked John outside a pajamas,"[['PETS', 0.05967556], ['ARTS AND ENTERTAINMENT', 0.05339047], ['SPORTS', 0.05267453], ['EDUCATION', 0.05123371], ['BUSINESS', 0.05102784]]","[['ARTS AND ENTERTAINMENT', 0.999904], ['SPORTS', 3.98747e-05], ['FOOD AND DRINK', 1.97954e-05], ['SCIENCE', 1.52007e-05], ['PETS', 7.5248e-06]]",False,26,14,13:05:09.156695
my man wounded Mary by Mary,"[['HEALTH AND FITNESS', 0.05433082], ['ARTS AND ENTERTAINMENT', 0.05103986], ['RELIGION AND SPIRITUALITY', 0.05094449], ['SOCIETY', 0.04979593], ['SCIENCE', 0.04970377]]","[['SPORTS', 1.0], ['CAREERS', 4.25751e-08], ['TRAVEL', 3.06855e-08], ['HOBBIES AND INTERESTS', 6.17432e-09], ['TECHNOLOGY AND COMPUTING', 5.82757e-09]]",True,27,15,13:05:11.843075
John walked I in Mary,"[['ARTS AND ENTERTAINMENT', 0.05343757], ['SPORTS', 0.05096663], ['RELIGION AND SPIRITUALITY', 0.05044418], ['TECHNOLOGY AND COMPUTING', 0.049869], ['HOBBIES AND INTERESTS', 0.04960662]]","[['SPORTS', 0.866074], ['HOBBIES AND INTERESTS', 0.049248], ['RELIGION AND SPIRITUALITY', 0.0217389], ['TRAVEL', 0.000715878], ['SCIENCE', 0.000113422]]",False,28,15,13:05:14.341306
Mary walked I by an dog by I,"[['PETS', 0.05560179], ['ARTS AND ENTERTAINMENT', 0.05246729], ['HOBBIES AND INTERESTS', 0.05138047], ['TECHNOLOGY AND COMPUTING', 0.05067721], ['AUTOMOTIVE', 0.05018112]]","[['PETS', 1.0], ['SPORTS', 1.86317e-10], ['HOBBIES AND INTERESTS', 1.10658e-10], ['RELIGION AND SPIRITUALITY', 8.10658e-11], ['SCIENCE', 3.40355e-11]]",True,29,16,13:05:16.445028
I ate I,"[['FOOD AND DRINK', 0.05217797], ['SPORTS', 0.05167778], ['TECHNOLOGY AND COMPUTING', 0.05108731], ['HOBBIES AND INTERESTS', 0.04984587], ['HOME AND GARDEN', 0.04882567]]","[['NON STANDARD CONTENT', 0.141756], ['FOOD AND DRINK', 0.115859], ['TRAVEL', 0.0397778], ['HOBBIES AND INTERESTS', 0.038986], ['RELIGION AND SPIRITUALITY', 0.0371248]]",True,30,17,13:05:18.929279
Mary wounded an pajamas outside Mary outside Mary,"[['RELIGION AND SPIRITUALITY', 0.05303344], ['HEALTH AND FITNESS', 0.05213477], ['BUSINESS', 0.05077339], ['SPORTS', 0.04916584], ['EDUCATION', 0.04846999]]","[['CAREERS', 0.370546], ['SCIENCE', 0.28982], ['FOOD AND DRINK', 0.131983], ['TRAVEL', 0.043094], ['SPORTS', 0.0156645]]",True,31,18,13:05:24.540823
John shot Bob,"[['SPORTS', 0.06260033], ['ARTS AND ENTERTAINMENT', 0.05186958], ['BUSINESS', 0.05130031], ['LAW GOVERNMENT AND POLITICS', 0.05099901], ['HEALTH AND FITNESS', 0.04936113]]","[['SOCIETY', 1.0], ['SPORTS', 1.47827e-13], ['HOBBIES AND INTERESTS', 2.10538e-15], ['FOOD AND DRINK', 1.06513e-15], ['HEALTH AND FITNESS', 9.3945e-16]]",True,32,19,13:05:27.041995
the park outside my park outside Mary saw Mary in a telescope,"[['HEALTH AND FITNESS', 0.05737335], ['TRAVEL', 0.05674713], ['SCIENCE', 0.05069349], ['RELIGION AND SPIRITUALITY', 0.05048675], ['EDUCATION', 0.05047326]]","[['TRAVEL', 1.0], ['SCIENCE', 3.48155e-10], ['SPORTS', 2.69183e-13], ['RELIGION AND SPIRITUALITY', 2.61527e-13], ['HOME AND GARDEN', 1.19312e-13]]",False,33,19,13:05:30.370831
I walked my park with Mary,"[['TRAVEL', 0.05657341], ['HEALTH AND FITNESS', 0.05103573], ['HOBBIES AND INTERESTS', 0.05067897], ['AUTOMOTIVE', 0.05036502], ['SPORTS', 0.04975794]]","[['HOME AND GARDEN', 0.17313], ['TRAVEL', 0.107994], ['HOBBIES AND INTERESTS', 0.0735594], ['SPORTS', 0.0410042], ['SOCIETY', 0.0335017]]",False,34,19,13:05:34.877036
I killed the pajamas,"[['RELIGION AND SPIRITUALITY', 0.05143232], ['HOBBIES AND INTERESTS', 0.05011618], ['TECHNOLOGY AND COMPUTING', 0.04909541], ['SCIENCE', 0.04894345], ['HOME AND GARDEN', 0.04888906]]","[['SCIENCE', 0.99963], ['FOOD AND DRINK', 0.000370321], ['SPORTS', 2.77424e-08], ['RELIGION AND SPIRITUALITY', 2.78183e-10], ['HEALTH AND FITNESS', 2.30978e-10]]",True,35,20,13:05:37.152070
I walked Bob in Bob,"[['SPORTS', 0.05638413], ['ARTS AND ENTERTAINMENT', 0.05215514], ['TECHNOLOGY AND COMPUTING', 0.05019954], ['HOBBIES AND INTERESTS', 0.04811923], ['STYLE AND FASHION', 0.04810564]]","[['SPORTS', 0.983329], ['HEALTH AND FITNESS', 0.0143581], ['LAW AND GOVERNMENT AND POLITICS', 0.00126986], ['HOBBIES AND INTERESTS', 4.77317e-05], ['TRAVEL', 1.41372e-05]]",True,36,21,13:05:39.240100
Bob ate Mary by John,"[['ARTS AND ENTERTAINMENT', 0.05364006], ['SPORTS', 0.05317889], ['EDUCATION', 0.05101629], ['BUSINESS', 0.05068241], ['LAW GOVERNMENT AND POLITICS', 0.05057457]]","[['TRAVEL', 0.327655], ['SPORTS', 0.220117], ['RELIGION AND SPIRITUALITY', 0.037471], ['REAL ESTATE', 0.0285692], ['HOBBIES AND INTERESTS', 0.025601]]",True,37,22,13:05:42.030141
I saw an man in an pajamas,"[['SPORTS', 0.05376693], ['HOBBIES AND INTERESTS', 0.05359284], ['SCIENCE', 0.05305135], ['HEALTH AND FITNESS', 0.05229188], ['AUTOMOTIVE', 0.05211001]]","[['SCIENCE', 0.980754], ['SOCIETY', 0.00257561], ['SPORTS', 0.00257251], ['FOOD AND DRINK', 0.00195107], ['NON STANDARD CONTENT', 0.00126001]]",True,38,23,13:05:44.290695
my monkey saw I,"[['HOBBIES AND INTERESTS', 0.05696424], ['AUTOMOTIVE', 0.05394851], ['SPORTS', 0.05026727], ['TECHNOLOGY AND COMPUTING', 0.05010026], ['HEALTH AND FITNESS', 0.04981438]]","[['HOBBIES AND INTERESTS', 0.642904], ['SOCIETY', 0.252135], ['TRAVEL', 0.0478576], ['EDUCATION', 0.0070444], ['NON STANDARD CONTENT', 0.00651451]]",True,39,24,13:05:47.014258
Mary wounded Mary,"[['HEALTH AND FITNESS', 0.04949212], ['ARTS AND ENTERTAINMENT', 0.04914624], ['BUSINESS', 0.04910616], ['SCIENCE', 0.04878505], ['RELIGION AND SPIRITUALITY', 0.04867104]]","[['CAREERS', 0.415113], ['TRAVEL', 0.283038], ['PETS', 0.0401321], ['SPORTS', 0.0357122], ['NON STANDARD CONTENT', 0.0166669]]",True,39,24,13:05:49.139772
John killed my park with Bob on Mary,"[['TRAVEL', 0.05329469], ['HEALTH AND FITNESS', 0.05279167], ['LAW GOVERNMENT AND POLITICS', 0.05133768], ['SPORTS', 0.05082858], ['EDUCATION', 0.05064483]]","[['STYLE AND FASHION', 0.999639], ['EDUCATION', 0.000360764], ['HEALTH AND FITNESS', 5.44857e-10], ['TRAVEL', 3.87695e-10], ['SPORTS', 3.53379e-10]]",False,40,24,13:05:51.980921
Bob shot I outside Mary with the telescope on an man by I,"[['SPORTS', 0.06581989], ['HEALTH AND FITNESS', 0.05447131], ['SCIENCE', 0.05374876], ['ARTS AND ENTERTAINMENT', 0.05136031], ['TRAVEL', 0.05067302]]","[['SPORTS', 0.999857], ['SCIENCE', 0.000133307], ['HOBBIES AND INTERESTS', 1.07359e-06], ['NON STANDARD CONTENT', 3.93904e-07], ['ARTS AND ENTERTAINMENT', 3.46208e-07]]",False,41,24,13:05:54.776359
John shot my pajamas on an dog outside my pajamas by John,"[['PETS', 0.05818081], ['RELIGION AND SPIRITUALITY', 0.05252717], ['SPORTS', 0.05230057], ['HEALTH AND FITNESS', 0.05205966], ['TRAVEL', 0.05190621]]","[['ARTS AND ENTERTAINMENT', 0.806643], ['SCIENCE', 0.147003], ['SOCIETY', 0.0454816], ['FOOD AND DRINK', 0.000708012], ['SPORTS', 0.000147428]]",True,42,25,13:05:57.267725
I wounded Mary outside an park,"[['TRAVEL', 0.05539489], ['SPORTS', 0.05453424], ['RELIGION AND SPIRITUALITY', 0.05217267], ['HEALTH AND FITNESS', 0.05122302], ['ARTS AND ENTERTAINMENT', 0.04937163]]","[['TRAVEL', 0.27329], ['PETS', 0.223275], ['SPORTS', 0.127975], ['CAREERS', 0.0392683], ['NON STANDARD CONTENT', 0.0375125]]",True,43,26,13:05:59.508007
Mary wounded my man outside Mary,"[['HEALTH AND FITNESS', 0.05601512], ['RELIGION AND SPIRITUALITY', 0.05570628], ['TRAVEL', 0.05024612], ['ARTS AND ENTERTAINMENT', 0.04982816], ['SPORTS', 0.04954356]]","[['SPORTS', 1.0], ['CAREERS', 8.37006e-09], ['NON STANDARD CONTENT', 2.64722e-09], ['PETS', 1.85109e-09], ['HOBBIES AND INTERESTS', 1.49109e-09]]",True,44,27,13:06:01.912593
Bob wounded my monkey on John by the telescope by an telescope on my pajamas,"[['SPORTS', 0.05388919], ['HEALTH AND FITNESS', 0.05197283], ['EDUCATION', 0.05050016], ['PETS', 0.04982165], ['FAMILY AND PARENTING', 0.04978925]]","[['FAMILY AND PARENTING', 0.499957], ['SCIENCE', 0.456618], ['HOBBIES AND INTERESTS', 0.00157115], ['TRAVEL', 0.0011601], ['SPORTS', 4.95021e-05]]",True,45,28,13:06:04.266307
I wounded my dog with I,"[['PETS', 0.06045064], ['AUTOMOTIVE', 0.05520886], ['HOBBIES AND INTERESTS', 0.05211893], ['ARTS AND ENTERTAINMENT', 0.0491573], ['TECHNOLOGY AND COMPUTING', 0.04905952]]","[['PETS', 0.99736], ['HOBBIES AND INTERESTS', 0.00264025], ['CAREERS', 8.56782e-09], ['ARTS AND ENTERTAINMENT', 6.8022e-09], ['SPORTS', 6.79301e-09]]",False,46,28,13:06:06.903058
Mary saw the park on my elephant outside the elephant,"[['TRAVEL', 0.05986496], ['HEALTH AND FITNESS', 0.05720301], ['RELIGION AND SPIRITUALITY', 0.05077497], ['HOBBIES AND INTERESTS', 0.05065517], ['AUTOMOTIVE', 0.05033962]]","[['SPORTS', 0.64399], ['TRAVEL', 0.238857], ['HEALTH AND FITNESS', 0.0161521], ['PETS', 0.0131833], ['HOBBIES AND INTERESTS', 0.00346343]]",False,47,28,13:06:09.493725
a man wounded Bob,"[['SPORTS', 0.05568687], ['ARTS AND ENTERTAINMENT', 0.05279086], ['HEALTH AND FITNESS', 0.05103197], ['SOCIETY', 0.04950983], ['BUSINESS', 0.04927081]]","[['SPORTS', 0.448894], ['TRAVEL', 0.0637388], ['ARTS AND ENTERTAINMENT', 0.0563133], ['TECHNOLOGY AND COMPUTING', 0.0125026], ['PETS', 0.0108476]]",True,48,29,13:06:12.278625
John walked Mary,"[['ARTS AND ENTERTAINMENT', 0.05241141], ['LAW GOVERNMENT AND POLITICS', 0.05027579], ['EDUCATION', 0.05021889], ['RELIGION AND SPIRITUALITY', 0.05000706], ['SOCIETY', 0.04873274]]","[['SPORTS', 0.998935], ['RELIGION AND SPIRITUALITY', 0.000479396], ['TRAVEL', 0.000320205], ['HOBBIES AND INTERESTS', 2.30574e-05], ['SCIENCE', 8.30763e-06]]",True,49,30,13:06:15.119723
my telescope on Mary ate Mary in an pajamas in Mary,"[['HEALTH AND FITNESS', 0.0535044], ['SCIENCE', 0.05253728], ['EDUCATION', 0.05103457], ['STYLE AND FASHION', 0.04946387], ['PETS', 0.04921624]]","[['EDUCATION', 0.994656], ['SCIENCE', 0.00527464], ['HOBBIES AND INTERESTS', 1.25696e-05], ['RELIGION AND SPIRITUALITY', 8.71347e-06], ['FOOD AND DRINK', 6.08688e-06]]",True,50,31,13:06:17.518732
John killed the dog outside John by my pajamas,"[['PETS', 0.05935792], ['RELIGION AND SPIRITUALITY', 0.05711099], ['EDUCATION', 0.05347106], ['AUTOMOTIVE', 0.0516034], ['TRAVEL', 0.05041462]]","[['STYLE AND FASHION', 0.989213], ['ARTS AND ENTERTAINMENT', 0.0104786], ['PETS', 0.000307386], ['SCIENCE', 5.71632e-07], ['SPORTS', 2.00047e-08]]",True,51,32,13:06:20.044810
Bob killed the man with Bob,"[['SPORTS', 0.05200323], ['LAW GOVERNMENT AND POLITICS', 0.05041482], ['ARTS AND ENTERTAINMENT', 0.05041268], ['BUSINESS', 0.04985381], ['SCIENCE', 0.04975972]]","[['TRAVEL', 0.218739], ['HEALTH AND FITNESS', 0.125762], ['HOBBIES AND INTERESTS', 0.118663], ['SOCIETY', 0.0879255], ['RELIGION AND SPIRITUALITY', 0.0678886]]",True,52,33,13:06:22.289924
I ate Mary on Mary,"[['TECHNOLOGY AND COMPUTING', 0.05230383], ['FOOD AND DRINK', 0.05156807], ['ARTS AND ENTERTAINMENT', 0.05011447], ['SPORTS', 0.04985278], ['HOBBIES AND INTERESTS', 0.04982863]]","[['EDUCATION', 0.680498], ['SPORTS', 0.319502], ['SOCIETY', 1.53825e-10], ['FOOD AND DRINK', 1.16271e-10], ['TRAVEL', 9.16909e-11]]",True,53,34,13:06:24.923992
the monkey outside John ate John by Bob in my fish outside an park with I,"[['SPORTS', 0.06966053], ['TRAVEL', 0.05775562], ['PETS', 0.05594235], ['FOOD AND DRINK', 0.05418995], ['RELIGION AND SPIRITUALITY', 0.0510142]]","[['FAMILY AND PARENTING', 0.996386], ['SPORTS', 0.00178417], ['HOBBIES AND INTERESTS', 0.00126726], ['NON STANDARD CONTENT', 7.8388e-05], ['EDUCATION', 6.17337e-05]]",True,54,35,13:06:27.320725
I killed Mary with an elephant,"[['RELIGION AND SPIRITUALITY', 0.05209046], ['HOBBIES AND INTERESTS', 0.05169066], ['TECHNOLOGY AND COMPUTING', 0.05054077], ['HOME AND GARDEN', 0.05014767], ['SCIENCE', 0.04934747]]","[['HEALTH AND FITNESS', 0.447301], ['SPORTS', 0.227893], ['ARTS AND ENTERTAINMENT', 0.103722], ['HOBBIES AND INTERESTS', 0.0261426], ['FOOD AND DRINK', 0.0142253]]",True,55,36,13:06:29.666519
I killed Mary with John,"[['RELIGION AND SPIRITUALITY', 0.05371793], ['LAW GOVERNMENT AND POLITICS', 0.05169938], ['ARTS AND ENTERTAINMENT', 0.05028195], ['EDUCATION', 0.04982124], ['HOBBIES AND INTERESTS', 0.04963772]]","[['HEALTH AND FITNESS', 0.287295], ['RELIGION AND SPIRITUALITY', 0.0965915], ['REAL ESTATE', 0.088163], ['CAREERS', 0.0668683], ['TRAVEL', 0.0630348]]",True,56,37,13:06:32.444151
Bob saw Mary,"[['HEALTH AND FITNESS', 0.05189616], ['BUSINESS', 0.05168675], ['SPORTS', 0.05155729], ['ARTS AND ENTERTAINMENT', 0.05146835], ['HOBBIES AND INTERESTS', 0.04964161]]","[['HOBBIES AND INTERESTS', 0.165744], ['CAREERS', 0.103779], ['HEALTH AND FITNESS', 0.061078], ['SPORTS', 0.0502132], ['EDUCATION', 0.0408336]]",False,57,37,13:06:34.767143
Bob ate an elephant by John on Mary,"[['SPORTS', 0.05315168], ['ARTS AND ENTERTAINMENT', 0.05291875], ['EDUCATION', 0.05125065], ['HEALTH AND FITNESS', 0.05090037], ['LAW GOVERNMENT AND POLITICS', 0.05048401]]","[['EDUCATION', 0.999961], ['HEALTH AND FITNESS', 2.00708e-05], ['SPORTS', 5.47582e-06], ['SCIENCE', 3.0533e-06], ['FAMILY AND PARENTING', 8.41231e-07]]",False,58,37,13:06:37.384558
I wounded I,"[['SPORTS', 0.05182036], ['TECHNOLOGY AND COMPUTING', 0.05046428], ['HOBBIES AND INTERESTS', 0.0502447], ['ARTS AND ENTERTAINMENT', 0.04912202], ['FOOD AND DRINK', 0.0491023]]","[['CAREERS', 0.227745], ['PETS', 0.112795], ['NON STANDARD CONTENT', 0.0651178], ['SPORTS', 0.0617313], ['TRAVEL', 0.0509875]]",True,59,38,13:06:39.816294
I killed Mary by Bob by Mary outside an elephant on Mary,"[['SPORTS', 0.05382272], ['RELIGION AND SPIRITUALITY', 0.05346567], ['TRAVEL', 0.05128098], ['BUSINESS', 0.05053142], ['HEALTH AND FITNESS', 0.0496851]]","[['EDUCATION', 0.998512], ['HOBBIES AND INTERESTS', 0.000859699], ['ARTS AND ENTERTAINMENT', 8.45375e-05], ['NON STANDARD CONTENT', 7.51301e-05], ['STYLE AND FASHION', 5.21334e-05]]",True,60,39,13:06:42.092767
Bob ate I with John,"[['SPORTS', 0.0586474], ['ARTS AND ENTERTAINMENT', 0.0536147], ['FOOD AND DRINK', 0.0496924], ['LAW GOVERNMENT AND POLITICS', 0.04960589], ['EDUCATION', 0.04932194]]","[['RELIGION AND SPIRITUALITY', 0.756578], ['PETS', 0.0728936], ['EDUCATION', 0.0185556], ['FOOD AND DRINK', 0.0145911], ['SPORTS', 0.0135781]]",False,61,39,13:06:44.268838
my pajamas walked a dog on a fish with a fish on Mary,"[['PETS', 0.07173462], ['RELIGION AND SPIRITUALITY', 0.05229338], ['AUTOMOTIVE', 0.05055781], ['EDUCATION', 0.04930951], ['FOOD AND DRINK', 0.04870765]]","[['SPORTS', 0.982982], ['PETS', 0.00342793], ['EDUCATION', 0.000941743], ['SCIENCE', 7.2665e-05], ['FOOD AND DRINK', 1.04656e-05]]",False,62,39,13:06:46.920329
a telescope in a pajamas wounded Bob by an fish,"[['SPORTS', 0.05850316], ['PETS', 0.05744639], ['SCIENCE', 0.05106528], ['FOOD AND DRINK', 0.05015501], ['ARTS AND ENTERTAINMENT', 0.04852724]]","[['SCIENCE', 0.540294], ['SPORTS', 0.075939], ['HOBBIES AND INTERESTS', 0.00787115], ['FOOD AND DRINK', 0.00109522], ['CAREERS', 0.00014193]]",False,63,39,13:06:49.579216
my monkey with Bob killed Mary with John with a dog with John,"[['PETS', 0.05985087], ['EDUCATION', 0.05181142], ['LAW GOVERNMENT AND POLITICS', 0.05158421], ['BUSINESS', 0.05057169], ['ARTS AND ENTERTAINMENT', 0.05000751]]","[['PETS', 0.985931], ['SOCIETY', 0.0138878], ['TRAVEL', 3.24575e-05], ['SPORTS', 1.88705e-05], ['HOBBIES AND INTERESTS', 1.49654e-05]]",True,64,40,13:06:51.677574
a pajamas in the elephant shot Mary,"[['SPORTS', 0.05304426], ['HEALTH AND FITNESS', 0.05169677], ['TRAVEL', 0.04986096], ['TECHNOLOGY AND COMPUTING', 0.0498401], ['SOCIETY', 0.04938093]]","[['SCIENCE', 0.502762], ['FOOD AND DRINK', 0.160229], ['PETS', 0.158495], ['HEALTH AND FITNESS', 0.118671], ['HOBBIES AND INTERESTS', 0.0182992]]",True,65,41,13:06:54.185473
Mary shot a pajamas with an fish on my park,"[['SPORTS', 0.05954174], ['TRAVEL', 0.05699753], ['PETS', 0.05490283], ['HEALTH AND FITNESS', 0.05174429], ['RELIGION AND SPIRITUALITY', 0.05117803]]","[['HEALTH AND FITNESS', 0.913024], ['SCIENCE', 0.0636572], ['SPORTS', 0.0199384], ['FOOD AND DRINK', 0.000856373], ['PETS', 1.37925e-05]]",False,66,41,13:06:56.643654
Bob wounded a dog outside John,"[['PETS', 0.05929795], ['ARTS AND ENTERTAINMENT', 0.05351517], ['SPORTS', 0.0532433], ['BUSINESS', 0.05290628], ['EDUCATION', 0.05068449]]","[['ARTS AND ENTERTAINMENT', 0.781575], ['PETS', 0.218423], ['SPORTS', 9.43357e-07], ['TRAVEL', 1.0039e-07], ['HOBBIES AND INTERESTS', 4.84391e-09]]",False,67,41,13:06:58.717221
my fish in John saw Mary,"[['PETS', 0.05652139], ['RELIGION AND SPIRITUALITY', 0.05248483], ['EDUCATION', 0.05169576], ['SPORTS', 0.05128368], ['HEALTH AND FITNESS', 0.05024691]]","[['SPORTS', 0.941211], ['HOME AND GARDEN', 0.000702286], ['TRAVEL', 0.000355757], ['SCIENCE', 0.000339263], ['FOOD AND DRINK', 0.00028047]]",True,68,42,13:07:00.814956
my pajamas by my fish ate Mary outside I by John in my elephant with John in I,"[['RELIGION AND SPIRITUALITY', 0.05719685], ['SPORTS', 0.05677122], ['PETS', 0.05545369], ['FOOD AND DRINK', 0.05475165], ['EDUCATION', 0.0513814]]","[['RELIGION AND SPIRITUALITY', 0.285931], ['SCIENCE', 0.137498], ['ARTS AND ENTERTAINMENT', 0.121001], ['HOBBIES AND INTERESTS', 0.102682], ['SPORTS', 0.081538]]",True,69,43,13:07:06.214308
Bob killed Mary,"[['BUSINESS', 0.05142488], ['LAW GOVERNMENT AND POLITICS', 0.04993618], ['REAL ESTATE', 0.04919397], ['RELIGION AND SPIRITUALITY', 0.0491727], ['STYLE AND FASHION', 0.04911888]]","[['PETS', 0.378156], ['HEALTH AND FITNESS', 0.233509], ['BUSINESS', 0.18572], ['HOBBIES AND INTERESTS', 0.0307768], ['TRAVEL', 0.0165709]]",True,70,44,13:07:11.174917
Mary saw Mary outside Mary,"[['HEALTH AND FITNESS', 0.05274998], ['BUSINESS', 0.05206717], ['RELIGION AND SPIRITUALITY', 0.0512524], ['EDUCATION', 0.04936395], ['HOBBIES AND INTERESTS', 0.04868253]]","[['CAREERS', 0.119553], ['RELIGION AND SPIRITUALITY', 0.0818893], ['HOBBIES AND INTERESTS', 0.0558508], ['TRAVEL', 0.0387618], ['ARTS AND ENTERTAINMENT', 0.0372731]]",True,71,45,13:07:13.784301
Mary killed my pajamas on a monkey in John,"[['RELIGION AND SPIRITUALITY', 0.05419976], ['EDUCATION', 0.05189291], ['LAW GOVERNMENT AND POLITICS', 0.05157889], ['HEALTH AND FITNESS', 0.05146345], ['STYLE AND FASHION', 0.04930248]]","[['SCIENCE', 0.992588], ['AUTOMOTIVE', 0.00235543], ['SPORTS', 0.00159095], ['NON STANDARD CONTENT', 0.000289789], ['HOBBIES AND INTERESTS', 0.000234297]]",True,72,46,13:07:17.805605
Bob killed Mary outside my pajamas outside Mary,"[['RELIGION AND SPIRITUALITY', 0.05524017], ['HEALTH AND FITNESS', 0.05467659], ['PETS', 0.05116214], ['BUSINESS', 0.05052189], ['TRAVEL', 0.05046396]]","[['SCIENCE', 0.829735], ['SPORTS', 0.0724766], ['CAREERS', 0.0315226], ['FOOD AND DRINK', 0.00785195], ['SOCIETY', 0.0047023]]",True,73,47,13:07:20.455942
John saw an dog outside Bob by Mary by I,"[['PETS', 0.05612592], ['ARTS AND ENTERTAINMENT', 0.0560873], ['SPORTS', 0.05407472], ['BUSINESS', 0.05197511], ['EDUCATION', 0.05166544]]","[['ARTS AND ENTERTAINMENT', 0.999993], ['PETS', 1.19467e-06], ['SPORTS', 7.28188e-07], ['HOBBIES AND INTERESTS', 6.53653e-07], ['TRAVEL', 6.42292e-07]]",False,74,47,13:07:23.159733
a man shot Bob,"[['SPORTS', 0.06256398], ['HEALTH AND FITNESS', 0.05178174], ['ARTS AND ENTERTAINMENT', 0.05170073], ['TRAVEL', 0.0506074], ['BUSINESS', 0.05013924]]","[['SPORTS', 1.0], ['NON STANDARD CONTENT', 5.4956e-13], ['HEALTH AND FITNESS', 2.43406e-13], ['TRAVEL', 2.07328e-13], ['HOBBIES AND INTERESTS', 1.7576e-13]]",False,75,47,13:07:25.364219
the monkey saw Bob,"[['SPORTS', 0.05426369], ['BUSINESS', 0.05193305], ['HEALTH AND FITNESS', 0.04997173], ['HOBBIES AND INTERESTS', 0.04974582], ['ARTS AND ENTERTAINMENT', 0.04886178]]","[['HOBBIES AND INTERESTS', 0.548368], ['SOCIETY', 0.082232], ['TRAVEL', 0.0777409], ['SCIENCE', 0.0537484], ['EDUCATION', 0.0525799]]",True,76,48,13:07:27.928339
John ate Mary in the pajamas in I,"[['EDUCATION', 0.05158446], ['ARTS AND ENTERTAINMENT', 0.05153425], ['SPORTS', 0.05139119], ['FOOD AND DRINK', 0.05028591], ['HEALTH AND FITNESS', 0.04986081]]","[['SCIENCE', 0.971575], ['FOOD AND DRINK', 0.0284225], ['CAREERS', 1.06635e-06], ['RELIGION AND SPIRITUALITY', 2.42551e-07], ['SPORTS', 1.12359e-07]]",True,77,49,13:07:30.410640
John killed an elephant,"[['LAW GOVERNMENT AND POLITICS', 0.05307885], ['RELIGION AND SPIRITUALITY', 0.05141108], ['EDUCATION', 0.05078197], ['BUSINESS', 0.04884249], ['PERSONAL FINANCE', 0.04842574]]","[['STYLE AND FASHION', 1.0], ['SPORTS', 1.1734e-07], ['HEALTH AND FITNESS', 6.79292e-09], ['HOBBIES AND INTERESTS', 2.1904e-10], ['FOOD AND DRINK', 6.38596e-11]]",True,78,50,13:07:33.063102
the dog walked John,"[['PETS', 0.05737876], ['ARTS AND ENTERTAINMENT', 0.05262456], ['EDUCATION', 0.05141608], ['AUTOMOTIVE', 0.05019388], ['LAW GOVERNMENT AND POLITICS', 0.05006447]]","[['HEALTH AND FITNESS', 0.999929], ['PETS', 7.1282e-05], ['TRAVEL', 4.79423e-13], ['SPORTS', 1.22948e-13], ['SCIENCE', 7.49872e-14]]",True,79,51,13:07:35.504922
Bob ate my cat by an man,"[['PETS', 0.06754048], ['HEALTH AND FITNESS', 0.0523807], ['SPORTS', 0.05103957], ['ARTS AND ENTERTAINMENT', 0.05053604], ['EDUCATION', 0.04938847]]","[['NON STANDARD CONTENT', 0.968983], ['PETS', 0.0310165], ['HOBBIES AND INTERESTS', 2.22303e-09], ['STYLE AND FASHION', 1.0854e-10], ['ARTS AND ENTERTAINMENT', 6.12113e-11]]",True,80,52,13:07:38.125472
Mary saw Bob outside the monkey outside my dog by Mary outside an fish in Mary in my cat with I,"[['PETS', 0.09926241], ['SPORTS', 0.05350672], ['HOBBIES AND INTERESTS', 0.05092884], ['ARTS AND ENTERTAINMENT', 0.04800403], ['EDUCATION', 0.04798668]]","[['PETS', 0.690401], ['FAMILY AND PARENTING', 0.166614], ['SPORTS', 0.000174835], ['HOBBIES AND INTERESTS', 0.000161348], ['NON STANDARD CONTENT', 5.70384e-05]]",False,81,52,13:07:41.017853
a elephant killed the elephant in Bob in John on an monkey outside John,"[['SPORTS', 0.05503009], ['BUSINESS', 0.05378187], ['RELIGION AND SPIRITUALITY', 0.05199682], ['LAW GOVERNMENT AND POLITICS', 0.05175574], ['TRAVEL', 0.05170513]]","[['FAMILY AND PARENTING', 0.994257], ['HEALTH AND FITNESS', 0.00406739], ['SPORTS', 0.00096089], ['FOOD AND DRINK', 0.000437726], ['HOBBIES AND INTERESTS', 4.85337e-05]]",True,82,53,13:07:43.474419
an telescope walked John by John,"[['EDUCATION', 0.05033768], ['ARTS AND ENTERTAINMENT', 0.05028377], ['SCIENCE', 0.05022754], ['LAW GOVERNMENT AND POLITICS', 0.05015548], ['SPORTS', 0.04966889]]","[['SCIENCE', 0.909314], ['HOBBIES AND INTERESTS', 0.0391665], ['SPORTS', 0.0336718], ['RELIGION AND SPIRITUALITY', 0.00323839], ['TRAVEL', 0.000414108]]",True,83,54,13:07:45.773874
I saw Mary by Mary,"[['HOBBIES AND INTERESTS', 0.0527964], ['SCIENCE', 0.05138221], ['AUTOMOTIVE', 0.0508811], ['HEALTH AND FITNESS', 0.05040315], ['ARTS AND ENTERTAINMENT', 0.05024609]]","[['SOCIETY', 0.586739], ['SPORTS', 0.0491784], ['STYLE AND FASHION', 0.0488713], ['ARTS AND ENTERTAINMENT', 0.0414185], ['HOBBIES AND INTERESTS', 0.0259212]]",True,84,55,13:07:48.019194
the elephant ate I,"[['FOOD AND DRINK', 0.05178444], ['HOBBIES AND INTERESTS', 0.05125559], ['SPORTS', 0.05120279], ['TECHNOLOGY AND COMPUTING', 0.05115917], ['HOME AND GARDEN', 0.0498571]]","[['FOOD AND DRINK', 0.42028], ['PETS', 0.323406], ['HOBBIES AND INTERESTS', 0.157411], ['HEALTH AND FITNESS', 0.0751334], ['SPORTS', 0.0108636]]",False,85,55,13:07:50.305809
a cat ate I by Mary in I,"[['PETS', 0.0609018], ['TECHNOLOGY AND COMPUTING', 0.05336229], ['HOBBIES AND INTERESTS', 0.05091348], ['FOOD AND DRINK', 0.05031571], ['ARTS AND ENTERTAINMENT', 0.04954964]]","[['PETS', 1.0], ['HOBBIES AND INTERESTS', 7.76913e-10], ['SCIENCE', 2.56317e-11], ['SOCIETY', 1.78514e-11], ['FOOD AND DRINK', 1.68117e-11]]",False,86,55,13:07:52.478269
John walked an cat,"[['PETS', 0.06301822], ['ARTS AND ENTERTAINMENT', 0.05094996], ['EDUCATION', 0.04996492], ['LAW GOVERNMENT AND POLITICS', 0.04984438], ['REAL ESTATE', 0.04847387]]","[['PETS', 0.938623], ['TRAVEL', 0.0515478], ['SPORTS', 0.00921556], ['HOBBIES AND INTERESTS', 7.35676e-05], ['STYLE AND FASHION', 1.2146e-05]]",True,87,56,13:07:54.921253
Bob shot I by the elephant on Bob,"[['SPORTS', 0.06425392], ['TRAVEL', 0.05173664], ['TECHNOLOGY AND COMPUTING', 0.05143278], ['ARTS AND ENTERTAINMENT', 0.04938911], ['HEALTH AND FITNESS', 0.04868327]]","[['SPORTS', 0.69487], ['HEALTH AND FITNESS', 8.80342e-05], ['ARTS AND ENTERTAINMENT', 5.69089e-06], ['HOBBIES AND INTERESTS', 5.56779e-06], ['PETS', 5.20179e-06]]",False,88,56,13:07:57.004874
I ate Bob,"[['SPORTS', 0.05717364], ['ARTS AND ENTERTAINMENT', 0.05079357], ['FOOD AND DRINK', 0.05060377], ['TECHNOLOGY AND COMPUTING', 0.04998537], ['STYLE AND FASHION', 0.0486228]]","[['FOOD AND DRINK', 0.49529], ['HOME AND GARDEN', 0.0692147], ['RELIGION AND SPIRITUALITY', 0.0345548], ['SPORTS', 0.0334111], ['STYLE AND FASHION', 0.0250586]]",False,89,56,13:07:59.436976
Bob shot Bob,"[['SPORTS', 0.06054737], ['BUSINESS', 0.05092989], ['HEALTH AND FITNESS', 0.04938742], ['ARTS AND ENTERTAINMENT', 0.04932468], ['TRAVEL', 0.04923813]]","[['SPORTS', 0.735325], ['HOBBIES AND INTERESTS', 0.0152983], ['HEALTH AND FITNESS', 0.00582857], ['FOOD AND DRINK', 0.00454697], ['TECHNOLOGY AND COMPUTING', 0.00262568]]",True,90,57,13:08:01.678973
John shot John on John,"[['SPORTS', 0.05772059], ['LAW GOVERNMENT AND POLITICS', 0.05066282], ['BUSINESS', 0.04942319], ['ARTS AND ENTERTAINMENT', 0.04929297], ['HEALTH AND FITNESS', 0.04879866]]","[['ARTS AND ENTERTAINMENT', 0.708142], ['SOCIETY', 0.291844], ['TRAVEL', 1.32829e-05], ['SPORTS', 2.62809e-08], ['HOBBIES AND INTERESTS', 1.49185e-08]]",True,91,58,13:08:03.785331
the dog outside John shot John with Bob,"[['SPORTS', 0.05985256], ['PETS', 0.05797819], ['BUSINESS', 0.05386932], ['ARTS AND ENTERTAINMENT', 0.05243981], ['TRAVEL', 0.04968169]]","[['ARTS AND ENTERTAINMENT', 0.741067], ['SOCIETY', 0.133872], ['PETS', 0.00582379], ['SPORTS', 9.28556e-07], ['SCIENCE', 2.79729e-07]]",False,92,58,13:08:06.248778
an elephant walked my telescope by Mary outside Bob by a fish,"[['PETS', 0.05968663], ['SPORTS', 0.05560719], ['RELIGION AND SPIRITUALITY', 0.05361829], ['TRAVEL', 0.05091189], ['HEALTH AND FITNESS', 0.05044173]]","[['SCIENCE', 0.515068], ['SPORTS', 0.185312], ['HOBBIES AND INTERESTS', 0.116599], ['HEALTH AND FITNESS', 0.00438456], ['STYLE AND FASHION', 0.00285278]]",True,93,59,13:08:08.502505
the fish walked my man outside I,"[['SPORTS', 0.05925926], ['RELIGION AND SPIRITUALITY', 0.05869924], ['PETS', 0.05415057], ['TRAVEL', 0.05324521], ['FOOD AND DRINK', 0.05152822]]","[['SPORTS', 0.977463], ['SCIENCE', 3.12346e-10], ['FOOD AND DRINK', 4.28009e-11], ['TRAVEL', 3.21589e-11], ['SOCIETY', 2.3752e-11]]",False,94,59,13:08:10.850981
John shot Mary in the elephant with Mary,"[['SPORTS', 0.05464679], ['HEALTH AND FITNESS', 0.05061844], ['LAW GOVERNMENT AND POLITICS', 0.05051113], ['ARTS AND ENTERTAINMENT', 0.05001858], ['BUSINESS', 0.04999999]]","[['SOCIETY', 0.999955], ['HOBBIES AND INTERESTS', 1.60599e-05], ['HEALTH AND FITNESS', 5.74145e-06], ['ARTS AND ENTERTAINMENT', 3.44414e-06], ['SPORTS', 2.13498e-06]]",False,95,59,13:08:13.366882
the man by Mary ate Mary by John on I,"[['ARTS AND ENTERTAINMENT', 0.05485797], ['SPORTS', 0.05275589], ['EDUCATION', 0.0518373], ['HEALTH AND FITNESS', 0.05110429], ['HOBBIES AND INTERESTS', 0.05022416]]","[['HOBBIES AND INTERESTS', 0.174759], ['SOCIETY', 0.16373], ['TRAVEL', 0.0721091], ['SPORTS', 0.0297089], ['RELIGION AND SPIRITUALITY', 0.0237188]]",True,96,60,13:08:15.778361
I saw a park,"[['SPORTS', 0.05427896], ['TRAVEL', 0.05411997], ['AUTOMOTIVE', 0.05356157], ['HOBBIES AND INTERESTS', 0.0524548], ['HEALTH AND FITNESS', 0.05009551]]","[['SPORTS', 0.589159], ['TRAVEL', 0.0917967], ['HOBBIES AND INTERESTS', 0.0332765], ['HOME AND GARDEN', 0.0103157], ['RELIGION AND SPIRITUALITY', 0.00697663]]",False,97,60,13:08:17.931008
John walked John by an pajamas outside Mary outside I outside Bob,"[['SPORTS', 0.0590086], ['ARTS AND ENTERTAINMENT', 0.05448257], ['RELIGION AND SPIRITUALITY', 0.05216995], ['HEALTH AND FITNESS', 0.0508182], ['BUSINESS', 0.04870938]]","[['SPORTS', 0.249902], ['SCIENCE', 0.19897], ['RELIGION AND SPIRITUALITY', 0.102324], ['FOOD AND DRINK', 0.0423268], ['CAREERS', 0.0327231]]",True,98,61,13:08:20.567943
a man with John killed John on Mary,"[['RELIGION AND SPIRITUALITY', 0.05412337], ['LAW GOVERNMENT AND POLITICS', 0.05316151], ['EDUCATION', 0.05190006], ['ARTS AND ENTERTAINMENT', 0.0518332], ['HEALTH AND FITNESS', 0.05051507]]","[['STYLE AND FASHION', 0.570526], ['RELIGION AND SPIRITUALITY', 0.42935], ['EDUCATION', 0.000124813], ['SCIENCE', 1.24293e-08], ['TRAVEL', 5.57702e-09]]",True,99,62,13:08:23.332186
I killed Mary in an man in my telescope,"[['SCIENCE', 0.05743614], ['RELIGION AND SPIRITUALITY', 0.05433511], ['HEALTH AND FITNESS', 0.05194454], ['HOBBIES AND INTERESTS', 0.05161137], ['TECHNOLOGY AND COMPUTING', 0.04929626]]","[['SCIENCE', 0.352341], ['RELIGION AND SPIRITUALITY', 0.0903548], ['HOBBIES AND INTERESTS', 0.070173], ['HEALTH AND FITNESS', 0.0644244], ['SOCIETY', 0.0499484]]",False,100,62,13:08:25.813362
Bob shot a man,"[['SPORTS', 0.06256398], ['HEALTH AND FITNESS', 0.05178174], ['ARTS AND ENTERTAINMENT', 0.05170073], ['TRAVEL', 0.0506074], ['BUSINESS', 0.05013924]]","[['SPORTS', 0.95732], ['NON STANDARD CONTENT', 0.00113747], ['SCIENCE', 0.000765284], ['ARTS AND ENTERTAINMENT', 0.000618963], ['HEALTH AND FITNESS', 0.000503437]]",False,101,62,13:08:28.049948
a cat ate John in my monkey,"[['PETS', 0.06400234], ['EDUCATION', 0.0519112], ['HEALTH AND FITNESS', 0.05010644], ['LAW GOVERNMENT AND POLITICS', 0.04882767], ['HOBBIES AND INTERESTS', 0.0484614]]","[['PETS', 1.0], ['HOBBIES AND INTERESTS', 2.66126e-12], ['NON STANDARD CONTENT', 1.16697e-12], ['FAMILY AND PARENTING', 5.16527e-13], ['STYLE AND FASHION', 3.61792e-13]]",True,102,63,13:08:30.567669
the park shot I on John,"[['SPORTS', 0.06301339], ['TRAVEL', 0.05584335], ['ARTS AND ENTERTAINMENT', 0.0503773], ['HEALTH AND FITNESS', 0.04892974], ['LAW GOVERNMENT AND POLITICS', 0.04882669]]","[['SPORTS', 0.999998], ['TRAVEL', 1.27041e-06], ['PETS', 3.04871e-08], ['SCIENCE', 5.46132e-10], ['ARTS AND ENTERTAINMENT', 1.39153e-10]]",False,103,63,13:08:33.807736
John shot Mary outside an man outside Mary on I,"[['SPORTS', 0.0623217], ['RELIGION AND SPIRITUALITY', 0.05471346], ['ARTS AND ENTERTAINMENT', 0.05365458], ['HEALTH AND FITNESS', 0.05314261], ['TECHNOLOGY AND COMPUTING', 0.04935938]]","[['SOCIETY', 0.772465], ['SPORTS', 0.227533], ['ARTS AND ENTERTAINMENT', 2.26385e-07], ['HOBBIES AND INTERESTS', 1.32531e-07], ['NON STANDARD CONTENT', 1.18082e-07]]",True,104,64,13:08:36.420556
John wounded John by my monkey in my man outside Mary with Mary,"[['RELIGION AND SPIRITUALITY', 0.05590719], ['HEALTH AND FITNESS', 0.05568507], ['SPORTS', 0.05205086], ['EDUCATION', 0.05137786], ['ARTS AND ENTERTAINMENT', 0.05131618]]","[['SPORTS', 0.999874], ['ARTS AND ENTERTAINMENT', 2.40982e-05], ['NON STANDARD CONTENT', 2.02776e-05], ['EDUCATION', 1.51987e-05], ['SOCIETY', 8.65638e-06]]",False,105,64,13:08:38.803850
John wounded John,"[['LAW GOVERNMENT AND POLITICS', 0.0507341], ['ARTS AND ENTERTAINMENT', 0.05070289], ['SPORTS', 0.05036909], ['EDUCATION', 0.04997445], ['PERSONAL FINANCE', 0.04949623]]","[['TRAVEL', 0.376652], ['SPORTS', 0.139884], ['CAREERS', 0.0333654], ['HOBBIES AND INTERESTS', 0.0191377], ['NON STANDARD CONTENT', 0.0169368]]",True,106,65,13:08:41.025003
Mary shot Bob in John,"[['SPORTS', 0.0604282], ['ARTS AND ENTERTAINMENT', 0.05291708], ['BUSINESS', 0.05213634], ['HEALTH AND FITNESS', 0.05096893], ['LAW GOVERNMENT AND POLITICS', 0.05078102]]","[['HEALTH AND FITNESS', 0.999999], ['SPORTS', 7.82426e-07], ['LAW AND GOVERNMENT AND POLITICS', 3.50017e-08], ['HOBBIES AND INTERESTS', 2.90782e-08], ['ARTS AND ENTERTAINMENT', 2.69791e-08]]",False,107,65,13:08:43.108539
a dog killed my telescope by a telescope in Mary,"[['PETS', 0.05922765], ['SCIENCE', 0.05341141], ['RELIGION AND SPIRITUALITY', 0.05174663], ['AUTOMOTIVE', 0.05092954], ['EDUCATION', 0.05087376]]","[['PETS', 0.999982], ['SCIENCE', 1.81629e-05], ['HOBBIES AND INTERESTS', 3.00564e-09], ['HEALTH AND FITNESS', 8.57195e-11], ['TECHNOLOGY AND COMPUTING', 7.85874e-11]]",True,108,66,13:08:45.436993
a monkey walked John outside Mary on an dog with John in an park in Bob,"[['PETS', 0.05738022], ['TRAVEL', 0.05530158], ['SPORTS', 0.05386865], ['ARTS AND ENTERTAINMENT', 0.05349485], ['BUSINESS', 0.05284538]]","[['SPORTS', 0.613675], ['PETS', 0.384223], ['TRAVEL', 0.00105107], ['HOBBIES AND INTERESTS', 0.000169887], ['SCIENCE', 9.81702e-05]]",False,109,66,13:08:48.309859
Bob walked I,"[['SPORTS', 0.05647469], ['ARTS AND ENTERTAINMENT', 0.052015], ['TECHNOLOGY AND COMPUTING', 0.0501495], ['HOBBIES AND INTERESTS', 0.04869521], ['STYLE AND FASHION', 0.04807989]]","[['SPORTS', 0.936183], ['HOBBIES AND INTERESTS', 0.00320943], ['RELIGION AND SPIRITUALITY', 0.000282741], ['TRAVEL', 6.86468e-05], ['LAW AND GOVERNMENT AND POLITICS', 6.39121e-05]]",True,110,67,13:08:51.316141
I shot my telescope,"[['SPORTS', 0.05509506], ['TECHNOLOGY AND COMPUTING', 0.05173989], ['SCIENCE', 0.05154114], ['HEALTH AND FITNESS', 0.05129791], ['TRAVEL', 0.0508494]]","[['SCIENCE', 0.999173], ['HOBBIES AND INTERESTS', 0.000107609], ['TECHNOLOGY AND COMPUTING', 5.56322e-05], ['SPORTS', 5.24863e-05], ['STYLE AND FASHION', 1.51161e-05]]",False,111,67,13:08:53.860892
a elephant with Mary saw an cat by a dog on Mary with John,"[['PETS', 0.0707106], ['EDUCATION', 0.05411645], ['HOBBIES AND INTERESTS', 0.0535221], ['ARTS AND ENTERTAINMENT', 0.0518927], ['LAW GOVERNMENT AND POLITICS', 0.04944909]]","[['PETS', 0.874246], ['EDUCATION', 0.107541], ['SPORTS', 0.00568223], ['ARTS AND ENTERTAINMENT', 7.16828e-05], ['HOBBIES AND INTERESTS', 5.3293e-05]]",False,112,67,13:08:56.346964
Bob ate Mary on I,"[['SPORTS', 0.05450258], ['ARTS AND ENTERTAINMENT', 0.05222057], ['TECHNOLOGY AND COMPUTING', 0.05114583], ['FOOD AND DRINK', 0.05027023], ['STYLE AND FASHION', 0.0496969]]","[['SPORTS', 1.0], ['FOOD AND DRINK', 6.07094e-12], ['TRAVEL', 1.08372e-12], ['RELIGION AND SPIRITUALITY', 8.1713e-13], ['PETS', 6.62866e-13]]",True,113,68,13:08:58.754809
John ate my telescope outside I,"[['RELIGION AND SPIRITUALITY', 0.0525103], ['SPORTS', 0.05241098], ['EDUCATION', 0.05126353], ['HEALTH AND FITNESS', 0.05112862], ['FOOD AND DRINK', 0.05107358]]","[['NON STANDARD CONTENT', 1.0], ['SCIENCE', 3.53391e-08], ['HOBBIES AND INTERESTS', 6.5485e-11], ['STYLE AND FASHION', 1.85046e-11], ['TECHNOLOGY AND COMPUTING', 1.63535e-11]]",True,114,69,13:09:01.111408
John wounded Bob,"[['SPORTS', 0.05569746], ['ARTS AND ENTERTAINMENT', 0.05294257], ['LAW GOVERNMENT AND POLITICS', 0.05093947], ['BUSINESS', 0.05039208], ['PERSONAL FINANCE', 0.04953877]]","[['SPORTS', 0.520528], ['HOBBIES AND INTERESTS', 0.0556259], ['ARTS AND ENTERTAINMENT', 0.0272612], ['TRAVEL', 0.0218605], ['CAREERS', 0.0154096]]",True,115,70,13:09:03.789212
Mary killed Bob,"[['BUSINESS', 0.05142488], ['LAW GOVERNMENT AND POLITICS', 0.04993618], ['REAL ESTATE', 0.04919397], ['RELIGION AND SPIRITUALITY', 0.0491727], ['STYLE AND FASHION', 0.04911888]]","[['HOBBIES AND INTERESTS', 0.524512], ['SPORTS', 0.110561], ['RELIGION AND SPIRITUALITY', 0.0656437], ['EDUCATION', 0.0538371], ['PETS', 0.0331879]]",True,116,71,13:09:06.128165
Mary saw an elephant outside Bob,"[['HEALTH AND FITNESS', 0.05387658], ['SPORTS', 0.05369079], ['BUSINESS', 0.05342857], ['ARTS AND ENTERTAINMENT', 0.05011411], ['TRAVEL', 0.04879964]]","[['HEALTH AND FITNESS', 0.468899], ['SPORTS', 0.425976], ['ARTS AND ENTERTAINMENT', 0.0149223], ['HOBBIES AND INTERESTS', 0.0080779], ['RELIGION AND SPIRITUALITY', 0.00762751]]",False,117,71,13:09:08.990638
the park shot I outside Bob,"[['SPORTS', 0.0699159], ['TRAVEL', 0.06137259], ['HEALTH AND FITNESS', 0.051024], ['BUSINESS', 0.05011162], ['ARTS AND ENTERTAINMENT', 0.04920163]]","[['SPORTS', 0.999999], ['TRAVEL', 3.61564e-07], ['PETS', 4.13862e-08], ['SCIENCE', 6.47869e-10], ['AUTOMOTIVE', 2.91676e-10]]",True,118,72,13:09:11.318881
Bob shot Bob,"[['SPORTS', 0.06054737], ['BUSINESS', 0.05092989], ['HEALTH AND FITNESS', 0.04938742], ['ARTS AND ENTERTAINMENT', 0.04932468], ['TRAVEL', 0.04923813]]","[['SPORTS', 0.735325], ['HOBBIES AND INTERESTS', 0.0152983], ['HEALTH AND FITNESS', 0.00582857], ['FOOD AND DRINK', 0.00454697], ['TECHNOLOGY AND COMPUTING', 0.00262568]]",True,118,72,13:09:13.614801
an monkey shot John by John,"[['SPORTS', 0.05862467], ['LAW GOVERNMENT AND POLITICS', 0.05054642], ['BUSINESS', 0.05045257], ['HEALTH AND FITNESS', 0.04850481], ['EDUCATION', 0.04841077]]","[['ARTS AND ENTERTAINMENT', 1.0], ['HOBBIES AND INTERESTS', 1.99957e-08], ['TRAVEL', 1.21566e-08], ['TECHNOLOGY AND COMPUTING', 1.44518e-09], ['SOCIETY', 1.07784e-09]]",True,119,73,13:09:16.211702
I killed the park with I outside I,"[['TRAVEL', 0.06109942], ['RELIGION AND SPIRITUALITY', 0.0553042], ['SPORTS', 0.0534315], ['FOOD AND DRINK', 0.04950335], ['HEALTH AND FITNESS', 0.04814443]]","[['HOBBIES AND INTERESTS', 0.72222], ['TRAVEL', 0.271777], ['SPORTS', 0.000163089], ['PETS', 6.49713e-05], ['SOCIETY', 6.14195e-05]]",True,120,74,13:09:18.954647
I walked an pajamas,"[['SPORTS', 0.05127713], ['TECHNOLOGY AND COMPUTING', 0.05111848], ['HOBBIES AND INTERESTS', 0.04952163], ['ARTS AND ENTERTAINMENT', 0.04913783], ['AUTOMOTIVE', 0.04856151]]","[['SCIENCE', 0.667284], ['SPORTS', 0.263043], ['FOOD AND DRINK', 0.0521712], ['TRAVEL', 0.0140796], ['LAW AND GOVERNMENT AND POLITICS', 0.000147942]]",True,121,75,13:09:21.413545
I shot John on Bob,"[['SPORTS', 0.06656683], ['ARTS AND ENTERTAINMENT', 0.05330968], ['LAW GOVERNMENT AND POLITICS', 0.04974174], ['HEALTH AND FITNESS', 0.0486811], ['BUSINESS', 0.04852456]]","[['SPORTS', 0.638265], ['ARTS AND ENTERTAINMENT', 0.361735], ['HOBBIES AND INTERESTS', 3.85941e-11], ['HEALTH AND FITNESS', 1.82152e-11], ['NON STANDARD CONTENT', 8.35877e-12]]",False,122,75,13:09:23.535767
Mary saw an dog outside Mary on John,"[['PETS', 0.0560895], ['EDUCATION', 0.05398977], ['BUSINESS', 0.05284188], ['ARTS AND ENTERTAINMENT', 0.05239461], ['RELIGION AND SPIRITUALITY', 0.05085446]]","[['SPORTS', 0.627409], ['ARTS AND ENTERTAINMENT', 0.372245], ['TRAVEL', 0.000343579], ['PETS', 1.3752e-06], ['FOOD AND DRINK', 6.19178e-08]]",True,123,76,13:09:26.201341
John saw a dog on the telescope by I outside Bob with my dog with an dog on Mary,"[['PETS', 0.0620477], ['ARTS AND ENTERTAINMENT', 0.05318064], ['EDUCATION', 0.05281434], ['SPORTS', 0.05118598], ['HOBBIES AND INTERESTS', 0.05063491]]","[['PETS', 0.99998], ['EDUCATION', 1.71384e-05], ['SPORTS', 2.40142e-06], ['ARTS AND ENTERTAINMENT', 4.97977e-08], ['TRAVEL', 2.83222e-08]]",False,124,76,13:09:28.756858
I killed Mary on I with the man in John,"[['RELIGION AND SPIRITUALITY', 0.05466901], ['ARTS AND ENTERTAINMENT', 0.0529791], ['LAW GOVERNMENT AND POLITICS', 0.05191675], ['EDUCATION', 0.05067266], ['HOBBIES AND INTERESTS', 0.05040601]]","[['SPORTS', 0.999923], ['HEALTH AND FITNESS', 3.81897e-05], ['RELIGION AND SPIRITUALITY', 2.64045e-05], ['HOBBIES AND INTERESTS', 1.98959e-06], ['NON STANDARD CONTENT', 1.22868e-06]]",True,125,77,13:09:31.091174
John shot Bob by Bob,"[['SPORTS', 0.06248768], ['ARTS AND ENTERTAINMENT', 0.05187171], ['BUSINESS', 0.05130242], ['LAW GOVERNMENT AND POLITICS', 0.05100111], ['HEALTH AND FITNESS', 0.04936315]]","[['SOCIETY', 1.0], ['SPORTS', 6.66702e-08], ['HOBBIES AND INTERESTS', 1.22649e-08], ['NON STANDARD CONTENT', 1.72678e-09], ['FOOD AND DRINK', 4.9843e-10]]",True,126,78,13:09:33.877806
John killed I outside John in my man on my man by Bob,"[['SPORTS', 0.05826471], ['RELIGION AND SPIRITUALITY', 0.05711955], ['HEALTH AND FITNESS', 0.05250203], ['ARTS AND ENTERTAINMENT', 0.05239897], ['TRAVEL', 0.05150256]]","[['SPORTS', 0.999994], ['STYLE AND FASHION', 6.11546e-06], ['RELIGION AND SPIRITUALITY', 8.28857e-11], ['NON STANDARD CONTENT', 1.10056e-11], ['HOBBIES AND INTERESTS', 8.09342e-12]]",True,127,79,13:09:36.642655
my telescope outside Mary shot Mary on I,"[['SPORTS', 0.0552731], ['RELIGION AND SPIRITUALITY', 0.05371345], ['HEALTH AND FITNESS', 0.05332518], ['TECHNOLOGY AND COMPUTING', 0.05264335], ['TRAVEL', 0.05160021]]","[['SPORTS', 0.985798], ['HEALTH AND FITNESS', 0.0141902], ['SCIENCE', 1.07503e-05], ['HOBBIES AND INTERESTS', 2.03623e-07], ['RELIGION AND SPIRITUALITY', 6.7651e-08]]",False,128,79,13:09:39.113708
Mary walked I by my fish on I,"[['PETS', 0.05703861], ['RELIGION AND SPIRITUALITY', 0.05404174], ['SPORTS', 0.05309359], ['FOOD AND DRINK', 0.05257384], ['TECHNOLOGY AND COMPUTING', 0.05096003]]","[['SPORTS', 0.478787], ['RELIGION AND SPIRITUALITY', 0.0627572], ['HOBBIES AND INTERESTS', 0.0123721], ['PETS', 0.00234009], ['ARTS AND ENTERTAINMENT', 0.00230581]]",False,129,79,13:09:41.491583
Mary shot Bob with Bob,"[['SPORTS', 0.05833852], ['BUSINESS', 0.05175953], ['HEALTH AND FITNESS', 0.05099573], ['ARTS AND ENTERTAINMENT', 0.05032044], ['TECHNOLOGY AND COMPUTING', 0.04880581]]","[['HEALTH AND FITNESS', 1.0], ['SPORTS', 2.77602e-08], ['HOBBIES AND INTERESTS', 3.00834e-09], ['FOOD AND DRINK', 9.36623e-10], ['REAL ESTATE', 5.26819e-10]]",True,130,80,13:09:43.762400
Mary wounded Mary,"[['HEALTH AND FITNESS', 0.04949212], ['ARTS AND ENTERTAINMENT', 0.04914624], ['BUSINESS', 0.04910616], ['SCIENCE', 0.04878505], ['RELIGION AND SPIRITUALITY', 0.04867104]]","[['CAREERS', 0.415113], ['TRAVEL', 0.283038], ['PETS', 0.0401321], ['SPORTS', 0.0357122], ['NON STANDARD CONTENT', 0.0166669]]",True,130,80,13:09:46.403540
Bob shot Bob,"[['SPORTS', 0.06054737], ['BUSINESS', 0.05092989], ['HEALTH AND FITNESS', 0.04938742], ['ARTS AND ENTERTAINMENT', 0.04932468], ['TRAVEL', 0.04923813]]","[['SPORTS', 0.735325], ['HOBBIES AND INTERESTS', 0.0152983], ['HEALTH AND FITNESS', 0.00582857], ['FOOD AND DRINK', 0.00454697], ['TECHNOLOGY AND COMPUTING', 0.00262568]]",True,130,80,13:09:48.931321
John killed I on Bob,"[['SPORTS', 0.05543575], ['LAW GOVERNMENT AND POLITICS', 0.05220037], ['ARTS AND ENTERTAINMENT', 0.0516237], ['RELIGION AND SPIRITUALITY', 0.04935708], ['EDUCATION', 0.04838363]]","[['STYLE AND FASHION', 0.980737], ['SPORTS', 0.0192626], ['HOBBIES AND INTERESTS', 6.23602e-13], ['RELIGION AND SPIRITUALITY', 5.30638e-13], ['TRAVEL', 4.7515e-13]]",True,131,81,13:09:51.382996
Bob shot John,"[['SPORTS', 0.06260033], ['ARTS AND ENTERTAINMENT', 0.05186958], ['BUSINESS', 0.05130031], ['LAW GOVERNMENT AND POLITICS', 0.05099901], ['HEALTH AND FITNESS', 0.04936113]]","[['ARTS AND ENTERTAINMENT', 1.0], ['SPORTS', 1.56279e-12], ['HOBBIES AND INTERESTS', 2.22574e-14], ['FOOD AND DRINK', 1.12603e-14], ['HEALTH AND FITNESS', 9.93159e-15]]",False,132,81,13:09:53.865796
John shot I on Mary,"[['SPORTS', 0.05809938], ['ARTS AND ENTERTAINMENT', 0.05150833], ['TECHNOLOGY AND COMPUTING', 0.0510894], ['RELIGION AND SPIRITUALITY', 0.04952724], ['LAW GOVERNMENT AND POLITICS', 0.04940578]]","[['SPORTS', 0.951333], ['SOCIETY', 0.0421708], ['EDUCATION', 0.00649631], ['TRAVEL', 1.1201e-12], ['ARTS AND ENTERTAINMENT', 8.79047e-13]]",True,133,82,13:09:56.348081
my monkey in John shot John outside Bob,"[['SPORTS', 0.06388475], ['HEALTH AND FITNESS', 0.05320527], ['TRAVEL', 0.05240207], ['BUSINESS', 0.05207917], ['RELIGION AND SPIRITUALITY', 0.04992263]]","[['ARTS AND ENTERTAINMENT', 0.514465], ['SOCIETY', 0.485531], ['NON STANDARD CONTENT', 1.66673e-06], ['AUTOMOTIVE', 1.53e-06], ['HOBBIES AND INTERESTS', 2.86607e-07]]",True,134,83,13:09:58.713001
my elephant killed Bob in John,"[['LAW GOVERNMENT AND POLITICS', 0.05228681], ['SPORTS', 0.05020475], ['HEALTH AND FITNESS', 0.05018458], ['EDUCATION', 0.05016077], ['RELIGION AND SPIRITUALITY', 0.04990369]]","[['SPORTS', 0.427777], ['NON STANDARD CONTENT', 0.0599872], ['HEALTH AND FITNESS', 0.0524785], ['RELIGION AND SPIRITUALITY', 0.0248862], ['LAW AND GOVERNMENT AND POLITICS', 0.0228042]]",False,135,83,13:10:01.119049
my fish saw Bob on the fish with an pajamas outside my elephant by Bob,"[['SPORTS', 0.05927787], ['PETS', 0.05832958], ['HEALTH AND FITNESS', 0.05279646], ['TRAVEL', 0.05190453], ['RELIGION AND SPIRITUALITY', 0.05069542]]","[['SPORTS', 0.966665], ['SCIENCE', 0.000907243], ['FOOD AND DRINK', 0.000665022], ['HOBBIES AND INTERESTS', 0.000381019], ['STYLE AND FASHION', 4.12035e-05]]",True,136,84,13:10:03.369491
John wounded Bob,"[['SPORTS', 0.05569746], ['ARTS AND ENTERTAINMENT', 0.05294257], ['LAW GOVERNMENT AND POLITICS', 0.05093947], ['BUSINESS', 0.05039208], ['PERSONAL FINANCE', 0.04953877]]","[['SPORTS', 0.520528], ['HOBBIES AND INTERESTS', 0.0556259], ['ARTS AND ENTERTAINMENT', 0.0272612], ['TRAVEL', 0.0218605], ['CAREERS', 0.0154096]]",True,136,84,13:10:05.841644
a park by I saw my monkey outside I on I,"[['TRAVEL', 0.06163841], ['SPORTS', 0.05729339], ['AUTOMOTIVE', 0.0545066], ['HEALTH AND FITNESS', 0.05370568], ['HOBBIES AND INTERESTS', 0.05214839]]","[['FAMILY AND PARENTING', 0.999901], ['TRAVEL', 4.87139e-05], ['SOCIETY', 2.34898e-05], ['HOBBIES AND INTERESTS', 7.17716e-06], ['SPORTS', 3.80407e-06]]",False,137,84,13:10:08.199581
a cat shot Mary,"[['PETS', 0.06153934], ['SPORTS', 0.05102228], ['TECHNOLOGY AND COMPUTING', 0.0509697], ['HEALTH AND FITNESS', 0.04991207], ['REAL ESTATE', 0.04944432]]","[['PETS', 1.0], ['HOBBIES AND INTERESTS', 1.1643e-15], ['HEALTH AND FITNESS', 1.01104e-16], ['SPORTS', 1.34516e-17], ['FOOD AND DRINK', 7.2783e-18]]",False,138,84,13:10:10.758619
Mary killed Mary,"[['RELIGION AND SPIRITUALITY', 0.05232636], ['LAW GOVERNMENT AND POLITICS', 0.04967452], ['BUSINESS', 0.04965049], ['SCIENCE', 0.04959644], ['REAL ESTATE', 0.04914697]]","[['HEALTH AND FITNESS', 0.619943], ['ARTS AND ENTERTAINMENT', 0.101564], ['TRAVEL', 0.0755613], ['PETS', 0.0562721], ['BUSINESS', 0.0370232]]",True,139,85,13:10:13.549459
John shot Mary with Mary,"[['SPORTS', 0.05466291], ['ARTS AND ENTERTAINMENT', 0.05124951], ['LAW GOVERNMENT AND POLITICS', 0.05061329], ['BUSINESS', 0.05043542], ['HEALTH AND FITNESS', 0.05027919]]","[['SOCIETY', 1.0], ['SPORTS', 1.82008e-09], ['REAL ESTATE', 1.5268e-09], ['ARTS AND ENTERTAINMENT', 8.29108e-10], ['HOBBIES AND INTERESTS', 5.6253e-10]]",True,140,86,13:10:15.753706
John saw a monkey,"[['EDUCATION', 0.05138334], ['LAW GOVERNMENT AND POLITICS', 0.05087091], ['SPORTS', 0.05074298], ['BUSINESS', 0.05057375], ['HOBBIES AND INTERESTS', 0.05044548]]","[['HOBBIES AND INTERESTS', 0.605179], ['STYLE AND FASHION', 0.290733], ['SCIENCE', 0.0464731], ['NON STANDARD CONTENT', 0.0214751], ['TRAVEL', 0.00222296]]",True,141,87,13:10:18.323264
a pajamas saw an telescope by Bob,"[['SPORTS', 0.0527025], ['SCIENCE', 0.05231878], ['HEALTH AND FITNESS', 0.05133664], ['BUSINESS', 0.05001734], ['EDUCATION', 0.04928747]]","[['SCIENCE', 0.685553], ['HOBBIES AND INTERESTS', 0.0116171], ['SPORTS', 0.00525939], ['FOOD AND DRINK', 0.00127473], ['STYLE AND FASHION', 8.17283e-05]]",True,142,88,13:10:21.193413
John killed Bob in I,"[['SPORTS', 0.05536411], ['LAW GOVERNMENT AND POLITICS', 0.05227559], ['ARTS AND ENTERTAINMENT', 0.05164198], ['RELIGION AND SPIRITUALITY', 0.04974893], ['EDUCATION', 0.0483852]]","[['STYLE AND FASHION', 1.0], ['LAW AND GOVERNMENT AND POLITICS', 1.59381e-10], ['RELIGION AND SPIRITUALITY', 1.44386e-12], ['HOBBIES AND INTERESTS', 1.18554e-12], ['SPORTS', 8.33873e-13]]",True,143,89,13:10:24.262567
Mary walked Bob,"[['ARTS AND ENTERTAINMENT', 0.05204875], ['SPORTS', 0.05121413], ['BUSINESS', 0.04943061], ['HEALTH AND FITNESS', 0.04935351], ['PETS', 0.04930707]]","[['SPORTS', 0.932257], ['HEALTH AND FITNESS', 0.0677332], ['HOBBIES AND INTERESTS', 1.7977e-06], ['TRAVEL', 9.00093e-07], ['LAW AND GOVERNMENT AND POLITICS', 5.35163e-07]]",True,144,90,13:10:26.937534
John ate my telescope in I with my telescope outside Mary,"[['HEALTH AND FITNESS', 0.05450517], ['RELIGION AND SPIRITUALITY', 0.05364527], ['EDUCATION', 0.0516812], ['FOOD AND DRINK', 0.05033469], ['SPORTS', 0.05030678]]","[['NON STANDARD CONTENT', 0.879393], ['SCIENCE', 0.120479], ['HOBBIES AND INTERESTS', 5.6808e-05], ['RELIGION AND SPIRITUALITY', 4.07399e-06], ['TECHNOLOGY AND COMPUTING', 2.95602e-06]]",True,145,91,13:10:29.020351
John wounded I,"[['SPORTS', 0.05361764], ['ARTS AND ENTERTAINMENT', 0.05169524], ['LAW GOVERNMENT AND POLITICS', 0.04954635], ['HOBBIES AND INTERESTS', 0.049493], ['RELIGION AND SPIRITUALITY', 0.0488516]]","[['TRAVEL', 0.245746], ['SPORTS', 0.113837], ['CAREERS', 0.0990345], ['PETS', 0.0497986], ['NON STANDARD CONTENT', 0.0427179]]",True,146,92,13:10:31.196796
the pajamas with my telescope walked Mary,"[['SCIENCE', 0.0523047], ['HEALTH AND FITNESS', 0.05221478], ['RELIGION AND SPIRITUALITY', 0.04967867], ['PETS', 0.04958575], ['EDUCATION', 0.04923028]]","[['SCIENCE', 0.999915], ['FOOD AND DRINK', 8.30621e-05], ['HOBBIES AND INTERESTS', 3.9123e-08], ['SPORTS', 1.48454e-08], ['RELIGION AND SPIRITUALITY', 1.15547e-08]]",True,147,93,13:10:33.590539
Bob ate I,"[['SPORTS', 0.05670125], ['ARTS AND ENTERTAINMENT', 0.05096366], ['FOOD AND DRINK', 0.05085983], ['TECHNOLOGY AND COMPUTING', 0.04995138], ['STYLE AND FASHION', 0.04859421]]","[['FOOD AND DRINK', 0.49529], ['HOME AND GARDEN', 0.0692147], ['RELIGION AND SPIRITUALITY', 0.0345548], ['SPORTS', 0.0334111], ['STYLE AND FASHION', 0.0250586]]",False,148,93,13:10:37.293583
Mary wounded Bob with Mary,"[['SPORTS', 0.05198453], ['ARTS AND ENTERTAINMENT', 0.05134483], ['BUSINESS', 0.05082677], ['HEALTH AND FITNESS', 0.05022152], ['STYLE AND FASHION', 0.04934662]]","[['TRAVEL', 0.311718], ['CAREERS', 0.119202], ['SPORTS', 0.097602], ['PETS', 0.096639], ['ARTS AND ENTERTAINMENT', 0.0941553]]",True,149,94,13:10:39.616900
Bob wounded Bob,"[['SPORTS', 0.05387063], ['ARTS AND ENTERTAINMENT', 0.0503448], ['BUSINESS', 0.05002798], ['PETS', 0.04903827], ['HEALTH AND FITNESS', 0.04865308]]","[['SPORTS', 0.479418], ['HOBBIES AND INTERESTS', 0.0909253], ['ARTS AND ENTERTAINMENT', 0.0724979], ['PETS', 0.015564], ['HEALTH AND FITNESS', 0.0148455]]",False,150,94,13:10:42.177025
Bob wounded a cat on Mary,"[['PETS', 0.064864], ['ARTS AND ENTERTAINMENT', 0.05086588], ['SPORTS', 0.05012935], ['HEALTH AND FITNESS', 0.04979933], ['BUSINESS', 0.04941068]]","[['PETS', 1.0], ['EDUCATION', 4.19659e-25], ['ARTS AND ENTERTAINMENT', 1.15088e-31], ['SPORTS', 6.43189e-32], ['HOBBIES AND INTERESTS', 4.48889e-32]]",False,151,94,13:10:44.757410
I ate Bob by my monkey,"[['SPORTS', 0.05600312], ['TECHNOLOGY AND COMPUTING', 0.05072025], ['STYLE AND FASHION', 0.05070721], ['HEALTH AND FITNESS', 0.05038063], ['TRAVEL', 0.0501229]]","[['NON STANDARD CONTENT', 0.860067], ['ARTS AND ENTERTAINMENT', 0.0213425], ['HOBBIES AND INTERESTS', 0.0177602], ['FOOD AND DRINK', 0.0127823], ['SCIENCE', 0.00793246]]",True,152,95,13:10:46.994203
the cat walked John,"[['PETS', 0.06301822], ['ARTS AND ENTERTAINMENT', 0.05094996], ['EDUCATION', 0.04996492], ['LAW GOVERNMENT AND POLITICS', 0.04984438], ['REAL ESTATE', 0.04847387]]","[['PETS', 1.0], ['HOME AND GARDEN', 1.39766e-22], ['SPORTS', 6.20704e-23], ['HOBBIES AND INTERESTS', 5.80681e-23], ['HEALTH AND FITNESS', 7.59702e-24]]",True,153,96,13:10:49.253614
I wounded Mary,"[['TECHNOLOGY AND COMPUTING', 0.05165436], ['HOBBIES AND INTERESTS', 0.05046542], ['ARTS AND ENTERTAINMENT', 0.05009306], ['SPORTS', 0.05000135], ['RELIGION AND SPIRITUALITY', 0.04908138]]","[['CAREERS', 0.439353], ['TRAVEL', 0.195458], ['PETS', 0.0960963], ['SPORTS', 0.0559104], ['NON STANDARD CONTENT', 0.0400773]]",True,154,97,13:10:51.495757
John saw my cat on John,"[['PETS', 0.06670888], ['EDUCATION', 0.05266608], ['HOBBIES AND INTERESTS', 0.05155425], ['HEALTH AND FITNESS', 0.05109234], ['AUTOMOTIVE', 0.05059007]]","[['PETS', 1.0], ['TRAVEL', 1.37639e-19], ['HOBBIES AND INTERESTS', 4.59585e-20], ['SOCIETY', 1.44398e-21], ['EDUCATION', 3.25341e-22]]",False,155,97,13:10:53.866983
the park by my elephant on I shot Bob by Mary,"[['SPORTS', 0.06266429], ['TRAVEL', 0.06024569], ['HEALTH AND FITNESS', 0.05454568], ['ARTS AND ENTERTAINMENT', 0.0496341], ['HOBBIES AND INTERESTS', 0.04923214]]","[['TRAVEL', 0.527571], ['SPORTS', 0.00850584], ['ARTS AND ENTERTAINMENT', 0.00449895], ['HOBBIES AND INTERESTS', 0.00400891], ['HEALTH AND FITNESS', 0.00226133]]",False,156,97,13:10:56.059179
the pajamas outside an pajamas ate a man,"[['HEALTH AND FITNESS', 0.05334983], ['SPORTS', 0.05209801], ['TRAVEL', 0.05124185], ['RELIGION AND SPIRITUALITY', 0.05108138], ['EDUCATION', 0.05045916]]","[['SCIENCE', 0.99665], ['FOOD AND DRINK', 0.0033492], ['SPORTS', 5.75746e-07], ['SOCIETY', 1.97789e-09], ['RELIGION AND SPIRITUALITY', 1.18117e-09]]",True,157,98,13:10:58.621829
an elephant in my fish killed my elephant,"[['PETS', 0.05700614], ['RELIGION AND SPIRITUALITY', 0.05537291], ['TRAVEL', 0.05162039], ['FOOD AND DRINK', 0.05098149], ['AUTOMOTIVE', 0.04889084]]","[['BUSINESS', 0.819479], ['SPORTS', 0.0655531], ['PETS', 0.0399868], ['HEALTH AND FITNESS', 0.0155372], ['FOOD AND DRINK', 0.0112455]]",True,158,99,13:11:01.386073
John ate John,"[['EDUCATION', 0.05159061], ['LAW GOVERNMENT AND POLITICS', 0.05059055], ['ARTS AND ENTERTAINMENT', 0.05036118], ['SPORTS', 0.04982371], ['FOOD AND DRINK', 0.04944297]]","[['FOOD AND DRINK', 0.132801], ['RELIGION AND SPIRITUALITY', 0.126526], ['TRAVEL', 0.106465], ['SPORTS', 0.0412601], ['NON STANDARD CONTENT', 0.0377471]]",True,159,100,13:11:03.870783
I wounded a elephant by an park outside Mary on my man outside Mary,"[['TRAVEL', 0.06206423], ['HEALTH AND FITNESS', 0.05654546], ['SPORTS', 0.05497887], ['RELIGION AND SPIRITUALITY', 0.05386628], ['HOBBIES AND INTERESTS', 0.05077158]]","[['TRAVEL', 0.719327], ['SPORTS', 0.218675], ['ARTS AND ENTERTAINMENT', 7.17819e-06], ['HOBBIES AND INTERESTS', 1.84594e-06], ['PETS', 1.19663e-06]]",False,160,100,13:11:06.141845
my telescope saw I by Mary,"[['HOBBIES AND INTERESTS', 0.05603321], ['SCIENCE', 0.05389129], ['HEALTH AND FITNESS', 0.05170923], ['AUTOMOTIVE', 0.05136673], ['TECHNOLOGY AND COMPUTING', 0.05025559]]","[['SCIENCE', 0.993514], ['HOBBIES AND INTERESTS', 0.00210071], ['SPORTS', 0.00180045], ['RELIGION AND SPIRITUALITY', 0.00038979], ['HEALTH AND FITNESS', 0.000100318]]",False,161,100,13:11:08.444366
Bob shot the elephant in an pajamas,"[['SPORTS', 0.0607576], ['TRAVEL', 0.05147379], ['HEALTH AND FITNESS', 0.05077112], ['BUSINESS', 0.05007376], ['SOCIETY', 0.04892259]]","[['HEALTH AND FITNESS', 0.609132], ['SPORTS', 0.198858], ['SCIENCE', 0.0643608], ['FOOD AND DRINK', 0.0121306], ['PETS', 0.0118931]]",True,162,101,13:11:11.089553
Mary ate Mary,"[['FOOD AND DRINK', 0.04999823], ['HEALTH AND FITNESS', 0.04983926], ['EDUCATION', 0.0492779], ['ARTS AND ENTERTAINMENT', 0.04881382], ['TECHNOLOGY AND COMPUTING', 0.04862853]]","[['TRAVEL', 0.157675], ['FOOD AND DRINK', 0.148178], ['SOCIETY', 0.0782813], ['HOBBIES AND INTERESTS', 0.0388332], ['CAREERS', 0.0370362]]",True,163,102,13:11:13.262297
I shot John outside Bob with I,"[['SPORTS', 0.06919887], ['ARTS AND ENTERTAINMENT', 0.05258489], ['HEALTH AND FITNESS', 0.05069903], ['BUSINESS', 0.05053676], ['TRAVEL', 0.04996291]]","[['ARTS AND ENTERTAINMENT', 0.951758], ['HOBBIES AND INTERESTS', 0.0482413], ['SPORTS', 3.52478e-07], ['NON STANDARD CONTENT', 3.02494e-08], ['RELIGION AND SPIRITUALITY', 1.35561e-08]]",True,164,103,13:11:15.998902
the park by Bob killed Mary with I,"[['TRAVEL', 0.05422196], ['SPORTS', 0.05397646], ['ARTS AND ENTERTAINMENT', 0.05020757], ['HEALTH AND FITNESS', 0.04915347], ['BUSINESS', 0.04866441]]","[['HOBBIES AND INTERESTS', 0.819977], ['TRAVEL', 0.127092], ['SPORTS', 0.000252946], ['PETS', 0.000181517], ['BUSINESS', 9.19582e-05]]",False,165,103,13:11:18.103920
John ate an elephant on Mary outside an elephant outside I,"[['SPORTS', 0.05337241], ['RELIGION AND SPIRITUALITY', 0.0523258], ['ARTS AND ENTERTAINMENT', 0.05124372], ['EDUCATION', 0.05101686], ['HEALTH AND FITNESS', 0.05060848]]","[['EDUCATION', 0.837045], ['HEALTH AND FITNESS', 0.133431], ['HOBBIES AND INTERESTS', 0.00864013], ['SPORTS', 0.0058971], ['FOOD AND DRINK', 0.00403346]]",False,166,103,13:11:20.863876
my pajamas by a man saw the man in John by my telescope in my fish,"[['SPORTS', 0.0543445], ['PETS', 0.05384825], ['EDUCATION', 0.05360156], ['HEALTH AND FITNESS', 0.05211587], ['RELIGION AND SPIRITUALITY', 0.0510042]]","[['SCIENCE', 0.717423], ['NON STANDARD CONTENT', 0.103824], ['HOBBIES AND INTERESTS', 0.0181826], ['RELIGION AND SPIRITUALITY', 0.0125816], ['SPORTS', 0.0118978]]",True,167,104,13:11:23.070100
an pajamas shot Bob on Mary,"[['SPORTS', 0.05869269], ['HEALTH AND FITNESS', 0.05208717], ['BUSINESS', 0.05133286], ['ARTS AND ENTERTAINMENT', 0.0495252], ['SOCIETY', 0.04911264]]","[['EDUCATION', 0.999998], ['SCIENCE', 1.75882e-06], ['FOOD AND DRINK', 2.90075e-07], ['SPORTS', 1.60675e-09], ['CAREERS', 3.48114e-10]]",True,168,105,13:11:25.697550
an park shot John in I,"[['SPORTS', 0.06293246], ['TRAVEL', 0.05609059], ['ARTS AND ENTERTAINMENT', 0.05050594], ['LAW GOVERNMENT AND POLITICS', 0.04885536], ['HEALTH AND FITNESS', 0.04879877]]","[['ARTS AND ENTERTAINMENT', 1.0], ['PETS', 2.5074e-07], ['TRAVEL', 4.71128e-08], ['HOBBIES AND INTERESTS', 1.25212e-08], ['RELIGION AND SPIRITUALITY', 8.71829e-09]]",True,169,106,13:11:28.293617
a elephant with Bob ate my man with I by a telescope,"[['SPORTS', 0.05656646], ['HEALTH AND FITNESS', 0.05342832], ['SCIENCE', 0.05277346], ['TRAVEL', 0.05134836], ['HOBBIES AND INTERESTS', 0.05126862]]","[['NON STANDARD CONTENT', 0.717937], ['HOBBIES AND INTERESTS', 0.258306], ['SPORTS', 0.0216331], ['SCIENCE', 0.00210974], ['ARTS AND ENTERTAINMENT', 1.53174e-06]]",False,170,106,13:11:30.781996
my man with Mary killed Bob,"[['HEALTH AND FITNESS', 0.05372484], ['RELIGION AND SPIRITUALITY', 0.05155692], ['ARTS AND ENTERTAINMENT', 0.0504409], ['SPORTS', 0.04919006], ['LAW GOVERNMENT AND POLITICS', 0.04914108]]","[['SPORTS', 1.0], ['HOBBIES AND INTERESTS', 4.49304e-08], ['SOCIETY', 1.93614e-08], ['RELIGION AND SPIRITUALITY', 1.72097e-08], ['TRAVEL', 7.25794e-09]]",True,171,107,13:11:32.961854
Bob shot I,"[['SPORTS', 0.06431318], ['TECHNOLOGY AND COMPUTING', 0.05132481], ['ARTS AND ENTERTAINMENT', 0.05008641], ['TRAVEL', 0.04942956], ['BUSINESS', 0.04843149]]","[['SPORTS', 1.0], ['HOBBIES AND INTERESTS', 4.26463e-16], ['HEALTH AND FITNESS', 2.55085e-16], ['FOOD AND DRINK', 1.78428e-16], ['NON STANDARD CONTENT', 1.17714e-16]]",True,172,108,13:11:35.237196
Mary wounded I on Mary,"[['TECHNOLOGY AND COMPUTING', 0.05165436], ['HOBBIES AND INTERESTS', 0.05046542], ['ARTS AND ENTERTAINMENT', 0.05009306], ['SPORTS', 0.05000135], ['RELIGION AND SPIRITUALITY', 0.04908138]]","[['EDUCATION', 1.0], ['CAREERS', 2.49283e-08], ['TRAVEL', 1.92102e-08], ['SPORTS', 1.02405e-08], ['PETS', 3.56656e-09]]",True,173,109,13:11:38.107035
a monkey outside John ate Bob outside Bob on my dog on Bob,"[['PETS', 0.06412778], ['EDUCATION', 0.05252057], ['SPORTS', 0.05149181], ['BUSINESS', 0.05083552], ['ARTS AND ENTERTAINMENT', 0.04991147]]","[['FAMILY AND PARENTING', 0.624794], ['SPORTS', 0.375027], ['FOOD AND DRINK', 5.54547e-05], ['NON STANDARD CONTENT', 1.29986e-05], ['PETS', 4.63229e-06]]",True,174,110,13:11:40.879141
Mary wounded an dog outside Bob,"[['PETS', 0.05964726], ['BUSINESS', 0.05337812], ['ARTS AND ENTERTAINMENT', 0.05191518], ['SPORTS', 0.04970837], ['HEALTH AND FITNESS', 0.04876145]]","[['ARTS AND ENTERTAINMENT', 0.999454], ['PETS', 0.000542985], ['SPORTS', 4.79304e-07], ['TRAVEL', 3.26864e-07], ['HOBBIES AND INTERESTS', 8.10164e-08]]",False,175,110,13:11:43.075107
Mary wounded John by Bob,"[['ARTS AND ENTERTAINMENT', 0.05399576], ['SPORTS', 0.05374894], ['BUSINESS', 0.05119815], ['LAW GOVERNMENT AND POLITICS', 0.05070672], ['HEALTH AND FITNESS', 0.05019645]]","[['SPORTS', 0.68688], ['HOBBIES AND INTERESTS', 0.14531], ['ARTS AND ENTERTAINMENT', 0.0982593], ['CAREERS', 0.0122336], ['TRAVEL', 0.00841685]]",True,176,111,13:11:45.671420
Bob wounded I,"[['SPORTS', 0.05732974], ['ARTS AND ENTERTAINMENT', 0.05131647], ['TECHNOLOGY AND COMPUTING', 0.04937437], ['HOBBIES AND INTERESTS', 0.04879968], ['STYLE AND FASHION', 0.0486005]]","[['SPORTS', 0.285373], ['ARTS AND ENTERTAINMENT', 0.0485375], ['HEALTH AND FITNESS', 0.0366016], ['HOBBIES AND INTERESTS', 0.0320092], ['PETS', 0.0237797]]",False,177,111,13:11:48.438694
the cat outside I killed John on Bob,"[['PETS', 0.06308797], ['SPORTS', 0.05581227], ['RELIGION AND SPIRITUALITY', 0.05133517], ['ARTS AND ENTERTAINMENT', 0.05067753], ['LAW GOVERNMENT AND POLITICS', 0.05008049]]","[['PETS', 0.997307], ['RELIGION AND SPIRITUALITY', 0.00215159], ['SPORTS', 0.000540974], ['HOBBIES AND INTERESTS', 1.03179e-10], ['ARTS AND ENTERTAINMENT', 4.10942e-11]]",False,178,111,13:11:51.106242
John ate Bob on Bob,"[['SPORTS', 0.0550005], ['ARTS AND ENTERTAINMENT', 0.05259295], ['LAW GOVERNMENT AND POLITICS', 0.05080226], ['EDUCATION', 0.05054118], ['BUSINESS', 0.04988008]]","[['SPORTS', 1.0], ['HOME AND GARDEN', 8.4658e-11], ['FOOD AND DRINK', 7.17336e-11], ['TRAVEL', 1.31668e-11], ['RELIGION AND SPIRITUALITY', 9.43036e-12]]",True,179,112,13:11:53.261115
Bob ate an man by Mary on John outside John in Bob on John,"[['SPORTS', 0.0572441], ['ARTS AND ENTERTAINMENT', 0.05548588], ['HEALTH AND FITNESS', 0.05465974], ['BUSINESS', 0.05200603], ['EDUCATION', 0.05190343]]","[['TRAVEL', 0.911363], ['SPORTS', 0.0883586], ['FOOD AND DRINK', 7.07654e-05], ['SCIENCE', 4.6123e-05], ['RELIGION AND SPIRITUALITY', 3.24819e-05]]",True,180,113,13:11:55.357610
an elephant in the telescope in I walked John outside John with John,"[['SPORTS', 0.0550753], ['RELIGION AND SPIRITUALITY', 0.05184265], ['TRAVEL', 0.05023933], ['ARTS AND ENTERTAINMENT', 0.0500553], ['EDUCATION', 0.04934096]]","[['SOCIETY', 0.95462], ['SCIENCE', 0.0246032], ['HOBBIES AND INTERESTS', 0.0117362], ['SPORTS', 0.00320958], ['HEALTH AND FITNESS', 0.00031097]]",True,181,114,13:11:57.621387
an park in Bob killed I by Bob,"[['TRAVEL', 0.05673042], ['SPORTS', 0.05612282], ['ARTS AND ENTERTAINMENT', 0.04897199], ['HOBBIES AND INTERESTS', 0.04838518], ['LAW GOVERNMENT AND POLITICS', 0.04822891]]","[['HOBBIES AND INTERESTS', 0.179277], ['SPORTS', 0.157584], ['TRAVEL', 0.094923], ['FOOD AND DRINK', 0.00776609], ['PETS', 0.00590431]]",False,182,114,13:11:59.909210
a cat outside Bob wounded Bob,"[['PETS', 0.06581255], ['SPORTS', 0.05412942], ['BUSINESS', 0.05070299], ['HEALTH AND FITNESS', 0.04975489], ['REAL ESTATE', 0.04953869]]","[['PETS', 1.0], ['SPORTS', 4.28592e-12], ['ARTS AND ENTERTAINMENT', 3.54838e-12], ['HOBBIES AND INTERESTS', 1.44336e-12], ['TECHNOLOGY AND COMPUTING', 2.82775e-13]]",True,183,115,13:12:02.314166
Bob killed the monkey by an pajamas with I,"[['SPORTS', 0.05466818], ['STYLE AND FASHION', 0.04995014], ['TRAVEL', 0.04926768], ['HOBBIES AND INTERESTS', 0.04898424], ['LAW GOVERNMENT AND POLITICS', 0.04871777]]","[['HOBBIES AND INTERESTS', 0.960085], ['SCIENCE', 0.0391146], ['SPORTS', 0.00026011], ['FOOD AND DRINK', 1.01677e-05], ['AUTOMOTIVE', 9.98465e-06]]",True,184,116,13:12:04.815370
Bob shot Mary,"[['SPORTS', 0.05844467], ['BUSINESS', 0.05175828], ['HEALTH AND FITNESS', 0.0509945], ['ARTS AND ENTERTAINMENT', 0.05031923], ['TECHNOLOGY AND COMPUTING', 0.04880463]]","[['SPORTS', 0.926152], ['HOBBIES AND INTERESTS', 0.0129134], ['FOOD AND DRINK', 0.0108259], ['HEALTH AND FITNESS', 0.00442561], ['REAL ESTATE', 0.00428516]]",True,185,117,13:12:07.172749
a telescope in I killed Mary on Mary,"[['SCIENCE', 0.05630491], ['RELIGION AND SPIRITUALITY', 0.05175405], ['TECHNOLOGY AND COMPUTING', 0.04970126], ['HOBBIES AND INTERESTS', 0.0494299], ['HOME AND GARDEN', 0.04849038]]","[['EDUCATION', 0.95112], ['SPORTS', 0.0487934], ['SCIENCE', 8.60888e-05], ['HOBBIES AND INTERESTS', 8.41843e-08], ['RELIGION AND SPIRITUALITY', 4.38728e-08]]",False,186,117,13:12:09.447726
John saw Mary,"[['EDUCATION', 0.05212949], ['ARTS AND ENTERTAINMENT', 0.05182381], ['HEALTH AND FITNESS', 0.05113253], ['LAW GOVERNMENT AND POLITICS', 0.05073783], ['HOBBIES AND INTERESTS', 0.05032317]]","[['RELIGION AND SPIRITUALITY', 0.104088], ['TRAVEL', 0.100193], ['CAREERS', 0.0741229], ['HOBBIES AND INTERESTS', 0.0549795], ['EDUCATION', 0.0275903]]",True,187,118,13:12:11.705308
Bob killed Mary by Bob,"[['BUSINESS', 0.05142488], ['LAW GOVERNMENT AND POLITICS', 0.04993618], ['REAL ESTATE', 0.04919397], ['RELIGION AND SPIRITUALITY', 0.0491727], ['STYLE AND FASHION', 0.04911888]]","[['HOBBIES AND INTERESTS', 0.60326], ['SPORTS', 0.0637672], ['PETS', 0.0327491], ['ARTS AND ENTERTAINMENT', 0.0247341], ['NON STANDARD CONTENT', 0.0242835]]",True,188,119,13:12:13.897273
Mary shot my elephant,"[['HEALTH AND FITNESS', 0.05406487], ['TRAVEL', 0.05154464], ['SPORTS', 0.05087193], ['TECHNOLOGY AND COMPUTING', 0.05040253], ['RELIGION AND SPIRITUALITY', 0.0491176]]","[['HEALTH AND FITNESS', 0.999999], ['PETS', 4.4144e-07], ['SPORTS', 5.3283e-08], ['ARTS AND ENTERTAINMENT', 3.16685e-08], ['FOOD AND DRINK', 2.2977e-08]]",True,189,120,13:12:16.503700
Bob walked Mary by an telescope with I,"[['SPORTS', 0.05354246], ['SCIENCE', 0.05265859], ['ARTS AND ENTERTAINMENT', 0.05234205], ['TECHNOLOGY AND COMPUTING', 0.05061582], ['STYLE AND FASHION', 0.04886632]]","[['HOBBIES AND INTERESTS', 0.995286], ['SCIENCE', 0.00465374], ['SPORTS', 2.94958e-06], ['RELIGION AND SPIRITUALITY', 8.1751e-07], ['EDUCATION', 4.84856e-07]]",True,190,121,13:12:19.062902
I wounded I,"[['SPORTS', 0.05182036], ['TECHNOLOGY AND COMPUTING', 0.05046428], ['HOBBIES AND INTERESTS', 0.0502447], ['ARTS AND ENTERTAINMENT', 0.04912202], ['FOOD AND DRINK', 0.0491023]]","[['CAREERS', 0.227745], ['PETS', 0.112795], ['NON STANDARD CONTENT', 0.0651178], ['SPORTS', 0.0617313], ['TRAVEL', 0.0509875]]",True,190,121,13:12:21.545995
John killed I with I on Mary by John outside John,"[['RELIGION AND SPIRITUALITY', 0.05763299], ['SPORTS', 0.0517667], ['LAW GOVERNMENT AND POLITICS', 0.05017662], ['EDUCATION', 0.05002785], ['ARTS AND ENTERTAINMENT', 0.04966595]]","[['STYLE AND FASHION', 0.989506], ['EDUCATION', 0.0101528], ['HOBBIES AND INTERESTS', 0.000310351], ['RELIGION AND SPIRITUALITY', 1.92087e-05], ['TRAVEL', 1.12862e-06]]",True,191,122,13:12:23.648823
a pajamas killed Bob outside I,"[['SPORTS', 0.05615956], ['RELIGION AND SPIRITUALITY', 0.0527481], ['TRAVEL', 0.05092541], ['BUSINESS', 0.04952927], ['HEALTH AND FITNESS', 0.04883835]]","[['SCIENCE', 0.899592], ['SPORTS', 0.0979383], ['FOOD AND DRINK', 0.00103389], ['RELIGION AND SPIRITUALITY', 0.000161259], ['HOBBIES AND INTERESTS', 0.000136658]]",True,192,123,13:12:26.343598
Bob killed John on Mary,"[['LAW GOVERNMENT AND POLITICS', 0.05318251], ['BUSINESS', 0.05180628], ['ARTS AND ENTERTAINMENT', 0.05161569], ['SPORTS', 0.05023156], ['RELIGION AND SPIRITUALITY', 0.05007582]]","[['RELIGION AND SPIRITUALITY', 0.934529], ['EDUCATION', 0.065471], ['SPORTS', 2.24469e-12], ['HOBBIES AND INTERESTS', 1.82036e-12], ['CAREERS', 1.51293e-12]]",True,193,124,13:12:28.731208
Mary killed an pajamas outside my monkey with Mary,"[['RELIGION AND SPIRITUALITY', 0.05796382], ['HEALTH AND FITNESS', 0.05350853], ['TRAVEL', 0.05204249], ['BUSINESS', 0.04978218], ['EDUCATION', 0.04896642]]","[['SCIENCE', 0.992884], ['HOBBIES AND INTERESTS', 0.00247108], ['TRAVEL', 0.0012293], ['FOOD AND DRINK', 0.000952144], ['SOCIETY', 0.000628068]]",True,194,125,13:12:31.182576
