I captured Steve in Mark,"[['RELIGION AND SPIRITUALITY', 0.213771], ['TRAVEL', 0.209445], ['HOBBIES AND INTERESTS', 0.142086], ['ARTS AND ENTERTAINMENT', 0.119741], ['SPORTS', 0.0463673]]","[['HOBBIES & INTERESTS', 0.07], ['SPORTS', 0.07], ['BIRDWATCHING', 0.05], ['WATERSKI/WAKEBOARD', 0.04]]",True,1,1,16:58:38.265195
a lawn outside Steve injured Elise on I,"[['SPORTS', 0.989969], ['HOBBIES AND INTERESTS', 0.00344988], ['TRAVEL', 0.000608068], ['HOME AND GARDEN', 0.000407145], ['CAREERS', 0.000171465]]","[['LANDSCAPING', 0.25], ['HOME & GARDEN', 0.07], ['HOBBIES & INTERESTS', 0.07], ['BIRDWATCHING', 0.05]]",True,2,2,16:58:40.272131
a giraffe captured my fish on I,"[['SPORTS', 0.936593], ['PETS', 0.0105921], ['AUTOMOTIVE', 0.000266612], ['FOOD AND DRINK', 0.000118244], ['SCIENCE', 7.61518e-05]]","[['AQUARIUMS', 0.65], ['PETS', 0.22]]",False,3,2,16:58:42.684743
I captured Steve,"[['HOBBIES AND INTERESTS', 0.5212], ['SPORTS', 0.136227], ['TECHNOLOGY AND COMPUTING', 0.0550822], ['NON STANDARD CONTENT', 0.0403608], ['ARTS AND ENTERTAINMENT', 0.0132727]]","[['HOBBIES & INTERESTS', 0.08], ['BIRDWATCHING', 0.05]]",True,4,3,16:58:44.534924
my squirrel wounded I near Steve,"[['TRAVEL', 0.863721], ['HOBBIES AND INTERESTS', 0.0693797], ['SPORTS', 0.0391656], ['PETS', 0.0196725], ['ARTS AND ENTERTAINMENT', 0.00016638]]","[['HOBBIES & INTERESTS', 0.09], ['BIRDWATCHING', 0.05]]",True,5,4,16:58:46.433338
Steve captured Steve with my monkey with Mark,"[['HOBBIES AND INTERESTS', 0.999126], ['STYLE AND FASHION', 8.02182e-05], ['SPORTS', 1.41115e-05], ['TRAVEL', 6.71123e-06], ['TECHNOLOGY AND COMPUTING', 1.81972e-06]]","[['HOBBIES & INTERESTS', 0.08], ['SPORTS', 0.06], ['BIRDWATCHING', 0.05], ['WATERSKI/WAKEBOARD', 0.04]]",True,6,5,16:58:48.421250
Mark injured Elise,"[['SPORTS', 0.158894], ['AUTOMOTIVE', 0.0934849], ['HEALTH AND FITNESS', 0.0502591], ['HOBBIES AND INTERESTS', 0.0357001], ['TRAVEL', 0.0288736]]","[['OFF-ROAD VEHICLES', 0.11], ['HOBBIES & INTERESTS', 0.07], ['SPORTS', 0.07], ['AUTOMOTIVE', 0.06], ['BIRDWATCHING', 0.05]]",False,7,5,16:58:50.154262
Mark viewed an lawn with Elise with Steve,"[['HOBBIES AND INTERESTS', 0.772834], ['AUTOMOTIVE', 0.0170405], ['TECHNOLOGY AND COMPUTING', 0.0116855], ['ARTS AND ENTERTAINMENT', 0.0106633], ['SPORTS', 0.00965484]]","[['LANDSCAPING', 0.24], ['HOME & GARDEN', 0.07], ['HOBBIES & INTERESTS', 0.07], ['SPORTS', 0.06], ['BIRDWATCHING', 0.05]]",True,8,6,16:58:52.620123
I went Elise near Mark by an binoculars,"[['HOBBIES AND INTERESTS', 0.999973], ['TECHNOLOGY AND COMPUTING', 1.43311e-05], ['SPORTS', 3.91802e-06], ['SCIENCE', 1.27125e-06], ['TRAVEL', 7.78284e-07]]","[['HOBBIES & INTERESTS', 0.07], ['SPORTS', 0.06], ['BIRDWATCHING', 0.05], ['WATERSKI/WAKEBOARD', 0.04]]",True,9,7,16:58:54.504547
Elise injured an binoculars in the fish with Elise in an squirrel,"[['HOBBIES AND INTERESTS', 0.999907], ['SPORTS', 8.11014e-05], ['PETS', 2.45385e-07], ['AUTOMOTIVE', 1.28422e-07], ['SCIENCE', 1.14588e-07]]","[['AQUARIUMS', 0.59], ['PETS', 0.11]]",False,10,7,16:58:56.263065
I went my binoculars near I with I,"[['HOBBIES AND INTERESTS', 0.999275], ['TRAVEL', 0.000230039], ['RELIGION AND SPIRITUALITY', 1.19839e-05], ['TECHNOLOGY AND COMPUTING', 5.41793e-06], ['HEALTH AND FITNESS', 3.25578e-06]]","[['HOBBIES & INTERESTS', 0.07], ['BIRDWATCHING', 0.05]]",True,11,8,16:58:58.123694
Elise went Elise with I,"[['HOBBIES AND INTERESTS', 0.999999], ['AUTOMOTIVE', 2.58925e-07], ['SOCIETY', 3.37597e-08], ['REAL ESTATE', 5.36195e-09], ['STYLE AND FASHION', 4.57433e-09]]","[['HOBBIES & INTERESTS', 0.07], ['BIRDWATCHING', 0.05]]",True,12,9,16:59:00.037520
the hedgehog with I went Mark near Mark in Steve outside the giraffe,"[['HOBBIES AND INTERESTS', 0.995956], ['PETS', 0.003218], ['SPORTS', 0.000180925], ['AUTOMOTIVE', 1.35536e-05], ['TRAVEL', 3.90165e-06]]","[['HOBBIES & INTERESTS', 0.07], ['SPORTS', 0.07], ['BIRDWATCHING', 0.05], ['WATERSKI/WAKEBOARD', 0.04]]",True,13,10,16:59:01.832365
Mark viewed Steve by I,"[['RELIGION AND SPIRITUALITY', 0.320752], ['SPORTS', 0.103677], ['SOCIETY', 0.0827174], ['HOBBIES AND INTERESTS', 0.0724339], ['NON STANDARD CONTENT', 0.0566702]]","[['SPORTS', 0.07], ['HOBBIES & INTERESTS', 0.07], ['BIRDWATCHING', 0.05], ['WATERSKI/WAKEBOARD', 0.04]]",True,14,11,16:59:03.703491
a monkey injured I outside I,"[['NON STANDARD CONTENT', 0.577285], ['HEALTH AND FITNESS', 0.186891], ['STYLE AND FASHION', 0.0279638], ['HOBBIES AND INTERESTS', 0.0179326], ['SPORTS', 0.0157813]]","[['OFF-ROAD VEHICLES', 0.1], ['HOBBIES & INTERESTS', 0.07], ['AUTOMOTIVE', 0.06], ['SPORTS', 0.06], ['BIRDWATCHING', 0.05]]",True,15,12,16:59:05.486581
the man near Mark caught a man on Mark,"[['SPORTS', 0.817056], ['TRAVEL', 0.0190469], ['SCIENCE', 0.00880143], ['RELIGION AND SPIRITUALITY', 0.0042706], ['SOCIETY', 0.0038518]]","[['PROFANE CONTENT', 0.25], ['NON-STANDARD CONTENT', 0.09], ['SPORTS', 0.08], ['WALKING', 0.05]]",True,16,13,16:59:07.426441
Mark viewed Elise outside my man on Steve,"[['SPORTS', 1.0], ['HEALTH AND FITNESS', 4.17245e-08], ['TECHNOLOGY AND COMPUTING', 1.56323e-08], ['HOBBIES AND INTERESTS', 1.54362e-08], ['RELIGION AND SPIRITUALITY', 9.71217e-09]]","[['PROFANE CONTENT', 0.23], ['SPORTS', 0.07], ['NON-STANDARD CONTENT', 0.07], ['HOBBIES & INTERESTS', 0.07], ['CIGARS', 0.05]]",True,17,14,16:59:09.449475
Mark went Elise,"[['HOBBIES AND INTERESTS', 0.741011], ['AUTOMOTIVE', 0.18844], ['SOCIETY', 0.0337231], ['REAL ESTATE', 0.0221964], ['STYLE AND FASHION', 0.00384433]]","[['HOBBIES & INTERESTS', 0.07], ['SPORTS', 0.06], ['BIRDWATCHING', 0.05], ['WATERSKI/WAKEBOARD', 0.04]]",True,18,15,16:59:11.423961
the hedgehog went the man near Mark on my fish by Steve,"[['SPORTS', 0.561062], ['HOBBIES AND INTERESTS', 0.274636], ['TRAVEL', 0.00422886], ['TECHNOLOGY AND COMPUTING', 0.00293823], ['HOME AND GARDEN', 0.00232592]]","[['AQUARIUMS', 0.58], ['PETS', 0.17]]",True,19,16,16:59:13.835122
Steve caught a lawn outside I with a man on I,"[['SPORTS', 0.328737], ['HOME AND GARDEN', 0.0180197], ['TRAVEL', 0.0089083], ['HOBBIES AND INTERESTS', 0.00793717], ['PETS', 0.00705108]]","[['GARDENING', 0.23], ['PROFANE CONTENT', 0.21], ['HOME & GARDEN', 0.08], ['NON-STANDARD CONTENT', 0.07], ['HOBBIES & INTERESTS', 0.07]]",True,20,17,16:59:15.618672
Mark captured my lawn near Steve near Elise,"[['AUTOMOTIVE', 0.999905], ['TRAVEL', 8.65519e-05], ['SPORTS', 3.23719e-06], ['HOBBIES AND INTERESTS', 1.01812e-06], ['TECHNOLOGY AND COMPUTING', 4.17409e-07]]","[['LANDSCAPING', 0.25], ['HOME & GARDEN', 0.07], ['HOBBIES & INTERESTS', 0.07], ['SPORTS', 0.06], ['BIRDWATCHING', 0.05]]",True,21,18,16:59:17.547083
Mark wounded I,"[['SPORTS', 1.0], ['PETS', 1.37654e-11], ['CAREERS', 4.91837e-12], ['NON STANDARD CONTENT', 3.96429e-12], ['BUSINESS', 1.31338e-12]]","[['OFF-ROAD VEHICLES', 0.1], ['HOBBIES & INTERESTS', 0.07], ['AUTOMOTIVE', 0.07], ['SPORTS', 0.07], ['BIRDWATCHING', 0.05]]",True,22,19,16:59:19.181507
I captured a hedgehog by my monkey outside the man,"[['FAMILY AND PARENTING', 0.851294], ['SCIENCE', 0.14863], ['HOBBIES AND INTERESTS', 4.37726e-05], ['NON STANDARD CONTENT', 8.66101e-06], ['SPORTS', 2.23951e-06]]","[['GARDENING', 0.22], ['PROFANE CONTENT', 0.21], ['NON-STANDARD CONTENT', 0.07], ['HOBBIES & INTERESTS', 0.07], ['HOME & GARDEN', 0.06]]",True,23,20,16:59:20.951479
Mark viewed Mark,"[['RELIGION AND SPIRITUALITY', 0.180047], ['ILLEGAL CONTENT', 0.140985], ['FOOD AND DRINK', 0.0661317], ['FAMILY AND PARENTING', 0.065657], ['PETS', 0.0520823]]","[['SPORTS', 0.08], ['WATERSKI/WAKEBOARD', 0.04]]",True,24,21,16:59:22.541785
Mark went I on Mark outside my binoculars outside Steve,"[['HOBBIES AND INTERESTS', 0.909854], ['SPORTS', 0.0424246], ['TECHNOLOGY AND COMPUTING', 0.00332622], ['ARTS AND ENTERTAINMENT', 0.00246942], ['TRAVEL', 0.00231985]]","[['SPORTS', 0.07], ['HOBBIES & INTERESTS', 0.07], ['BIRDWATCHING', 0.05], ['WATERSKI/WAKEBOARD', 0.04]]",True,25,22,16:59:24.112202
I wounded I with Elise,"[['PETS', 0.679689], ['RELIGION AND SPIRITUALITY', 0.23804], ['HOBBIES AND INTERESTS', 0.0286923], ['HEALTH AND FITNESS', 0.0215526], ['CAREERS', 0.00421655]]","[['HOBBIES & INTERESTS', 0.08], ['BIRDWATCHING', 0.05]]",True,26,23,16:59:25.838563
I viewed Elise by the man on my monkey by Mark in Mark,"[['HOBBIES AND INTERESTS', 0.985101], ['SOCIETY', 0.0148982], ['TRAVEL', 6.93934e-07], ['RELIGION AND SPIRITUALITY', 3.69822e-08], ['ARTS AND ENTERTAINMENT', 3.51667e-09]]","[['PROFANE CONTENT', 0.22], ['CELEBRITY FAN/GOSSIP', 0.22], ['SPORTS', 0.07], ['NON-STANDARD CONTENT', 0.06], ['HOBBIES & INTERESTS', 0.06]]",True,27,24,16:59:27.659350
Steve injured Steve outside a monkey on a man on Mark,"[['FAMILY AND PARENTING', 0.999669], ['NON STANDARD CONTENT', 0.000100043], ['SPORTS', 6.61421e-05], ['STYLE AND FASHION', 1.11496e-05], ['TRAVEL', 6.71053e-06]]","[['PROFANE CONTENT', 0.22], ['HOBBIES & INTERESTS', 0.07], ['SPORTS', 0.07], ['NON-STANDARD CONTENT', 0.06], ['CIGARS', 0.05]]",True,28,25,16:59:29.417257
Mark wounded Elise outside Elise,"[['SPORTS', 0.999901], ['HOBBIES AND INTERESTS', 9.76844e-05], ['AUTOMOTIVE', 7.20141e-07], ['SOCIETY', 2.01689e-07], ['PETS', 3.15458e-08]]","[['HOBBIES & INTERESTS', 0.07], ['BIRDWATCHING', 0.05]]",True,29,26,16:59:31.281832
I viewed I on Steve,"[['HOBBIES AND INTERESTS', 1.0], ['TECHNOLOGY AND COMPUTING', 2.87545e-12], ['SPORTS', 2.37792e-12], ['NON STANDARD CONTENT', 1.00023e-13], ['ARTS AND ENTERTAINMENT', 7.92523e-14]]","[['HOBBIES & INTERESTS', 0.08], ['BIRDWATCHING', 0.05]]",True,30,27,16:59:32.973777
Steve injured the fish in my monkey outside Elise,"[['FAMILY AND PARENTING', 0.9973], ['SPORTS', 0.00262165], ['PETS', 1.99422e-06], ['SCIENCE', 1.80691e-07], ['FOOD AND DRINK', 1.67385e-07]]","[['AQUARIUMS', 0.62], ['PETS', 0.14]]",False,31,27,16:59:34.518226
the man in my fish by my hedgehog went my lawn with Steve,"[['HOBBIES AND INTERESTS', 0.455995], ['NON STANDARD CONTENT', 0.141195], ['SPORTS', 0.135406], ['ARTS AND ENTERTAINMENT', 0.0386216], ['PETS', 0.0284569]]","[['AQUARIUMS', 0.58], ['PETS', 0.15]]",False,32,27,16:59:36.087330
Mark ran Steve,"[['SPORTS', 0.237357], ['TECHNOLOGY AND COMPUTING', 0.109681], ['LAW AND GOVERNMENT AND POLITICS', 0.0346932], ['HOBBIES AND INTERESTS', 0.0219038], ['EDUCATION', 0.0116643]]","[['HOBBIES & INTERESTS', 0.07], ['SPORTS', 0.07], ['BIRDWATCHING', 0.05], ['WATERSKI/WAKEBOARD', 0.04]]",True,33,28,16:59:38.039633
a giraffe on I wounded Mark by Steve with Elise,"[['HOBBIES AND INTERESTS', 0.999954], ['AUTOMOTIVE', 2.69739e-05], ['SPORTS', 1.61461e-06], ['STYLE AND FASHION', 3.92122e-07], ['NON STANDARD CONTENT', 2.36452e-07]]","[['HOBBIES & INTERESTS', 0.08], ['BIRDWATCHING', 0.05]]",True,34,29,16:59:39.808843
the giraffe in an fish injured Elise,"[['PETS', 0.908491], ['SPORTS', 0.0594691], ['HEALTH AND FITNESS', 0.00881877], ['STYLE AND FASHION', 0.00439165], ['TRAVEL', 0.00371465]]","[['AQUARIUMS', 0.65], ['PETS', 0.16]]",False,35,29,16:59:41.422605
Elise captured Steve,"[['HOBBIES AND INTERESTS', 0.398707], ['STYLE AND FASHION', 0.134592], ['TECHNOLOGY AND COMPUTING', 0.0239473], ['SPORTS', 0.0210843], ['REAL ESTATE', 0.0199661]]","[['HOBBIES & INTERESTS', 0.08], ['BIRDWATCHING', 0.05]]",True,36,30,16:59:43.106677
my hedgehog went my lawn outside the fish in Steve,"[['SPORTS', 0.671673], ['HOBBIES AND INTERESTS', 0.0326378], ['HEALTH AND FITNESS', 0.00685349], ['FOOD AND DRINK', 0.00141953], ['PETS', 0.000779285]]","[['AQUARIUMS', 0.61], ['PETS', 0.16]]",False,37,30,16:59:44.943367
a binoculars injured Elise,"[['HOBBIES AND INTERESTS', 0.999973], ['PETS', 1.88943e-05], ['TECHNOLOGY AND COMPUTING', 1.82174e-06], ['SPORTS', 1.41821e-07], ['TRAVEL', 8.60448e-08]]","[['HOBBIES & INTERESTS', 0.07], ['BIRDWATCHING', 0.05]]",True,38,31,16:59:46.686516
the lawn caught my fish in Elise,"[['SPORTS', 0.995953], ['TRAVEL', 0.000433643], ['HOME AND GARDEN', 0.000142224], ['HOBBIES AND INTERESTS', 3.14819e-05], ['PETS', 7.01578e-06]]","[['AQUARIUMS', 0.71], ['PETS', 0.19]]",False,39,31,16:59:48.444865
I wounded Elise,"[['HOBBIES AND INTERESTS', 0.93654], ['PETS', 0.0117516], ['CAREERS', 0.0109346], ['SPORTS', 0.00747122], ['TRAVEL', 0.00502352]]","[['HOBBIES & INTERESTS', 0.08], ['BIRDWATCHING', 0.05]]",True,40,32,16:59:50.026115
Mark viewed Mark on my giraffe by Mark,"[['STYLE AND FASHION', 0.182173], ['SPORTS', 0.113284], ['AUTOMOTIVE', 0.0705657], ['SOCIETY', 0.0366526], ['CAREERS', 0.0287593]]","[['SPORTS', 0.08], ['HOBBIES & INTERESTS', 0.06], ['CIGARS', 0.05], ['WATERSKI/WAKEBOARD', 0.04]]",True,41,33,16:59:51.806611
the monkey went Elise in Steve,"[['STYLE AND FASHION', 0.989259], ['HOBBIES AND INTERESTS', 0.00378109], ['EDUCATION', 0.000716525], ['TRAVEL', 0.00066699], ['PETS', 0.000601]]","[['HOBBIES & INTERESTS', 0.08], ['BIRDWATCHING', 0.05]]",True,42,34,16:59:53.674586
I injured I in my hedgehog,"[['SPORTS', 0.189784], ['CAREERS', 0.182074], ['HOBBIES AND INTERESTS', 0.0502488], ['FOOD AND DRINK', 0.0456901], ['STYLE AND FASHION', 0.0239775]]","[['HOME REPAIR', 0.21], ['OFF-ROAD VEHICLES', 0.1], ['HOBBIES & INTERESTS', 0.07], ['HOME & GARDEN', 0.06], ['AUTOMOTIVE', 0.06]]",True,43,35,16:59:55.355270
I ran Elise,"[['HOBBIES AND INTERESTS', 0.427238], ['AUTOMOTIVE', 0.252098], ['SOCIETY', 0.243802], ['STYLE AND FASHION', 0.034546], ['REAL ESTATE', 0.0127141]]","[['HOBBIES & INTERESTS', 0.07], ['BIRDWATCHING', 0.05]]",True,44,36,16:59:57.358328
an fish went an hedgehog near my giraffe,"[['TECHNOLOGY AND COMPUTING', 0.919535], ['PETS', 8.3263e-05], ['SPORTS', 1.01799e-06], ['HEALTH AND FITNESS', 2.37888e-07], ['HOBBIES AND INTERESTS', 1.68204e-07]]","[['AQUARIUMS', 0.61], ['PETS', 0.18]]",False,45,36,16:59:58.968288
Steve caught I,"[['SPORTS', 0.999829], ['HOBBIES AND INTERESTS', 5.91939e-06], ['PETS', 1.21269e-06], ['ARTS AND ENTERTAINMENT', 2.30699e-07], ['TECHNOLOGY AND COMPUTING', 2.09711e-07]]","[['HOBBIES & INTERESTS', 0.09], ['BIRDWATCHING', 0.05]]",True,46,37,17:00:00.635584
Steve injured the lawn with Mark,"[['SPORTS', 0.775727], ['TRAVEL', 0.214305], ['HOME AND GARDEN', 0.000438545], ['HEALTH AND FITNESS', 0.000111119], ['CAREERS', 7.781e-05]]","[['LANDSCAPING', 0.25], ['HOME & GARDEN', 0.08], ['SPORTS', 0.07], ['HOBBIES & INTERESTS', 0.06], ['BIRDWATCHING', 0.05]]",True,47,38,17:00:02.643022
Mark caught my monkey with Elise,"[['STYLE AND FASHION', 0.520272], ['SPORTS', 0.170445], ['HOBBIES AND INTERESTS', 0.0869953], ['TRAVEL', 0.0821646], ['SOCIETY', 0.00876269]]","[['HOBBIES & INTERESTS', 0.07], ['SPORTS', 0.06], ['BIRDWATCHING', 0.05], ['FLY FISHING', 0.04]]",True,48,39,17:00:04.244958
Steve wounded Steve near my hedgehog,"[['TECHNOLOGY AND COMPUTING', 1.0], ['HOBBIES AND INTERESTS', 3.04392e-09], ['SPORTS', 1.0344e-09], ['HOME AND GARDEN', 8.00543e-10], ['TRAVEL', 5.47638e-10]]","[['HOBBIES & INTERESTS', 0.08], ['BIRDWATCHING', 0.05]]",True,49,40,17:00:05.910198
my fish went I,"[['SPORTS', 0.754502], ['TRAVEL', 0.0183364], ['HOBBIES AND INTERESTS', 0.00778812], ['FOOD AND DRINK', 0.0069787], ['HEALTH AND FITNESS', 0.00648177]]","[['AQUARIUMS', 0.92], ['PETS', 0.55]]",True,50,41,17:00:07.679163
I injured the man,"[['SPORTS', 0.524292], ['RELIGION AND SPIRITUALITY', 0.0477093], ['HEALTH AND FITNESS', 0.0429617], ['NON STANDARD CONTENT', 0.0423614], ['TRAVEL', 0.031349]]","[['PROFANE CONTENT', 0.23], ['NON-STANDARD CONTENT', 0.09]]",True,51,42,17:00:09.376200
my fish with Elise captured the squirrel in an binoculars in an fish,"[['HOBBIES AND INTERESTS', 0.996797], ['SPORTS', 0.00128043], ['FOOD AND DRINK', 0.000246149], ['SCIENCE', 0.000162437], ['TECHNOLOGY AND COMPUTING', 4.39215e-05]]","[['AQUARIUMS', 0.77], ['PETS', 0.29]]",True,52,43,17:00:11.082077
I ran Mark with the fish,"[['SPORTS', 0.765926], ['HEALTH AND FITNESS', 0.00439724], ['FOOD AND DRINK', 0.00150902], ['SCIENCE', 0.000548135], ['SOCIETY', 0.000426947]]","[['AQUARIUMS', 0.79], ['PETS', 0.39]]",True,53,44,17:00:12.724973
I injured Elise on Mark,"[['SPORTS', 0.143267], ['AUTOMOTIVE', 0.0457905], ['HOBBIES AND INTERESTS', 0.0377475], ['HEALTH AND FITNESS', 0.0314629], ['NON STANDARD CONTENT', 0.0269884]]","[['OFF-ROAD VEHICLES', 0.11], ['HOBBIES & INTERESTS', 0.07], ['SPORTS', 0.07], ['AUTOMOTIVE', 0.06], ['BIRDWATCHING', 0.05]]",False,54,44,17:00:14.268134
I ran Elise outside a binoculars near Mark,"[['HOBBIES AND INTERESTS', 0.999957], ['TECHNOLOGY AND COMPUTING', 2.1611e-05], ['PETS', 2.99763e-06], ['ARTS AND ENTERTAINMENT', 2.31247e-06], ['SCIENCE', 1.73181e-06]]","[['HOBBIES & INTERESTS', 0.07], ['SPORTS', 0.06], ['BIRDWATCHING', 0.05], ['WATERSKI/WAKEBOARD', 0.04]]",True,55,45,17:00:15.906313
Elise injured Elise on Elise with an fish near Elise on Mark outside Mark in a squirrel,"[['HOBBIES AND INTERESTS', 0.94818], ['AUTOMOTIVE', 0.0430767], ['SPORTS', 0.00193173], ['SOCIETY', 0.000362663], ['PETS', 5.96204e-05]]","[['AQUARIUMS', 0.52], ['FRESHWATER FISHING', 0.09], ['HOBBIES & INTERESTS', 0.07], ['PETS', 0.07], ['SPORTS', 0.06]]",False,56,45,17:00:17.438775
an squirrel outside Elise wounded an lawn outside I with Steve by I,"[['AUTOMOTIVE', 0.991064], ['HOBBIES AND INTERESTS', 0.00611337], ['PETS', 0.00271902], ['SPORTS', 3.5525e-05], ['NON STANDARD CONTENT', 4.84081e-06]]","[['LANDSCAPING', 0.24], ['HOBBIES & INTERESTS', 0.08], ['HOME & GARDEN', 0.07], ['BIRDWATCHING', 0.05]]",True,57,46,17:00:19.272450
an lawn by Mark captured the binoculars in a monkey outside Mark,"[['FAMILY AND PARENTING', 0.882578], ['HOBBIES AND INTERESTS', 0.0624416], ['PERSONAL FINANCE', 0.0521306], ['TECHNOLOGY AND COMPUTING', 0.00221583], ['STYLE AND FASHION', 0.000137883]]","[['LANDSCAPING', 0.24], ['HOME & GARDEN', 0.07], ['SPORTS', 0.06], ['HOBBIES & INTERESTS', 0.06], ['BIRDWATCHING', 0.05]]",True,58,47,17:00:21.100111
I injured I on I,"[['SPORTS', 0.0911118], ['CAREERS', 0.0799836], ['HOBBIES AND INTERESTS', 0.0371348], ['NON STANDARD CONTENT', 0.0338968], ['RELIGION AND SPIRITUALITY', 0.0291689]]","[['OFF-ROAD VEHICLES', 0.1], ['HOBBIES & INTERESTS', 0.07], ['AUTOMOTIVE', 0.07], ['SPORTS', 0.06], ['BIRDWATCHING', 0.05]]",True,59,48,17:00:22.735842
Elise captured my giraffe on the man in Elise,"[['HOBBIES AND INTERESTS', 0.308527], ['PETS', 0.218141], ['SPORTS', 0.152803], ['AUTOMOTIVE', 0.0922157], ['SOCIETY', 0.024818]]","[['PROFANE CONTENT', 0.22], ['HOBBIES & INTERESTS', 0.07], ['NON-STANDARD CONTENT', 0.06], ['BIRDWATCHING', 0.05]]",True,60,49,17:00:24.398767
Steve ran Steve outside a lawn,"[['SPORTS', 0.993971], ['HOBBIES AND INTERESTS', 0.00186329], ['TRAVEL', 0.00035227], ['HOME AND GARDEN', 0.000108119], ['CAREERS', 8.48978e-05]]","[['LANDSCAPING', 0.24], ['HOBBIES & INTERESTS', 0.08], ['HOME & GARDEN', 0.08], ['SCRAPBOOKING', 0.05]]",True,61,50,17:00:26.274053
the binoculars went my giraffe with Elise,"[['HOBBIES AND INTERESTS', 0.997051], ['PERSONAL FINANCE', 0.00214752], ['PETS', 0.000298044], ['STYLE AND FASHION', 0.00029323], ['TRAVEL', 6.0204e-05]]","[['HOBBIES & INTERESTS', 0.07], ['BIRDWATCHING', 0.05]]",True,62,51,17:00:28.022353
the man went a monkey near Mark by Steve,"[['HEALTH AND FITNESS', 0.408581], ['NON STANDARD CONTENT', 0.338738], ['SPORTS', 0.0982601], ['HOBBIES AND INTERESTS', 0.0831449], ['AUTOMOTIVE', 0.0133469]]","[['PROFANE CONTENT', 0.23], ['CELEBRITY FAN/GOSSIP', 0.2], ['NON-STANDARD CONTENT', 0.07], ['SPORTS', 0.07], ['HOBBIES & INTERESTS', 0.07]]",True,63,52,17:00:29.932658
I ran Mark outside a man,"[['SPORTS', 0.70078], ['HOBBIES AND INTERESTS', 0.102916], ['SOCIETY', 0.0111117], ['RELIGION AND SPIRITUALITY', 0.00605884], ['NON STANDARD CONTENT', 0.00526122]]","[['PROFANE CONTENT', 0.26], ['NON-STANDARD CONTENT', 0.1], ['SPORTS', 0.08], ['WALKING', 0.05]]",True,64,53,17:00:31.723711
Elise caught Mark on Steve on I,"[['SPORTS', 0.835049], ['HOBBIES AND INTERESTS', 0.0161277], ['TECHNOLOGY AND COMPUTING', 0.0146321], ['SOCIETY', 0.00193613], ['AUTOMOTIVE', 0.00038265]]","[['HOBBIES & INTERESTS', 0.08], ['SPORTS', 0.06], ['BIRDWATCHING', 0.05], ['FLY FISHING', 0.04]]",True,65,54,17:00:33.528318
an fish near my fish ran Elise,"[['SPORTS', 0.999996], ['TECHNOLOGY AND COMPUTING', 3.46427e-06], ['HOBBIES AND INTERESTS', 3.50954e-12], ['PETS', 1.47676e-12], ['AUTOMOTIVE', 1.12807e-12]]","[['AQUARIUMS', 0.92], ['PETS', 0.39]]",False,66,54,17:00:35.398671
Elise went Steve near Steve,"[['TRAVEL', 0.558721], ['TECHNOLOGY AND COMPUTING', 0.317516], ['SPORTS', 0.0359791], ['HOBBIES AND INTERESTS', 0.0356341], ['REAL ESTATE', 0.00178449]]","[['HOBBIES & INTERESTS', 0.08], ['SCRAPBOOKING', 0.05]]",True,67,55,17:00:37.010428
Mark went my lawn near I outside I near Mark,"[['TRAVEL', 0.412422], ['SPORTS', 0.269047], ['HOME AND GARDEN', 0.0191198], ['CAREERS', 0.0169998], ['RELIGION AND SPIRITUALITY', 0.0135001]]","[['LANDSCAPING', 0.25], ['HOME & GARDEN', 0.08], ['SPORTS', 0.07], ['WATERSKI/WAKEBOARD', 0.04]]",True,68,56,17:00:38.593648
Mark injured Mark near Steve with Mark,"[['HOBBIES AND INTERESTS', 0.991142], ['TRAVEL', 0.00146969], ['SPORTS', 0.00126685], ['BUSINESS', 0.000518414], ['STYLE AND FASHION', 6.47499e-05]]","[['SPORTS', 0.08], ['WATERSKI/WAKEBOARD', 0.04]]",False,69,56,17:00:40.403252
a man went Mark near Elise,"[['AUTOMOTIVE', 0.999991], ['SPORTS', 7.48334e-06], ['HEALTH AND FITNESS', 1.55414e-06], ['SOCIETY', 4.72102e-08], ['HOBBIES AND INTERESTS', 2.904e-08]]","[['PROFANE CONTENT', 0.26], ['NON-STANDARD CONTENT', 0.07], ['SPORTS', 0.07], ['HOBBIES & INTERESTS', 0.06], ['CIGARS', 0.05]]",True,70,57,17:00:42.254853
I wounded a fish with Elise in Mark,"[['SPORTS', 0.989164], ['FOOD AND DRINK', 0.000164422], ['HOBBIES AND INTERESTS', 2.9112e-05], ['TRAVEL', 5.02635e-06], ['ARTS AND ENTERTAINMENT', 9.08462e-07]]","[['AQUARIUMS', 0.68], ['PETS', 0.15]]",True,71,58,17:00:44.124583
Mark caught Elise near Mark with my monkey in an hedgehog outside Steve,"[['HOBBIES AND INTERESTS', 0.292627], ['SOCIETY', 0.274546], ['SPORTS', 0.131786], ['EDUCATION', 0.0304787], ['SCIENCE', 0.0151185]]","[['HOBBIES & INTERESTS', 0.07], ['SPORTS', 0.06], ['BIRDWATCHING', 0.05], ['FLY FISHING', 0.04]]",True,72,59,17:00:45.973480
a squirrel ran I,"[['HOBBIES AND INTERESTS', 0.999317], ['SPORTS', 5.1652e-05], ['SHOPPING', 4.75159e-05], ['TECHNOLOGY AND COMPUTING', 1.86704e-05], ['PETS', 8.23873e-06]]","[['HOBBIES & INTERESTS', 0.08], ['BIRDWATCHING', 0.05]]",True,73,60,17:00:47.648372
Mark caught I,"[['SPORTS', 0.91236], ['HOBBIES AND INTERESTS', 0.013143], ['ARTS AND ENTERTAINMENT', 0.00181167], ['SCIENCE', 0.00128028], ['TRAVEL', 0.000834361]]","[['DOGS', 0.19], ['HOBBIES & INTERESTS', 0.07], ['SPORTS', 0.07], ['PETS', 0.06], ['BIRDWATCHING', 0.05]]",True,74,61,17:00:49.680540
I wounded Mark,"[['PETS', 0.30005], ['CAREERS', 0.0948355], ['NON STANDARD CONTENT', 0.075522], ['SPORTS', 0.0692412], ['BUSINESS', 0.0217189]]","[['OFF-ROAD VEHICLES', 0.1], ['HOBBIES & INTERESTS', 0.07], ['AUTOMOTIVE', 0.07], ['SPORTS', 0.07], ['BIRDWATCHING', 0.05]]",True,75,62,17:00:51.279439
Elise caught an man near Mark by a man,"[['SPORTS', 0.640155], ['SCIENCE', 0.0114784], ['SOCIETY', 0.00546963], ['HOBBIES AND INTERESTS', 0.0051211], ['ARTS AND ENTERTAINMENT', 0.0048147]]","[['PROFANE CONTENT', 0.27], ['NON-STANDARD CONTENT', 0.09]]",True,76,63,17:00:53.279302
I viewed Steve outside Mark outside Elise,"[['HOBBIES AND INTERESTS', 1.0], ['SPORTS', 1.8061e-09], ['RELIGION AND SPIRITUALITY', 3.01339e-10], ['SOCIETY', 1.63893e-10], ['STYLE AND FASHION', 8.40421e-11]]","[['HOBBIES & INTERESTS', 0.07], ['SPORTS', 0.07], ['BIRDWATCHING', 0.05], ['WATERSKI/WAKEBOARD', 0.04]]",True,77,64,17:00:55.313875
Elise wounded Steve by Mark near Steve,"[['AUTOMOTIVE', 0.999904], ['TRAVEL', 7.41399e-05], ['HOBBIES AND INTERESTS', 2.20961e-05], ['NON STANDARD CONTENT', 2.84691e-08], ['SPORTS', 1.21968e-08]]","[['HOBBIES & INTERESTS', 0.08], ['BIRDWATCHING', 0.05]]",True,78,65,17:00:57.008591
my fish near Steve caught Steve with I,"[['HOBBIES AND INTERESTS', 0.801103], ['SPORTS', 0.0014312], ['TRAVEL', 3.77008e-05], ['RELIGION AND SPIRITUALITY', 8.70007e-08], ['PETS', 8.58647e-08]]","[['AQUARIUMS', 0.6], ['PETS', 0.21]]",False,79,65,17:00:58.930232
Elise injured an lawn,"[['SPORTS', 0.331787], ['TRAVEL', 0.0678242], ['PETS', 0.0317171], ['HOBBIES AND INTERESTS', 0.0281976], ['HEALTH AND FITNESS', 0.0191532]]","[['LANDSCAPING', 0.27], ['HOME & GARDEN', 0.08], ['HOBBIES & INTERESTS', 0.07], ['BIRDWATCHING', 0.05]]",True,80,66,17:01:00.485476
Mark viewed Mark in Elise,"[['HOBBIES AND INTERESTS', 0.447797], ['AUTOMOTIVE', 0.0673208], ['SPORTS', 0.0628892], ['SOCIETY', 0.0380357], ['RELIGION AND SPIRITUALITY', 0.0254865]]","[['SPORTS', 0.07], ['HOBBIES & INTERESTS', 0.06], ['BIRDWATCHING', 0.05], ['WATERSKI/WAKEBOARD', 0.04]]",True,81,67,17:01:02.256412
I captured the hedgehog on my fish on Mark on Steve,"[['SPORTS', 0.514693], ['TECHNOLOGY AND COMPUTING', 0.0173813], ['HOBBIES AND INTERESTS', 0.00553063], ['ILLEGAL CONTENT', 0.000344218], ['STYLE AND FASHION', 0.00026949]]","[['AQUARIUMS', 0.58], ['PETS', 0.16]]",True,82,68,17:01:04.054428
I ran Mark,"[['EDUCATION', 0.090451], ['STYLE AND FASHION', 0.0703854], ['SPORTS', 0.0429342], ['LAW AND GOVERNMENT AND POLITICS', 0.0395801], ['AUTOMOTIVE', 0.0394288]]","[['SPORTS', 0.08], ['FLY FISHING', 0.04]]",False,83,68,17:01:06.092115
an monkey went Steve on a lawn near Elise,"[['AUTOMOTIVE', 0.99995], ['SPORTS', 3.53902e-05], ['HOBBIES AND INTERESTS', 1.2817e-05], ['STYLE AND FASHION', 5.01363e-07], ['TRAVEL', 2.09813e-07]]","[['LANDSCAPING', 0.26], ['HOME & GARDEN', 0.07], ['HOBBIES & INTERESTS', 0.07], ['BIRDWATCHING', 0.05]]",True,84,69,17:01:07.744168
my squirrel near Mark injured Elise by Mark by Steve outside Elise,"[['SOCIETY', 0.999884], ['HOBBIES AND INTERESTS', 0.000115457], ['SPORTS', 2.7288e-07], ['NON STANDARD CONTENT', 1.82232e-07], ['STYLE AND FASHION', 3.40944e-08]]","[['HOBBIES & INTERESTS', 0.07], ['SPORTS', 0.06], ['BIRDWATCHING', 0.05], ['WATERSKI/WAKEBOARD', 0.04]]",True,85,70,17:01:09.788168
my giraffe with Elise wounded Mark near Elise,"[['AUTOMOTIVE', 0.999644], ['HOBBIES AND INTERESTS', 2.23956e-07], ['SPORTS', 9.39458e-08], ['STYLE AND FASHION', 1.8822e-08], ['PETS', 1.23381e-08]]","[['HOBBIES & INTERESTS', 0.07], ['BIRDWATCHING', 0.05]]",True,86,71,17:01:11.387688
I captured a monkey with Mark in my fish outside Elise,"[['STYLE AND FASHION', 0.982767], ['SPORTS', 0.0148899], ['FOOD AND DRINK', 0.000538171], ['HOBBIES AND INTERESTS', 0.000395871], ['TRAVEL', 0.000381073]]","[['AQUARIUMS', 0.62], ['PETS', 0.13]]",True,87,72,17:01:12.961424
I went Elise outside a squirrel,"[['HOBBIES AND INTERESTS', 0.647034], ['SPORTS', 0.0013335], ['TRAVEL', 0.00100407], ['PETS', 0.000451703], ['FAMILY AND PARENTING', 0.000249783]]","[['HOBBIES & INTERESTS', 0.08], ['BIRDWATCHING', 0.05]]",True,88,73,17:01:14.590464
Mark caught a man,"[['SPORTS', 0.886629], ['SCIENCE', 0.00670141], ['ARTS AND ENTERTAINMENT', 0.00452748], ['SOCIETY', 0.00172693], ['HOBBIES AND INTERESTS', 0.00126323]]","[['PROFANE CONTENT', 0.24], ['NON-STANDARD CONTENT', 0.08], ['SPORTS', 0.07], ['WALKING', 0.05]]",True,89,74,17:01:16.108349
a squirrel viewed the man near Steve,"[['HOBBIES AND INTERESTS', 0.776162], ['TRAVEL', 0.036777], ['ARTS AND ENTERTAINMENT', 0.00125638], ['HEALTH AND FITNESS', 0.000651228], ['SPORTS', 0.000615176]]","[['PROFANE CONTENT', 0.22], ['HOBBIES & INTERESTS', 0.07], ['NON-STANDARD CONTENT', 0.07], ['BIRDWATCHING', 0.05]]",True,90,75,17:01:17.838736
I went Elise,"[['TRAVEL', 0.407222], ['HOBBIES AND INTERESTS', 0.373883], ['AUTOMOTIVE', 0.0382328], ['HEALTH AND FITNESS', 0.0305562], ['SOCIETY', 0.0143403]]","[['HOBBIES & INTERESTS', 0.07], ['BIRDWATCHING', 0.05]]",True,91,76,17:01:19.699123
Mark caught the binoculars in Steve with Elise,"[['HOBBIES AND INTERESTS', 0.848235], ['PERSONAL FINANCE', 4.58757e-05], ['SPORTS', 8.82828e-07], ['TECHNOLOGY AND COMPUTING', 5.24005e-07], ['SOCIETY', 1.75173e-07]]","[['HOBBIES & INTERESTS', 0.07], ['BIRDWATCHING', 0.05]]",True,92,77,17:01:21.265612
I went Mark by my binoculars in an binoculars in I,"[['HOBBIES AND INTERESTS', 0.999485], ['TECHNOLOGY AND COMPUTING', 0.000362296], ['TRAVEL', 6.74897e-05], ['ARTS AND ENTERTAINMENT', 1.94798e-05], ['NON STANDARD CONTENT', 6.09419e-07]]","[['HOBBIES & INTERESTS', 0.07], ['SPORTS', 0.06], ['BIRDWATCHING', 0.05], ['WATERSKI/WAKEBOARD', 0.05]]",True,93,78,17:01:22.990408
Elise went Mark by the hedgehog outside Mark,"[['HOBBIES AND INTERESTS', 0.305805], ['TECHNOLOGY AND COMPUTING', 0.131661], ['SPORTS', 0.130129], ['PERSONAL FINANCE', 0.0721005], ['TRAVEL', 0.0237044]]","[['HOBBIES & INTERESTS', 0.07], ['SPORTS', 0.07], ['BIRDWATCHING', 0.05], ['WATERSKI/WAKEBOARD', 0.04]]",True,94,79,17:01:24.973969
Mark went I,"[['TRAVEL', 0.290006], ['HOBBIES AND INTERESTS', 0.0506557], ['AUTOMOTIVE', 0.0445792], ['EDUCATION', 0.0227328], ['RELIGION AND SPIRITUALITY', 0.0194599]]","[['SPORTS', 0.08], ['FLY FISHING', 0.04]]",True,95,80,17:01:26.531965
I went I by Elise by an squirrel,"[['SOCIETY', 1.0], ['HOBBIES AND INTERESTS', 3.7489e-17], ['SPORTS', 6.64622e-19], ['FAMILY AND PARENTING', 1.20884e-19], ['PETS', 9.31794e-20]]","[['HOBBIES & INTERESTS', 0.08], ['BIRDWATCHING', 0.05]]",True,96,81,17:01:28.304263
Elise wounded an monkey by my fish by Steve,"[['AUTOMOTIVE', 0.999821], ['SPORTS', 0.000160619], ['HOBBIES AND INTERESTS', 5.54813e-06], ['NON STANDARD CONTENT', 6.22949e-07], ['PETS', 6.02316e-07]]","[['AQUARIUMS', 0.61], ['PETS', 0.13]]",False,97,81,17:01:30.477777
Steve ran Steve near Steve with Steve,"[['HOBBIES AND INTERESTS', 0.997643], ['TRAVEL', 0.00175194], ['TECHNOLOGY AND COMPUTING', 0.000210188], ['SPORTS', 0.000172217], ['AUTOMOTIVE', 4.31227e-06]]","[['HOBBIES & INTERESTS', 0.08], ['SCRAPBOOKING', 0.05]]",True,98,82,17:01:32.124259
Steve went the man outside Mark outside I,"[['SPORTS', 0.486492], ['NON STANDARD CONTENT', 0.0115226], ['HOBBIES AND INTERESTS', 0.00915703], ['RELIGION AND SPIRITUALITY', 0.00759065], ['TRAVEL', 0.00571256]]","[['PROFANE CONTENT', 0.25], ['NON-STANDARD CONTENT', 0.08], ['SPORTS', 0.07], ['HOBBIES & INTERESTS', 0.06], ['CIGARS', 0.05]]",True,99,83,17:01:33.814624
Steve captured the binoculars on the squirrel outside I,"[['HOBBIES AND INTERESTS', 0.99171], ['PERSONAL FINANCE', 0.00650323], ['FOOD AND DRINK', 0.000622042], ['TECHNOLOGY AND COMPUTING', 0.000341172], ['SPORTS', 0.000162003]]","[['HOBBIES & INTERESTS', 0.08], ['BIRDWATCHING', 0.05]]",True,100,84,17:01:35.624467
my lawn captured Elise by I,"[['SOCIETY', 1.0], ['SPORTS', 1.15392e-12], ['CAREERS', 8.51633e-13], ['HOBBIES AND INTERESTS', 2.3267e-13], ['STYLE AND FASHION', 1.89709e-13]]","[['LANDSCAPING', 0.28], ['HOME & GARDEN', 0.08], ['HOBBIES & INTERESTS', 0.07], ['BIRDWATCHING', 0.05]]",True,101,85,17:01:37.291348
Mark caught Steve,"[['SPORTS', 0.999681], ['TECHNOLOGY AND COMPUTING', 0.000119551], ['RELIGION AND SPIRITUALITY', 2.89561e-05], ['HOBBIES AND INTERESTS', 5.55077e-06], ['LAW AND GOVERNMENT AND POLITICS', 1.77917e-06]]","[['HOBBIES & INTERESTS', 0.08], ['SPORTS', 0.07], ['BIRDWATCHING', 0.05], ['FLY FISHING', 0.04]]",True,102,86,17:01:38.953092
my man in Elise caught I,"[['SPORTS', 1.0], ['PETS', 1.18496e-08], ['HOBBIES AND INTERESTS', 8.9087e-09], ['SOCIETY', 4.6454e-09], ['ARTS AND ENTERTAINMENT', 3.92759e-09]]","[['PROFANE CONTENT', 0.23], ['NON-STANDARD CONTENT', 0.07], ['HOBBIES & INTERESTS', 0.07], ['BIRDWATCHING', 0.05]]",True,103,87,17:01:40.596648
my binoculars in Elise viewed I in I,"[['HOBBIES AND INTERESTS', 0.999812], ['TECHNOLOGY AND COMPUTING', 0.000130421], ['ARTS AND ENTERTAINMENT', 1.35369e-05], ['TRAVEL', 1.17751e-05], ['NON STANDARD CONTENT', 4.39693e-06]]","[['HOBBIES & INTERESTS', 0.07], ['BIRDWATCHING', 0.05]]",True,104,88,17:01:42.741829
Steve ran Elise on Elise,"[['HOBBIES AND INTERESTS', 0.787872], ['AUTOMOTIVE', 0.163869], ['SOCIETY', 0.0343645], ['STYLE AND FASHION', 0.00518793], ['REAL ESTATE', 0.00269488]]","[['HOBBIES & INTERESTS', 0.08], ['BIRDWATCHING', 0.05]]",True,105,89,17:01:44.387774
an lawn on Mark ran Mark by the fish by Steve in my binoculars near Mark,"[['HOBBIES AND INTERESTS', 0.97617], ['SPORTS', 0.00167968], ['STYLE AND FASHION', 5.86034e-06], ['LAW AND GOVERNMENT AND POLITICS', 4.21515e-06], ['SCIENCE', 3.06942e-06]]","[['AQUARIUMS', 0.46], ['PETS', 0.11]]",True,106,90,17:01:46.543215
the monkey by Mark captured Mark,"[['STYLE AND FASHION', 0.303746], ['FOOD AND DRINK', 0.108855], ['NON STANDARD CONTENT', 0.0850532], ['SCIENCE', 0.0487034], ['SPORTS', 0.0443321]]","[['CELEBRITY FAN/GOSSIP', 0.24], ['SPORTS', 0.07], ['HOBBIES & INTERESTS', 0.06], ['ARTS & ENTERTAINMENT', 0.06], ['CIGARS', 0.05]]",True,107,91,17:01:48.221316
Mark wounded Elise,"[['SPORTS', 1.0], ['HOBBIES AND INTERESTS', 1.48334e-09], ['PETS', 8.94514e-12], ['CAREERS', 2.55455e-12], ['FOOD AND DRINK', 1.77271e-12]]","[['OFF-ROAD VEHICLES', 0.1], ['HOBBIES & INTERESTS', 0.07], ['AUTOMOTIVE', 0.06], ['SPORTS', 0.06], ['BIRDWATCHING', 0.05]]",True,108,92,17:01:49.777738
Elise wounded Steve outside Steve,"[['AUTOMOTIVE', 1.0], ['HOBBIES AND INTERESTS', 2.28857e-08], ['SPORTS', 3.42328e-10], ['NON STANDARD CONTENT', 3.37968e-10], ['TRAVEL', 2.16079e-10]]","[['HOBBIES & INTERESTS', 0.09], ['BIRDWATCHING', 0.05]]",True,109,93,17:01:51.752242
Mark wounded I,"[['SPORTS', 1.0], ['PETS', 1.37654e-11], ['CAREERS', 4.91837e-12], ['NON STANDARD CONTENT', 3.96429e-12], ['BUSINESS', 1.31338e-12]]","[['OFF-ROAD VEHICLES', 0.1], ['HOBBIES & INTERESTS', 0.07], ['AUTOMOTIVE', 0.07], ['SPORTS', 0.07], ['BIRDWATCHING', 0.05]]",True,109,93,17:01:53.603564
Elise wounded the fish,"[['AUTOMOTIVE', 0.999997], ['SPORTS', 2.86403e-06], ['HOBBIES AND INTERESTS', 8.68175e-09], ['FOOD AND DRINK', 6.49695e-11], ['PETS', 3.28645e-11]]","[['AQUARIUMS', 0.73], ['PETS', 0.17]]",False,110,93,17:01:55.278635
a fish viewed Mark near I,"[['SPORTS', 0.98579], ['TRAVEL', 0.00162815], ['SCIENCE', 0.000830355], ['HOBBIES AND INTERESTS', 0.000748177], ['PETS', 0.00070405]]","[['AQUARIUMS', 0.7], ['PETS', 0.27]]",False,111,93,17:01:57.223726
I went Elise near Steve,"[['TRAVEL', 0.946899], ['HOBBIES AND INTERESTS', 0.0165663], ['BUSINESS', 0.00770128], ['HEALTH AND FITNESS', 0.00364015], ['SPORTS', 0.00329542]]","[['HOBBIES & INTERESTS', 0.08], ['BIRDWATCHING', 0.05]]",True,112,94,17:01:59.098605
I went Mark,"[['TRAVEL', 0.690343], ['HOBBIES AND INTERESTS', 0.262421], ['HEALTH AND FITNESS', 0.0183877], ['SPORTS', 0.00926863], ['RELIGION AND SPIRITUALITY', 0.00101762]]","[['SPORTS', 0.08], ['FLY FISHING', 0.04]]",False,113,94,17:02:00.812017
an lawn caught Elise,"[['HOBBIES AND INTERESTS', 0.91803], ['HEALTH AND FITNESS', 0.0260261], ['SPORTS', 0.0224263], ['SOCIETY', 0.00283282], ['CAREERS', 0.00204203]]","[['LANDSCAPING', 0.28], ['HOME & GARDEN', 0.08], ['HOBBIES & INTERESTS', 0.07], ['BIRDWATCHING', 0.05]]",True,114,95,17:02:02.743831
the hedgehog outside my man in Mark injured Steve in a binoculars,"[['SPORTS', 0.999912], ['HOBBIES AND INTERESTS', 3.99358e-05], ['PETS', 1.86007e-06], ['TRAVEL', 1.74812e-06], ['ARTS AND ENTERTAINMENT', 7.04099e-07]]","[['PROFANE CONTENT', 0.22], ['HOBBIES & INTERESTS', 0.07], ['SPORTS', 0.07], ['NON-STANDARD CONTENT', 0.06], ['CIGARS', 0.05]]",True,115,96,17:02:04.680767
the fish by Elise wounded a man by Mark near my giraffe by my hedgehog,"[['SOCIETY', 0.873496], ['TECHNOLOGY AND COMPUTING', 0.119368], ['AUTOMOTIVE', 0.00521483], ['SPORTS', 0.00136713], ['PETS', 1.21816e-05]]","[['AQUARIUMS', 0.5], ['PETS', 0.12]]",False,116,96,17:02:06.383110
Elise went Elise near my monkey in Mark,"[['TECHNOLOGY AND COMPUTING', 0.999997], ['AUTOMOTIVE', 1.75994e-06], ['HOBBIES AND INTERESTS', 3.27337e-07], ['SOCIETY', 1.93569e-07], ['TRAVEL', 6.20744e-08]]","[['HOBBIES & INTERESTS', 0.07], ['BIRDWATCHING', 0.05]]",True,117,97,17:02:08.467881
Mark injured Steve in I,"[['HOBBIES AND INTERESTS', 0.128459], ['SPORTS', 0.126612], ['NON STANDARD CONTENT', 0.0302759], ['STYLE AND FASHION', 0.0089937], ['TRAVEL', 0.00882202]]","[['OFF-ROAD VEHICLES', 0.1], ['SPORTS', 0.07], ['HOBBIES & INTERESTS', 0.07], ['AUTOMOTIVE', 0.06], ['BIRDWATCHING', 0.05]]",True,118,98,17:02:10.201150
I captured Elise near an monkey,"[['TECHNOLOGY AND COMPUTING', 0.188972], ['NON STANDARD CONTENT', 0.125948], ['SPORTS', 0.0657481], ['STYLE AND FASHION', 0.0543536], ['HOBBIES AND INTERESTS', 0.0313029]]","[['HOBBIES & INTERESTS', 0.07], ['BIRDWATCHING', 0.05]]",True,119,99,17:02:12.006164
an lawn on Mark viewed Mark near a giraffe in the lawn outside Steve on I in my monkey with Steve in I,"[['HOBBIES AND INTERESTS', 0.998172], ['SPORTS', 0.001394], ['HOME AND GARDEN', 9.91588e-05], ['TRAVEL', 2.98955e-05], ['STYLE AND FASHION', 2.60622e-05]]","[['LANDSCAPING', 0.25], ['HOME & GARDEN', 0.08], ['HOBBIES & INTERESTS', 0.07], ['BIRDWATCHING', 0.05]]",True,120,100,17:02:13.700372
I ran Mark outside an lawn,"[['SPORTS', 0.583715], ['HOBBIES AND INTERESTS', 0.132757], ['CAREERS', 0.0163634], ['HEALTH AND FITNESS', 0.00740587], ['TRAVEL', 0.0071558]]","[['LANDSCAPING', 0.3], ['HOME & GARDEN', 0.11]]",True,121,101,17:02:15.618628
I wounded Steve,"[['NON STANDARD CONTENT', 0.199884], ['SPORTS', 0.131753], ['HOBBIES AND INTERESTS', 0.0968795], ['ARTS AND ENTERTAINMENT', 0.0545023], ['TRAVEL', 0.0490296]]","[['HOBBIES & INTERESTS', 0.09], ['BIRDWATCHING', 0.05]]",True,122,102,17:02:17.666922
Mark wounded Steve,"[['SPORTS', 1.0], ['HOBBIES AND INTERESTS', 3.0386e-12], ['NON STANDARD CONTENT', 2.01867e-12], ['ARTS AND ENTERTAINMENT', 1.05219e-12], ['TRAVEL', 1.04282e-12]]","[['HOBBIES & INTERESTS', 0.08], ['SPORTS', 0.07], ['BIRDWATCHING', 0.05], ['FLY FISHING', 0.05]]",True,123,103,17:02:19.250348
a monkey injured an hedgehog in Steve outside Steve,"[['HOBBIES AND INTERESTS', 0.941703], ['NON STANDARD CONTENT', 0.00544516], ['SPORTS', 0.00496575], ['PETS', 0.00195821], ['STYLE AND FASHION', 0.000735217]]","[['HOBBIES & INTERESTS', 0.08], ['BIRDWATCHING', 0.05]]",True,124,104,17:02:20.835878
I went a monkey by Steve,"[['HOBBIES AND INTERESTS', 0.676226], ['STYLE AND FASHION', 0.0852795], ['SPORTS', 0.0471114], ['NON STANDARD CONTENT', 0.0366806], ['AUTOMOTIVE', 0.0196788]]","[['HOBBIES & INTERESTS', 0.08], ['BIRDWATCHING', 0.05]]",True,125,105,17:02:22.464451
Steve ran Elise near a monkey with the hedgehog,"[['HOBBIES AND INTERESTS', 0.648224], ['STYLE AND FASHION', 0.0985228], ['TRAVEL', 0.0274523], ['SPORTS', 0.0125739], ['TECHNOLOGY AND COMPUTING', 0.00676012]]","[['HOBBIES & INTERESTS', 0.08], ['BIRDWATCHING', 0.05]]",True,126,106,17:02:24.123785
Mark viewed Steve,"[['SPORTS', 0.157937], ['RELIGION AND SPIRITUALITY', 0.136271], ['NON STANDARD CONTENT', 0.102211], ['HOBBIES AND INTERESTS', 0.0865722], ['SOCIETY', 0.0733965]]","[['SPORTS', 0.07], ['HOBBIES & INTERESTS', 0.07], ['BIRDWATCHING', 0.05], ['WATERSKI/WAKEBOARD', 0.04]]",True,127,107,17:02:25.812143
an hedgehog caught I near Mark near Steve on an fish with Mark,"[['SPORTS', 0.938408], ['TRAVEL', 0.0312734], ['HOBBIES AND INTERESTS', 0.00500713], ['SCIENCE', 0.000135849], ['ILLEGAL CONTENT', 0.000125695]]","[['AQUARIUMS', 0.52], ['PETS', 0.16]]",True,128,108,17:02:27.541025
Mark caught I,"[['SPORTS', 0.91236], ['HOBBIES AND INTERESTS', 0.013143], ['ARTS AND ENTERTAINMENT', 0.00181167], ['SCIENCE', 0.00128028], ['TRAVEL', 0.000834361]]","[['DOGS', 0.19], ['HOBBIES & INTERESTS', 0.07], ['SPORTS', 0.07], ['PETS', 0.06], ['BIRDWATCHING', 0.05]]",True,128,108,17:02:29.531467
I injured an giraffe by the giraffe by Steve by an monkey on I,"[['FAMILY AND PARENTING', 0.624369], ['PETS', 0.369647], ['HEALTH AND FITNESS', 0.00183193], ['STYLE AND FASHION', 0.00145416], ['SPORTS', 0.00121721]]","[['HOBBIES & INTERESTS', 0.07], ['BIRDWATCHING', 0.05]]",True,129,109,17:02:31.237706
Elise caught Steve,"[['SPORTS', 0.991753], ['HOBBIES AND INTERESTS', 0.00772633], ['TECHNOLOGY AND COMPUTING', 0.000132525], ['SOCIETY', 0.000116396], ['AUTOMOTIVE', 2.54436e-05]]","[['HOBBIES & INTERESTS', 0.08], ['BIRDWATCHING', 0.05]]",True,130,110,17:02:33.188009
Mark caught Elise by I,"[['SOCIETY', 1.0], ['HOBBIES AND INTERESTS', 4.96216e-15], ['HEALTH AND FITNESS', 2.62898e-16], ['CAREERS', 1.54198e-16], ['SPORTS', 1.48852e-16]]","[['HOBBIES & INTERESTS', 0.07], ['SPORTS', 0.06], ['BIRDWATCHING', 0.05], ['FLY FISHING', 0.04]]",True,131,111,17:02:35.038949
Elise caught I in Mark outside a binoculars by Elise on I,"[['SOCIETY', 0.998829], ['HOBBIES AND INTERESTS', 0.00117049], ['TRAVEL', 8.22346e-09], ['ARTS AND ENTERTAINMENT', 6.91691e-09], ['TECHNOLOGY AND COMPUTING', 6.13318e-09]]","[['HOBBIES & INTERESTS', 0.07], ['BIRDWATCHING', 0.05]]",True,132,112,17:02:36.822228
I went my lawn by I in an lawn,"[['SPORTS', 0.570256], ['HOBBIES AND INTERESTS', 0.17092], ['HOME AND GARDEN', 0.0571842], ['CAREERS', 0.01791], ['TRAVEL', 0.0143746]]","[['LANDSCAPING', 0.37], ['HOME & GARDEN', 0.15]]",True,133,113,17:02:38.416711
an hedgehog on an monkey outside Mark ran Elise in the man on Steve,"[['FAMILY AND PARENTING', 0.989266], ['SPORTS', 0.00802736], ['HOBBIES AND INTERESTS', 0.0021383], ['TECHNOLOGY AND COMPUTING', 7.71498e-05], ['TRAVEL', 5.72372e-05]]","[['PROFANE CONTENT', 0.23], ['HOBBIES & INTERESTS', 0.07], ['NON-STANDARD CONTENT', 0.06], ['SPORTS', 0.06], ['CIGARS', 0.05]]",True,134,114,17:02:40.042504
I viewed the lawn,"[['HOBBIES AND INTERESTS', 1.0], ['TRAVEL', 2.69724e-14], ['SPORTS', 9.60823e-15], ['HOME AND GARDEN', 1.35909e-15], ['RELIGION AND SPIRITUALITY', 3.60648e-16]]","[['LANDSCAPING', 0.27], ['HOME & GARDEN', 0.11]]",True,135,115,17:02:41.627199
Mark captured Mark,"[['HOBBIES AND INTERESTS', 0.236103], ['TECHNOLOGY AND COMPUTING', 0.0353083], ['SPORTS', 0.029963], ['NON STANDARD CONTENT', 0.0170317], ['BUSINESS', 0.0155719]]","[['SPORTS', 0.08], ['HOBBIES & INTERESTS', 0.06], ['CIGARS', 0.05], ['WATERSKI/WAKEBOARD', 0.04]]",True,136,116,17:02:43.351918
a binoculars went Mark on Steve in my lawn outside my monkey outside my binoculars with Mark,"[['FAMILY AND PARENTING', 0.735928], ['HOBBIES AND INTERESTS', 0.257439], ['ARTS AND ENTERTAINMENT', 0.00393561], ['TRAVEL', 0.000817759], ['SPORTS', 0.000233337]]","[['LANDSCAPING', 0.24], ['HOBBIES & INTERESTS', 0.07], ['SPORTS', 0.06], ['HOME & GARDEN', 0.06], ['BIRDWATCHING', 0.05]]",True,137,117,17:02:44.902499
Elise wounded a monkey outside Steve near I,"[['AUTOMOTIVE', 0.880939], ['FAMILY AND PARENTING', 0.119057], ['NON STANDARD CONTENT', 2.23054e-06], ['STYLE AND FASHION', 3.24125e-07], ['HOBBIES AND INTERESTS', 3.08344e-07]]","[['HOBBIES & INTERESTS', 0.08], ['BIRDWATCHING', 0.05]]",True,138,118,17:02:46.712373
an giraffe by Steve injured Mark with Elise,"[['SPORTS', 0.490345], ['STYLE AND FASHION', 0.350328], ['AUTOMOTIVE', 0.0321328], ['HEALTH AND FITNESS', 0.0254615], ['HOBBIES AND INTERESTS', 0.00969265]]","[['HOBBIES & INTERESTS', 0.07], ['SPORTS', 0.06], ['BIRDWATCHING', 0.05], ['WATERSKI/WAKEBOARD', 0.04]]",True,139,119,17:02:48.699850
I viewed Steve in I,"[['HOBBIES AND INTERESTS', 1.0], ['RELIGION AND SPIRITUALITY', 1.14298e-13], ['SOCIETY', 2.03051e-14], ['SPORTS', 1.41562e-14], ['NON STANDARD CONTENT', 1.31759e-14]]","[['HOBBIES & INTERESTS', 0.08], ['BIRDWATCHING', 0.05]]",True,140,120,17:02:50.478682
the monkey in Steve captured a lawn near I near Elise,"[['AUTOMOTIVE', 0.999343], ['HOBBIES AND INTERESTS', 0.000187797], ['SPORTS', 7.17782e-05], ['PETS', 3.16087e-05], ['EDUCATION', 1.33051e-05]]","[['LANDSCAPING', 0.25], ['HOBBIES & INTERESTS', 0.07], ['HOME & GARDEN', 0.07], ['BIRDWATCHING', 0.05]]",True,141,121,17:02:52.365114
the monkey ran Elise in Mark outside my lawn on an monkey,"[['HOBBIES AND INTERESTS', 0.799996], ['STYLE AND FASHION', 2.76821e-06], ['NON STANDARD CONTENT', 4.04699e-07], ['TRAVEL', 3.60051e-07], ['EDUCATION', 2.79251e-07]]","[['LANDSCAPING', 0.23], ['HOBBIES & INTERESTS', 0.07], ['HOME & GARDEN', 0.07], ['SPORTS', 0.05], ['BIRDWATCHING', 0.05]]",True,142,122,17:02:54.092160
an man ran Steve,"[['SPORTS', 0.267136], ['HOBBIES AND INTERESTS', 0.0734712], ['TRAVEL', 0.0336644], ['RELIGION AND SPIRITUALITY', 0.0154158], ['TECHNOLOGY AND COMPUTING', 0.0129162]]","[['PROFANE CONTENT', 0.24], ['NON-STANDARD CONTENT', 0.09]]",True,143,123,17:02:55.713171
my lawn near Steve captured I with my binoculars in Steve,"[['HOBBIES AND INTERESTS', 0.454283], ['TRAVEL', 0.419794], ['SPORTS', 0.0391919], ['TECHNOLOGY AND COMPUTING', 0.00923951], ['CAREERS', 0.00455631]]","[['LANDSCAPING', 0.24], ['HOBBIES & INTERESTS', 0.08], ['HOME & GARDEN', 0.07], ['BIRDWATCHING', 0.05]]",True,144,124,17:02:57.314657
an hedgehog wounded a squirrel with an giraffe in Elise,"[['HOBBIES AND INTERESTS', 0.393914], ['PETS', 0.203012], ['SPORTS', 0.0558175], ['AUTOMOTIVE', 0.0187877], ['SCIENCE', 0.00133466]]","[['HOBBIES & INTERESTS', 0.08], ['BIRDWATCHING', 0.05]]",True,145,125,17:02:58.971097
the giraffe in I went the lawn,"[['PETS', 0.996816], ['SPORTS', 0.000913962], ['TRAVEL', 0.000791672], ['AUTOMOTIVE', 0.000463636], ['HOME AND GARDEN', 0.000168553]]","[['LANDSCAPING', 0.27], ['HOME & GARDEN', 0.09]]",True,146,126,17:03:00.743052
I injured I in a lawn,"[['SPORTS', 0.988866], ['HOME AND GARDEN', 0.00199708], ['CAREERS', 0.000598151], ['RELIGION AND SPIRITUALITY', 0.000455622], ['PETS', 0.000394219]]","[['LANDSCAPING', 0.27], ['HOME & GARDEN', 0.11]]",True,147,127,17:03:02.686644
Steve wounded Mark by Elise,"[['SOCIETY', 1.0], ['HOBBIES AND INTERESTS', 5.85652e-11], ['SPORTS', 2.82874e-12], ['TECHNOLOGY AND COMPUTING', 3.20418e-13], ['HOME AND GARDEN', 2.94898e-13]]","[['HOBBIES & INTERESTS', 0.08], ['BIRDWATCHING', 0.05]]",True,148,128,17:03:04.546879
Mark injured Mark,"[['SPORTS', 0.131064], ['HEALTH AND FITNESS', 0.0302742], ['PETS', 0.0238981], ['HOBBIES AND INTERESTS', 0.0228394], ['TRAVEL', 0.0181569]]","[['SPORTS', 0.08], ['WATERSKI/WAKEBOARD', 0.04]]",False,149,128,17:03:06.264334
a binoculars captured my lawn on Steve with I,"[['HOBBIES AND INTERESTS', 0.911166], ['TECHNOLOGY AND COMPUTING', 1.68641e-06], ['SPORTS', 6.08953e-08], ['ARTS AND ENTERTAINMENT', 6.38239e-09], ['PETS', 5.57067e-09]]","[['LANDSCAPING', 0.26], ['HOME & GARDEN', 0.08], ['HOBBIES & INTERESTS', 0.07], ['BIRDWATCHING', 0.05]]",True,150,129,17:03:08.193802
I injured I,"[['SPORTS', 0.194447], ['HEALTH AND FITNESS', 0.0687102], ['CAREERS', 0.0481423], ['NON STANDARD CONTENT', 0.0380231], ['HOBBIES AND INTERESTS', 0.0358009]]","[['OFF-ROAD VEHICLES', 0.1], ['HOBBIES & INTERESTS', 0.07], ['AUTOMOTIVE', 0.07], ['SPORTS', 0.06], ['BIRDWATCHING', 0.05]]",True,151,130,17:03:10.329276
Mark injured Steve outside Mark,"[['SPORTS', 0.163116], ['HOBBIES AND INTERESTS', 0.0323567], ['TRAVEL', 0.0204087], ['NON STANDARD CONTENT', 0.0131558], ['STYLE AND FASHION', 0.00789161]]","[['SPORTS', 0.08], ['HOBBIES & INTERESTS', 0.07], ['CIGARS', 0.05], ['WATERSKI/WAKEBOARD', 0.04]]",True,152,131,17:03:11.886709
Steve injured my binoculars with I by Steve,"[['HOBBIES AND INTERESTS', 0.998844], ['SPORTS', 2.01008e-06], ['NON STANDARD CONTENT', 5.80605e-07], ['HOME AND GARDEN', 4.26714e-07], ['TECHNOLOGY AND COMPUTING', 3.60906e-07]]","[['HOBBIES & INTERESTS', 0.08], ['BIRDWATCHING', 0.05]]",True,153,132,17:03:13.392345
Steve captured Elise with Mark,"[['SPORTS', 0.526267], ['HOBBIES AND INTERESTS', 0.146012], ['STYLE AND FASHION', 0.0829423], ['TECHNOLOGY AND COMPUTING', 0.0374025], ['REAL ESTATE', 0.026544]]","[['HOBBIES & INTERESTS', 0.07], ['SPORTS', 0.06], ['BIRDWATCHING', 0.05], ['WATERSKI/WAKEBOARD', 0.04]]",True,154,133,17:03:15.368159
Steve captured Mark,"[['SPORTS', 0.909964], ['HOBBIES AND INTERESTS', 0.0200258], ['TECHNOLOGY AND COMPUTING', 0.00218907], ['HEALTH AND FITNESS', 0.000924482], ['NON STANDARD CONTENT', 0.000828331]]","[['HOBBIES & INTERESTS', 0.07], ['SPORTS', 0.07], ['BIRDWATCHING', 0.05], ['WATERSKI/WAKEBOARD', 0.04]]",True,155,134,17:03:17.097128
Elise viewed Elise,"[['HOBBIES AND INTERESTS', 0.792274], ['AUTOMOTIVE', 0.119398], ['HEALTH AND FITNESS', 0.0400213], ['TECHNOLOGY AND COMPUTING', 0.0263201], ['SOCIETY', 0.0190635]]","[['HOBBIES & INTERESTS', 0.07], ['BIRDWATCHING', 0.05]]",True,156,135,17:03:18.693616
Mark ran Mark near Mark near Mark by Steve with Elise,"[['HOBBIES AND INTERESTS', 0.821016], ['NON STANDARD CONTENT', 0.009625], ['SPORTS', 0.00744472], ['TECHNOLOGY AND COMPUTING', 0.00667279], ['TRAVEL', 0.00433009]]","[['SPORTS', 0.08], ['HOBBIES & INTERESTS', 0.07], ['CIGARS', 0.05], ['WATERSKI/WAKEBOARD', 0.04]]",True,157,136,17:03:20.269451
I caught my squirrel by Elise,"[['SOCIETY', 1.0], ['HOBBIES AND INTERESTS', 8.14395e-11], ['SPORTS', 1.73854e-12], ['PETS', 5.00559e-13], ['ILLEGAL CONTENT', 1.87888e-13]]","[['HOBBIES & INTERESTS', 0.08], ['BIRDWATCHING', 0.05]]",True,158,137,17:03:22.185644
I went a binoculars,"[['HOBBIES AND INTERESTS', 0.995781], ['TECHNOLOGY AND COMPUTING', 0.00201181], ['TRAVEL', 0.000231993], ['ARTS AND ENTERTAINMENT', 0.00017746], ['AUTOMOTIVE', 0.000124786]]","[['HOBBIES & INTERESTS', 0.07], ['BIRDWATCHING', 0.05]]",True,159,138,17:03:24.226483
the lawn outside I caught Steve,"[['SPORTS', 0.443166], ['TRAVEL', 0.229659], ['HOME AND GARDEN', 0.00118601], ['RELIGION AND SPIRITUALITY', 0.000386056], ['HOBBIES AND INTERESTS', 0.000174743]]","[['LANDSCAPING', 0.26], ['HOME & GARDEN', 0.08], ['HOBBIES & INTERESTS', 0.08], ['BIRDWATCHING', 0.05]]",True,160,139,17:03:25.960515
Elise ran Mark with Steve by my man,"[['SPORTS', 1.0], ['SOCIETY', 2.14886e-07], ['NON STANDARD CONTENT', 3.57538e-08], ['HOBBIES AND INTERESTS', 2.42655e-08], ['STYLE AND FASHION', 1.47333e-08]]","[['PROFANE CONTENT', 0.25], ['HOBBIES & INTERESTS', 0.07], ['NON-STANDARD CONTENT', 0.07], ['SPORTS', 0.07], ['CIGARS', 0.05]]",True,161,140,17:03:27.703443
I viewed a lawn in I,"[['HOBBIES AND INTERESTS', 1.0], ['SPORTS', 1.62808e-08], ['HEALTH AND FITNESS', 2.69346e-10], ['LAW AND GOVERNMENT AND POLITICS', 1.28156e-10], ['HOME AND GARDEN', 5.40541e-12]]","[['LANDSCAPING', 0.27], ['HOME & GARDEN', 0.11]]",True,162,141,17:03:29.742526
I injured my binoculars,"[['HOBBIES AND INTERESTS', 0.990544], ['TRAVEL', 0.00400022], ['PETS', 0.000855727], ['SPORTS', 0.000798787], ['TECHNOLOGY AND COMPUTING', 0.000600603]]","[['OFF-ROAD VEHICLES', 0.1], ['HOBBIES & INTERESTS', 0.07], ['AUTOMOTIVE', 0.06], ['SPORTS', 0.06], ['BIRDWATCHING', 0.05]]",True,163,142,17:03:31.450693
my man outside Elise wounded I with an fish in Elise,"[['AUTOMOTIVE', 0.983118], ['SPORTS', 0.0168717], ['HOBBIES AND INTERESTS', 9.97187e-07], ['PETS', 6.77904e-07], ['TRAVEL', 7.21806e-08]]","[['AQUARIUMS', 0.69], ['PETS', 0.1]]",False,164,142,17:03:33.014621
Elise went my binoculars with Elise,"[['HOBBIES AND INTERESTS', 0.999999], ['AUTOMOTIVE', 7.70872e-07], ['SOCIETY', 2.50749e-07], ['TRAVEL', 2.32139e-07], ['TECHNOLOGY AND COMPUTING', 1.13582e-07]]","[['HOBBIES & INTERESTS', 0.07], ['BIRDWATCHING', 0.05]]",True,165,143,17:03:34.597298
the man captured Steve with Mark,"[['HOBBIES AND INTERESTS', 1.0], ['SOCIETY', 6.40489e-08], ['NON STANDARD CONTENT', 4.19698e-08], ['TECHNOLOGY AND COMPUTING', 2.00111e-08], ['SPORTS', 1.05167e-08]]","[['PROFANE CONTENT', 0.23], ['SPORTS', 0.07], ['NON-STANDARD CONTENT', 0.07], ['HOBBIES & INTERESTS', 0.07], ['CIGARS', 0.05]]",True,166,144,17:03:36.260777
Elise caught Elise in Mark,"[['HOBBIES AND INTERESTS', 0.947271], ['SOCIETY', 0.0265785], ['AUTOMOTIVE', 0.0205486], ['REAL ESTATE', 0.000497102], ['ARTS AND ENTERTAINMENT', 0.000495731]]","[['HOBBIES & INTERESTS', 0.07], ['BIRDWATCHING', 0.05]]",True,167,145,17:03:38.311833
I ran a squirrel by I by Steve,"[['HOBBIES AND INTERESTS', 0.985993], ['ARTS AND ENTERTAINMENT', 0.0014796], ['LAW AND GOVERNMENT AND POLITICS', 0.000839491], ['SPORTS', 0.000540225], ['SHOPPING', 0.000177049]]","[['HOBBIES & INTERESTS', 0.09], ['BIRDWATCHING', 0.05]]",True,168,146,17:03:40.111460
Steve caught Elise,"[['SPORTS', 0.998983], ['HOBBIES AND INTERESTS', 0.00068431], ['SOCIETY', 1.587e-05], ['HEALTH AND FITNESS', 1.05092e-05], ['AUTOMOTIVE', 4.02529e-06]]","[['HOBBIES & INTERESTS', 0.08], ['BIRDWATCHING', 0.05]]",True,169,147,17:03:41.917620
Elise ran Steve with Mark in Mark,"[['HOBBIES AND INTERESTS', 0.999885], ['TRAVEL', 2.40294e-05], ['REAL ESTATE', 6.04493e-06], ['SPORTS', 5.85435e-06], ['STYLE AND FASHION', 5.45152e-06]]","[['SPORTS', 0.07], ['HOBBIES & INTERESTS', 0.07], ['BIRDWATCHING', 0.05], ['WATERSKI/WAKEBOARD', 0.04]]",True,170,148,17:03:43.780814
Steve went an giraffe in Elise,"[['TECHNOLOGY AND COMPUTING', 1.0], ['AUTOMOTIVE', 1.0936e-07], ['PETS', 9.26424e-08], ['SOCIETY', 1.31081e-08], ['HOBBIES AND INTERESTS', 2.74503e-09]]","[['HOBBIES & INTERESTS', 0.08], ['BIRDWATCHING', 0.05]]",True,171,149,17:03:45.737709
Elise injured the giraffe by my lawn on the giraffe outside Steve,"[['PETS', 0.994825], ['HOBBIES AND INTERESTS', 0.00512358], ['STYLE AND FASHION', 1.62468e-05], ['AUTOMOTIVE', 9.49953e-06], ['SPORTS', 8.9242e-06]]","[['LANDSCAPING', 0.22], ['HOBBIES & INTERESTS', 0.07], ['HOME & GARDEN', 0.06], ['BIRDWATCHING', 0.05]]",True,172,150,17:03:47.355403
Elise caught Mark on my lawn on my giraffe near Mark,"[['HOBBIES AND INTERESTS', 0.999363], ['SPORTS', 0.000165829], ['TRAVEL', 9.36768e-05], ['RELIGION AND SPIRITUALITY', 1.39232e-05], ['STYLE AND FASHION', 1.28069e-05]]","[['LANDSCAPING', 0.23], ['HOBBIES & INTERESTS', 0.07], ['HOME & GARDEN', 0.06], ['SPORTS', 0.06], ['BIRDWATCHING', 0.05]]",True,173,151,17:03:49.468402
a fish injured a fish on Mark,"[['SPORTS', 0.999715], ['PETS', 1.3512e-05], ['FOOD AND DRINK', 6.38455e-08], ['SCIENCE', 2.46649e-08], ['RELIGION AND SPIRITUALITY', 1.23486e-08]]","[['AQUARIUMS', 0.83], ['PETS', 0.45]]",False,174,151,17:03:51.071832
I captured Steve outside Elise,"[['STYLE AND FASHION', 0.246941], ['HOBBIES AND INTERESTS', 0.192654], ['NON STANDARD CONTENT', 0.0573779], ['TECHNOLOGY AND COMPUTING', 0.0487757], ['SPORTS', 0.0335246]]","[['HOBBIES & INTERESTS', 0.08], ['BIRDWATCHING', 0.05]]",True,175,152,17:03:52.741831
a fish captured Steve,"[['FOOD AND DRINK', 0.999749], ['SPORTS', 0.000246708], ['TECHNOLOGY AND COMPUTING', 3.88694e-09], ['HOBBIES AND INTERESTS', 3.85822e-09], ['PETS', 3.3787e-09]]","[['AQUARIUMS', 0.72], ['PETS', 0.27]]",False,176,152,17:03:54.322847
Steve captured Mark with Mark with Steve,"[['SPORTS', 0.583205], ['FOOD AND DRINK', 0.0946837], ['TECHNOLOGY AND COMPUTING', 0.0586961], ['HOBBIES AND INTERESTS', 0.0295664], ['STYLE AND FASHION', 0.00932799]]","[['HOBBIES & INTERESTS', 0.07], ['SPORTS', 0.07], ['BIRDWATCHING', 0.05], ['WATERSKI/WAKEBOARD', 0.04]]",True,177,153,17:03:56.092473
I injured the lawn in the fish with the squirrel by Steve outside an man in I,"[['SPORTS', 0.60157], ['HOBBIES AND INTERESTS', 0.00983123], ['PETS', 0.00166863], ['FOOD AND DRINK', 0.000746666], ['TRAVEL', 0.000725305]]","[['AQUARIUMS', 0.55], ['PETS', 0.17]]",False,178,153,17:03:57.945627
Elise injured Steve by Elise on I,"[['SOCIETY', 1.0], ['HOBBIES AND INTERESTS', 9.82052e-12], ['AUTOMOTIVE', 2.31422e-12], ['STYLE AND FASHION', 2.34359e-13], ['SPORTS', 2.1676e-13]]","[['HOBBIES & INTERESTS', 0.07], ['BIRDWATCHING', 0.05]]",True,179,154,17:03:59.854516
Mark captured my squirrel outside I,"[['SPORTS', 0.558185], ['HOBBIES AND INTERESTS', 0.115531], ['PETS', 0.0389253], ['SCIENCE', 0.0144786], ['FOOD AND DRINK', 0.00850596]]","[['HOBBIES & INTERESTS', 0.07], ['SPORTS', 0.06], ['BIRDWATCHING', 0.05], ['WATERSKI/WAKEBOARD', 0.04]]",True,180,155,17:04:01.683301
Elise ran Steve in I,"[['HOBBIES AND INTERESTS', 0.600788], ['SOCIETY', 0.127657], ['AUTOMOTIVE', 0.104102], ['STYLE AND FASHION', 0.0655444], ['REAL ESTATE', 0.0233897]]","[['HOBBIES & INTERESTS', 0.08], ['BIRDWATCHING', 0.05]]",True,181,156,17:04:03.322181
Steve wounded an lawn on a giraffe on Steve,"[['HOBBIES AND INTERESTS', 0.999911], ['AUTOMOTIVE', 7.0882e-05], ['HOME AND GARDEN', 2.96309e-06], ['TECHNOLOGY AND COMPUTING', 2.17888e-06], ['SPORTS', 2.13344e-06]]","[['LANDSCAPING', 0.22], ['HOBBIES & INTERESTS', 0.08], ['HOME & GARDEN', 0.07], ['BIRDWATCHING', 0.05]]",True,182,157,17:04:05.065664
Steve injured Steve outside Elise by Steve,"[['SOCIETY', 1.0], ['SPORTS', 1.80356e-08], ['HOBBIES AND INTERESTS', 7.35432e-09], ['HOME AND GARDEN', 5.47035e-09], ['NON STANDARD CONTENT', 3.98065e-09]]","[['HOBBIES & INTERESTS', 0.08], ['SCRAPBOOKING', 0.05]]",True,183,158,17:04:06.986633
my monkey wounded I by a fish by Mark near Mark in Elise,"[['SPORTS', 0.745957], ['TRAVEL', 0.123197], ['FOOD AND DRINK', 0.00856756], ['HOBBIES AND INTERESTS', 0.00578423], ['NON STANDARD CONTENT', 0.00390579]]","[['AQUARIUMS', 0.52], ['PETS', 0.11]]",True,184,159,17:04:08.604383
I captured Steve,"[['HOBBIES AND INTERESTS', 0.5212], ['SPORTS', 0.136227], ['TECHNOLOGY AND COMPUTING', 0.0550822], ['NON STANDARD CONTENT', 0.0403608], ['ARTS AND ENTERTAINMENT', 0.0132727]]","[['HOBBIES & INTERESTS', 0.08], ['BIRDWATCHING', 0.05]]",True,184,159,17:04:10.302345
an lawn outside Mark injured Steve,"[['SPORTS', 0.505886], ['TRAVEL', 0.0741927], ['HOME AND GARDEN', 0.0215354], ['CAREERS', 0.0188504], ['HOBBIES AND INTERESTS', 0.00875596]]","[['LANDSCAPING', 0.25], ['HOME & GARDEN', 0.08], ['SPORTS', 0.07], ['HOBBIES & INTERESTS', 0.06], ['BIRDWATCHING', 0.05]]",True,185,160,17:04:12.112530
the binoculars outside Elise went Mark,"[['HOBBIES AND INTERESTS', 0.999386], ['PERSONAL FINANCE', 0.000603361], ['TECHNOLOGY AND COMPUTING', 1.06047e-05], ['AUTOMOTIVE', 8.96844e-08], ['TRAVEL', 6.93588e-08]]","[['HOBBIES & INTERESTS', 0.07], ['SPORTS', 0.06], ['BIRDWATCHING', 0.05], ['WATERSKI/WAKEBOARD', 0.04]]",True,186,161,17:04:13.606476
Steve went Mark with the hedgehog in I,"[['HOBBIES AND INTERESTS', 0.251378], ['SPORTS', 0.221635], ['TECHNOLOGY AND COMPUTING', 0.158879], ['HEALTH AND FITNESS', 0.0594853], ['SOCIETY', 0.0328046]]","[['HOBBIES & INTERESTS', 0.07], ['SPORTS', 0.06], ['BIRDWATCHING', 0.05], ['WATERSKI/WAKEBOARD', 0.04]]",True,187,162,17:04:15.188530
I ran the fish by a fish with the squirrel on I near my binoculars by the hedgehog,"[['SPORTS', 0.818636], ['HOBBIES AND INTERESTS', 0.0304613], ['TECHNOLOGY AND COMPUTING', 0.00551803], ['PETS', 0.00013137], ['FOOD AND DRINK', 9.0782e-05]]","[['AQUARIUMS', 0.74], ['PETS', 0.32]]",False,188,162,17:04:16.779660
Mark ran Mark near Mark near an man,"[['TRAVEL', 0.0682506], ['SCIENCE', 0.0586081], ['SPORTS', 0.0430595], ['HOBBIES AND INTERESTS', 0.0365284], ['STYLE AND FASHION', 0.0237915]]","[['SPORTS', 0.08], ['PAINTBALL', 0.04]]",False,189,162,17:04:18.393287
the lawn near Mark viewed I,"[['SPORTS', 0.447807], ['TRAVEL', 0.407324], ['HOME AND GARDEN', 0.052738], ['HOBBIES AND INTERESTS', 0.013852], ['SCIENCE', 0.0037974]]","[['LANDSCAPING', 0.25], ['HOME & GARDEN', 0.09]]",True,190,163,17:04:20.452690
Mark viewed Mark with Steve,"[['SPORTS', 0.129305], ['FAMILY AND PARENTING', 0.0535209], ['HOBBIES AND INTERESTS', 0.0478341], ['HEALTH AND FITNESS', 0.0453497], ['TECHNOLOGY AND COMPUTING', 0.037277]]","[['SPORTS', 0.08], ['HOBBIES & INTERESTS', 0.07], ['CIGARS', 0.05], ['WATERSKI/WAKEBOARD', 0.04]]",True,191,164,17:04:22.125146
Elise caught Steve outside Elise in the lawn,"[['HOBBIES AND INTERESTS', 0.72089], ['SPORTS', 0.0898897], ['TRAVEL', 0.0885536], ['SOCIETY', 0.00971502], ['AUTOMOTIVE', 0.00762613]]","[['LANDSCAPING', 0.26], ['HOBBIES & INTERESTS', 0.07], ['HOME & GARDEN', 0.06], ['BIRDWATCHING', 0.05]]",True,192,165,17:04:24.041341
my monkey injured the squirrel near I,"[['PETS', 0.55627], ['HOBBIES AND INTERESTS', 0.159423], ['FAMILY AND PARENTING', 0.148466], ['SPORTS', 0.0297233], ['FOOD AND DRINK', 0.00131961]]","[['HOBBIES & INTERESTS', 0.07], ['BIRDWATCHING', 0.05]]",True,193,166,17:04:25.913873
I captured a monkey,"[['STYLE AND FASHION', 0.45135], ['NON STANDARD CONTENT', 0.35719], ['HOBBIES AND INTERESTS', 0.142218], ['SCIENCE', 0.0122311], ['FOOD AND DRINK', 0.00588411]]","[['HOBBIES & INTERESTS', 0.07], ['BIRDWATCHING', 0.05]]",True,194,167,17:04:27.469124
Steve captured Steve,"[['SPORTS', 0.909842], ['HOBBIES AND INTERESTS', 0.0159975], ['TECHNOLOGY AND COMPUTING', 0.00400031], ['HEALTH AND FITNESS', 0.00136026], ['ILLEGAL CONTENT', 0.00118012]]","[['HOBBIES & INTERESTS', 0.08], ['SCRAPBOOKING', 0.05]]",True,195,168,17:04:29.144240
Elise caught the monkey by Elise near Steve,"[['SOCIETY', 1.0], ['HOBBIES AND INTERESTS', 2.50512e-10], ['TRAVEL', 1.80602e-10], ['SCIENCE', 3.07071e-11], ['STYLE AND FASHION', 1.26075e-11]]","[['HOBBIES & INTERESTS', 0.08], ['BIRDWATCHING', 0.05]]",True,196,169,17:04:30.823688
Mark captured I,"[['HOBBIES AND INTERESTS', 0.234762], ['TECHNOLOGY AND COMPUTING', 0.0445906], ['SPORTS', 0.0304514], ['NON STANDARD CONTENT', 0.0286762], ['RELIGION AND SPIRITUALITY', 0.0195652]]","[['SPORTS', 0.07], ['HOBBIES & INTERESTS', 0.07], ['BIRDWATCHING', 0.05], ['WATERSKI/WAKEBOARD', 0.04]]",True,197,170,17:04:32.749834
