Mary ate I on John,"[['ARTS AND ENTERTAINMENT', 0.05235872], ['SPORTS', 0.0511723], ['EDUCATION', 0.0508128], ['FOOD AND DRINK', 0.05065092], ['TECHNOLOGY AND COMPUTING', 0.04967316]]","[['EXTREME GRAPHIC/EXPLICIT VIOLENCE', 0.19], ['BARBECUES & GRILLING', 0.1], ['NON-STANDARD CONTENT', 0.07], ['HOBBIES & INTERESTS', 0.07], ['FOOD & DRINK', 0.06]]",True,1,1,18:26:12.412512
Mary wounded Mary,"[['HEALTH AND FITNESS', 0.04949212], ['ARTS AND ENTERTAINMENT', 0.04914624], ['BUSINESS', 0.04910616], ['SCIENCE', 0.04878505], ['RELIGION AND SPIRITUALITY', 0.04867104]]","[['HOBBIES & INTERESTS', 0.07], ['NEEDLEWORK', 0.07]]",True,2,2,18:26:17.685687
John saw I,"[['HOBBIES AND INTERESTS', 0.0545372], ['SPORTS', 0.05312285], ['ARTS AND ENTERTAINMENT', 0.0519207], ['EDUCATION', 0.0504221], ['AUTOMOTIVE', 0.04996108]]","[['HATE CONTENT', 0.18], ['NON-STANDARD CONTENT', 0.08], ['HOBBIES & INTERESTS', 0.07], ['SCREENWRITING', 0.06]]",True,3,3,18:26:19.155837
I killed Mary by a monkey outside a man,"[['RELIGION AND SPIRITUALITY', 0.05772634], ['TRAVEL', 0.0519432], ['SCIENCE', 0.05180007], ['SPORTS', 0.05106607], ['HEALTH AND FITNESS', 0.05067297]]","[['PROFANE CONTENT', 0.2], ['PAGAN/WICCAN', 0.17], ['RELIGION & SPIRITUALITY', 0.08], ['NON-STANDARD CONTENT', 0.08]]",True,4,4,18:26:20.682129
John shot Bob with Bob,"[['SPORTS', 0.06248768], ['ARTS AND ENTERTAINMENT', 0.05187171], ['BUSINESS', 0.05130242], ['LAW GOVERNMENT AND POLITICS', 0.05100111], ['HEALTH AND FITNESS', 0.04936315]]","[['HOBBIES & INTERESTS', 0.09], ['SCREENWRITING', 0.05]]",True,5,5,18:26:22.233039
John wounded my elephant on I,"[['HOBBIES AND INTERESTS', 0.05191475], ['SPORTS', 0.05167127], ['AUTOMOTIVE', 0.0501235], ['RELIGION AND SPIRITUALITY', 0.04980599], ['HOME AND GARDEN', 0.04978158]]","[['HOBBIES & INTERESTS', 0.08], ['SCREENWRITING', 0.06]]",True,6,6,18:26:23.811130
Mary shot I by my elephant with Bob,"[['SPORTS', 0.05962395], ['HEALTH AND FITNESS', 0.05455222], ['TECHNOLOGY AND COMPUTING', 0.053058], ['TRAVEL', 0.05072852], ['HOBBIES AND INTERESTS', 0.04982525]]","[['HOBBIES & INTERESTS', 0.08], ['NEEDLEWORK', 0.06]]",True,7,7,18:26:25.203159
John walked Bob in my fish with my elephant in Bob with the monkey,"[['SPORTS', 0.05976347], ['PETS', 0.05818091], ['ARTS AND ENTERTAINMENT', 0.04968746], ['TRAVEL', 0.04906821], ['RELIGION AND SPIRITUALITY', 0.04895976]]","[['AQUARIUMS', 0.42], ['PETS', 0.14]]",False,8,7,18:26:27.663802
I saw John in Mary,"[['EDUCATION', 0.05239849], ['ARTS AND ENTERTAINMENT', 0.05231627], ['HOBBIES AND INTERESTS', 0.0522538], ['SPORTS', 0.05173827], ['HEALTH AND FITNESS', 0.05041691]]","[['EXTREME GRAPHIC/EXPLICIT VIOLENCE', 0.19], ['NON-STANDARD CONTENT', 0.07], ['HOBBIES & INTERESTS', 0.07], ['NEEDLEWORK', 0.06]]",True,9,8,18:26:30.508248
my fish on Bob wounded the telescope outside Mary on I,"[['SPORTS', 0.05991132], ['PETS', 0.0589078], ['RELIGION AND SPIRITUALITY', 0.0542323], ['FOOD AND DRINK', 0.05176044], ['SCIENCE', 0.04984007]]","[['AQUARIUMS', 0.53], ['PETS', 0.14]]",False,10,8,18:26:38.261347
Mary killed I in my telescope with Mary on I in John,"[['RELIGION AND SPIRITUALITY', 0.05416642], ['SCIENCE', 0.0517462], ['HEALTH AND FITNESS', 0.05117011], ['EDUCATION', 0.05075347], ['LAW GOVERNMENT AND POLITICS', 0.05050382]]","[['CATHOLICISM', 0.23], ['EXTREME GRAPHIC/EXPLICIT VIOLENCE', 0.2], ['RELIGION & SPIRITUALITY', 0.07], ['NEEDLEWORK', 0.06], ['HOBBIES & INTERESTS', 0.06]]",True,11,9,18:26:40.793360
I killed an park by I outside Bob,"[['TRAVEL', 0.06059992], ['SPORTS', 0.05902945], ['RELIGION AND SPIRITUALITY', 0.05197978], ['BUSINESS', 0.04984171], ['HEALTH AND FITNESS', 0.04892343]]","[['NATIONAL PARKS', 0.49], ['TRAVEL', 0.09]]",False,12,9,18:26:47.698741
I killed I by my pajamas on Mary,"[['RELIGION AND SPIRITUALITY', 0.05420305], ['HEALTH AND FITNESS', 0.05222363], ['HOBBIES AND INTERESTS', 0.05141026], ['TECHNOLOGY AND COMPUTING', 0.0505783], ['HOME AND GARDEN', 0.04960221]]","[['EXTREME GRAPHIC/EXPLICIT VIOLENCE', 0.21], ['PAGAN/WICCAN', 0.15], ['ROAD-SIDE ASSISTANCE', 0.1], ['RELIGION & SPIRITUALITY', 0.07], ['HOBBIES & INTERESTS', 0.06]]",True,13,10,18:26:49.415993
my telescope killed my telescope outside an dog outside Bob,"[['PETS', 0.06186441], ['TRAVEL', 0.05206696], ['RELIGION AND SPIRITUALITY', 0.05189276], ['BUSINESS', 0.05023265], ['SCIENCE', 0.05007082]]","[['DOGS', 0.37], ['PETS', 0.18]]",False,14,10,18:26:53.081651
Mary shot my telescope with John on Bob in John by my elephant outside my park in a dog outside Bob,"[['TRAVEL', 0.06014841], ['PETS', 0.05736693], ['SPORTS', 0.05712365], ['HEALTH AND FITNESS', 0.05506338], ['EDUCATION', 0.05122667]]","[['DOGS', 0.31], ['PETS', 0.18]]",False,15,10,18:26:54.715913
Mary shot an pajamas,"[['SPORTS', 0.05308722], ['HEALTH AND FITNESS', 0.05136749], ['TECHNOLOGY AND COMPUTING', 0.0497299], ['BUSINESS', 0.04963067], ['SOCIETY', 0.04919684]]","[['HOBBIES & INTERESTS', 0.08], ['NEEDLEWORK', 0.06]]",True,16,11,18:26:56.220516
I wounded I,"[['SPORTS', 0.05182036], ['TECHNOLOGY AND COMPUTING', 0.05046428], ['HOBBIES AND INTERESTS', 0.0502447], ['ARTS AND ENTERTAINMENT', 0.04912202], ['FOOD AND DRINK', 0.0491023]]","[['ROAD-SIDE ASSISTANCE', 0.11], ['HOBBIES & INTERESTS', 0.08], ['AUTOMOTIVE', 0.07], ['BIRDWATCHING', 0.05]]",True,17,12,18:26:57.919581
an dog with Mary killed my elephant,"[['PETS', 0.05813718], ['RELIGION AND SPIRITUALITY', 0.05201246], ['AUTOMOTIVE', 0.05148428], ['HOBBIES AND INTERESTS', 0.05077626], ['EDUCATION', 0.05044471]]","[['DOGS', 0.45], ['PETS', 0.41]]",False,18,12,18:27:00.023747
Mary wounded my monkey by Bob with an cat,"[['PETS', 0.06635326], ['HEALTH AND FITNESS', 0.05207273], ['STYLE AND FASHION', 0.05034489], ['SPORTS', 0.04911999], ['TECHNOLOGY AND COMPUTING', 0.04869901]]","[['CATS', 0.5], ['PETS', 0.11]]",False,19,12,18:27:03.343941
John ate I with Mary outside Mary,"[['SPORTS', 0.05332072], ['RELIGION AND SPIRITUALITY', 0.05304017], ['ARTS AND ENTERTAINMENT', 0.0516831], ['FOOD AND DRINK', 0.05116797], ['EDUCATION', 0.05082532]]","[['EXTREME GRAPHIC/EXPLICIT VIOLENCE', 0.2], ['BARBECUES & GRILLING', 0.09], ['HOBBIES & INTERESTS', 0.07], ['NON-STANDARD CONTENT', 0.06], ['NEEDLEWORK', 0.06]]",True,20,13,18:27:05.974056
an fish in my telescope outside an fish by Bob killed my park,"[['TRAVEL', 0.06000451], ['PETS', 0.05856405], ['SPORTS', 0.05774335], ['RELIGION AND SPIRITUALITY', 0.05488583], ['FOOD AND DRINK', 0.05032784]]","[['AQUARIUMS', 0.75], ['PETS', 0.4]]",False,21,13,18:27:08.751207
Bob ate Mary in Bob,"[['SPORTS', 0.05142564], ['ARTS AND ENTERTAINMENT', 0.05100274], ['HEALTH AND FITNESS', 0.05057892], ['BUSINESS', 0.05030739], ['STYLE AND FASHION', 0.0493508]]","[['HOBBIES & INTERESTS', 0.08], ['NEEDLEWORK', 0.05]]",True,22,14,18:27:10.090960
my dog wounded John,"[['PETS', 0.06230026], ['AUTOMOTIVE', 0.05291595], ['EDUCATION', 0.05217245], ['ARTS AND ENTERTAINMENT', 0.05031521], ['LAW GOVERNMENT AND POLITICS', 0.04908309]]","[['DOGS', 0.61], ['PETS', 0.41]]",False,23,14,18:27:19.799760
the dog on Bob shot an elephant,"[['PETS', 0.05692258], ['SPORTS', 0.05558139], ['TRAVEL', 0.05175741], ['BUSINESS', 0.05062823], ['ARTS AND ENTERTAINMENT', 0.04988315]]","[['DOGS', 0.46], ['PETS', 0.37]]",False,24,14,18:27:26.961616
the monkey shot John by an pajamas on Bob,"[['SPORTS', 0.06384774], ['BUSINESS', 0.05193597], ['LAW GOVERNMENT AND POLITICS', 0.05070026], ['HEALTH AND FITNESS', 0.0501129], ['ARTS AND ENTERTAINMENT', 0.04942705]]","[['HOBBIES & INTERESTS', 0.08], ['SCREENWRITING', 0.05]]",True,25,15,18:27:28.575976
John walked John by Bob outside my telescope by I,"[['SPORTS', 0.05761876], ['ARTS AND ENTERTAINMENT', 0.05182432], ['HEALTH AND FITNESS', 0.051264], ['RELIGION AND SPIRITUALITY', 0.05123078], ['PETS', 0.04997519]]","[['EXTREME GRAPHIC/EXPLICIT VIOLENCE', 0.18], ['HOBBIES & INTERESTS', 0.08], ['NON-STANDARD CONTENT', 0.07], ['SPORTS', 0.06], ['SCREENWRITING', 0.06]]",True,26,16,18:27:30.234770
I shot Mary,"[['SPORTS', 0.05619768], ['TECHNOLOGY AND COMPUTING', 0.05332812], ['HEALTH AND FITNESS', 0.0495841], ['ARTS AND ENTERTAINMENT', 0.04952431], ['HOBBIES AND INTERESTS', 0.04872794]]","[['HOBBIES & INTERESTS', 0.08], ['NEEDLEWORK', 0.06]]",True,27,17,18:27:31.745703
Bob saw my telescope outside Mary on John,"[['HEALTH AND FITNESS', 0.05687176], ['EDUCATION', 0.05237202], ['SPORTS', 0.05235913], ['ARTS AND ENTERTAINMENT', 0.05147573], ['BUSINESS', 0.05133184]]","[['HOBBIES & INTERESTS', 0.08], ['NEEDLEWORK', 0.06]]",True,28,18,18:27:33.327681
I walked I by I by an dog,"[['PETS', 0.0558898], ['HOBBIES AND INTERESTS', 0.05168633], ['AUTOMOTIVE', 0.05126229], ['ARTS AND ENTERTAINMENT', 0.05108557], ['TECHNOLOGY AND COMPUTING', 0.04954185]]","[['DOGS', 0.74], ['PETS', 0.53]]",False,29,18,18:27:35.727946
Bob walked John in Bob,"[['SPORTS', 0.05487139], ['ARTS AND ENTERTAINMENT', 0.05366777], ['LAW GOVERNMENT AND POLITICS', 0.05071918], ['PERSONAL FINANCE', 0.04970713], ['PETS', 0.04903194]]","[['HOBBIES & INTERESTS', 0.08], ['SPORTS', 0.07], ['SCREENWRITING', 0.05], ['WATERSKI/WAKEBOARD', 0.04]]",True,30,19,18:27:37.460794
I shot my elephant with Mary,"[['SPORTS', 0.05405787], ['TECHNOLOGY AND COMPUTING', 0.05382609], ['HEALTH AND FITNESS', 0.05328316], ['TRAVEL', 0.05160153], ['HOBBIES AND INTERESTS', 0.05102218]]","[['HOBBIES & INTERESTS', 0.08], ['NEEDLEWORK', 0.06]]",True,31,20,18:27:38.782581
Mary saw a cat with John by an monkey on Bob on Mary on a man with John,"[['PETS', 0.05900508], ['ARTS AND ENTERTAINMENT', 0.05454078], ['SPORTS', 0.05417911], ['HEALTH AND FITNESS', 0.05365875], ['EDUCATION', 0.05190725]]","[['CATS', 0.41], ['PROFANE CONTENT', 0.19], ['PETS', 0.08], ['NON-STANDARD CONTENT', 0.08]]",True,32,21,18:27:40.275708
an park in Bob saw my dog,"[['PETS', 0.06155334], ['TRAVEL', 0.05628612], ['AUTOMOTIVE', 0.05541129], ['HOBBIES AND INTERESTS', 0.05076579], ['HEALTH AND FITNESS', 0.05071006]]","[['DOGS', 0.67], ['PETS', 0.48]]",False,33,21,18:27:43.305802
Bob shot my man in Mary in my elephant,"[['SPORTS', 0.0590152], ['HEALTH AND FITNESS', 0.05721083], ['TRAVEL', 0.05242625], ['ARTS AND ENTERTAINMENT', 0.05143139], ['SOCIETY', 0.04992635]]","[['PROFANE CONTENT', 0.2], ['HOBBIES & INTERESTS', 0.08], ['NON-STANDARD CONTENT', 0.07], ['NEEDLEWORK', 0.06]]",True,34,22,18:27:46.175302
John killed an elephant,"[['LAW GOVERNMENT AND POLITICS', 0.05307885], ['RELIGION AND SPIRITUALITY', 0.05141108], ['EDUCATION', 0.05078197], ['BUSINESS', 0.04884249], ['PERSONAL FINANCE', 0.04842574]]","[['LARGE ANIMALS', 0.58], ['EXTREME GRAPHIC/EXPLICIT VIOLENCE', 0.2], ['ISLAM', 0.15], ['PETS', 0.07], ['RELIGION & SPIRITUALITY', 0.07]]",True,35,23,18:27:59.927751
Mary shot Mary on my man,"[['HEALTH AND FITNESS', 0.0551996], ['SPORTS', 0.05350366], ['TRAVEL', 0.05066547], ['RELIGION AND SPIRITUALITY', 0.05040002], ['SOCIETY', 0.04992592]]","[['PROFANE CONTENT', 0.2], ['NON-STANDARD CONTENT', 0.07], ['HOBBIES & INTERESTS', 0.07], ['NEEDLEWORK', 0.07]]",True,36,24,18:28:01.183435
Mary shot an man by the man on Mary with a cat with an dog,"[['PETS', 0.06931492], ['ARTS AND ENTERTAINMENT', 0.05179381], ['EDUCATION', 0.04994307], ['SCIENCE', 0.04974666], ['REAL ESTATE', 0.04908023]]","[['CATS', 0.36], ['PETS', 0.34]]",False,37,24,18:28:02.619192
Mary shot Mary outside John on an park with John,"[['SPORTS', 0.05957155], ['TRAVEL', 0.0563931], ['HEALTH AND FITNESS', 0.05310463], ['BUSINESS', 0.05224613], ['RELIGION AND SPIRITUALITY', 0.05197192]]","[['NATIONAL PARKS', 0.25], ['EXTREME GRAPHIC/EXPLICIT VIOLENCE', 0.19], ['TRAVEL', 0.08], ['HOBBIES & INTERESTS', 0.07], ['NON-STANDARD CONTENT', 0.06]]",True,38,25,18:28:04.038430
Bob wounded John outside Mary,"[['SPORTS', 0.05598974], ['BUSINESS', 0.05336074], ['ARTS AND ENTERTAINMENT', 0.05328397], ['HEALTH AND FITNESS', 0.05175352], ['RELIGION AND SPIRITUALITY', 0.05082437]]","[['HOBBIES & INTERESTS', 0.08], ['NEEDLEWORK', 0.06]]",True,39,26,18:28:05.347073
my elephant killed Mary with my elephant in I,"[['RELIGION AND SPIRITUALITY', 0.05378218], ['HOBBIES AND INTERESTS', 0.05278319], ['TECHNOLOGY AND COMPUTING', 0.05096815], ['HOME AND GARDEN', 0.05065983], ['TRAVEL', 0.05044742]]","[['LARGE ANIMALS', 0.61], ['PETS', 0.08], ['HOBBIES & INTERESTS', 0.06], ['NEEDLEWORK', 0.06]]",True,40,27,18:28:06.831779
an cat with Mary killed John,"[['PETS', 0.0621911], ['LAW GOVERNMENT AND POLITICS', 0.05223263], ['EDUCATION', 0.05123074], ['RELIGION AND SPIRITUALITY', 0.05081612], ['ARTS AND ENTERTAINMENT', 0.04897123]]","[['CATS', 0.64], ['PETS', 0.19]]",False,41,27,18:28:08.243170
Bob saw Mary on a park in Mary,"[['SPORTS', 0.05400875], ['HEALTH AND FITNESS', 0.05324233], ['TRAVEL', 0.05182628], ['BUSINESS', 0.05146239], ['ARTS AND ENTERTAINMENT', 0.05138429]]","[['NATIONAL PARKS', 0.26], ['TRAVEL', 0.09]]",False,42,27,18:28:09.702649
an dog outside I shot Mary outside my elephant,"[['PETS', 0.05565988], ['TRAVEL', 0.05504542], ['RELIGION AND SPIRITUALITY', 0.05263063], ['TECHNOLOGY AND COMPUTING', 0.05217224], ['SPORTS', 0.05178502]]","[['DOGS', 0.46], ['PETS', 0.37]]",False,43,27,18:28:11.108450
Mary saw I with Bob,"[['SPORTS', 0.05482347], ['HOBBIES AND INTERESTS', 0.0540258], ['ARTS AND ENTERTAINMENT', 0.05257505], ['HEALTH AND FITNESS', 0.04994835], ['TECHNOLOGY AND COMPUTING', 0.04948559]]","[['HOBBIES & INTERESTS', 0.08], ['SPORTS', 0.06], ['NEEDLEWORK', 0.06], ['WATERSKI/WAKEBOARD', 0.04]]",True,44,28,18:28:12.563335
an pajamas in John saw my man by I,"[['HEALTH AND FITNESS', 0.05549064], ['HOBBIES AND INTERESTS', 0.05493133], ['SPORTS', 0.05394953], ['EDUCATION', 0.05239301], ['AUTOMOTIVE', 0.05208674]]","[['HATE CONTENT', 0.24], ['NON-STANDARD CONTENT', 0.1]]",True,45,29,18:28:13.937106
an man in an dog ate John,"[['EDUCATION', 0.05431413], ['PETS', 0.05425731], ['ARTS AND ENTERTAINMENT', 0.05413167], ['LAW GOVERNMENT AND POLITICS', 0.05044278], ['AUTOMOTIVE', 0.04845344]]","[['DOGS', 0.64], ['PETS', 0.34]]",False,46,29,18:28:15.629293
John saw Bob with Bob,"[['SPORTS', 0.05513734], ['ARTS AND ENTERTAINMENT', 0.05306926], ['BUSINESS', 0.05124405], ['LAW GOVERNMENT AND POLITICS', 0.05118835], ['EDUCATION', 0.05060219]]","[['HOBBIES & INTERESTS', 0.09], ['SPORTS', 0.07], ['SCREENWRITING', 0.05], ['WATERSKI/WAKEBOARD', 0.04]]",True,47,30,18:28:16.861050
my man on the fish walked an telescope with Bob outside Mary,"[['SPORTS', 0.05837482], ['PETS', 0.05778195], ['RELIGION AND SPIRITUALITY', 0.05508937], ['HEALTH AND FITNESS', 0.05214595], ['ARTS AND ENTERTAINMENT', 0.05166097]]","[['AQUARIUMS', 0.52], ['PETS', 0.14]]",False,48,30,18:28:18.170830
my elephant on Mary killed I in the monkey by I,"[['HOBBIES AND INTERESTS', 0.05315962], ['RELIGION AND SPIRITUALITY', 0.05278722], ['TRAVEL', 0.05162091], ['HOME AND GARDEN', 0.05095256], ['STYLE AND FASHION', 0.05089322]]","[['LARGE ANIMALS', 0.41], ['EXTREME GRAPHIC/EXPLICIT VIOLENCE', 0.21], ['HINDUISM', 0.17], ['ROAD-SIDE ASSISTANCE', 0.1], ['HOBBIES & INTERESTS', 0.06]]",True,49,31,18:28:19.501623
my monkey by I walked I with I,"[['SPORTS', 0.05247646], ['HOBBIES AND INTERESTS', 0.0520981], ['TRAVEL', 0.05142749], ['TECHNOLOGY AND COMPUTING', 0.05135529], ['AUTOMOTIVE', 0.05077829]]","[['HOBBIES & INTERESTS', 0.07], ['BIRDWATCHING', 0.05]]",True,50,32,18:28:20.777467
Bob ate I in a fish,"[['SPORTS', 0.06256982], ['FOOD AND DRINK', 0.05608923], ['PETS', 0.05559153], ['ARTS AND ENTERTAINMENT', 0.05054004], ['TECHNOLOGY AND COMPUTING', 0.04831943]]","[['AQUARIUMS', 0.67], ['PETS', 0.22]]",False,51,32,18:28:22.223348
a elephant outside Mary shot an telescope by Bob on Mary outside I,"[['SPORTS', 0.06366748], ['TRAVEL', 0.05191143], ['HEALTH AND FITNESS', 0.05171468], ['TECHNOLOGY AND COMPUTING', 0.05124128], ['SCIENCE', 0.05045317]]","[['HOBBIES & INTERESTS', 0.08], ['NEEDLEWORK', 0.06]]",True,52,33,18:28:23.474556
John shot my pajamas outside my pajamas on an fish outside John in Bob by the park on the telescope outside I,"[['SPORTS', 0.07578159], ['TRAVEL', 0.05886877], ['PETS', 0.05490147], ['HEALTH AND FITNESS', 0.05233477], ['RELIGION AND SPIRITUALITY', 0.05154131]]","[['AQUARIUMS', 0.36], ['PETS', 0.12]]",False,53,33,18:28:24.720642
my elephant outside an elephant saw John on my monkey outside an elephant by Mary,"[['HEALTH AND FITNESS', 0.0554995], ['RELIGION AND SPIRITUALITY', 0.0525089], ['EDUCATION', 0.05247301], ['BUSINESS', 0.05066548], ['HOBBIES AND INTERESTS', 0.05062567]]","[['LARGE ANIMALS', 0.59], ['HOBBIES & INTERESTS', 0.07], ['PETS', 0.07], ['NEEDLEWORK', 0.05]]",True,54,34,18:28:26.062381
a monkey ate an monkey,"[['FOOD AND DRINK', 0.04991013], ['SPORTS', 0.04892373], ['BUSINESS', 0.04883888], ['EDUCATION', 0.04856437], ['STYLE AND FASHION', 0.04846277]]","[['BARBECUES & GRILLING', 0.09], ['HOBBIES & INTERESTS', 0.07], ['FOOD & DRINK', 0.06], ['BIRDWATCHING', 0.05]]",True,55,35,18:28:27.519866
Mary shot Bob by Bob,"[['SPORTS', 0.05833852], ['BUSINESS', 0.05175953], ['HEALTH AND FITNESS', 0.05099573], ['ARTS AND ENTERTAINMENT', 0.05032044], ['TECHNOLOGY AND COMPUTING', 0.04880581]]","[['HOBBIES & INTERESTS', 0.09], ['NEEDLEWORK', 0.05]]",True,56,36,18:28:28.856210
Mary saw Bob by Bob by John by an park on Bob,"[['SPORTS', 0.05574071], ['ARTS AND ENTERTAINMENT', 0.05403883], ['HEALTH AND FITNESS', 0.0532173], ['BUSINESS', 0.05183992], ['EDUCATION', 0.05132902]]","[['NATIONAL PARKS', 0.17], ['HOBBIES & INTERESTS', 0.08], ['SPORTS', 0.07], ['TRAVEL', 0.06], ['BIRDWATCHING', 0.06]]",True,57,37,18:28:30.294783
Bob ate Mary outside I,"[['SPORTS', 0.05710899], ['ARTS AND ENTERTAINMENT', 0.05157635], ['HEALTH AND FITNESS', 0.05100882], ['FOOD AND DRINK', 0.05074014], ['TECHNOLOGY AND COMPUTING', 0.05059913]]","[['BARBECUES & GRILLING', 0.09], ['HOBBIES & INTERESTS', 0.08], ['FOOD & DRINK', 0.07], ['NEEDLEWORK', 0.06]]",True,58,38,18:28:31.535490
Bob wounded an pajamas,"[['SPORTS', 0.0541032], ['HEALTH AND FITNESS', 0.04969922], ['BUSINESS', 0.04962042], ['ARTS AND ENTERTAINMENT', 0.049554], ['PETS', 0.04899211]]","[['HOBBIES & INTERESTS', 0.08], ['BIRDWATCHING', 0.05]]",True,59,39,18:28:32.795279
Mary shot an fish outside an telescope with John,"[['SPORTS', 0.06154577], ['RELIGION AND SPIRITUALITY', 0.05583083], ['PETS', 0.05464196], ['FOOD AND DRINK', 0.05032955], ['BUSINESS', 0.04912586]]","[['AQUARIUMS', 0.54], ['PETS', 0.17]]",False,60,39,18:28:34.246434
I shot an cat,"[['PETS', 0.05967603], ['SPORTS', 0.05623517], ['TECHNOLOGY AND COMPUTING', 0.05322042], ['HOBBIES AND INTERESTS', 0.04923659], ['ARTS AND ENTERTAINMENT', 0.04817257]]","[['CATS', 0.77], ['PETS', 0.28]]",False,61,39,18:28:35.621796
Bob wounded Bob,"[['SPORTS', 0.05387063], ['ARTS AND ENTERTAINMENT', 0.0503448], ['BUSINESS', 0.05002798], ['PETS', 0.04903827], ['HEALTH AND FITNESS', 0.04865308]]","[['HOBBIES & INTERESTS', 0.09], ['BIRDWATCHING', 0.05]]",True,62,40,18:28:36.940449
John walked John,"[['ARTS AND ENTERTAINMENT', 0.05139062], ['LAW GOVERNMENT AND POLITICS', 0.05050803], ['EDUCATION', 0.04975701], ['PERSONAL FINANCE', 0.04965789], ['SPORTS', 0.0496155]]","[['HATE CONTENT', 0.18], ['NON-STANDARD CONTENT', 0.08], ['HOBBIES & INTERESTS', 0.07], ['SCREENWRITING', 0.06]]",True,63,41,18:28:38.302197
John ate a fish with my fish,"[['PETS', 0.05786166], ['FOOD AND DRINK', 0.05384973], ['SPORTS', 0.05343023], ['RELIGION AND SPIRITUALITY', 0.051537], ['EDUCATION', 0.05110374]]","[['AQUARIUMS', 0.82], ['PETS', 0.42]]",False,64,41,18:28:39.778197
my man in John saw I,"[['HOBBIES AND INTERESTS', 0.05658999], ['SPORTS', 0.05388907], ['ARTS AND ENTERTAINMENT', 0.05335248], ['AUTOMOTIVE', 0.05257794], ['HEALTH AND FITNESS', 0.05229512]]","[['HATE CONTENT', 0.24], ['NON-STANDARD CONTENT', 0.15]]",True,65,42,18:28:41.058194
the dog by Bob ate Bob by John,"[['PETS', 0.05880101], ['ARTS AND ENTERTAINMENT', 0.0538733], ['EDUCATION', 0.05224341], ['SPORTS', 0.0505672], ['LAW GOVERNMENT AND POLITICS', 0.05037252]]","[['DOGS', 0.43], ['PETS', 0.19]]",False,66,42,18:28:42.396688
John shot Mary,"[['SPORTS', 0.05468059], ['ARTS AND ENTERTAINMENT', 0.05070937], ['LAW GOVERNMENT AND POLITICS', 0.05060713], ['BUSINESS', 0.05042928], ['HEALTH AND FITNESS', 0.0502864]]","[['EXTREME GRAPHIC/EXPLICIT VIOLENCE', 0.19], ['HOBBIES & INTERESTS', 0.08], ['NON-STANDARD CONTENT', 0.07], ['NEEDLEWORK', 0.06]]",True,67,43,18:28:43.704921
I killed Mary,"[['RELIGION AND SPIRITUALITY', 0.05277461], ['TECHNOLOGY AND COMPUTING', 0.05042963], ['HOBBIES AND INTERESTS', 0.05039663], ['SCIENCE', 0.04986917], ['HOME AND GARDEN', 0.04923494]]","[['CATHOLICISM', 0.19], ['RELIGION & SPIRITUALITY', 0.09]]",True,68,44,18:28:45.022539
John walked John,"[['ARTS AND ENTERTAINMENT', 0.05139062], ['LAW GOVERNMENT AND POLITICS', 0.05050803], ['EDUCATION', 0.04975701], ['PERSONAL FINANCE', 0.04965789], ['SPORTS', 0.0496155]]","[['HATE CONTENT', 0.18], ['NON-STANDARD CONTENT', 0.08], ['HOBBIES & INTERESTS', 0.07], ['SCREENWRITING', 0.06]]",True,68,44,18:28:46.430485
Mary wounded my fish in an monkey outside I,"[['RELIGION AND SPIRITUALITY', 0.05794014], ['SPORTS', 0.05630048], ['PETS', 0.05608087], ['FOOD AND DRINK', 0.05279904], ['TECHNOLOGY AND COMPUTING', 0.05014994]]","[['AQUARIUMS', 0.58], ['PETS', 0.16]]",False,69,44,18:28:47.726702
my dog with I walked an telescope,"[['PETS', 0.06093328], ['AUTOMOTIVE', 0.05514818], ['SCIENCE', 0.05084327], ['HOBBIES AND INTERESTS', 0.05069743], ['TRAVEL', 0.04940769]]","[['DOGS', 0.57], ['PETS', 0.34]]",False,70,44,18:28:48.997718
an dog killed I by Mary,"[['PETS', 0.05528048], ['RELIGION AND SPIRITUALITY', 0.05151102], ['HOBBIES AND INTERESTS', 0.0514302], ['HOME AND GARDEN', 0.0492119], ['SCIENCE', 0.04913676]]","[['DOGS', 0.64], ['PETS', 0.46]]",False,71,44,18:28:50.347436
John killed an telescope by Bob,"[['LAW GOVERNMENT AND POLITICS', 0.05322254], ['SPORTS', 0.05113822], ['BUSINESS', 0.05055627], ['SCIENCE', 0.05042503], ['EDUCATION', 0.05021512]]","[['EXTREME GRAPHIC/EXPLICIT VIOLENCE', 0.2], ['ISLAM', 0.14], ['HOBBIES & INTERESTS', 0.07], ['RELIGION & SPIRITUALITY', 0.06], ['NON-STANDARD CONTENT', 0.06]]",True,72,45,18:28:51.691692
Bob saw the pajamas with the park with an park,"[['SPORTS', 0.05626924], ['TRAVEL', 0.05365505], ['HEALTH AND FITNESS', 0.05264971], ['BUSINESS', 0.05020384], ['ARTS AND ENTERTAINMENT', 0.04970035]]","[['NATIONAL PARKS', 0.59], ['TRAVEL', 0.11]]",False,73,45,18:28:52.974575
John ate Mary,"[['EDUCATION', 0.05206724], ['ARTS AND ENTERTAINMENT', 0.05135928], ['LAW GOVERNMENT AND POLITICS', 0.05035573], ['HEALTH AND FITNESS', 0.04983884], ['BUSINESS', 0.04897854]]","[['EXTREME GRAPHIC/EXPLICIT VIOLENCE', 0.19], ['BARBECUES & GRILLING', 0.1], ['NON-STANDARD CONTENT', 0.07], ['HOBBIES & INTERESTS', 0.07], ['FOOD & DRINK', 0.06]]",True,74,46,18:28:54.241770
an cat shot I by John,"[['PETS', 0.0593398], ['SPORTS', 0.05815075], ['TECHNOLOGY AND COMPUTING', 0.05099729], ['ARTS AND ENTERTAINMENT', 0.05011331], ['LAW GOVERNMENT AND POLITICS', 0.04902219]]","[['CATS', 0.72], ['PETS', 0.22]]",False,75,46,18:28:55.466983
my elephant by John shot the telescope outside John on Bob,"[['SPORTS', 0.06180003], ['HEALTH AND FITNESS', 0.05391203], ['TRAVEL', 0.0530806], ['BUSINESS', 0.0501868], ['PETS', 0.04922181]]","[['HOBBIES & INTERESTS', 0.09], ['SCREENWRITING', 0.06]]",True,76,47,18:28:56.714421
Bob shot an dog outside Mary,"[['PETS', 0.05833525], ['SPORTS', 0.05589371], ['BUSINESS', 0.05436422], ['ARTS AND ENTERTAINMENT', 0.05088552], ['TRAVEL', 0.05015603]]","[['DOGS', 0.54], ['PETS', 0.32]]",False,77,47,18:28:57.954366
my pajamas killed a telescope,"[['SCIENCE', 0.05326362], ['RELIGION AND SPIRITUALITY', 0.0517244], ['HEALTH AND FITNESS', 0.05011635], ['AUTOMOTIVE', 0.04990484], ['EDUCATION', 0.04955099]]","[['HINDUISM', 0.15], ['ROAD-SIDE ASSISTANCE', 0.1], ['HOBBIES & INTERESTS', 0.07], ['AUTOMOTIVE', 0.06], ['RELIGION & SPIRITUALITY', 0.06]]",True,78,48,18:28:59.335994
Mary killed my monkey,"[['RELIGION AND SPIRITUALITY', 0.05330887], ['HEALTH AND FITNESS', 0.05036107], ['STYLE AND FASHION', 0.05028078], ['TRAVEL', 0.04910668], ['HOBBIES AND INTERESTS', 0.04883374]]","[['PAGAN/WICCAN', 0.15], ['ROAD-SIDE ASSISTANCE', 0.1], ['RELIGION & SPIRITUALITY', 0.07], ['HOBBIES & INTERESTS', 0.06], ['NEEDLEWORK', 0.06]]",True,79,49,18:29:00.672134
the telescope killed Mary by my dog,"[['PETS', 0.06235157], ['SCIENCE', 0.05332095], ['RELIGION AND SPIRITUALITY', 0.05164717], ['EDUCATION', 0.05102944], ['AUTOMOTIVE', 0.05073921]]","[['DOGS', 0.51], ['PETS', 0.32]]",False,80,49,18:29:01.925257
an cat saw an cat on Mary,"[['PETS', 0.06146926], ['HOBBIES AND INTERESTS', 0.05183047], ['HEALTH AND FITNESS', 0.05073952], ['EDUCATION', 0.04954087], ['SCIENCE', 0.0490661]]","[['CATS', 0.81], ['PETS', 0.33]]",False,81,49,18:29:03.187211
I walked I with I,"[['SPORTS', 0.05247297], ['TECHNOLOGY AND COMPUTING', 0.05108281], ['HOBBIES AND INTERESTS', 0.05060497], ['ARTS AND ENTERTAINMENT', 0.04985827], ['FOOD AND DRINK', 0.04874076]]","[['GARDENING', 0.19], ['OFF-ROAD VEHICLES', 0.09], ['HOBBIES & INTERESTS', 0.07], ['AUTOMOTIVE', 0.06], ['HOME & GARDEN', 0.06]]",True,82,50,18:29:04.420811
Bob killed a dog on Mary,"[['PETS', 0.05891746], ['BUSINESS', 0.05150649], ['ARTS AND ENTERTAINMENT', 0.05026593], ['LAW GOVERNMENT AND POLITICS', 0.04950876], ['REAL ESTATE', 0.0490541]]","[['DOGS', 0.55], ['PETS', 0.36]]",False,83,50,18:29:05.686960
John saw the man outside I with I,"[['SPORTS', 0.05891269], ['ARTS AND ENTERTAINMENT', 0.05380258], ['HOBBIES AND INTERESTS', 0.05247592], ['HEALTH AND FITNESS', 0.05177302], ['EDUCATION', 0.05145848]]","[['HATE CONTENT', 0.24], ['NON-STANDARD CONTENT', 0.15]]",True,84,51,18:29:06.981147
an man walked my man with John on I,"[['ARTS AND ENTERTAINMENT', 0.05385713], ['SPORTS', 0.0534068], ['RELIGION AND SPIRITUALITY', 0.05181932], ['HOBBIES AND INTERESTS', 0.05132272], ['HEALTH AND FITNESS', 0.05066178]]","[['PROFANE CONTENT', 0.24], ['NON-STANDARD CONTENT', 0.14]]",True,85,52,18:29:08.266082
Mary wounded my monkey on I in Bob,"[['SPORTS', 0.05534771], ['STYLE AND FASHION', 0.05189967], ['HEALTH AND FITNESS', 0.05105331], ['TECHNOLOGY AND COMPUTING', 0.05083285], ['HOBBIES AND INTERESTS', 0.05048458]]","[['HOBBIES & INTERESTS', 0.08], ['NEEDLEWORK', 0.06]]",True,86,53,18:29:09.597746
I wounded my elephant outside Mary in Mary,"[['RELIGION AND SPIRITUALITY', 0.0545656], ['HEALTH AND FITNESS', 0.05288062], ['TRAVEL', 0.05164988], ['TECHNOLOGY AND COMPUTING', 0.05155663], ['SPORTS', 0.05017983]]","[['HOBBIES & INTERESTS', 0.07], ['NEEDLEWORK', 0.06]]",True,87,54,18:29:10.853414
I killed John on an elephant outside Bob,"[['SPORTS', 0.05768704], ['RELIGION AND SPIRITUALITY', 0.05318923], ['TRAVEL', 0.05084195], ['LAW GOVERNMENT AND POLITICS', 0.05067027], ['ARTS AND ENTERTAINMENT', 0.05014229]]","[['LARGE ANIMALS', 0.49], ['EXTREME GRAPHIC/EXPLICIT VIOLENCE', 0.19], ['HINDUISM', 0.14], ['HOBBIES & INTERESTS', 0.07], ['PETS', 0.07]]",True,88,55,18:29:12.133045
my telescope with Mary ate John in John,"[['EDUCATION', 0.05306165], ['HEALTH AND FITNESS', 0.05252328], ['SCIENCE', 0.04971892], ['ARTS AND ENTERTAINMENT', 0.04907267], ['FAMILY AND PARENTING', 0.04906612]]","[['EXTREME GRAPHIC/EXPLICIT VIOLENCE', 0.19], ['NON-STANDARD CONTENT', 0.07], ['HOBBIES & INTERESTS', 0.07], ['SCREENWRITING', 0.06]]",True,89,56,18:29:13.465056
a park walked the man by my park with a dog with a dog by Mary,"[['TRAVEL', 0.05796646], ['PETS', 0.05597192], ['AUTOMOTIVE', 0.05227572], ['ARTS AND ENTERTAINMENT', 0.05205031], ['HEALTH AND FITNESS', 0.05085219]]","[['DOGS', 0.74], ['PETS', 0.53]]",False,90,56,18:29:14.834539
I wounded John,"[['SPORTS', 0.05361764], ['ARTS AND ENTERTAINMENT', 0.05169524], ['LAW GOVERNMENT AND POLITICS', 0.04954635], ['HOBBIES AND INTERESTS', 0.049493], ['RELIGION AND SPIRITUALITY', 0.0488516]]","[['HOBBIES & INTERESTS', 0.08], ['SCREENWRITING', 0.06]]",True,91,57,18:29:16.401466
an elephant by I walked an monkey,"[['TRAVEL', 0.0519118], ['SPORTS', 0.0518067], ['TECHNOLOGY AND COMPUTING', 0.05171039], ['HOBBIES AND INTERESTS', 0.05119022], ['HOME AND GARDEN', 0.04922689]]","[['LARGE ANIMALS', 0.4], ['HOBBIES & INTERESTS', 0.07], ['PETS', 0.06], ['BIRDWATCHING', 0.05]]",True,92,58,18:29:17.825421
Bob killed Mary with Bob with John by Mary,"[['LAW GOVERNMENT AND POLITICS', 0.05318251], ['BUSINESS', 0.05180628], ['ARTS AND ENTERTAINMENT', 0.05161569], ['SPORTS', 0.05023156], ['RELIGION AND SPIRITUALITY', 0.05007582]]","[['EXTREME GRAPHIC/EXPLICIT VIOLENCE', 0.2], ['HOBBIES & INTERESTS', 0.07], ['SPORTS', 0.06], ['NEEDLEWORK', 0.06], ['NON-STANDARD CONTENT', 0.06]]",True,93,59,18:29:19.378262
Mary ate Bob,"[['SPORTS', 0.05142564], ['ARTS AND ENTERTAINMENT', 0.05100274], ['HEALTH AND FITNESS', 0.05057892], ['BUSINESS', 0.05030739], ['STYLE AND FASHION', 0.0493508]]","[['BARBECUES & GRILLING', 0.09], ['HOBBIES & INTERESTS', 0.08], ['FOOD & DRINK', 0.07], ['NEEDLEWORK', 0.06]]",True,94,60,18:29:20.798602
Bob shot Mary,"[['SPORTS', 0.05844467], ['BUSINESS', 0.05175828], ['HEALTH AND FITNESS', 0.0509945], ['ARTS AND ENTERTAINMENT', 0.05031923], ['TECHNOLOGY AND COMPUTING', 0.04880463]]","[['HOBBIES & INTERESTS', 0.09], ['NEEDLEWORK', 0.06]]",True,95,61,18:29:22.073064
I killed Mary by John,"[['RELIGION AND SPIRITUALITY', 0.05371793], ['LAW GOVERNMENT AND POLITICS', 0.05169938], ['ARTS AND ENTERTAINMENT', 0.05028195], ['EDUCATION', 0.04982124], ['HOBBIES AND INTERESTS', 0.04963772]]","[['CATHOLICISM', 0.26], ['RELIGION & SPIRITUALITY', 0.09]]",True,96,62,18:29:23.785260
the elephant wounded Bob,"[['SPORTS', 0.05383777], ['ARTS AND ENTERTAINMENT', 0.04965938], ['BUSINESS', 0.04960251], ['HEALTH AND FITNESS', 0.04897474], ['STYLE AND FASHION', 0.04841518]]","[['HOBBIES & INTERESTS', 0.09], ['BIRDWATCHING', 0.05]]",True,97,63,18:29:25.719168
a telescope killed an monkey,"[['SCIENCE', 0.05527148], ['LAW GOVERNMENT AND POLITICS', 0.04957999], ['RELIGION AND SPIRITUALITY', 0.04950971], ['BUSINESS', 0.04944401], ['TRAVEL', 0.04895038]]","[['HINDUISM', 0.17], ['ROAD-SIDE ASSISTANCE', 0.1], ['HOBBIES & INTERESTS', 0.06], ['AUTOMOTIVE', 0.06], ['RELIGION & SPIRITUALITY', 0.06]]",True,98,64,18:29:27.180912
John walked Bob with Bob,"[['SPORTS', 0.05477175], ['ARTS AND ENTERTAINMENT', 0.05366909], ['LAW GOVERNMENT AND POLITICS', 0.05072042], ['PERSONAL FINANCE', 0.04970835], ['PETS', 0.04903314]]","[['HOBBIES & INTERESTS', 0.08], ['SPORTS', 0.07], ['SCREENWRITING', 0.05], ['WATERSKI/WAKEBOARD', 0.04]]",True,99,65,18:29:28.740636
an cat walked I in a elephant,"[['PETS', 0.0603743], ['TECHNOLOGY AND COMPUTING', 0.05246127], ['HOBBIES AND INTERESTS', 0.05217619], ['SPORTS', 0.04923534], ['ARTS AND ENTERTAINMENT', 0.04869384]]","[['CATS', 0.58], ['PETS', 0.23]]",False,100,65,18:29:30.109280
Mary wounded Bob on John,"[['ARTS AND ENTERTAINMENT', 0.05399576], ['SPORTS', 0.05374894], ['BUSINESS', 0.05119815], ['LAW GOVERNMENT AND POLITICS', 0.05070672], ['HEALTH AND FITNESS', 0.05019645]]","[['HOBBIES & INTERESTS', 0.08], ['NEEDLEWORK', 0.06]]",True,101,66,18:29:31.647599
an pajamas with I killed Mary,"[['RELIGION AND SPIRITUALITY', 0.05265047], ['HOBBIES AND INTERESTS', 0.05033168], ['TECHNOLOGY AND COMPUTING', 0.05024857], ['SCIENCE', 0.04972891], ['HOME AND GARDEN', 0.04923102]]","[['EXTREME GRAPHIC/EXPLICIT VIOLENCE', 0.21], ['PAGAN/WICCAN', 0.15], ['ROAD-SIDE ASSISTANCE', 0.1], ['RELIGION & SPIRITUALITY', 0.07], ['HOBBIES & INTERESTS', 0.06]]",True,102,67,18:29:32.982404
Bob killed John by Bob by I,"[['SPORTS', 0.05536411], ['LAW GOVERNMENT AND POLITICS', 0.05227559], ['ARTS AND ENTERTAINMENT', 0.05164198], ['RELIGION AND SPIRITUALITY', 0.04974893], ['EDUCATION', 0.0483852]]","[['HOBBIES & INTERESTS', 0.08], ['SPORTS', 0.07], ['SCREENWRITING', 0.05], ['WATERSKI/WAKEBOARD', 0.04]]",True,103,68,18:29:34.212367
John walked John by I,"[['SPORTS', 0.05267564], ['ARTS AND ENTERTAINMENT', 0.05235919], ['RELIGION AND SPIRITUALITY', 0.04948736], ['LAW GOVERNMENT AND POLITICS', 0.04936211], ['HOBBIES AND INTERESTS', 0.04934798]]","[['HATE CONTENT', 0.18], ['NON-STANDARD CONTENT', 0.08], ['HOBBIES & INTERESTS', 0.07], ['SCREENWRITING', 0.06]]",True,104,69,18:29:35.473943
John saw I with a park in I,"[['SPORTS', 0.05632923], ['HOBBIES AND INTERESTS', 0.05413772], ['TRAVEL', 0.05224747], ['ARTS AND ENTERTAINMENT', 0.05172899], ['EDUCATION', 0.05056265]]","[['NATIONAL PARKS', 0.65], ['TRAVEL', 0.12]]",False,105,69,18:29:37.162542
an dog ate I by Bob,"[['PETS', 0.05740247], ['ARTS AND ENTERTAINMENT', 0.05223376], ['SPORTS', 0.05206423], ['HOBBIES AND INTERESTS', 0.04959434], ['FOOD AND DRINK', 0.04953421]]","[['DOGS', 0.58], ['PETS', 0.34]]",False,106,69,18:29:39.461491
Mary saw Bob with I,"[['SPORTS', 0.05479569], ['HOBBIES AND INTERESTS', 0.052739], ['ARTS AND ENTERTAINMENT', 0.05247906], ['HEALTH AND FITNESS', 0.051373], ['TECHNOLOGY AND COMPUTING', 0.04950231]]","[['HOBBIES & INTERESTS', 0.08], ['SPORTS', 0.06], ['NEEDLEWORK', 0.06], ['WATERSKI/WAKEBOARD', 0.04]]",True,107,70,18:29:41.050283
I walked I,"[['TECHNOLOGY AND COMPUTING', 0.0513004], ['SPORTS', 0.05105237], ['ARTS AND ENTERTAINMENT', 0.04991775], ['HOBBIES AND INTERESTS', 0.04958333], ['FOOD AND DRINK', 0.04884369]]","[['GARDENING', 0.19], ['OFF-ROAD VEHICLES', 0.09], ['HOBBIES & INTERESTS', 0.07], ['AUTOMOTIVE', 0.06], ['HOME & GARDEN', 0.06]]",True,108,71,18:29:42.571391
my pajamas wounded Bob outside the dog,"[['PETS', 0.06225072], ['AUTOMOTIVE', 0.05077833], ['HEALTH AND FITNESS', 0.05066429], ['TRAVEL', 0.05064305], ['SPORTS', 0.04989043]]","[['DOGS', 0.47], ['PETS', 0.26]]",False,109,71,18:29:44.178625
John killed Mary,"[['RELIGION AND SPIRITUALITY', 0.05330891], ['LAW GOVERNMENT AND POLITICS', 0.05292519], ['EDUCATION', 0.05101477], ['BUSINESS', 0.05003891], ['ARTS AND ENTERTAINMENT', 0.04939208]]","[['CATHOLICISM', 0.26], ['RELIGION & SPIRITUALITY', 0.09]]",True,110,72,18:29:45.952819
I killed Bob by my monkey,"[['SPORTS', 0.05248371], ['TRAVEL', 0.05106662], ['STYLE AND FASHION', 0.05045801], ['HOBBIES AND INTERESTS', 0.05019913], ['RELIGION AND SPIRITUALITY', 0.04934677]]","[['HINDUISM', 0.17], ['ROAD-SIDE ASSISTANCE', 0.11], ['HOBBIES & INTERESTS', 0.07], ['AUTOMOTIVE', 0.06], ['RELIGION & SPIRITUALITY', 0.06]]",True,111,73,18:29:47.434105
John wounded a park with Mary,"[['ARTS AND ENTERTAINMENT', 0.05164947], ['SPORTS', 0.05094025], ['HEALTH AND FITNESS', 0.05079997], ['EDUCATION', 0.05071214], ['TRAVEL', 0.05005797]]","[['NATIONAL PARKS', 0.41], ['TRAVEL', 0.09]]",False,112,73,18:29:49.691681
Mary killed a pajamas on Mary,"[['RELIGION AND SPIRITUALITY', 0.05220139], ['LAW GOVERNMENT AND POLITICS', 0.04950335], ['SCIENCE', 0.04945516], ['BUSINESS', 0.04924622], ['HEALTH AND FITNESS', 0.04921565]]","[['EXTREME GRAPHIC/EXPLICIT VIOLENCE', 0.21], ['CATHOLICISM', 0.19], ['OFF-ROAD VEHICLES', 0.09], ['NEEDLEWORK', 0.06], ['RELIGION & SPIRITUALITY', 0.06]]",True,113,74,18:29:51.504892
Mary killed my dog with Bob on John,"[['PETS', 0.06395665], ['EDUCATION', 0.05221685], ['LAW GOVERNMENT AND POLITICS', 0.05145823], ['ARTS AND ENTERTAINMENT', 0.05122741], ['RELIGION AND SPIRITUALITY', 0.05036306]]","[['DOGS', 0.52], ['PETS', 0.32]]",False,114,74,18:29:54.212956
John shot Mary on an cat with Mary,"[['PETS', 0.06112197], ['SPORTS', 0.05279044], ['ARTS AND ENTERTAINMENT', 0.0502947], ['LAW GOVERNMENT AND POLITICS', 0.04996219], ['HEALTH AND FITNESS', 0.04992159]]","[['CATS', 0.51], ['PETS', 0.11]]",False,115,74,18:29:55.843868
Mary saw an fish outside I,"[['SPORTS', 0.05700185], ['RELIGION AND SPIRITUALITY', 0.05492417], ['PETS', 0.05326616], ['FOOD AND DRINK', 0.05189118], ['HOBBIES AND INTERESTS', 0.05020169]]","[['AQUARIUMS', 0.75], ['PETS', 0.34]]",False,116,74,18:29:57.154612
the telescope in John wounded Mary,"[['SCIENCE', 0.05206729], ['EDUCATION', 0.05109788], ['ARTS AND ENTERTAINMENT', 0.0510013], ['LAW GOVERNMENT AND POLITICS', 0.05029001], ['HEALTH AND FITNESS', 0.04946861]]","[['HOBBIES & INTERESTS', 0.07], ['NEEDLEWORK', 0.06]]",True,117,75,18:29:58.477843
an telescope in an monkey ate Mary,"[['SCIENCE', 0.05452454], ['EDUCATION', 0.04964472], ['HEALTH AND FITNESS', 0.04951077], ['STYLE AND FASHION', 0.04922448], ['BUSINESS', 0.04916723]]","[['BARBECUES & GRILLING', 0.09], ['HOBBIES & INTERESTS', 0.07], ['FOOD & DRINK', 0.06], ['NEEDLEWORK', 0.06]]",True,118,76,18:29:59.838148
my telescope outside Bob saw Bob,"[['HEALTH AND FITNESS', 0.05453501], ['SPORTS', 0.05276256], ['PETS', 0.05049838], ['BUSINESS', 0.0501833], ['SCIENCE', 0.05006322]]","[['HOBBIES & INTERESTS', 0.09], ['BIRDWATCHING', 0.05]]",True,119,77,18:30:01.366946
Mary wounded Bob in my pajamas,"[['HEALTH AND FITNESS', 0.05396861], ['PETS', 0.05081146], ['STYLE AND FASHION', 0.05075622], ['SPORTS', 0.05036906], ['ARTS AND ENTERTAINMENT', 0.04935716]]","[['HOBBIES & INTERESTS', 0.08], ['NEEDLEWORK', 0.06]]",True,120,78,18:30:03.441744
John saw I in Mary outside Mary,"[['SPORTS', 0.05343685], ['ARTS AND ENTERTAINMENT', 0.05228999], ['HOBBIES AND INTERESTS', 0.05219658], ['RELIGION AND SPIRITUALITY', 0.05218191], ['EDUCATION', 0.05092338]]","[['EXTREME GRAPHIC/EXPLICIT VIOLENCE', 0.2], ['NEEDLEWORK', 0.07], ['HOBBIES & INTERESTS', 0.06], ['NON-STANDARD CONTENT', 0.06]]",True,121,79,18:30:05.092621
Bob shot Bob with a elephant by a cat with John,"[['PETS', 0.0619998], ['SPORTS', 0.06040299], ['ARTS AND ENTERTAINMENT', 0.05074789], ['LAW GOVERNMENT AND POLITICS', 0.05025682], ['BUSINESS', 0.04950712]]","[['CATS', 0.42], ['PETS', 0.13]]",False,122,79,18:30:06.691377
I shot a dog on I outside Mary,"[['PETS', 0.05454887], ['SPORTS', 0.0536876], ['RELIGION AND SPIRITUALITY', 0.05228656], ['TECHNOLOGY AND COMPUTING', 0.05087621], ['ARTS AND ENTERTAINMENT', 0.0505357]]","[['DOGS', 0.63], ['PETS', 0.42]]",False,123,79,18:30:08.581942
Mary saw Mary outside an telescope on John by the elephant,"[['EDUCATION', 0.05308534], ['HEALTH AND FITNESS', 0.05308012], ['BUSINESS', 0.05157298], ['SCIENCE', 0.05073202], ['RELIGION AND SPIRITUALITY', 0.0506393]]","[['EXTREME GRAPHIC/EXPLICIT VIOLENCE', 0.2], ['HOBBIES & INTERESTS', 0.07], ['NEEDLEWORK', 0.06], ['NON-STANDARD CONTENT', 0.06]]",True,124,80,18:30:09.972519
I wounded I with my monkey,"[['HOBBIES AND INTERESTS', 0.05167907], ['TECHNOLOGY AND COMPUTING', 0.05110941], ['AUTOMOTIVE', 0.05102549], ['HEALTH AND FITNESS', 0.05062442], ['SPORTS', 0.05057024]]","[['HOBBIES & INTERESTS', 0.08], ['BIRDWATCHING', 0.05]]",True,125,81,18:30:11.404654
I wounded a elephant in Bob in an pajamas on my pajamas with the cat by Mary,"[['PETS', 0.06403642], ['HEALTH AND FITNESS', 0.05273582], ['HOBBIES AND INTERESTS', 0.05205607], ['TECHNOLOGY AND COMPUTING', 0.05195892], ['SPORTS', 0.05164311]]","[['CATS', 0.34], ['PETS', 0.11]]",False,126,81,18:30:12.928612
I saw Mary outside an man on John,"[['SPORTS', 0.05584554], ['HEALTH AND FITNESS', 0.05447714], ['ARTS AND ENTERTAINMENT', 0.05415547], ['EDUCATION', 0.05328354], ['RELIGION AND SPIRITUALITY', 0.05277757]]","[['PROFANE CONTENT', 0.21], ['NON-STANDARD CONTENT', 0.11]]",True,127,82,18:30:14.415642
Bob shot an park outside Bob in John,"[['SPORTS', 0.06797245], ['TRAVEL', 0.05811914], ['BUSINESS', 0.05308574], ['HEALTH AND FITNESS', 0.0520659], ['ARTS AND ENTERTAINMENT', 0.05095883]]","[['NATIONAL PARKS', 0.28], ['HOBBIES & INTERESTS', 0.09], ['SPORTS', 0.07], ['TRAVEL', 0.07], ['BIRDWATCHING', 0.06]]",False,128,82,18:30:15.937012
Mary ate John,"[['EDUCATION', 0.05206724], ['ARTS AND ENTERTAINMENT', 0.05135928], ['LAW GOVERNMENT AND POLITICS', 0.05035573], ['HEALTH AND FITNESS', 0.04983884], ['BUSINESS', 0.04897854]]","[['EXTREME GRAPHIC/EXPLICIT VIOLENCE', 0.19], ['BARBECUES & GRILLING', 0.1], ['NON-STANDARD CONTENT', 0.07], ['HOBBIES & INTERESTS', 0.07], ['FOOD & DRINK', 0.06]]",True,129,83,18:30:17.234701
I wounded John by I,"[['SPORTS', 0.05347579], ['ARTS AND ENTERTAINMENT', 0.05165857], ['LAW GOVERNMENT AND POLITICS', 0.04958313], ['HOBBIES AND INTERESTS', 0.04945627], ['RELIGION AND SPIRITUALITY', 0.0490696]]","[['HOBBIES & INTERESTS', 0.08], ['SCREENWRITING', 0.06]]",True,130,84,18:30:18.514845
my park in a monkey by an man walked my fish in an elephant on an man,"[['TRAVEL', 0.06326416], ['SPORTS', 0.05592121], ['PETS', 0.05248686], ['RELIGION AND SPIRITUALITY', 0.05054838], ['HEALTH AND FITNESS', 0.04986564]]","[['AQUARIUMS', 0.43], ['PETS', 0.19]]",False,131,84,18:30:19.768986
I shot I,"[['SPORTS', 0.05814208], ['TECHNOLOGY AND COMPUTING', 0.05220861], ['TRAVEL', 0.04980162], ['FOOD AND DRINK', 0.04862244], ['HOBBIES AND INTERESTS', 0.0485896]]","[['HOBBIES & INTERESTS', 0.1], ['PHOTOGRAPHY', 0.07]]",True,132,85,18:30:21.220169
my pajamas with my elephant shot Mary with my fish,"[['SPORTS', 0.0564031], ['PETS', 0.05584392], ['RELIGION AND SPIRITUALITY', 0.05197352], ['TRAVEL', 0.0508053], ['HEALTH AND FITNESS', 0.05076614]]","[['AQUARIUMS', 0.49], ['PETS', 0.21]]",False,133,85,18:30:22.666509
John walked an man in John,"[['ARTS AND ENTERTAINMENT', 0.0539332], ['SPORTS', 0.05143505], ['LAW GOVERNMENT AND POLITICS', 0.05073609], ['EDUCATION', 0.050623], ['SOCIETY', 0.04985688]]","[['HATE CONTENT', 0.21], ['NON-STANDARD CONTENT', 0.11]]",True,134,86,18:30:23.883907
Bob ate my telescope on John,"[['SPORTS', 0.05222037], ['EDUCATION', 0.05152425], ['HEALTH AND FITNESS', 0.05144928], ['ARTS AND ENTERTAINMENT', 0.05064875], ['PETS', 0.05061993]]","[['HOBBIES & INTERESTS', 0.08], ['SCREENWRITING', 0.05]]",True,135,87,18:30:25.413803
an telescope by John ate John on my pajamas outside John outside I,"[['SPORTS', 0.0526712], ['RELIGION AND SPIRITUALITY', 0.05241845], ['HEALTH AND FITNESS', 0.05232356], ['EDUCATION', 0.05215098], ['FOOD AND DRINK', 0.05074024]]","[['EXTREME GRAPHIC/EXPLICIT VIOLENCE', 0.18], ['NON-STANDARD CONTENT', 0.07], ['HOBBIES & INTERESTS', 0.07], ['SCREENWRITING', 0.06]]",True,136,88,18:30:26.841504
an pajamas with I walked I,"[['SPORTS', 0.05127713], ['TECHNOLOGY AND COMPUTING', 0.05111848], ['HOBBIES AND INTERESTS', 0.04952163], ['ARTS AND ENTERTAINMENT', 0.04913783], ['AUTOMOTIVE', 0.04856151]]","[['HOBBIES & INTERESTS', 0.07], ['BIRDWATCHING', 0.05]]",True,137,89,18:30:28.117166
an fish by John ate the elephant with my man with I,"[['SPORTS', 0.05934043], ['FOOD AND DRINK', 0.0527847], ['PETS', 0.05177142], ['RELIGION AND SPIRITUALITY', 0.05176408], ['HOBBIES AND INTERESTS', 0.05100794]]","[['AQUARIUMS', 0.52], ['PETS', 0.22]]",False,138,89,18:30:29.532051
John saw Bob by I,"[['SPORTS', 0.05872331], ['ARTS AND ENTERTAINMENT', 0.05412492], ['HOBBIES AND INTERESTS', 0.05169159], ['LAW GOVERNMENT AND POLITICS', 0.05006], ['HEALTH AND FITNESS', 0.04975412]]","[['HOBBIES & INTERESTS', 0.08], ['SPORTS', 0.07], ['SCREENWRITING', 0.06], ['WATERSKI/WAKEBOARD', 0.04]]",True,139,90,18:30:30.840503
John ate John,"[['EDUCATION', 0.05159061], ['LAW GOVERNMENT AND POLITICS', 0.05059055], ['ARTS AND ENTERTAINMENT', 0.05036118], ['SPORTS', 0.04982371], ['FOOD AND DRINK', 0.04944297]]","[['EXTREME GRAPHIC/EXPLICIT VIOLENCE', 0.18], ['NON-STANDARD CONTENT', 0.08], ['HOBBIES & INTERESTS', 0.07], ['SCREENWRITING', 0.06]]",True,140,91,18:30:32.176872
my park in John walked Mary,"[['TRAVEL', 0.05318082], ['HEALTH AND FITNESS', 0.05249373], ['ARTS AND ENTERTAINMENT', 0.05111076], ['EDUCATION', 0.05085268], ['RELIGION AND SPIRITUALITY', 0.05028145]]","[['NATIONAL PARKS', 0.42], ['TRAVEL', 0.09]]",False,141,91,18:30:33.401112
I ate a elephant outside I,"[['SPORTS', 0.05388579], ['TRAVEL', 0.05292547], ['FOOD AND DRINK', 0.05201572], ['TECHNOLOGY AND COMPUTING', 0.05065688], ['RELIGION AND SPIRITUALITY', 0.05000721]]","[['LARGE ANIMALS', 0.49], ['FRENCH CUISINE', 0.09], ['HOBBIES & INTERESTS', 0.07], ['PETS', 0.06], ['FOOD & DRINK', 0.06]]",True,142,92,18:30:34.748453
Mary ate Bob,"[['SPORTS', 0.05142564], ['ARTS AND ENTERTAINMENT', 0.05100274], ['HEALTH AND FITNESS', 0.05057892], ['BUSINESS', 0.05030739], ['STYLE AND FASHION', 0.0493508]]","[['BARBECUES & GRILLING', 0.09], ['HOBBIES & INTERESTS', 0.08], ['FOOD & DRINK', 0.07], ['NEEDLEWORK', 0.06]]",True,142,92,18:30:36.059239
a dog outside an fish killed Bob on I,"[['PETS', 0.06747077], ['SPORTS', 0.05620999], ['RELIGION AND SPIRITUALITY', 0.05519355], ['FOOD AND DRINK', 0.05112387], ['TRAVEL', 0.05081101]]","[['PETS', 0.64], ['AQUARIUMS', 0.55]]",False,143,92,18:30:59.158075
Mary walked Bob,"[['ARTS AND ENTERTAINMENT', 0.05204875], ['SPORTS', 0.05121413], ['BUSINESS', 0.04943061], ['HEALTH AND FITNESS', 0.04935351], ['PETS', 0.04930707]]","[['HOBBIES & INTERESTS', 0.07], ['SPORTS', 0.06], ['NEEDLEWORK', 0.06], ['WALKING', 0.04]]",True,144,93,18:31:06.764283
Bob walked John with Mary,"[['ARTS AND ENTERTAINMENT', 0.05474], ['SPORTS', 0.05295624], ['LAW GOVERNMENT AND POLITICS', 0.05049169], ['BUSINESS', 0.04979541], ['HEALTH AND FITNESS', 0.04933246]]","[['EXTREME GRAPHIC/EXPLICIT VIOLENCE', 0.19], ['HOBBIES & INTERESTS', 0.07], ['SPORTS', 0.06], ['NON-STANDARD CONTENT', 0.06], ['NEEDLEWORK', 0.06]]",True,145,94,18:31:09.049771
my park killed I on my fish,"[['TRAVEL', 0.05754659], ['RELIGION AND SPIRITUALITY', 0.05486208], ['PETS', 0.05467101], ['SPORTS', 0.05367886], ['FOOD AND DRINK', 0.05354589]]","[['AQUARIUMS', 0.73], ['PETS', 0.44]]",False,146,94,18:31:12.003046
Bob killed my man on Bob,"[['HEALTH AND FITNESS', 0.0520526], ['SPORTS', 0.05103269], ['TRAVEL', 0.05101306], ['RELIGION AND SPIRITUALITY', 0.05036373], ['ARTS AND ENTERTAINMENT', 0.0494638]]","[['PROFANE CONTENT', 0.2], ['PAGAN/WICCAN', 0.15], ['HOBBIES & INTERESTS', 0.07], ['SPORTS', 0.07], ['NON-STANDARD CONTENT', 0.07]]",True,147,95,18:31:40.396218
John ate Bob outside I in I,"[['SPORTS', 0.06288542], ['ARTS AND ENTERTAINMENT', 0.05311358], ['FOOD AND DRINK', 0.0500386], ['EDUCATION', 0.04948203], ['BUSINESS', 0.04904821]]","[['HOBBIES & INTERESTS', 0.08], ['SCREENWRITING', 0.05]]",True,148,96,18:31:47.371580
Mary walked my elephant in Bob,"[['HEALTH AND FITNESS', 0.05238774], ['PETS', 0.05027845], ['ARTS AND ENTERTAINMENT', 0.05012537], ['STYLE AND FASHION', 0.0499717], ['SPORTS', 0.04936453]]","[['HOBBIES & INTERESTS', 0.07], ['SPORTS', 0.06], ['NEEDLEWORK', 0.06], ['WATERSKI/WAKEBOARD', 0.04]]",True,149,97,18:31:54.934148
Bob shot John outside I,"[['SPORTS', 0.06944553], ['ARTS AND ENTERTAINMENT', 0.05239776], ['BUSINESS', 0.05054372], ['HEALTH AND FITNESS', 0.04972831], ['TRAVEL', 0.04965942]]","[['HOBBIES & INTERESTS', 0.1], ['SCREENWRITING', 0.05]]",True,150,98,18:32:03.927034
my monkey ate an dog,"[['PETS', 0.05866473], ['AUTOMOTIVE', 0.05314967], ['EDUCATION', 0.05054016], ['TRAVEL', 0.05002689], ['HOBBIES AND INTERESTS', 0.04950285]]","[['DOGS', 0.59], ['PETS', 0.29]]",False,151,98,18:32:07.429718
I wounded Bob,"[['SPORTS', 0.05732974], ['ARTS AND ENTERTAINMENT', 0.05131647], ['TECHNOLOGY AND COMPUTING', 0.04937437], ['HOBBIES AND INTERESTS', 0.04879968], ['STYLE AND FASHION', 0.0486005]]","[['HOBBIES & INTERESTS', 0.09], ['BIRDWATCHING', 0.05]]",True,152,99,18:32:08.825043
I wounded I with Bob,"[['SPORTS', 0.05732974], ['ARTS AND ENTERTAINMENT', 0.05131647], ['TECHNOLOGY AND COMPUTING', 0.04937437], ['HOBBIES AND INTERESTS', 0.04879968], ['STYLE AND FASHION', 0.0486005]]","[['HOBBIES & INTERESTS', 0.09], ['BIRDWATCHING', 0.05]]",True,153,100,18:32:17.028081
the monkey with my fish ate Bob on my man,"[['SPORTS', 0.06040916], ['PETS', 0.05632476], ['FOOD AND DRINK', 0.05060231], ['TRAVEL', 0.05004767], ['HEALTH AND FITNESS', 0.04992725]]","[['AQUARIUMS', 0.56], ['PETS', 0.15]]",False,154,100,18:32:58.124358
Mary walked an park by I,"[['TRAVEL', 0.05484093], ['SPORTS', 0.05225226], ['ARTS AND ENTERTAINMENT', 0.05061039], ['HOBBIES AND INTERESTS', 0.0500112], ['HEALTH AND FITNESS', 0.04882711]]","[['NATIONAL PARKS', 0.46], ['TRAVEL', 0.11]]",False,155,100,18:32:59.574048
John shot Bob with John,"[['SPORTS', 0.06260033], ['ARTS AND ENTERTAINMENT', 0.05186958], ['BUSINESS', 0.05130031], ['LAW GOVERNMENT AND POLITICS', 0.05099901], ['HEALTH AND FITNESS', 0.04936113]]","[['HOBBIES & INTERESTS', 0.09], ['SCREENWRITING', 0.06]]",True,156,101,18:33:02.630797
Bob shot Bob by Mary,"[['SPORTS', 0.05844467], ['BUSINESS', 0.05175828], ['HEALTH AND FITNESS', 0.0509945], ['ARTS AND ENTERTAINMENT', 0.05031923], ['TECHNOLOGY AND COMPUTING', 0.04880463]]","[['HOBBIES & INTERESTS', 0.09], ['NEEDLEWORK', 0.05]]",True,157,102,18:33:04.039775
Bob walked John outside Bob,"[['SPORTS', 0.05715308], ['ARTS AND ENTERTAINMENT', 0.05295484], ['BUSINESS', 0.05107205], ['RELIGION AND SPIRITUALITY', 0.05006192], ['PETS', 0.04963313]]","[['HOBBIES & INTERESTS', 0.08], ['SPORTS', 0.07], ['SCREENWRITING', 0.05], ['WATERSKI/WAKEBOARD', 0.04]]",True,158,103,18:33:05.661829
John wounded I outside a fish on I with my cat,"[['PETS', 0.07845733], ['SPORTS', 0.05752571], ['RELIGION AND SPIRITUALITY', 0.05569211], ['FOOD AND DRINK', 0.05086497], ['ARTS AND ENTERTAINMENT', 0.04843881]]","[['PETS', 0.48], ['AQUARIUMS', 0.46]]",False,159,103,18:33:40.921670
I ate John,"[['SPORTS', 0.05347458], ['ARTS AND ENTERTAINMENT', 0.05117128], ['FOOD AND DRINK', 0.05100227], ['EDUCATION', 0.05053936], ['LAW GOVERNMENT AND POLITICS', 0.04913333]]","[['EXTREME GRAPHIC/EXPLICIT VIOLENCE', 0.19], ['BARBECUES & GRILLING', 0.1], ['HOBBIES & INTERESTS', 0.07], ['NON-STANDARD CONTENT', 0.07], ['FOOD & DRINK', 0.06]]",True,160,104,18:33:50.832861
John saw I by the man by my pajamas in John on John in Mary,"[['HOBBIES AND INTERESTS', 0.05651607], ['HEALTH AND FITNESS', 0.05545325], ['ARTS AND ENTERTAINMENT', 0.05294194], ['EDUCATION', 0.05275642], ['SPORTS', 0.05215882]]","[['HATE CONTENT', 0.19], ['NON-STANDARD CONTENT', 0.1]]",True,161,105,18:34:53.774701
John wounded I with John in Bob outside Mary,"[['SPORTS', 0.05961781], ['ARTS AND ENTERTAINMENT', 0.05434236], ['RELIGION AND SPIRITUALITY', 0.05103549], ['HEALTH AND FITNESS', 0.05070854], ['BUSINESS', 0.05055218]]","[['EXTREME GRAPHIC/EXPLICIT VIOLENCE', 0.19], ['HOBBIES & INTERESTS', 0.08], ['NON-STANDARD CONTENT', 0.07], ['SCREENWRITING', 0.06]]",True,162,106,18:35:00.717220
I ate John outside Bob,"[['SPORTS', 0.0616012], ['ARTS AND ENTERTAINMENT', 0.0527312], ['BUSINESS', 0.04997354], ['FOOD AND DRINK', 0.04993268], ['HEALTH AND FITNESS', 0.04968619]]","[['HOBBIES & INTERESTS', 0.08], ['SCREENWRITING', 0.05]]",True,163,107,18:35:13.602193
Bob walked John,"[['SPORTS', 0.05487139], ['ARTS AND ENTERTAINMENT', 0.05366777], ['LAW GOVERNMENT AND POLITICS', 0.05071918], ['PERSONAL FINANCE', 0.04970713], ['PETS', 0.04903194]]","[['HOBBIES & INTERESTS', 0.08], ['SPORTS', 0.07], ['SCREENWRITING', 0.06], ['WALKING', 0.04]]",True,164,108,18:35:20.756777
I ate I by John,"[['SPORTS', 0.05347647], ['ARTS AND ENTERTAINMENT', 0.05117309], ['FOOD AND DRINK', 0.05100408], ['EDUCATION', 0.05054115], ['LAW GOVERNMENT AND POLITICS', 0.04913507]]","[['EXTREME GRAPHIC/EXPLICIT VIOLENCE', 0.19], ['BARBECUES & GRILLING', 0.1], ['HOBBIES & INTERESTS', 0.07], ['NON-STANDARD CONTENT', 0.07], ['FOOD & DRINK', 0.06]]",True,165,109,18:35:22.383862
an fish wounded John,"[['SPORTS', 0.0554605], ['PETS', 0.05528387], ['RELIGION AND SPIRITUALITY', 0.05149273], ['FOOD AND DRINK', 0.05111333], ['ARTS AND ENTERTAINMENT', 0.05034371]]","[['AQUARIUMS', 0.68], ['PETS', 0.27]]",False,166,109,18:35:23.867110
an elephant with an pajamas by an elephant killed John in my cat,"[['PETS', 0.06675882], ['EDUCATION', 0.05237734], ['LAW GOVERNMENT AND POLITICS', 0.05097504], ['RELIGION AND SPIRITUALITY', 0.0502091], ['HOBBIES AND INTERESTS', 0.04921376]]","[['LARGE ANIMALS', 0.44], ['PETS', 0.17]]",False,167,109,18:36:39.187235
an pajamas saw Bob,"[['SPORTS', 0.05365599], ['HEALTH AND FITNESS', 0.051354], ['BUSINESS', 0.05045757], ['ARTS AND ENTERTAINMENT', 0.04967083], ['HOBBIES AND INTERESTS', 0.04935181]]","[['HOBBIES & INTERESTS', 0.08], ['BIRDWATCHING', 0.05]]",True,168,110,18:36:48.719870
I saw Bob on John,"[['SPORTS', 0.05929641], ['ARTS AND ENTERTAINMENT', 0.05357155], ['EDUCATION', 0.05086142], ['HOBBIES AND INTERESTS', 0.05050788], ['AUTOMOTIVE', 0.05022839]]","[['HOBBIES & INTERESTS', 0.08], ['SPORTS', 0.07], ['SCREENWRITING', 0.06], ['WATERSKI/WAKEBOARD', 0.04]]",True,169,111,18:36:50.569270
I wounded John,"[['SPORTS', 0.05361764], ['ARTS AND ENTERTAINMENT', 0.05169524], ['LAW GOVERNMENT AND POLITICS', 0.04954635], ['HOBBIES AND INTERESTS', 0.049493], ['RELIGION AND SPIRITUALITY', 0.0488516]]","[['HOBBIES & INTERESTS', 0.08], ['SCREENWRITING', 0.06]]",True,169,111,18:36:53.266628
John shot Mary by Bob by John in an park with Mary,"[['SPORTS', 0.06325858], ['TRAVEL', 0.05281255], ['ARTS AND ENTERTAINMENT', 0.05279487], ['HEALTH AND FITNESS', 0.05225562], ['BUSINESS', 0.05187487]]","[['NATIONAL PARKS', 0.22], ['EXTREME GRAPHIC/EXPLICIT VIOLENCE', 0.19], ['TRAVEL', 0.07], ['HOBBIES & INTERESTS', 0.07], ['NON-STANDARD CONTENT', 0.06]]",True,170,112,18:36:55.775091
Bob shot the man in Bob,"[['SPORTS', 0.06256398], ['HEALTH AND FITNESS', 0.05178174], ['ARTS AND ENTERTAINMENT', 0.05170073], ['TRAVEL', 0.0506074], ['BUSINESS', 0.05013924]]","[['HOBBIES & INTERESTS', 0.09], ['SPORTS', 0.07], ['COLLECTING', 0.05], ['PAINTBALL', 0.04]]",True,171,113,18:37:33.733860
I killed an fish,"[['RELIGION AND SPIRITUALITY', 0.05480469], ['FOOD AND DRINK', 0.05401095], ['PETS', 0.05371033], ['SPORTS', 0.05328436], ['HOBBIES AND INTERESTS', 0.04878824]]","[['AQUARIUMS', 0.81], ['PETS', 0.46]]",False,172,113,18:37:37.386423
Mary shot I by Bob on the monkey by I,"[['SPORTS', 0.06435953], ['TECHNOLOGY AND COMPUTING', 0.0523619], ['BUSINESS', 0.05023993], ['ARTS AND ENTERTAINMENT', 0.04946872], ['HEALTH AND FITNESS', 0.04927938]]","[['HOBBIES & INTERESTS', 0.08], ['NEEDLEWORK', 0.06]]",True,173,114,18:37:52.313069
Mary ate John,"[['EDUCATION', 0.05206724], ['ARTS AND ENTERTAINMENT', 0.05135928], ['LAW GOVERNMENT AND POLITICS', 0.05035573], ['HEALTH AND FITNESS', 0.04983884], ['BUSINESS', 0.04897854]]","[['EXTREME GRAPHIC/EXPLICIT VIOLENCE', 0.19], ['BARBECUES & GRILLING', 0.1], ['NON-STANDARD CONTENT', 0.07], ['HOBBIES & INTERESTS', 0.07], ['FOOD & DRINK', 0.06]]",True,173,114,18:37:53.745765
I walked John,"[['SPORTS', 0.05282746], ['ARTS AND ENTERTAINMENT', 0.05253709], ['LAW GOVERNMENT AND POLITICS', 0.04946229], ['RELIGION AND SPIRITUALITY', 0.04916361], ['HOBBIES AND INTERESTS', 0.04884564]]","[['EXTREME GRAPHIC/EXPLICIT VIOLENCE', 0.18], ['NON-STANDARD CONTENT', 0.07], ['HOBBIES & INTERESTS', 0.07], ['SCREENWRITING', 0.06], ['SPORTS', 0.06]]",True,174,115,18:38:05.346241
Bob saw I with I,"[['SPORTS', 0.05837173], ['HOBBIES AND INTERESTS', 0.05487224], ['ARTS AND ENTERTAINMENT', 0.05147048], ['AUTOMOTIVE', 0.04854724], ['TECHNOLOGY AND COMPUTING', 0.04811799]]","[['HOBBIES & INTERESTS', 0.09], ['SPORTS', 0.07], ['BIRDWATCHING', 0.05], ['WATERSKI/WAKEBOARD', 0.04]]",True,175,116,18:38:15.789288
John walked my man by my park on the man,"[['TRAVEL', 0.0568929], ['HEALTH AND FITNESS', 0.0531653], ['ARTS AND ENTERTAINMENT', 0.0527817], ['SPORTS', 0.05249407], ['EDUCATION', 0.05112746]]","[['PROFANE CONTENT', 0.23], ['NON-STANDARD CONTENT', 0.12]]",True,176,117,18:38:20.757618
John shot I with an cat outside an fish outside an cat with John,"[['PETS', 0.07009764], ['SPORTS', 0.0664057], ['RELIGION AND SPIRITUALITY', 0.05334613], ['FOOD AND DRINK', 0.05132367], ['ARTS AND ENTERTAINMENT', 0.0488871]]","[['CATS', 0.63], ['PETS', 0.48]]",False,177,117,18:38:23.425016
I ate Mary,"[['TECHNOLOGY AND COMPUTING', 0.0522949], ['FOOD AND DRINK', 0.05155927], ['HOBBIES AND INTERESTS', 0.05006753], ['SPORTS', 0.04986646], ['ARTS AND ENTERTAINMENT', 0.04958388]]","[['EXTREME GRAPHIC/EXPLICIT VIOLENCE', 0.2], ['BARBECUES & GRILLING', 0.09], ['HOBBIES & INTERESTS', 0.07], ['FOOD & DRINK', 0.07], ['NEEDLEWORK', 0.06]]",True,178,118,18:38:25.995483
a dog killed an park outside Mary on Bob,"[['PETS', 0.05805666], ['TRAVEL', 0.05747123], ['BUSINESS', 0.05342893], ['RELIGION AND SPIRITUALITY', 0.05094865], ['REAL ESTATE', 0.04994891]]","[['DOGS', 0.55], ['PETS', 0.37]]",False,179,118,18:38:27.563122
an fish wounded I outside I,"[['SPORTS', 0.05941463], ['RELIGION AND SPIRITUALITY', 0.05623594], ['FOOD AND DRINK', 0.05466041], ['PETS', 0.05439119], ['TRAVEL', 0.04881741]]","[['AQUARIUMS', 0.73], ['PETS', 0.32]]",False,180,118,18:38:29.040813
I ate Mary on my telescope in Bob on my man in Mary by I,"[['SPORTS', 0.05463695], ['HEALTH AND FITNESS', 0.05456199], ['SCIENCE', 0.05372683], ['ARTS AND ENTERTAINMENT', 0.05274498], ['TECHNOLOGY AND COMPUTING', 0.05008603]]","[['PROFANE CONTENT', 0.2], ['HOBBIES & INTERESTS', 0.07], ['NON-STANDARD CONTENT', 0.07], ['NEEDLEWORK', 0.06], ['SPORTS', 0.06]]",True,181,119,18:38:30.587889
a fish by Bob killed John,"[['SPORTS', 0.05729647], ['PETS', 0.05683769], ['LAW GOVERNMENT AND POLITICS', 0.05252281], ['RELIGION AND SPIRITUALITY', 0.05198507], ['ARTS AND ENTERTAINMENT', 0.05023491]]","[['AQUARIUMS', 0.65], ['PETS', 0.26]]",False,182,119,18:38:32.223346
John walked Mary in I,"[['ARTS AND ENTERTAINMENT', 0.05368394], ['SPORTS', 0.05076298], ['RELIGION AND SPIRITUALITY', 0.05043667], ['TECHNOLOGY AND COMPUTING', 0.04987563], ['HOBBIES AND INTERESTS', 0.04960017]]","[['EXTREME GRAPHIC/EXPLICIT VIOLENCE', 0.19], ['NON-STANDARD CONTENT', 0.07], ['HOBBIES & INTERESTS', 0.06], ['NEEDLEWORK', 0.06]]",True,183,120,18:38:33.762549
John saw Mary by Mary in an fish,"[['PETS', 0.05400428], ['SPORTS', 0.05310639], ['ARTS AND ENTERTAINMENT', 0.05205921], ['EDUCATION', 0.05137473], ['RELIGION AND SPIRITUALITY', 0.05078681]]","[['AQUARIUMS', 0.53], ['PETS', 0.15]]",False,184,120,18:38:35.286943
Mary killed Bob outside the monkey by John,"[['BUSINESS', 0.05511303], ['RELIGION AND SPIRITUALITY', 0.05392972], ['SPORTS', 0.05313941], ['LAW GOVERNMENT AND POLITICS', 0.05161878], ['HEALTH AND FITNESS', 0.05011125]]","[['EXTREME GRAPHIC/EXPLICIT VIOLENCE', 0.2], ['CATHOLICISM', 0.19], ['HOBBIES & INTERESTS', 0.07], ['RELIGION & SPIRITUALITY', 0.06], ['NON-STANDARD CONTENT', 0.06]]",True,185,121,18:38:36.860330
an elephant saw John,"[['EDUCATION', 0.05188384], ['HOBBIES AND INTERESTS', 0.05139726], ['LAW GOVERNMENT AND POLITICS', 0.05087753], ['ARTS AND ENTERTAINMENT', 0.05012423], ['SPORTS', 0.04991602]]","[['LARGE ANIMALS', 0.58], ['EXTREME GRAPHIC/EXPLICIT VIOLENCE', 0.19], ['HOBBIES & INTERESTS', 0.07], ['PETS', 0.07], ['NON-STANDARD CONTENT', 0.06]]",True,186,122,18:38:38.389216
an dog by my park killed I outside John,"[['TRAVEL', 0.05966536], ['RELIGION AND SPIRITUALITY', 0.05685665], ['PETS', 0.05614263], ['AUTOMOTIVE', 0.05265971], ['EDUCATION', 0.05156009]]","[['DOGS', 0.68], ['PETS', 0.51]]",False,187,122,18:38:45.179282
John wounded John by John by I,"[['SPORTS', 0.05448536], ['ARTS AND ENTERTAINMENT', 0.05122527], ['LAW GOVERNMENT AND POLITICS', 0.04942118], ['HOBBIES AND INTERESTS', 0.04922157], ['RELIGION AND SPIRITUALITY', 0.04882346]]","[['EXTREME GRAPHIC/EXPLICIT VIOLENCE', 0.18], ['HOBBIES & INTERESTS', 0.08], ['NON-STANDARD CONTENT', 0.08], ['SCREENWRITING', 0.06]]",True,188,123,18:38:46.648601
Mary wounded my pajamas with I with my pajamas outside a dog in a man outside my cat,"[['PETS', 0.07682627], ['HEALTH AND FITNESS', 0.05332049], ['RELIGION AND SPIRITUALITY', 0.0514857], ['HOBBIES AND INTERESTS', 0.05129161], ['EDUCATION', 0.05018425]]","[['CATS', 0.31], ['PETS', 0.27]]",False,189,123,18:38:48.591431
a fish in John saw John on Mary,"[['PETS', 0.0539972], ['SPORTS', 0.05312306], ['ARTS AND ENTERTAINMENT', 0.05151006], ['EDUCATION', 0.05137729], ['RELIGION AND SPIRITUALITY', 0.05086156]]","[['AQUARIUMS', 0.58], ['PETS', 0.19]]",False,190,123,18:38:50.170683
Bob walked I,"[['SPORTS', 0.05647469], ['ARTS AND ENTERTAINMENT', 0.052015], ['TECHNOLOGY AND COMPUTING', 0.0501495], ['HOBBIES AND INTERESTS', 0.04869521], ['STYLE AND FASHION', 0.04807989]]","[['HOBBIES & INTERESTS', 0.08], ['SPORTS', 0.07], ['BIRDWATCHING', 0.05], ['WALKING', 0.04]]",True,191,124,18:38:51.715081
Mary shot an telescope in my elephant in Mary on John,"[['HEALTH AND FITNESS', 0.05326835], ['SPORTS', 0.05181931], ['EDUCATION', 0.05051438], ['LAW GOVERNMENT AND POLITICS', 0.04934422], ['RELIGION AND SPIRITUALITY', 0.04906146]]","[['HOBBIES & INTERESTS', 0.07], ['NEEDLEWORK', 0.06]]",True,192,125,18:38:53.210248
Mary wounded Mary in Mary,"[['ARTS AND ENTERTAINMENT', 0.04967155], ['HEALTH AND FITNESS', 0.04948683], ['BUSINESS', 0.04911393], ['SCIENCE', 0.04879278], ['RELIGION AND SPIRITUALITY', 0.04860084]]","[['HOBBIES & INTERESTS', 0.07], ['NEEDLEWORK', 0.07]]",True,193,126,18:38:54.714758
John saw Mary in my man with my cat outside I,"[['PETS', 0.06214184], ['HEALTH AND FITNESS', 0.05499442], ['ARTS AND ENTERTAINMENT', 0.05334505], ['HOBBIES AND INTERESTS', 0.0533336], ['EDUCATION', 0.05250757]]","[['CATS', 0.65], ['PETS', 0.16]]",False,194,126,18:38:56.318093
I saw John in Mary,"[['EDUCATION', 0.05239849], ['ARTS AND ENTERTAINMENT', 0.05231627], ['HOBBIES AND INTERESTS', 0.0522538], ['SPORTS', 0.05173827], ['HEALTH AND FITNESS', 0.05041691]]","[['EXTREME GRAPHIC/EXPLICIT VIOLENCE', 0.19], ['NON-STANDARD CONTENT', 0.07], ['HOBBIES & INTERESTS', 0.07], ['NEEDLEWORK', 0.06]]",True,194,126,18:38:57.835355
Mary ate Mary by my dog in the telescope with Mary,"[['PETS', 0.0626286], ['EDUCATION', 0.05210495], ['SCIENCE', 0.05178436], ['AUTOMOTIVE', 0.0504002], ['HEALTH AND FITNESS', 0.04850119]]","[['DOGS', 0.32], ['PETS', 0.13]]",False,195,126,18:38:59.361383
