I killed Mary by a monkey outside a pajamas,"[['RELIGION AND SPIRITUALITY', 0.05671754], ['TRAVEL', 0.05046967], ['TECHNOLOGY AND COMPUTING', 0.04989173], ['BUSINESS', 0.04983317], ['SPORTS', 0.04963067]]","[['EXTREME GRAPHIC/EXPLICIT VIOLENCE', 0.21], ['HINDUISM', 0.15], ['ROAD-SIDE ASSISTANCE', 0.09], ['HOBBIES & INTERESTS', 0.06], ['RELIGION & SPIRITUALITY', 0.06]]",True,1,1,18:22:05.904638
I walked Mary by a monkey outside a pajamas,"[['RELIGION AND SPIRITUALITY', 0.05310789], ['SPORTS', 0.05237962], ['TECHNOLOGY AND COMPUTING', 0.05197662], ['TRAVEL', 0.05029526], ['HEALTH AND FITNESS', 0.04943003]]","[['EXTREME GRAPHIC/EXPLICIT VIOLENCE', 0.2], ['HOBBIES & INTERESTS', 0.06], ['NEEDLEWORK', 0.06], ['NON-STANDARD CONTENT', 0.05]]",True,2,2,18:22:11.600016
I walked Mary on a monkey outside a pajamas,"[['RELIGION AND SPIRITUALITY', 0.05310789], ['SPORTS', 0.05237962], ['TECHNOLOGY AND COMPUTING', 0.05197662], ['TRAVEL', 0.05029526], ['HEALTH AND FITNESS', 0.04943003]]","[['EXTREME GRAPHIC/EXPLICIT VIOLENCE', 0.2], ['HOBBIES & INTERESTS', 0.06], ['NEEDLEWORK', 0.06], ['NON-STANDARD CONTENT', 0.05]]",True,3,3,18:22:17.889385
Bob walked Mary on a monkey outside a pajamas,"[['SPORTS', 0.05442832], ['BUSINESS', 0.05217224], ['HEALTH AND FITNESS', 0.0516746], ['RELIGION AND SPIRITUALITY', 0.04954613], ['TRAVEL', 0.04921591]]","[['HOBBIES & INTERESTS', 0.07], ['SPORTS', 0.06], ['NEEDLEWORK', 0.06], ['WALKING', 0.05]]",True,4,4,18:22:23.710173
Bob walked Mary on a fish outside a pajamas,"[['SPORTS', 0.05895042], ['PETS', 0.0584028], ['RELIGION AND SPIRITUALITY', 0.05336195], ['ARTS AND ENTERTAINMENT', 0.05015935], ['FOOD AND DRINK', 0.05002326]]","[['AQUARIUMS', 0.55], ['PETS', 0.16]]",False,5,4,18:22:30.496110
Bob walked Mary outside a fish outside a pajamas,"[['SPORTS', 0.05895042], ['PETS', 0.0584028], ['RELIGION AND SPIRITUALITY', 0.05336195], ['ARTS AND ENTERTAINMENT', 0.05015935], ['FOOD AND DRINK', 0.05002326]]","[['AQUARIUMS', 0.55], ['PETS', 0.16]]",False,6,4,18:22:37.535590
Bob walked Mary outside a man outside a pajamas,"[['SPORTS', 0.05536536], ['HEALTH AND FITNESS', 0.05449972], ['ARTS AND ENTERTAINMENT', 0.0529924], ['RELIGION AND SPIRITUALITY', 0.0509943], ['BUSINESS', 0.05030669]]","[['PROFANE CONTENT', 0.21], ['NON-STANDARD CONTENT', 0.07], ['HOBBIES & INTERESTS', 0.07], ['SPORTS', 0.06], ['NEEDLEWORK', 0.06]]",True,7,5,18:22:44.308117
Bob ate Mary outside a man outside a pajamas,"[['HEALTH AND FITNESS', 0.05586369], ['SPORTS', 0.05560474], ['ARTS AND ENTERTAINMENT', 0.05193745], ['BUSINESS', 0.05120888], ['EDUCATION', 0.04989601]]","[['PROFANE CONTENT', 0.21], ['NON-STANDARD CONTENT', 0.07], ['HOBBIES & INTERESTS', 0.07], ['NEEDLEWORK', 0.06]]",True,8,6,18:22:50.131150
Bob ate Mary outside a dog outside a pajamas,"[['PETS', 0.05959955], ['BUSINESS', 0.05240681], ['EDUCATION', 0.0507907], ['ARTS AND ENTERTAINMENT', 0.05076368], ['HEALTH AND FITNESS', 0.05016877]]","[['DOGS', 0.44], ['PETS', 0.22]]",False,9,6,18:22:56.596558
Bob ate Mary outside a dog with a pajamas,"[['PETS', 0.0598336], ['BUSINESS', 0.05212089], ['ARTS AND ENTERTAINMENT', 0.05077305], ['EDUCATION', 0.05071215], ['HEALTH AND FITNESS', 0.05010106]]","[['DOGS', 0.44], ['PETS', 0.22]]",False,10,6,18:23:03.659701
Bob ate Mary outside a elephant with a pajamas,"[['SPORTS', 0.05377562], ['HEALTH AND FITNESS', 0.05362888], ['BUSINESS', 0.05157017], ['TRAVEL', 0.04959949], ['EDUCATION', 0.0492609]]","[['HOBBIES & INTERESTS', 0.07], ['NEEDLEWORK', 0.06]]",True,11,7,18:23:10.099098
Bob killed Mary outside a elephant with a pajamas,"[['RELIGION AND SPIRITUALITY', 0.05287747], ['BUSINESS', 0.0526995], ['HEALTH AND FITNESS', 0.05185666], ['TRAVEL', 0.05092227], ['SPORTS', 0.05078151]]","[['LARGE ANIMALS', 0.37], ['ROAD-SIDE ASSISTANCE', 0.1], ['HOBBIES & INTERESTS', 0.07], ['PETS', 0.06], ['NEEDLEWORK', 0.06]]",True,12,8,18:23:16.556845
Bob killed Mary on a elephant with a pajamas,"[['BUSINESS', 0.05057023], ['HEALTH AND FITNESS', 0.05030297], ['STYLE AND FASHION', 0.04975208], ['LAW GOVERNMENT AND POLITICS', 0.04966802], ['REAL ESTATE', 0.04882959]]","[['LARGE ANIMALS', 0.37], ['ROAD-SIDE ASSISTANCE', 0.1], ['HOBBIES & INTERESTS', 0.07], ['PETS', 0.06], ['NEEDLEWORK', 0.06]]",True,13,9,18:23:23.004951
Bob killed Mary on a elephant outside a pajamas,"[['RELIGION AND SPIRITUALITY', 0.05287747], ['BUSINESS', 0.0526995], ['HEALTH AND FITNESS', 0.05185666], ['TRAVEL', 0.05092227], ['SPORTS', 0.05078151]]","[['LARGE ANIMALS', 0.37], ['ROAD-SIDE ASSISTANCE', 0.1], ['HOBBIES & INTERESTS', 0.07], ['PETS', 0.06], ['NEEDLEWORK', 0.06]]",True,14,10,18:23:29.146459
Bob killed Mary on the elephant outside a pajamas,"[['RELIGION AND SPIRITUALITY', 0.05287747], ['BUSINESS', 0.0526995], ['HEALTH AND FITNESS', 0.05185666], ['TRAVEL', 0.05092227], ['SPORTS', 0.05078151]]","[['LARGE ANIMALS', 0.37], ['ROAD-SIDE ASSISTANCE', 0.1], ['HOBBIES & INTERESTS', 0.07], ['PETS', 0.06], ['NEEDLEWORK', 0.06]]",True,15,11,18:23:34.682569
Bob killed Mary on the elephant outside a dog,"[['PETS', 0.0585857], ['BUSINESS', 0.05323483], ['RELIGION AND SPIRITUALITY', 0.05172231], ['TRAVEL', 0.05115651], ['REAL ESTATE', 0.04945382]]","[['DOGS', 0.4], ['PETS', 0.34]]",False,16,11,18:23:40.216278
Bob killed Bob on the elephant outside a dog,"[['PETS', 0.05868633], ['TRAVEL', 0.05332532], ['BUSINESS', 0.05238646], ['RELIGION AND SPIRITUALITY', 0.05050491], ['REAL ESTATE', 0.04938159]]","[['DOGS', 0.36], ['PETS', 0.26]]",False,17,11,18:23:45.427080
Bob saw Bob on the elephant outside a dog,"[['PETS', 0.05760704], ['BUSINESS', 0.05267892], ['SPORTS', 0.05106112], ['TRAVEL', 0.05103686], ['ARTS AND ENTERTAINMENT', 0.05033549]]","[['DOGS', 0.38], ['PETS', 0.26]]",False,18,11,18:23:51.152030
Bob saw Bob on the elephant on a dog,"[['PETS', 0.05687526], ['HOBBIES AND INTERESTS', 0.05176109], ['AUTOMOTIVE', 0.05119696], ['ARTS AND ENTERTAINMENT', 0.05098268], ['BUSINESS', 0.050519]]","[['DOGS', 0.38], ['PETS', 0.26]]",False,19,11,18:23:58.022523
Bob saw Bob on an elephant on a dog,"[['PETS', 0.05687526], ['HOBBIES AND INTERESTS', 0.05176109], ['AUTOMOTIVE', 0.05119696], ['ARTS AND ENTERTAINMENT', 0.05098268], ['BUSINESS', 0.050519]]","[['DOGS', 0.38], ['PETS', 0.26]]",False,20,11,18:24:04.406275
I saw Bob on an elephant on a dog,"[['AUTOMOTIVE', 0.05418191], ['PETS', 0.05413996], ['HOBBIES AND INTERESTS', 0.05375437], ['SPORTS', 0.05260129], ['ARTS AND ENTERTAINMENT', 0.05147431]]","[['DOGS', 0.5], ['PETS', 0.42]]",False,21,11,18:24:10.049233
Bob saw Bob on an elephant on a dog,"[['PETS', 0.05687526], ['HOBBIES AND INTERESTS', 0.05176109], ['AUTOMOTIVE', 0.05119696], ['ARTS AND ENTERTAINMENT', 0.05098268], ['BUSINESS', 0.050519]]","[['DOGS', 0.38], ['PETS', 0.26]]",False,21,11,18:24:16.249618
Bob saw Bob on an elephant on an dog,"[['PETS', 0.05687526], ['HOBBIES AND INTERESTS', 0.05176109], ['AUTOMOTIVE', 0.05119696], ['ARTS AND ENTERTAINMENT', 0.05098268], ['BUSINESS', 0.050519]]","[['DOGS', 0.38], ['PETS', 0.26]]",False,22,11,18:24:21.491437
Bob saw Mary on an elephant on an dog,"[['PETS', 0.05677558], ['ARTS AND ENTERTAINMENT', 0.05200506], ['HOBBIES AND INTERESTS', 0.05200302], ['BUSINESS', 0.05133518], ['EDUCATION', 0.05021665]]","[['DOGS', 0.44], ['PETS', 0.34]]",False,23,11,18:24:27.793603
Bob ate Mary on an elephant on an dog,"[['PETS', 0.05808492], ['ARTS AND ENTERTAINMENT', 0.05155031], ['EDUCATION', 0.05016778], ['BUSINESS', 0.04998043], ['HOBBIES AND INTERESTS', 0.04816524]]","[['DOGS', 0.39], ['PETS', 0.28]]",False,24,11,18:24:34.427960
Bob ate I on an elephant on an dog,"[['PETS', 0.05637021], ['SPORTS', 0.05203065], ['ARTS AND ENTERTAINMENT', 0.05152081], ['HOBBIES AND INTERESTS', 0.05087675], ['TRAVEL', 0.04930608]]","[['DOGS', 0.44], ['PETS', 0.33]]",False,25,11,18:24:41.913781
Bob ate I on an elephant on my dog,"[['PETS', 0.06161546], ['AUTOMOTIVE', 0.05177644], ['HOBBIES AND INTERESTS', 0.05172804], ['TRAVEL', 0.05089996], ['SPORTS', 0.05001946]]","[['DOGS', 0.44], ['PETS', 0.33]]",False,26,11,18:24:48.608101
Bob ate I on my elephant on my dog,"[['PETS', 0.06155772], ['AUTOMOTIVE', 0.05199068], ['HOBBIES AND INTERESTS', 0.05170193], ['TRAVEL', 0.0502907], ['ARTS AND ENTERTAINMENT', 0.04992396]]","[['DOGS', 0.44], ['PETS', 0.33]]",False,27,11,18:24:54.449274
Bob ate I on my monkey on my dog,"[['PETS', 0.0617337], ['AUTOMOTIVE', 0.05175421], ['HOBBIES AND INTERESTS', 0.0507527], ['SPORTS', 0.05068131], ['TRAVEL', 0.04916177]]","[['DOGS', 0.52], ['PETS', 0.24]]",False,28,11,18:25:00.288419
Bob ate I on my monkey outside my dog,"[['PETS', 0.0624108], ['SPORTS', 0.05272099], ['TRAVEL', 0.05219595], ['AUTOMOTIVE', 0.05054242], ['HEALTH AND FITNESS', 0.04989624]]","[['DOGS', 0.52], ['PETS', 0.24]]",False,29,11,18:25:06.735204
Bob ate I on my monkey outside my pajamas,"[['SPORTS', 0.0578073], ['HEALTH AND FITNESS', 0.05498218], ['TRAVEL', 0.05199461], ['TECHNOLOGY AND COMPUTING', 0.05018788], ['FOOD AND DRINK', 0.04968787]]","[['BARBECUES & GRILLING', 0.09], ['HOBBIES & INTERESTS', 0.08], ['FOOD & DRINK', 0.06], ['BIRDWATCHING', 0.05]]",True,30,12,18:25:35.753293
Bob walked I on my monkey outside my pajamas,"[['SPORTS', 0.05757928], ['HEALTH AND FITNESS', 0.05365916], ['TRAVEL', 0.05280768], ['TECHNOLOGY AND COMPUTING', 0.05038953], ['RELIGION AND SPIRITUALITY', 0.05017833]]","[['HOBBIES & INTERESTS', 0.07], ['BIRDWATCHING', 0.05]]",True,31,13,18:25:42.257131
Bob walked John on my monkey outside my pajamas,"[['SPORTS', 0.05617984], ['HEALTH AND FITNESS', 0.05312648], ['RELIGION AND SPIRITUALITY', 0.05083941], ['PETS', 0.05066731], ['TRAVEL', 0.05063193]]","[['HOBBIES & INTERESTS', 0.07], ['SPORTS', 0.06], ['SCREENWRITING', 0.05], ['WALKING', 0.05]]",True,32,14,18:25:48.517793
Bob walked John on my elephant outside my pajamas,"[['SPORTS', 0.05526637], ['HEALTH AND FITNESS', 0.05378868], ['TRAVEL', 0.05180495], ['RELIGION AND SPIRITUALITY', 0.05087528], ['PETS', 0.05053295]]","[['HOBBIES & INTERESTS', 0.08], ['SCREENWRITING', 0.05]]",True,33,15,18:25:55.577312
Bob walked John with my elephant outside my pajamas,"[['SPORTS', 0.05526637], ['HEALTH AND FITNESS', 0.05378868], ['TRAVEL', 0.05180495], ['RELIGION AND SPIRITUALITY', 0.05087528], ['PETS', 0.05053295]]","[['HOBBIES & INTERESTS', 0.08], ['SCREENWRITING', 0.05]]",True,34,16,18:26:01.107696
Bob walked Bob with my elephant outside my pajamas,"[['TRAVEL', 0.054469], ['HEALTH AND FITNESS', 0.05378771], ['SPORTS', 0.0534245], ['PETS', 0.0508868], ['RELIGION AND SPIRITUALITY', 0.04993733]]","[['HOBBIES & INTERESTS', 0.08], ['BIRDWATCHING', 0.05]]",True,35,17,18:26:07.255152
Bob walked Bob with my man outside my pajamas,"[['SPORTS', 0.05609789], ['HEALTH AND FITNESS', 0.05576882], ['TRAVEL', 0.05343328], ['RELIGION AND SPIRITUALITY', 0.05132031], ['ARTS AND ENTERTAINMENT', 0.05067894]]","[['PROFANE CONTENT', 0.2], ['HOBBIES & INTERESTS', 0.07], ['SPORTS', 0.07], ['NON-STANDARD CONTENT', 0.07], ['BIRDWATCHING', 0.05]]",True,36,18,18:26:14.011186
Bob saw Bob with my man outside my pajamas,"[['HEALTH AND FITNESS', 0.05862912], ['SPORTS', 0.05646139], ['TRAVEL', 0.05168376], ['ARTS AND ENTERTAINMENT', 0.05010282], ['EDUCATION', 0.04967925]]","[['PROFANE CONTENT', 0.2], ['HOBBIES & INTERESTS', 0.08], ['SPORTS', 0.07], ['NON-STANDARD CONTENT', 0.07], ['BIRDWATCHING', 0.05]]",True,37,19,18:26:20.462612
Bob saw Bob with my man on my pajamas,"[['HEALTH AND FITNESS', 0.05636278], ['SPORTS', 0.05421784], ['HOBBIES AND INTERESTS', 0.05125361], ['ARTS AND ENTERTAINMENT', 0.05112296], ['AUTOMOTIVE', 0.05085396]]","[['PROFANE CONTENT', 0.2], ['HOBBIES & INTERESTS', 0.08], ['SPORTS', 0.07], ['NON-STANDARD CONTENT', 0.07], ['BIRDWATCHING', 0.05]]",True,38,20,18:26:26.612847
Bob saw Bob with my man on my man,"[['HEALTH AND FITNESS', 0.05518768], ['SPORTS', 0.05399584], ['ARTS AND ENTERTAINMENT', 0.05194944], ['HOBBIES AND INTERESTS', 0.05133234], ['AUTOMOTIVE', 0.05100214]]","[['PROFANE CONTENT', 0.22], ['NON-STANDARD CONTENT', 0.09], ['SPORTS', 0.07], ['HOBBIES & INTERESTS', 0.07], ['COLLECTING', 0.05]]",True,39,21,18:26:33.684970
Bob saw Bob outside my man on my man,"[['HEALTH AND FITNESS', 0.0574115], ['SPORTS', 0.05614792], ['TRAVEL', 0.05176552], ['ARTS AND ENTERTAINMENT', 0.05101689], ['AUTOMOTIVE', 0.04978936]]","[['PROFANE CONTENT', 0.22], ['NON-STANDARD CONTENT', 0.09], ['SPORTS', 0.07], ['HOBBIES & INTERESTS', 0.07], ['COLLECTING', 0.05]]",True,40,22,18:26:39.508906
Bob killed Bob outside my man on my man,"[['RELIGION AND SPIRITUALITY', 0.05487138], ['HEALTH AND FITNESS', 0.0541276], ['TRAVEL', 0.05411879], ['SPORTS', 0.05290823], ['BUSINESS', 0.04933107]]","[['PROFANE CONTENT', 0.22], ['NON-STANDARD CONTENT', 0.09]]",True,41,23,18:26:45.893727
Bob killed I outside my man on my man,"[['SPORTS', 0.05623335], ['RELIGION AND SPIRITUALITY', 0.05598093], ['TRAVEL', 0.05432612], ['HEALTH AND FITNESS', 0.05298246], ['ARTS AND ENTERTAINMENT', 0.04956845]]","[['PROFANE CONTENT', 0.24], ['NON-STANDARD CONTENT', 0.11]]",True,42,24,18:26:52.411282
Bob killed I outside my cat on my man,"[['PETS', 0.0657451], ['SPORTS', 0.05416254], ['RELIGION AND SPIRITUALITY', 0.05309568], ['TRAVEL', 0.05196657], ['HEALTH AND FITNESS', 0.051462]]","[['CATS', 0.63], ['PETS', 0.19]]",False,43,24,18:26:58.246889
Bob killed I outside my cat on my monkey,"[['PETS', 0.06805756], ['SPORTS', 0.05239474], ['TRAVEL', 0.05173565], ['RELIGION AND SPIRITUALITY', 0.05158984], ['TECHNOLOGY AND COMPUTING', 0.04955196]]","[['CATS', 0.56], ['PETS', 0.15]]",False,44,24,18:27:03.796553
Bob killed I outside my cat outside my monkey,"[['PETS', 0.06805756], ['SPORTS', 0.05239474], ['TRAVEL', 0.05173565], ['RELIGION AND SPIRITUALITY', 0.05158984], ['TECHNOLOGY AND COMPUTING', 0.04955196]]","[['CATS', 0.56], ['PETS', 0.15]]",False,45,24,18:27:09.305750
Bob killed I outside my cat outside my park,"[['PETS', 0.06727449], ['TRAVEL', 0.05947754], ['SPORTS', 0.05400507], ['RELIGION AND SPIRITUALITY', 0.05086183], ['HEALTH AND FITNESS', 0.05052901]]","[['CATS', 0.62], ['PETS', 0.25]]",False,46,24,18:27:15.756907
Bob killed I outside my cat by my park,"[['PETS', 0.06727449], ['TRAVEL', 0.05947754], ['SPORTS', 0.05400507], ['RELIGION AND SPIRITUALITY', 0.05086183], ['HEALTH AND FITNESS', 0.05052901]]","[['CATS', 0.62], ['PETS', 0.25]]",False,47,24,18:27:21.288685
Bob killed I outside my cat by my fish,"[['PETS', 0.08122851], ['SPORTS', 0.05656638], ['RELIGION AND SPIRITUALITY', 0.05528046], ['FOOD AND DRINK', 0.05043378], ['TRAVEL', 0.04955433]]","[['PETS', 0.51], ['AQUARIUMS', 0.48]]",False,48,24,18:27:27.029471
Bob killed I outside the cat by my fish,"[['PETS', 0.07746522], ['SPORTS', 0.05692972], ['RELIGION AND SPIRITUALITY', 0.05572191], ['FOOD AND DRINK', 0.05066184], ['TRAVEL', 0.04957137]]","[['PETS', 0.51], ['AQUARIUMS', 0.48]]",False,49,24,18:27:33.024349
Bob killed I with the cat by my fish,"[['PETS', 0.07675443], ['SPORTS', 0.0547622], ['RELIGION AND SPIRITUALITY', 0.05047563], ['FOOD AND DRINK', 0.05022315], ['HOBBIES AND INTERESTS', 0.04891449]]","[['PETS', 0.51], ['AQUARIUMS', 0.48]]",False,50,24,18:27:39.726573
Bob saw I with the cat by my fish,"[['PETS', 0.07533697], ['SPORTS', 0.05808283], ['HOBBIES AND INTERESTS', 0.0540207], ['ARTS AND ENTERTAINMENT', 0.04933245], ['AUTOMOTIVE', 0.04868084]]","[['PETS', 0.53], ['AQUARIUMS', 0.49]]",False,51,24,18:27:46.271782
Bob saw I with the cat with my fish,"[['PETS', 0.07533697], ['SPORTS', 0.05808283], ['HOBBIES AND INTERESTS', 0.0540207], ['ARTS AND ENTERTAINMENT', 0.04933245], ['AUTOMOTIVE', 0.04868084]]","[['PETS', 0.53], ['AQUARIUMS', 0.49]]",False,52,24,18:27:52.740454
Bob ate I with the cat with my fish,"[['PETS', 0.07693802], ['SPORTS', 0.05791198], ['FOOD AND DRINK', 0.05377089], ['TECHNOLOGY AND COMPUTING', 0.04956948], ['ARTS AND ENTERTAINMENT', 0.04872235]]","[['AQUARIUMS', 0.47], ['PETS', 0.42]]",False,53,24,18:27:59.176114
John ate I with the cat with my fish,"[['PETS', 0.07410732], ['FOOD AND DRINK', 0.05424993], ['SPORTS', 0.05422072], ['EDUCATION', 0.04992072], ['HOBBIES AND INTERESTS', 0.0494529]]","[['AQUARIUMS', 0.47], ['PETS', 0.46]]",False,54,24,18:28:07.366760
John walked I with the cat with my fish,"[['PETS', 0.07466372], ['SPORTS', 0.05400462], ['RELIGION AND SPIRITUALITY', 0.05136099], ['FOOD AND DRINK', 0.05058333], ['ARTS AND ENTERTAINMENT', 0.05014914]]","[['PETS', 0.5], ['AQUARIUMS', 0.48]]",False,55,24,18:28:13.408572
John walked I with the park with my fish,"[['SPORTS', 0.05876381], ['PETS', 0.05494846], ['TRAVEL', 0.05481096], ['RELIGION AND SPIRITUALITY', 0.05255666], ['FOOD AND DRINK', 0.05246115]]","[['AQUARIUMS', 0.66], ['PETS', 0.3]]",False,56,24,18:28:19.226952
John walked I with the park outside my fish,"[['SPORTS', 0.0609007], ['TRAVEL', 0.05808006], ['RELIGION AND SPIRITUALITY', 0.05722682], ['PETS', 0.05546328], ['FOOD AND DRINK', 0.05289351]]","[['AQUARIUMS', 0.66], ['PETS', 0.3]]",False,57,24,18:28:28.462589
John walked I with the park outside an fish,"[['SPORTS', 0.0632047], ['TRAVEL', 0.05613574], ['RELIGION AND SPIRITUALITY', 0.05555853], ['FOOD AND DRINK', 0.053436], ['PETS', 0.05308653]]","[['AQUARIUMS', 0.66], ['PETS', 0.3]]",False,58,24,18:28:35.221485
John shot I with the park outside an fish,"[['SPORTS', 0.07189904], ['TRAVEL', 0.05816214], ['RELIGION AND SPIRITUALITY', 0.05443421], ['FOOD AND DRINK', 0.05307901], ['PETS', 0.05144272]]","[['AQUARIUMS', 0.65], ['PETS', 0.33]]",False,59,24,18:28:42.593358
John shot I with an park outside an fish,"[['SPORTS', 0.07189904], ['TRAVEL', 0.05816214], ['RELIGION AND SPIRITUALITY', 0.05443421], ['FOOD AND DRINK', 0.05307901], ['PETS', 0.05144272]]","[['AQUARIUMS', 0.65], ['PETS', 0.33]]",False,60,24,18:28:48.431863
John shot I with an park with an fish,"[['SPORTS', 0.06930927], ['TRAVEL', 0.05507973], ['FOOD AND DRINK', 0.05266297], ['PETS', 0.05091635], ['ARTS AND ENTERTAINMENT', 0.04996733]]","[['AQUARIUMS', 0.65], ['PETS', 0.33]]",False,61,24,18:28:54.573741
John shot I with an dog with an fish,"[['PETS', 0.06323773], ['SPORTS', 0.06078618], ['ARTS AND ENTERTAINMENT', 0.05132482], ['FOOD AND DRINK', 0.0510908], ['RELIGION AND SPIRITUALITY', 0.05013455]]","[['PETS', 0.64], ['AQUARIUMS', 0.54]]",False,62,24,18:29:00.717582
John killed I with an dog with an fish,"[['PETS', 0.06439107], ['RELIGION AND SPIRITUALITY', 0.05443675], ['FOOD AND DRINK', 0.05134254], ['LAW GOVERNMENT AND POLITICS', 0.05059019], ['SPORTS', 0.0505537]]","[['PETS', 0.66], ['AQUARIUMS', 0.55]]",False,63,24,18:29:07.197486
John killed I with an dog with an monkey,"[['PETS', 0.05418834], ['LAW GOVERNMENT AND POLITICS', 0.05142436], ['HOBBIES AND INTERESTS', 0.05079761], ['EDUCATION', 0.05077195], ['RELIGION AND SPIRITUALITY', 0.05059269]]","[['DOGS', 0.61], ['PETS', 0.34]]",False,64,24,18:29:12.831178
John wounded I with an dog with an monkey,"[['PETS', 0.05439765], ['ARTS AND ENTERTAINMENT', 0.05131774], ['HOBBIES AND INTERESTS', 0.05091739], ['EDUCATION', 0.05018784], ['SPORTS', 0.05002084]]","[['DOGS', 0.55], ['PETS', 0.27]]",False,65,24,18:29:19.152588
John walked I with an dog with an monkey,"[['PETS', 0.05478493], ['ARTS AND ENTERTAINMENT', 0.05200503], ['HOBBIES AND INTERESTS', 0.0507974], ['AUTOMOTIVE', 0.05018563], ['EDUCATION', 0.04996104]]","[['DOGS', 0.6], ['PETS', 0.29]]",False,66,24,18:29:27.766782
John walked I with an dog with a monkey,"[['PETS', 0.05478493], ['ARTS AND ENTERTAINMENT', 0.05200503], ['HOBBIES AND INTERESTS', 0.0507974], ['AUTOMOTIVE', 0.05018563], ['EDUCATION', 0.04996104]]","[['DOGS', 0.6], ['PETS', 0.29]]",False,67,24,18:29:34.204390
John walked I with an dog with the monkey,"[['PETS', 0.05478493], ['ARTS AND ENTERTAINMENT', 0.05200503], ['HOBBIES AND INTERESTS', 0.0507974], ['AUTOMOTIVE', 0.05018563], ['EDUCATION', 0.04996104]]","[['DOGS', 0.6], ['PETS', 0.29]]",False,68,24,18:29:40.582300
John walked I on an dog with the monkey,"[['PETS', 0.05478493], ['ARTS AND ENTERTAINMENT', 0.05200503], ['HOBBIES AND INTERESTS', 0.0507974], ['AUTOMOTIVE', 0.05018563], ['EDUCATION', 0.04996104]]","[['DOGS', 0.6], ['PETS', 0.29]]",False,69,24,18:29:47.108512
John walked I on an cat with the monkey,"[['PETS', 0.06016222], ['SPORTS', 0.05181626], ['HOBBIES AND INTERESTS', 0.0504724], ['ARTS AND ENTERTAINMENT', 0.05034408], ['TECHNOLOGY AND COMPUTING', 0.05007456]]","[['CATS', 0.59], ['PETS', 0.14]]",False,70,24,18:29:53.557274
Bob walked I on an cat with the monkey,"[['PETS', 0.06247476], ['SPORTS', 0.05535668], ['TECHNOLOGY AND COMPUTING', 0.0515028], ['ARTS AND ENTERTAINMENT', 0.04993285], ['HOBBIES AND INTERESTS', 0.04972318]]","[['CATS', 0.55], ['PETS', 0.13]]",False,71,24,18:30:00.622881
John walked I on an cat with the monkey,"[['PETS', 0.06016222], ['SPORTS', 0.05181626], ['HOBBIES AND INTERESTS', 0.0504724], ['ARTS AND ENTERTAINMENT', 0.05034408], ['TECHNOLOGY AND COMPUTING', 0.05007456]]","[['CATS', 0.59], ['PETS', 0.14]]",False,71,24,18:30:07.382193
John wounded I on an cat with the monkey,"[['PETS', 0.0597302], ['SPORTS', 0.05260623], ['HOBBIES AND INTERESTS', 0.05058593], ['ARTS AND ENTERTAINMENT', 0.04967314], ['TECHNOLOGY AND COMPUTING', 0.0493057]]","[['CATS', 0.56], ['PETS', 0.13]]",False,72,24,18:30:13.835800
John wounded John on an cat with the monkey,"[['PETS', 0.06162639], ['LAW GOVERNMENT AND POLITICS', 0.04998379], ['EDUCATION', 0.04993994], ['SPORTS', 0.04940083], ['ARTS AND ENTERTAINMENT', 0.04870174]]","[['CATS', 0.5], ['PETS', 0.11]]",False,73,24,18:30:20.606869
John wounded John on my cat with the monkey,"[['PETS', 0.06727706], ['EDUCATION', 0.05051854], ['LAW GOVERNMENT AND POLITICS', 0.04880377], ['HEALTH AND FITNESS', 0.04867821], ['HOBBIES AND INTERESTS', 0.04849253]]","[['CATS', 0.5], ['PETS', 0.11]]",False,74,24,18:30:27.080503
John wounded John on my cat with a monkey,"[['PETS', 0.06727706], ['EDUCATION', 0.05051854], ['LAW GOVERNMENT AND POLITICS', 0.04880377], ['HEALTH AND FITNESS', 0.04867821], ['HOBBIES AND INTERESTS', 0.04849253]]","[['CATS', 0.5], ['PETS', 0.11]]",False,75,24,18:30:32.881682
I wounded John on my cat with a monkey,"[['PETS', 0.06519546], ['HOBBIES AND INTERESTS', 0.05147681], ['SPORTS', 0.05051514], ['TECHNOLOGY AND COMPUTING', 0.04955325], ['EDUCATION', 0.0493162]]","[['CATS', 0.56], ['PETS', 0.13]]",False,76,24,18:30:39.032118
I shot John on my cat with a monkey,"[['PETS', 0.06374501], ['SPORTS', 0.05679804], ['TECHNOLOGY AND COMPUTING', 0.05117956], ['HOBBIES AND INTERESTS', 0.04972456], ['HEALTH AND FITNESS', 0.0488123]]","[['CATS', 0.61], ['PETS', 0.14]]",False,77,24,18:30:45.783728
I shot John on my cat with a elephant,"[['PETS', 0.06356758], ['SPORTS', 0.05586715], ['TECHNOLOGY AND COMPUTING', 0.0509869], ['HOBBIES AND INTERESTS', 0.05065797], ['HEALTH AND FITNESS', 0.0494142]]","[['CATS', 0.56], ['PETS', 0.22]]",False,78,24,18:30:52.538603
I shot John on an cat with a elephant,"[['PETS', 0.05822485], ['SPORTS', 0.05816586], ['TECHNOLOGY AND COMPUTING', 0.05072005], ['ARTS AND ENTERTAINMENT', 0.05001943], ['HOBBIES AND INTERESTS', 0.04976934]]","[['CATS', 0.56], ['PETS', 0.22]]",False,79,24,18:30:58.394422
I saw John on an cat with a elephant,"[['PETS', 0.05722529], ['HOBBIES AND INTERESTS', 0.05418878], ['EDUCATION', 0.05242121], ['SPORTS', 0.05176253], ['ARTS AND ENTERTAINMENT', 0.05021619]]","[['CATS', 0.58], ['PETS', 0.25]]",False,80,24,18:31:05.238614
I saw John on an cat with a monkey,"[['PETS', 0.05738451], ['HOBBIES AND INTERESTS', 0.05318984], ['SPORTS', 0.05262457], ['EDUCATION', 0.05191995], ['AUTOMOTIVE', 0.04963398]]","[['CATS', 0.64], ['PETS', 0.16]]",False,81,24,18:31:11.380427
I saw John on an cat with a elephant,"[['PETS', 0.05722529], ['HOBBIES AND INTERESTS', 0.05418878], ['EDUCATION', 0.05242121], ['SPORTS', 0.05176253], ['ARTS AND ENTERTAINMENT', 0.05021619]]","[['CATS', 0.58], ['PETS', 0.25]]",False,81,24,18:31:18.141103
I saw John on an cat with a pajamas,"[['PETS', 0.05820916], ['EDUCATION', 0.05297475], ['HOBBIES AND INTERESTS', 0.05274434], ['SPORTS', 0.05201134], ['ARTS AND ENTERTAINMENT', 0.05010348]]","[['CATS', 0.62], ['PETS', 0.17]]",False,82,24,18:31:24.400882
I wounded John on an cat with a pajamas,"[['PETS', 0.06059173], ['SPORTS', 0.05199594], ['ARTS AND ENTERTAINMENT', 0.05047511], ['HOBBIES AND INTERESTS', 0.05016486], ['EDUCATION', 0.04975319]]","[['CATS', 0.55], ['PETS', 0.14]]",False,83,24,18:31:30.732349
I wounded John on an telescope with a pajamas,"[['SPORTS', 0.0529045], ['SCIENCE', 0.05139821], ['ARTS AND ENTERTAINMENT', 0.05020493], ['EDUCATION', 0.05018506], ['LAW GOVERNMENT AND POLITICS', 0.04918799]]","[['HOBBIES & INTERESTS', 0.08], ['SCREENWRITING', 0.05]]",True,84,25,18:31:36.575332
I wounded John on a telescope with a pajamas,"[['SPORTS', 0.0529045], ['SCIENCE', 0.05139821], ['ARTS AND ENTERTAINMENT', 0.05020493], ['EDUCATION', 0.05018506], ['LAW GOVERNMENT AND POLITICS', 0.04918799]]","[['HOBBIES & INTERESTS', 0.08], ['SCREENWRITING', 0.05]]",True,85,26,18:31:43.026872
I wounded John with a telescope with a pajamas,"[['SPORTS', 0.0529045], ['SCIENCE', 0.05139821], ['ARTS AND ENTERTAINMENT', 0.05020493], ['EDUCATION', 0.05018506], ['LAW GOVERNMENT AND POLITICS', 0.04918799]]","[['HOBBIES & INTERESTS', 0.08], ['SCREENWRITING', 0.05]]",True,86,27,18:31:49.886390
I ate John with a telescope with a pajamas,"[['SPORTS', 0.05276448], ['EDUCATION', 0.0520007], ['SCIENCE', 0.05059005], ['FOOD AND DRINK', 0.05044562], ['ARTS AND ENTERTAINMENT', 0.04969715]]","[['EXTREME GRAPHIC/EXPLICIT VIOLENCE', 0.19], ['HOBBIES & INTERESTS', 0.07], ['NON-STANDARD CONTENT', 0.06], ['SCREENWRITING', 0.05]]",True,87,28,18:31:56.213342
I ate John with a pajamas with a pajamas,"[['SPORTS', 0.05370699], ['EDUCATION', 0.05131039], ['FOOD AND DRINK', 0.05063821], ['ARTS AND ENTERTAINMENT', 0.05036896], ['HOBBIES AND INTERESTS', 0.04904038]]","[['EXTREME GRAPHIC/EXPLICIT VIOLENCE', 0.19], ['HOBBIES & INTERESTS', 0.07], ['NON-STANDARD CONTENT', 0.06], ['SCREENWRITING', 0.05]]",True,88,29,18:32:02.788462
I ate John with a pajamas with a cat,"[['PETS', 0.06042566], ['SPORTS', 0.05185781], ['EDUCATION', 0.0515527], ['ARTS AND ENTERTAINMENT', 0.04996411], ['HOBBIES AND INTERESTS', 0.0497714]]","[['CATS', 0.56], ['PETS', 0.14]]",False,89,29,18:32:08.489227
I ate John in a pajamas with a cat,"[['PETS', 0.06042566], ['SPORTS', 0.05185781], ['EDUCATION', 0.0515527], ['ARTS AND ENTERTAINMENT', 0.04996411], ['HOBBIES AND INTERESTS', 0.0497714]]","[['CATS', 0.56], ['PETS', 0.14]]",False,90,29,18:32:14.766233
I ate John in a pajamas with my cat,"[['PETS', 0.0659401], ['EDUCATION', 0.05212934], ['HOBBIES AND INTERESTS', 0.05063684], ['SPORTS', 0.04978556], ['TECHNOLOGY AND COMPUTING', 0.0496655]]","[['CATS', 0.56], ['PETS', 0.14]]",False,91,29,18:32:21.832152
I ate Mary in a pajamas with my cat,"[['PETS', 0.06620271], ['TECHNOLOGY AND COMPUTING', 0.05344513], ['HOBBIES AND INTERESTS', 0.05159203], ['HEALTH AND FITNESS', 0.05109354], ['EDUCATION', 0.04974045]]","[['CATS', 0.53], ['PETS', 0.13]]",False,92,29,18:32:27.987827
I ate Mary in a pajamas on my cat,"[['PETS', 0.06620271], ['TECHNOLOGY AND COMPUTING', 0.05344513], ['HOBBIES AND INTERESTS', 0.05159203], ['HEALTH AND FITNESS', 0.05109354], ['EDUCATION', 0.04974045]]","[['CATS', 0.53], ['PETS', 0.13]]",False,93,29,18:32:34.431238
I ate Mary in a pajamas on the cat,"[['PETS', 0.06068355], ['TECHNOLOGY AND COMPUTING', 0.05320491], ['HOBBIES AND INTERESTS', 0.05072467], ['HEALTH AND FITNESS', 0.04970514], ['FOOD AND DRINK', 0.04970376]]","[['CATS', 0.53], ['PETS', 0.13]]",False,94,29,18:32:40.569080
I saw Mary in a pajamas on the cat,"[['PETS', 0.0584677], ['HOBBIES AND INTERESTS', 0.05376385], ['SCIENCE', 0.05153356], ['HEALTH AND FITNESS', 0.05112078], ['TECHNOLOGY AND COMPUTING', 0.05083246]]","[['CATS', 0.59], ['PETS', 0.16]]",False,95,29,18:32:46.318915
I saw Mary in the pajamas on the cat,"[['PETS', 0.0584677], ['HOBBIES AND INTERESTS', 0.05376385], ['SCIENCE', 0.05153356], ['HEALTH AND FITNESS', 0.05112078], ['TECHNOLOGY AND COMPUTING', 0.05083246]]","[['CATS', 0.59], ['PETS', 0.16]]",False,96,29,18:32:52.549984
I saw Mary in the pajamas on a cat,"[['PETS', 0.0584677], ['HOBBIES AND INTERESTS', 0.05376385], ['SCIENCE', 0.05153356], ['HEALTH AND FITNESS', 0.05112078], ['TECHNOLOGY AND COMPUTING', 0.05083246]]","[['CATS', 0.59], ['PETS', 0.16]]",False,97,29,18:32:58.392076
I saw I in the pajamas on a cat,"[['PETS', 0.05860865], ['HOBBIES AND INTERESTS', 0.05490975], ['AUTOMOTIVE', 0.0511831], ['SCIENCE', 0.05092357], ['SPORTS', 0.05021689]]","[['CATS', 0.65], ['PETS', 0.2]]",False,98,29,18:33:04.108595
I saw I in the pajamas on a man,"[['HOBBIES AND INTERESTS', 0.05497131], ['SPORTS', 0.053725], ['SCIENCE', 0.05326553], ['AUTOMOTIVE', 0.05235136], ['HEALTH AND FITNESS', 0.05139625]]","[['PROFANE CONTENT', 0.3], ['NON-STANDARD CONTENT', 0.09]]",True,99,30,18:33:09.758864
I saw I in the monkey on a man,"[['HOBBIES AND INTERESTS', 0.05541556], ['SPORTS', 0.05433875], ['SCIENCE', 0.0535902], ['AUTOMOTIVE', 0.05194168], ['HEALTH AND FITNESS', 0.05001769]]","[['PROFANE CONTENT', 0.22], ['NON-STANDARD CONTENT', 0.08]]",True,100,31,18:33:15.899015
I saw I in the telescope on a man,"[['SCIENCE', 0.06028007], ['HOBBIES AND INTERESTS', 0.05422828], ['SPORTS', 0.05250807], ['AUTOMOTIVE', 0.05160783], ['EDUCATION', 0.05060915]]","[['PROFANE CONTENT', 0.22], ['NON-STANDARD CONTENT', 0.08]]",True,101,32,18:33:21.429601
I walked I in the telescope on a man,"[['SCIENCE', 0.05624753], ['SPORTS', 0.05182548], ['ARTS AND ENTERTAINMENT', 0.05162302], ['HOBBIES AND INTERESTS', 0.04968866], ['TECHNOLOGY AND COMPUTING', 0.04966333]]","[['PROFANE CONTENT', 0.22], ['NON-STANDARD CONTENT', 0.08], ['HOBBIES & INTERESTS', 0.06], ['CIGARS', 0.05]]",True,102,33,18:33:28.055530
I walked I in an telescope on a man,"[['SCIENCE', 0.05624753], ['SPORTS', 0.05182548], ['ARTS AND ENTERTAINMENT', 0.05162302], ['HOBBIES AND INTERESTS', 0.04968866], ['TECHNOLOGY AND COMPUTING', 0.04966333]]","[['PROFANE CONTENT', 0.22], ['NON-STANDARD CONTENT', 0.08], ['HOBBIES & INTERESTS', 0.06], ['CIGARS', 0.05]]",True,103,34,18:33:36.082841
I walked I in an fish on a man,"[['SPORTS', 0.05829913], ['RELIGION AND SPIRITUALITY', 0.05209335], ['ARTS AND ENTERTAINMENT', 0.05196455], ['PETS', 0.05168902], ['FOOD AND DRINK', 0.05157134]]","[['AQUARIUMS', 0.73], ['PETS', 0.3]]",False,104,34,18:33:41.276120
I killed I in an fish on a man,"[['RELIGION AND SPIRITUALITY', 0.05568181], ['SPORTS', 0.05528694], ['FOOD AND DRINK', 0.05166534], ['PETS', 0.05112275], ['SCIENCE', 0.05048185]]","[['AQUARIUMS', 0.75], ['PETS', 0.37]]",False,105,34,18:33:46.927372
I killed I in an fish on a dog,"[['PETS', 0.06480501], ['RELIGION AND SPIRITUALITY', 0.0534027], ['FOOD AND DRINK', 0.05250658], ['HOBBIES AND INTERESTS', 0.0497583], ['AUTOMOTIVE', 0.04924604]]","[['PETS', 0.69], ['AQUARIUMS', 0.57]]",False,106,34,18:33:53.390101
I saw I in an fish on a dog,"[['PETS', 0.06255376], ['AUTOMOTIVE', 0.05488859], ['HOBBIES AND INTERESTS', 0.05376434], ['SPORTS', 0.05247723], ['EDUCATION', 0.04998532]]","[['PETS', 0.7], ['AQUARIUMS', 0.54]]",False,107,34,18:33:58.907825
I saw I on an fish on a dog,"[['PETS', 0.06255376], ['AUTOMOTIVE', 0.05488859], ['HOBBIES AND INTERESTS', 0.05376434], ['SPORTS', 0.05247723], ['EDUCATION', 0.04998532]]","[['PETS', 0.7], ['AQUARIUMS', 0.54]]",False,108,34,18:34:04.603485
I saw I on an monkey on a dog,"[['AUTOMOTIVE', 0.05618763], ['HOBBIES AND INTERESTS', 0.05569798], ['PETS', 0.0525838], ['EDUCATION', 0.0505319], ['SCIENCE', 0.05015807]]","[['DOGS', 0.68], ['PETS', 0.4]]",False,109,34,18:34:12.731153
I saw Bob on an monkey on a dog,"[['PETS', 0.05428942], ['AUTOMOTIVE', 0.05393019], ['SPORTS', 0.05347613], ['HOBBIES AND INTERESTS', 0.05276229], ['ARTS AND ENTERTAINMENT', 0.05054433]]","[['DOGS', 0.59], ['PETS', 0.31]]",False,110,34,18:34:19.183141
I killed Bob on an monkey on a dog,"[['PETS', 0.05633528], ['HOBBIES AND INTERESTS', 0.05015398], ['SPORTS', 0.04996966], ['TRAVEL', 0.04955948], ['BUSINESS', 0.04924854]]","[['DOGS', 0.56], ['PETS', 0.3]]",False,111,34,18:34:27.475889
I killed Bob on an monkey on a park,"[['TRAVEL', 0.0580805], ['SPORTS', 0.05697354], ['BUSINESS', 0.04889524], ['HOBBIES AND INTERESTS', 0.04873301], ['STYLE AND FASHION', 0.04825839]]","[['NATIONAL PARKS', 0.34], ['TRAVEL', 0.07], ['BIRDWATCHING', 0.07], ['HOBBIES & INTERESTS', 0.06]]",True,112,35,18:34:33.522249
I killed Bob on an monkey on the park,"[['TRAVEL', 0.0580805], ['SPORTS', 0.05697354], ['BUSINESS', 0.04889524], ['HOBBIES AND INTERESTS', 0.04873301], ['STYLE AND FASHION', 0.04825839]]","[['NATIONAL PARKS', 0.34], ['TRAVEL', 0.07], ['BIRDWATCHING', 0.07], ['HOBBIES & INTERESTS', 0.06]]",True,113,36,18:34:41.299840
I killed Bob on an monkey on an park,"[['TRAVEL', 0.0580805], ['SPORTS', 0.05697354], ['BUSINESS', 0.04889524], ['HOBBIES AND INTERESTS', 0.04873301], ['STYLE AND FASHION', 0.04825839]]","[['NATIONAL PARKS', 0.34], ['TRAVEL', 0.07], ['BIRDWATCHING', 0.07], ['HOBBIES & INTERESTS', 0.06]]",True,114,37,18:34:48.059943
I killed Bob in an monkey on an park,"[['TRAVEL', 0.0580805], ['SPORTS', 0.05697354], ['BUSINESS', 0.04889524], ['HOBBIES AND INTERESTS', 0.04873301], ['STYLE AND FASHION', 0.04825839]]","[['NATIONAL PARKS', 0.34], ['TRAVEL', 0.07], ['BIRDWATCHING', 0.07], ['HOBBIES & INTERESTS', 0.06]]",True,115,38,18:34:54.477267
I killed Bob in an monkey on a park,"[['TRAVEL', 0.0580805], ['SPORTS', 0.05697354], ['BUSINESS', 0.04889524], ['HOBBIES AND INTERESTS', 0.04873301], ['STYLE AND FASHION', 0.04825839]]","[['NATIONAL PARKS', 0.34], ['TRAVEL', 0.07], ['BIRDWATCHING', 0.07], ['HOBBIES & INTERESTS', 0.06]]",True,116,39,18:35:00.049110
I killed Bob in an monkey on a elephant,"[['SPORTS', 0.05436836], ['TRAVEL', 0.05168367], ['HOBBIES AND INTERESTS', 0.05034396], ['STYLE AND FASHION', 0.04969161], ['HOME AND GARDEN', 0.04920737]]","[['LARGE ANIMALS', 0.42], ['ROAD-SIDE ASSISTANCE', 0.11], ['HOBBIES & INTERESTS', 0.07], ['PETS', 0.06], ['AUTOMOTIVE', 0.06]]",True,117,40,18:35:06.024160
I walked Bob in an monkey on a elephant,"[['SPORTS', 0.05732044], ['TRAVEL', 0.05145186], ['TECHNOLOGY AND COMPUTING', 0.0505987], ['ARTS AND ENTERTAINMENT', 0.04979562], ['HOBBIES AND INTERESTS', 0.04972305]]","[['HOBBIES & INTERESTS', 0.08], ['BIRDWATCHING', 0.05]]",True,118,41,18:35:12.238761
I walked Bob with an monkey on a elephant,"[['SPORTS', 0.05732044], ['TRAVEL', 0.05145186], ['TECHNOLOGY AND COMPUTING', 0.0505987], ['ARTS AND ENTERTAINMENT', 0.04979562], ['HOBBIES AND INTERESTS', 0.04972305]]","[['HOBBIES & INTERESTS', 0.08], ['BIRDWATCHING', 0.05]]",True,119,42,18:35:20.725253
I walked Bob with an monkey on my elephant,"[['SPORTS', 0.05527755], ['TRAVEL', 0.05320563], ['TECHNOLOGY AND COMPUTING', 0.05104188], ['HOBBIES AND INTERESTS', 0.05084345], ['STYLE AND FASHION', 0.05035647]]","[['HOBBIES & INTERESTS', 0.08], ['BIRDWATCHING', 0.05]]",True,120,43,18:35:25.948609
I ate Bob with an monkey on my elephant,"[['SPORTS', 0.05594396], ['TRAVEL', 0.05245526], ['HOBBIES AND INTERESTS', 0.05110284], ['STYLE AND FASHION', 0.05089379], ['TECHNOLOGY AND COMPUTING', 0.05082008]]","[['HOBBIES & INTERESTS', 0.08], ['BIRDWATCHING', 0.05]]",True,121,44,18:35:32.708426
I saw Bob with an monkey on my elephant,"[['SPORTS', 0.05608853], ['HOBBIES AND INTERESTS', 0.05413497], ['AUTOMOTIVE', 0.05394284], ['HEALTH AND FITNESS', 0.05210619], ['TRAVEL', 0.05045732]]","[['HOBBIES & INTERESTS', 0.08], ['BIRDWATCHING', 0.05]]",True,122,45,18:35:38.853676
I saw Bob with an monkey by my elephant,"[['SPORTS', 0.05608853], ['HOBBIES AND INTERESTS', 0.05413497], ['AUTOMOTIVE', 0.05394284], ['HEALTH AND FITNESS', 0.05210619], ['TRAVEL', 0.05045732]]","[['HOBBIES & INTERESTS', 0.08], ['BIRDWATCHING', 0.05]]",True,123,46,18:35:46.223671
I saw I with an monkey by my elephant,"[['HOBBIES AND INTERESTS', 0.05713744], ['AUTOMOTIVE', 0.05619135], ['SPORTS', 0.05062859], ['TRAVEL', 0.05054471], ['HEALTH AND FITNESS', 0.05044273]]","[['LARGE ANIMALS', 0.45], ['HOBBIES & INTERESTS', 0.07], ['PETS', 0.06], ['BIRDWATCHING', 0.05]]",True,124,47,18:35:52.368432
I saw I with an monkey outside my elephant,"[['AUTOMOTIVE', 0.05490094], ['HOBBIES AND INTERESTS', 0.0544872], ['TRAVEL', 0.05368896], ['SPORTS', 0.05269039], ['HEALTH AND FITNESS', 0.05251913]]","[['LARGE ANIMALS', 0.45], ['HOBBIES & INTERESTS', 0.07], ['PETS', 0.06], ['BIRDWATCHING', 0.05]]",True,125,48,18:35:58.324170
I ate I with an monkey outside my elephant,"[['TRAVEL', 0.05616351], ['SPORTS', 0.0525722], ['HEALTH AND FITNESS', 0.05196001], ['TECHNOLOGY AND COMPUTING', 0.05168805], ['RELIGION AND SPIRITUALITY', 0.05086017]]","[['BARBECUES & GRILLING', 0.09], ['HOBBIES & INTERESTS', 0.07], ['FOOD & DRINK', 0.06], ['BIRDWATCHING', 0.05]]",True,126,49,18:36:04.249297
I ate I with an monkey by my elephant,"[['TRAVEL', 0.05290613], ['HOBBIES AND INTERESTS', 0.0525928], ['TECHNOLOGY AND COMPUTING', 0.05191894], ['SPORTS', 0.0505454], ['HOME AND GARDEN', 0.05048868]]","[['BARBECUES & GRILLING', 0.09], ['HOBBIES & INTERESTS', 0.07], ['FOOD & DRINK', 0.06], ['BIRDWATCHING', 0.05]]",True,127,50,18:36:10.187489
I ate I with my monkey by my elephant,"[['HOBBIES AND INTERESTS', 0.05256404], ['TRAVEL', 0.05227067], ['TECHNOLOGY AND COMPUTING', 0.0518335], ['HEALTH AND FITNESS', 0.05151774], ['SPORTS', 0.05036933]]","[['BARBECUES & GRILLING', 0.09], ['HOBBIES & INTERESTS', 0.07], ['FOOD & DRINK', 0.06], ['BIRDWATCHING', 0.05]]",True,128,51,18:36:20.032452
I ate I with my elephant by my elephant,"[['HOBBIES AND INTERESTS', 0.05222157], ['HEALTH AND FITNESS', 0.05183279], ['TECHNOLOGY AND COMPUTING', 0.05153609], ['TRAVEL', 0.05109608], ['FOOD AND DRINK', 0.05089275]]","[['LARGE ANIMALS', 0.6], ['HOBBIES & INTERESTS', 0.07], ['PETS', 0.07], ['BEADWORK', 0.05]]",True,129,52,18:36:27.533732
I ate I with my elephant by an elephant,"[['HOBBIES AND INTERESTS', 0.05222157], ['HEALTH AND FITNESS', 0.05183279], ['TECHNOLOGY AND COMPUTING', 0.05153609], ['TRAVEL', 0.05109608], ['FOOD AND DRINK', 0.05089275]]","[['LARGE ANIMALS', 0.6], ['HOBBIES & INTERESTS', 0.07], ['PETS', 0.07], ['BEADWORK', 0.05]]",True,130,53,18:36:33.434184
I ate Mary with my elephant by an elephant,"[['TECHNOLOGY AND COMPUTING', 0.05284599], ['HOBBIES AND INTERESTS', 0.05248719], ['HEALTH AND FITNESS', 0.05186329], ['HOME AND GARDEN', 0.05059048], ['FOOD AND DRINK', 0.05045194]]","[['LARGE ANIMALS', 0.55], ['HOBBIES & INTERESTS', 0.07], ['PETS', 0.07], ['NEEDLEWORK', 0.06]]",True,131,54,18:36:39.676925
I ate Mary with an elephant by an elephant,"[['TECHNOLOGY AND COMPUTING', 0.05241013], ['HOBBIES AND INTERESTS', 0.05135309], ['FOOD AND DRINK', 0.05091864], ['HOME AND GARDEN', 0.05008596], ['SPORTS', 0.04982548]]","[['LARGE ANIMALS', 0.55], ['HOBBIES & INTERESTS', 0.07], ['PETS', 0.07], ['NEEDLEWORK', 0.06]]",True,132,55,18:36:45.701362
I ate Mary with an elephant by the elephant,"[['TECHNOLOGY AND COMPUTING', 0.05241013], ['HOBBIES AND INTERESTS', 0.05135309], ['FOOD AND DRINK', 0.05091864], ['HOME AND GARDEN', 0.05008596], ['SPORTS', 0.04982548]]","[['LARGE ANIMALS', 0.55], ['HOBBIES & INTERESTS', 0.07], ['PETS', 0.07], ['NEEDLEWORK', 0.06]]",True,133,56,18:36:51.575499
I ate Mary with an elephant by the cat,"[['PETS', 0.05965322], ['TECHNOLOGY AND COMPUTING', 0.05353022], ['HOBBIES AND INTERESTS', 0.05210975], ['HOME AND GARDEN', 0.04952093], ['FOOD AND DRINK', 0.04945324]]","[['CATS', 0.52], ['PETS', 0.17]]",False,134,56,18:36:57.187138
I wounded Mary with an elephant by the cat,"[['PETS', 0.05982098], ['TECHNOLOGY AND COMPUTING', 0.05287574], ['HOBBIES AND INTERESTS', 0.05252505], ['HOME AND GARDEN', 0.04936888], ['ARTS AND ENTERTAINMENT', 0.04899631]]","[['CATS', 0.5], ['PETS', 0.18]]",False,135,56,18:37:03.054030
I wounded Mary with the elephant by the cat,"[['PETS', 0.05982098], ['TECHNOLOGY AND COMPUTING', 0.05287574], ['HOBBIES AND INTERESTS', 0.05252505], ['HOME AND GARDEN', 0.04936888], ['ARTS AND ENTERTAINMENT', 0.04899631]]","[['CATS', 0.5], ['PETS', 0.18]]",False,136,56,18:37:08.420316
I shot Mary with the elephant by the cat,"[['PETS', 0.05848671], ['TECHNOLOGY AND COMPUTING', 0.05460792], ['SPORTS', 0.05422889], ['HOBBIES AND INTERESTS', 0.05073417], ['HEALTH AND FITNESS', 0.04955611]]","[['CATS', 0.55], ['PETS', 0.2]]",False,137,56,18:37:14.082526
Mary shot Mary with the elephant by the cat,"[['PETS', 0.06044097], ['TECHNOLOGY AND COMPUTING', 0.05109805], ['SPORTS', 0.05099635], ['HEALTH AND FITNESS', 0.05024716], ['REAL ESTATE', 0.0492619]]","[['CATS', 0.44], ['PETS', 0.14]]",False,138,56,18:37:22.566332
Mary shot Mary by the elephant by the cat,"[['PETS', 0.06044097], ['TECHNOLOGY AND COMPUTING', 0.05109805], ['SPORTS', 0.05099635], ['HEALTH AND FITNESS', 0.05024716], ['REAL ESTATE', 0.0492619]]","[['CATS', 0.44], ['PETS', 0.14]]",False,139,56,18:37:28.829976
Mary shot Mary outside the elephant by the cat,"[['PETS', 0.06116725], ['SPORTS', 0.05310406], ['HEALTH AND FITNESS', 0.05178792], ['TRAVEL', 0.0506532], ['TECHNOLOGY AND COMPUTING', 0.05041603]]","[['CATS', 0.44], ['PETS', 0.14]]",False,140,56,18:37:34.868100
Mary shot I outside the elephant by the cat,"[['PETS', 0.0591177], ['SPORTS', 0.05636325], ['TECHNOLOGY AND COMPUTING', 0.05429489], ['TRAVEL', 0.05085396], ['HEALTH AND FITNESS', 0.0507339]]","[['CATS', 0.55], ['PETS', 0.2]]",False,141,56,18:37:41.119876
Mary shot I outside the elephant in the cat,"[['PETS', 0.0591177], ['SPORTS', 0.05636325], ['TECHNOLOGY AND COMPUTING', 0.05429489], ['TRAVEL', 0.05085396], ['HEALTH AND FITNESS', 0.0507339]]","[['CATS', 0.55], ['PETS', 0.2]]",False,142,56,18:37:47.263474
Mary shot I outside the elephant with the cat,"[['PETS', 0.0591177], ['SPORTS', 0.05636325], ['TECHNOLOGY AND COMPUTING', 0.05429489], ['TRAVEL', 0.05085396], ['HEALTH AND FITNESS', 0.0507339]]","[['CATS', 0.55], ['PETS', 0.2]]",False,143,56,18:37:53.712277
Mary saw I outside the elephant with the cat,"[['PETS', 0.05914949], ['HOBBIES AND INTERESTS', 0.05514734], ['TECHNOLOGY AND COMPUTING', 0.05112067], ['HEALTH AND FITNESS', 0.05072668], ['SPORTS', 0.0497726]]","[['CATS', 0.57], ['PETS', 0.22]]",False,144,56,18:38:00.497896
Mary saw I with the elephant with the cat,"[['PETS', 0.05849697], ['HOBBIES AND INTERESTS', 0.05787829], ['TECHNOLOGY AND COMPUTING', 0.05175822], ['ARTS AND ENTERTAINMENT', 0.04921002], ['HEALTH AND FITNESS', 0.0491662]]","[['CATS', 0.57], ['PETS', 0.22]]",False,145,56,18:38:05.883421
Bob saw I with the elephant with the cat,"[['PETS', 0.06050279], ['HOBBIES AND INTERESTS', 0.05596185], ['SPORTS', 0.05478599], ['ARTS AND ENTERTAINMENT', 0.05040645], ['TECHNOLOGY AND COMPUTING', 0.04946832]]","[['CATS', 0.56], ['PETS', 0.22]]",False,146,56,18:38:11.332078
Bob saw I with the elephant on the cat,"[['PETS', 0.06050279], ['HOBBIES AND INTERESTS', 0.05596185], ['SPORTS', 0.05478599], ['ARTS AND ENTERTAINMENT', 0.05040645], ['TECHNOLOGY AND COMPUTING', 0.04946832]]","[['CATS', 0.56], ['PETS', 0.22]]",False,147,56,18:38:17.776130
Bob saw I with the elephant on the monkey,"[['SPORTS', 0.05763638], ['HOBBIES AND INTERESTS', 0.05551245], ['ARTS AND ENTERTAINMENT', 0.0492075], ['TRAVEL', 0.04903339], ['STYLE AND FASHION', 0.04901505]]","[['HOBBIES & INTERESTS', 0.08], ['BIRDWATCHING', 0.05]]",True,148,57,18:38:24.074903
John saw I with the elephant on the monkey,"[['HOBBIES AND INTERESTS', 0.05631146], ['SPORTS', 0.05391431], ['EDUCATION', 0.05036436], ['ARTS AND ENTERTAINMENT', 0.0495798], ['LAW GOVERNMENT AND POLITICS', 0.04956615]]","[['EXTREME GRAPHIC/EXPLICIT VIOLENCE', 0.19], ['HOBBIES & INTERESTS', 0.07], ['NON-STANDARD CONTENT', 0.06], ['SCREENWRITING', 0.06]]",True,149,58,18:38:30.068055
John saw I in the elephant on the monkey,"[['HOBBIES AND INTERESTS', 0.05631146], ['SPORTS', 0.05391431], ['EDUCATION', 0.05036436], ['ARTS AND ENTERTAINMENT', 0.0495798], ['LAW GOVERNMENT AND POLITICS', 0.04956615]]","[['EXTREME GRAPHIC/EXPLICIT VIOLENCE', 0.19], ['HOBBIES & INTERESTS', 0.07], ['NON-STANDARD CONTENT', 0.06], ['SCREENWRITING', 0.06]]",True,150,59,18:38:36.312746
John saw Mary in the elephant on the monkey,"[['EDUCATION', 0.05208645], ['HOBBIES AND INTERESTS', 0.05197696], ['HEALTH AND FITNESS', 0.05116969], ['BUSINESS', 0.05093743], ['LAW GOVERNMENT AND POLITICS', 0.05053459]]","[['EXTREME GRAPHIC/EXPLICIT VIOLENCE', 0.2], ['HOBBIES & INTERESTS', 0.07], ['NON-STANDARD CONTENT', 0.06], ['NEEDLEWORK', 0.06]]",True,151,60,18:38:44.067580
John saw Mary in the elephant on the elephant,"[['EDUCATION', 0.05236349], ['HOBBIES AND INTERESTS', 0.05162592], ['HEALTH AND FITNESS', 0.05147026], ['ARTS AND ENTERTAINMENT', 0.05111794], ['LAW GOVERNMENT AND POLITICS', 0.05064168]]","[['LARGE ANIMALS', 0.58], ['EXTREME GRAPHIC/EXPLICIT VIOLENCE', 0.2], ['HOBBIES & INTERESTS', 0.07], ['PETS', 0.07], ['NON-STANDARD CONTENT', 0.06]]",True,152,61,18:38:50.756662
John saw Mary in my elephant on the elephant,"[['HEALTH AND FITNESS', 0.05412473], ['HOBBIES AND INTERESTS', 0.05279003], ['EDUCATION', 0.05273336], ['AUTOMOTIVE', 0.05026204], ['ARTS AND ENTERTAINMENT', 0.04990336]]","[['LARGE ANIMALS', 0.58], ['EXTREME GRAPHIC/EXPLICIT VIOLENCE', 0.2], ['HOBBIES & INTERESTS', 0.07], ['PETS', 0.07], ['NON-STANDARD CONTENT', 0.06]]",True,153,62,18:38:57.095012
John saw Mary in the elephant on the elephant,"[['EDUCATION', 0.05236349], ['HOBBIES AND INTERESTS', 0.05162592], ['HEALTH AND FITNESS', 0.05147026], ['ARTS AND ENTERTAINMENT', 0.05111794], ['LAW GOVERNMENT AND POLITICS', 0.05064168]]","[['LARGE ANIMALS', 0.58], ['EXTREME GRAPHIC/EXPLICIT VIOLENCE', 0.2], ['HOBBIES & INTERESTS', 0.07], ['PETS', 0.07], ['NON-STANDARD CONTENT', 0.06]]",True,153,62,18:39:03.346708
John saw Mary in an elephant on the elephant,"[['EDUCATION', 0.05236349], ['HOBBIES AND INTERESTS', 0.05162592], ['HEALTH AND FITNESS', 0.05147026], ['ARTS AND ENTERTAINMENT', 0.05111794], ['LAW GOVERNMENT AND POLITICS', 0.05064168]]","[['LARGE ANIMALS', 0.58], ['EXTREME GRAPHIC/EXPLICIT VIOLENCE', 0.2], ['HOBBIES & INTERESTS', 0.07], ['PETS', 0.07], ['NON-STANDARD CONTENT', 0.06]]",True,154,63,18:39:08.934205
John saw Mary in an elephant on an elephant,"[['EDUCATION', 0.05236349], ['HOBBIES AND INTERESTS', 0.05162592], ['HEALTH AND FITNESS', 0.05147026], ['ARTS AND ENTERTAINMENT', 0.05111794], ['LAW GOVERNMENT AND POLITICS', 0.05064168]]","[['LARGE ANIMALS', 0.58], ['EXTREME GRAPHIC/EXPLICIT VIOLENCE', 0.2], ['HOBBIES & INTERESTS', 0.07], ['PETS', 0.07], ['NON-STANDARD CONTENT', 0.06]]",True,155,64,18:39:15.337054
John saw Mary in an elephant on an man,"[['HEALTH AND FITNESS', 0.05394748], ['ARTS AND ENTERTAINMENT', 0.05369223], ['EDUCATION', 0.05325521], ['HOBBIES AND INTERESTS', 0.05251827], ['LAW GOVERNMENT AND POLITICS', 0.0508516]]","[['PROFANE CONTENT', 0.2], ['NON-STANDARD CONTENT', 0.09]]",True,156,65,18:39:21.470784
John shot Mary in an elephant on an man,"[['SPORTS', 0.05644585], ['HEALTH AND FITNESS', 0.05305268], ['ARTS AND ENTERTAINMENT', 0.05253555], ['LAW GOVERNMENT AND POLITICS', 0.05071861], ['EDUCATION', 0.05029228]]","[['PROFANE CONTENT', 0.2], ['NON-STANDARD CONTENT', 0.09], ['HOBBIES & INTERESTS', 0.07], ['NEEDLEWORK', 0.06]]",True,157,66,18:39:27.481647
John shot Mary in an cat on an man,"[['PETS', 0.0581717], ['SPORTS', 0.05458157], ['ARTS AND ENTERTAINMENT', 0.05274924], ['HEALTH AND FITNESS', 0.05237335], ['EDUCATION', 0.05034605]]","[['CATS', 0.62], ['PETS', 0.15]]",False,158,66,18:39:34.675624
John shot Mary by an cat on an man,"[['PETS', 0.0581717], ['SPORTS', 0.05458157], ['ARTS AND ENTERTAINMENT', 0.05274924], ['HEALTH AND FITNESS', 0.05237335], ['EDUCATION', 0.05034605]]","[['CATS', 0.62], ['PETS', 0.15]]",False,159,66,18:39:41.439664
John shot John by an cat on an man,"[['PETS', 0.05829248], ['SPORTS', 0.05656946], ['ARTS AND ENTERTAINMENT', 0.05172877], ['HEALTH AND FITNESS', 0.0507445], ['LAW GOVERNMENT AND POLITICS', 0.05045504]]","[['CATS', 0.58], ['PETS', 0.14]]",False,160,66,18:39:47.579518
John shot John by an cat on the man,"[['PETS', 0.05829248], ['SPORTS', 0.05656946], ['ARTS AND ENTERTAINMENT', 0.05172877], ['HEALTH AND FITNESS', 0.0507445], ['LAW GOVERNMENT AND POLITICS', 0.05045504]]","[['CATS', 0.58], ['PETS', 0.14]]",False,161,66,18:39:54.598485
John shot I by an cat on the man,"[['SPORTS', 0.06012025], ['PETS', 0.05647227], ['ARTS AND ENTERTAINMENT', 0.05255595], ['TECHNOLOGY AND COMPUTING', 0.05010334], ['HEALTH AND FITNESS', 0.04973476]]","[['CATS', 0.68], ['PETS', 0.19]]",False,162,66,18:40:00.792495
John shot I by an cat on an man,"[['SPORTS', 0.06012025], ['PETS', 0.05647227], ['ARTS AND ENTERTAINMENT', 0.05255595], ['TECHNOLOGY AND COMPUTING', 0.05010334], ['HEALTH AND FITNESS', 0.04973476]]","[['CATS', 0.68], ['PETS', 0.19]]",False,163,66,18:40:08.470099
John killed I by an cat on an man,"[['PETS', 0.05754536], ['LAW GOVERNMENT AND POLITICS', 0.05158407], ['ARTS AND ENTERTAINMENT', 0.05142424], ['HOBBIES AND INTERESTS', 0.05100297], ['RELIGION AND SPIRITUALITY', 0.05093802]]","[['CATS', 0.68], ['PETS', 0.21]]",False,164,66,18:40:13.998568
John killed I by an cat on an pajamas,"[['PETS', 0.06038469], ['LAW GOVERNMENT AND POLITICS', 0.05112709], ['EDUCATION', 0.050354], ['HOBBIES AND INTERESTS', 0.05006848], ['RELIGION AND SPIRITUALITY', 0.05000206]]","[['CATS', 0.58], ['PETS', 0.18]]",False,165,66,18:40:20.450386
John killed Mary by an cat on an pajamas,"[['PETS', 0.06213223], ['LAW GOVERNMENT AND POLITICS', 0.05205215], ['EDUCATION', 0.05201054], ['RELIGION AND SPIRITUALITY', 0.05069427], ['HEALTH AND FITNESS', 0.04884187]]","[['CATS', 0.54], ['PETS', 0.15]]",False,166,66,18:40:26.597909
John killed Mary by an cat on a pajamas,"[['PETS', 0.06213223], ['LAW GOVERNMENT AND POLITICS', 0.05205215], ['EDUCATION', 0.05201054], ['RELIGION AND SPIRITUALITY', 0.05069427], ['HEALTH AND FITNESS', 0.04884187]]","[['CATS', 0.54], ['PETS', 0.15]]",False,167,66,18:40:32.742434
John shot Mary by an cat on a pajamas,"[['PETS', 0.06106026], ['SPORTS', 0.05301473], ['HEALTH AND FITNESS', 0.05099152], ['EDUCATION', 0.05020629], ['LAW GOVERNMENT AND POLITICS', 0.04978641]]","[['CATS', 0.56], ['PETS', 0.13]]",False,168,66,18:40:38.886470
John shot John by an cat on a pajamas,"[['PETS', 0.06118133], ['SPORTS', 0.05494043], ['LAW GOVERNMENT AND POLITICS', 0.05001841], ['EDUCATION', 0.04974652], ['HEALTH AND FITNESS', 0.04940104]]","[['CATS', 0.53], ['PETS', 0.13]]",False,169,66,18:40:45.948619
Mary shot John by an cat on a pajamas,"[['PETS', 0.06106026], ['SPORTS', 0.05301473], ['HEALTH AND FITNESS', 0.05099152], ['EDUCATION', 0.05020629], ['LAW GOVERNMENT AND POLITICS', 0.04978641]]","[['CATS', 0.56], ['PETS', 0.13]]",False,170,66,18:40:53.643424
Mary shot Bob by an cat on a pajamas,"[['PETS', 0.06339566], ['SPORTS', 0.05662662], ['HEALTH AND FITNESS', 0.05167531], ['BUSINESS', 0.04992778], ['TECHNOLOGY AND COMPUTING', 0.04963181]]","[['CATS', 0.53], ['PETS', 0.13]]",False,171,66,18:40:59.773298
John shot Bob by an cat on a pajamas,"[['PETS', 0.06305424], ['SPORTS', 0.06068224], ['ARTS AND ENTERTAINMENT', 0.05062473], ['LAW GOVERNMENT AND POLITICS', 0.05016289], ['HEALTH AND FITNESS', 0.05004424]]","[['CATS', 0.55], ['PETS', 0.13]]",False,172,66,18:41:06.228829
John shot Bob with an cat on a pajamas,"[['PETS', 0.06305424], ['SPORTS', 0.06068224], ['ARTS AND ENTERTAINMENT', 0.05062473], ['LAW GOVERNMENT AND POLITICS', 0.05016289], ['HEALTH AND FITNESS', 0.05004424]]","[['CATS', 0.55], ['PETS', 0.13]]",False,173,66,18:41:11.753955
John shot Bob with an park on a pajamas,"[['SPORTS', 0.06577078], ['TRAVEL', 0.05493763], ['HEALTH AND FITNESS', 0.05166037], ['ARTS AND ENTERTAINMENT', 0.05090242], ['BUSINESS', 0.0505929]]","[['NATIONAL PARKS', 0.31], ['HOBBIES & INTERESTS', 0.08], ['TRAVEL', 0.07], ['BIRDWATCHING', 0.06]]",True,174,67,18:41:18.825507
John shot Bob with an park outside a pajamas,"[['SPORTS', 0.06826133], ['TRAVEL', 0.05804013], ['HEALTH AND FITNESS', 0.05318186], ['BUSINESS', 0.05264973], ['ARTS AND ENTERTAINMENT', 0.05015503]]","[['NATIONAL PARKS', 0.31], ['HOBBIES & INTERESTS', 0.08], ['TRAVEL', 0.07], ['BIRDWATCHING', 0.06]]",True,175,68,18:41:25.892082
John shot Bob with an park by a pajamas,"[['SPORTS', 0.06577078], ['TRAVEL', 0.05493763], ['HEALTH AND FITNESS', 0.05166037], ['ARTS AND ENTERTAINMENT', 0.05090242], ['BUSINESS', 0.0505929]]","[['NATIONAL PARKS', 0.31], ['HOBBIES & INTERESTS', 0.08], ['TRAVEL', 0.07], ['BIRDWATCHING', 0.06]]",True,176,69,18:41:32.017284
John shot Bob with an park by a dog,"[['SPORTS', 0.06017966], ['PETS', 0.05596478], ['TRAVEL', 0.05525152], ['ARTS AND ENTERTAINMENT', 0.05304516], ['BUSINESS', 0.05116348]]","[['DOGS', 0.59], ['PETS', 0.37]]",False,177,69,18:41:38.829579
John shot Bob with an elephant by a dog,"[['SPORTS', 0.05747658], ['PETS', 0.05650608], ['ARTS AND ENTERTAINMENT', 0.05246655], ['BUSINESS', 0.05100588], ['LAW GOVERNMENT AND POLITICS', 0.05052756]]","[['DOGS', 0.44], ['PETS', 0.33]]",False,178,69,18:41:45.254478
John killed Bob with an elephant by a dog,"[['PETS', 0.05755428], ['LAW GOVERNMENT AND POLITICS', 0.05287865], ['EDUCATION', 0.05145232], ['ARTS AND ENTERTAINMENT', 0.05113909], ['BUSINESS', 0.05064618]]","[['DOGS', 0.43], ['PETS', 0.36]]",False,179,69,18:41:51.689544
John killed Bob with an pajamas by a dog,"[['PETS', 0.05854377], ['LAW GOVERNMENT AND POLITICS', 0.05278941], ['EDUCATION', 0.05199559], ['ARTS AND ENTERTAINMENT', 0.05102427], ['BUSINESS', 0.0506582]]","[['DOGS', 0.5], ['PETS', 0.29]]",False,180,69,18:41:57.696337
John killed Bob with an dog by a dog,"[['PETS', 0.05906628], ['LAW GOVERNMENT AND POLITICS', 0.05297391], ['ARTS AND ENTERTAINMENT', 0.05163138], ['EDUCATION', 0.05121742], ['BUSINESS', 0.05110028]]","[['DOGS', 0.77], ['PETS', 0.6]]",False,181,69,18:42:04.293776
John killed Bob with an dog on a dog,"[['PETS', 0.05906628], ['LAW GOVERNMENT AND POLITICS', 0.05297391], ['ARTS AND ENTERTAINMENT', 0.05163138], ['EDUCATION', 0.05121742], ['BUSINESS', 0.05110028]]","[['DOGS', 0.77], ['PETS', 0.6]]",False,182,69,18:42:10.670191
John killed Bob in an dog on a dog,"[['PETS', 0.05906628], ['LAW GOVERNMENT AND POLITICS', 0.05297391], ['ARTS AND ENTERTAINMENT', 0.05163138], ['EDUCATION', 0.05121742], ['BUSINESS', 0.05110028]]","[['DOGS', 0.77], ['PETS', 0.6]]",False,183,69,18:42:17.801454
John killed Mary in an dog on a dog,"[['PETS', 0.0570885], ['EDUCATION', 0.05273077], ['LAW GOVERNMENT AND POLITICS', 0.05247531], ['RELIGION AND SPIRITUALITY', 0.05200491], ['ARTS AND ENTERTAINMENT', 0.0503886]]","[['DOGS', 0.77], ['PETS', 0.6]]",False,184,69,18:42:23.971134
Bob killed Mary in an dog on a dog,"[['PETS', 0.05939509], ['BUSINESS', 0.05153942], ['ARTS AND ENTERTAINMENT', 0.0500716], ['LAW GOVERNMENT AND POLITICS', 0.04951683], ['REAL ESTATE', 0.0490621]]","[['DOGS', 0.74], ['PETS', 0.58]]",False,185,69,18:42:30.397204
Bob walked Mary in an dog on a dog,"[['PETS', 0.060044], ['ARTS AND ENTERTAINMENT', 0.05310803], ['BUSINESS', 0.04954412], ['REAL ESTATE', 0.04870107], ['EDUCATION', 0.04816165]]","[['DOGS', 0.74], ['PETS', 0.55]]",False,186,69,18:42:37.393100
Bob walked Mary by an dog on a dog,"[['PETS', 0.060044], ['ARTS AND ENTERTAINMENT', 0.05310803], ['BUSINESS', 0.04954412], ['REAL ESTATE', 0.04870107], ['EDUCATION', 0.04816165]]","[['DOGS', 0.74], ['PETS', 0.55]]",False,187,69,18:42:42.991967
Bob walked Mary by an elephant on a dog,"[['PETS', 0.05850095], ['ARTS AND ENTERTAINMENT', 0.05259623], ['BUSINESS', 0.04909879], ['REAL ESTATE', 0.04851586], ['EDUCATION', 0.04837754]]","[['DOGS', 0.42], ['PETS', 0.3]]",False,188,69,18:42:49.139153
Bob saw Mary by an elephant on a dog,"[['PETS', 0.05677558], ['ARTS AND ENTERTAINMENT', 0.05200506], ['HOBBIES AND INTERESTS', 0.05200302], ['BUSINESS', 0.05133518], ['EDUCATION', 0.05021665]]","[['DOGS', 0.44], ['PETS', 0.34]]",False,189,69,18:42:55.895379
Bob saw Mary outside an elephant on a dog,"[['PETS', 0.05751095], ['BUSINESS', 0.05353455], ['ARTS AND ENTERTAINMENT', 0.05134925], ['HEALTH AND FITNESS', 0.05066018], ['EDUCATION', 0.05024394]]","[['DOGS', 0.44], ['PETS', 0.34]]",False,190,69,18:43:05.116306
Bob saw John outside an elephant on a dog,"[['PETS', 0.05717719], ['BUSINESS', 0.05306413], ['ARTS AND ENTERTAINMENT', 0.0529346], ['SPORTS', 0.05279448], ['EDUCATION', 0.05255991]]","[['DOGS', 0.47], ['PETS', 0.37]]",False,191,69,18:43:09.903149
Bob saw John outside my elephant on a dog,"[['PETS', 0.05929173], ['EDUCATION', 0.05280734], ['AUTOMOTIVE', 0.05254402], ['HEALTH AND FITNESS', 0.05203704], ['ARTS AND ENTERTAINMENT', 0.05143047]]","[['DOGS', 0.47], ['PETS', 0.37]]",False,192,69,18:43:17.403006
Mary saw John outside my elephant on a dog,"[['PETS', 0.05732406], ['EDUCATION', 0.05438441], ['HEALTH AND FITNESS', 0.05293646], ['AUTOMOTIVE', 0.05220366], ['RELIGION AND SPIRITUALITY', 0.05182731]]","[['DOGS', 0.47], ['PETS', 0.38]]",False,193,69,18:43:23.852933
Bob saw John outside my elephant on a dog,"[['PETS', 0.05929173], ['EDUCATION', 0.05280734], ['AUTOMOTIVE', 0.05254402], ['HEALTH AND FITNESS', 0.05203704], ['ARTS AND ENTERTAINMENT', 0.05143047]]","[['DOGS', 0.47], ['PETS', 0.37]]",False,193,69,18:43:29.075703
Bob saw John outside my elephant by a dog,"[['PETS', 0.05929173], ['EDUCATION', 0.05280734], ['AUTOMOTIVE', 0.05254402], ['HEALTH AND FITNESS', 0.05203704], ['ARTS AND ENTERTAINMENT', 0.05143047]]","[['DOGS', 0.47], ['PETS', 0.37]]",False,194,69,18:43:35.836514
Bob ate John outside my elephant by a dog,"[['PETS', 0.06065951], ['EDUCATION', 0.0527563], ['TRAVEL', 0.05124309], ['ARTS AND ENTERTAINMENT', 0.05098109], ['HEALTH AND FITNESS', 0.05073203]]","[['DOGS', 0.42], ['PETS', 0.3]]",False,195,69,18:43:42.285092
