Marcus captured Dylan an province my man on Holly outside my province,"[['SPORTS', 0.996581], ['ARTS AND ENTERTAINMENT', 0.00245556], ['TRAVEL', 0.000369794], ['NON STANDARD CONTENT', 5.60468e-05], ['RELIGION AND SPIRITUALITY', 2.98545e-05]]","[['EXTREME GRAPHIC/EXPLICIT VIOLENCE', 0.2], ['HOBBIES & INTERESTS', 0.06], ['SPORTS', 0.06], ['NON-STANDARD CONTENT', 0.06], ['BIRDWATCHING', 0.05]]",False,1,0,15:10:17.956542
Holly an bus my bus with I outside Dylan,"[['HOBBIES AND INTERESTS', 0.998869], ['TECHNOLOGY AND COMPUTING', 0.000946824], ['AUTOMOTIVE', 0.000114949], ['SPORTS', 1.31543e-05], ['ARTS AND ENTERTAINMENT', 1.0755e-05]]","[['EXTREME GRAPHIC/EXPLICIT VIOLENCE', 0.21], ['OFF-ROAD VEHICLES', 0.1], ['HOBBIES & INTERESTS', 0.06], ['NON-STANDARD CONTENT', 0.05], ['AUTOMOTIVE', 0.05]]",False,2,0,15:10:19.779243
snake hill made in I Dylan Marcus province with Holly,"[['LAW AND GOVERNMENT AND POLITICS', 0.997419], ['FAMILY AND PARENTING', 0.00252803], ['SPORTS', 2.65483e-05], ['EDUCATION', 8.24655e-06], ['TRAVEL', 8.24524e-06]]","[['EXTREME GRAPHIC/EXPLICIT VIOLENCE', 0.2], ['HOBBIES & INTERESTS', 0.07], ['NON-STANDARD CONTENT', 0.06], ['SPORTS', 0.05], ['BEADWORK', 0.05]]",False,3,0,15:10:21.621092
my bus by I by my cat by I pajamas with my hill by a province with my pajamas outside the pajamas with I I,"[['SCIENCE', 0.998074], ['FOOD AND DRINK', 0.000847587], ['SPORTS', 0.00055079], ['PETS', 0.000430125], ['HOBBIES AND INTERESTS', 4.40734e-05]]","[['CATS', 0.28], ['PETS', 0.09]]",False,4,0,15:10:23.545642
an on I started Marcus,"[['HOBBIES AND INTERESTS', 0.547573], ['SOCIETY', 0.06709], ['FAMILY AND PARENTING', 0.030564], ['CAREERS', 0.0150362], ['SPORTS', 0.00870244]]","[['HOBBIES & INTERESTS', 0.07], ['SPORTS', 0.06], ['JEWELRY MAKING', 0.05], ['WATERSKI/WAKEBOARD', 0.04]]",False,5,0,15:10:25.483071
Dylan captured Marcus on Dylan outside my cat by Marcus with Marcus,"[['PETS', 0.985744], ['ARTS AND ENTERTAINMENT', 0.0046262], ['EDUCATION', 0.00143457], ['TECHNOLOGY AND COMPUTING', 0.000800888], ['NON STANDARD CONTENT', 0.000692457]]","[['CATS', 0.26], ['PETS', 0.07], ['HOBBIES & INTERESTS', 0.07], ['CANDLE & SOAP MAKING', 0.05]]",False,6,0,15:10:27.157600
Marcus started by bus outside I cat forest on my man,"[['PETS', 0.999998], ['SPORTS', 1.75807e-06], ['TRAVEL', 1.53913e-09], ['FAMILY AND PARENTING', 5.10076e-10], ['SOCIETY', 2.91068e-10]]","[['CATS', 0.48], ['PETS', 0.15]]",False,7,0,15:10:31.697201
an camera captured the man by Dylan on an man,"[['TECHNOLOGY AND COMPUTING', 0.484063], ['HOBBIES AND INTERESTS', 0.461719], ['SOCIETY', 0.0182256], ['NON STANDARD CONTENT', 0.00522451], ['ARTS AND ENTERTAINMENT', 0.00196293]]","[['PROFANE CONTENT', 0.23], ['NON-STANDARD CONTENT', 0.09], ['PHOTOGRAPHY', 0.08], ['HOBBIES & INTERESTS', 0.08]]",True,8,1,15:10:33.341116
Marcus conflicted Holly outside the in Dylan on Holly,"[['SPORTS', 0.397547], ['HOBBIES AND INTERESTS', 0.196029], ['RELIGION AND SPIRITUALITY', 0.0979037], ['ARTS AND ENTERTAINMENT', 0.0204109], ['EDUCATION', 0.01674]]","[['HOBBIES & INTERESTS', 0.07], ['BIRDWATCHING', 0.05]]",True,9,2,15:10:35.037517
Holly started Marcus outside my snake by Dylan,"[['SCIENCE', 0.999999], ['SPORTS', 4.47316e-07], ['HOBBIES AND INTERESTS', 1.44598e-07], ['TECHNOLOGY AND COMPUTING', 5.01134e-08], ['ARTS AND ENTERTAINMENT', 4.38153e-08]]","[['EXTREME GRAPHIC/EXPLICIT VIOLENCE', 0.2], ['HOBBIES & INTERESTS', 0.07], ['NON-STANDARD CONTENT', 0.06], ['BIRDWATCHING', 0.05]]",True,10,3,15:10:36.746133
the camera made I,"[['TECHNOLOGY AND COMPUTING', 0.999968], ['HOBBIES AND INTERESTS', 3.17595e-05], ['NON STANDARD CONTENT', 4.76967e-09], ['ARTS AND ENTERTAINMENT', 2.00761e-09], ['SOCIETY', 2.34604e-10]]","[['CAMERAS & CAMCORDERS', 0.73], ['TECHNOLOGY & COMPUTING', 0.19]]",True,11,4,15:10:38.583974
Marcus embarked cat in Dylan,"[['PETS', 0.664923], ['EDUCATION', 0.335077], ['SPORTS', 1.93575e-10], ['TECHNOLOGY AND COMPUTING', 4.91071e-11], ['TRAVEL', 2.65479e-11]]","[['CATS', 0.46], ['PETS', 0.12]]",False,12,4,15:10:40.467527
bus with Dylan man made my hill outside an bus by I,"[['TRAVEL', 0.602152], ['LAW AND GOVERNMENT AND POLITICS', 0.396486], ['AUTOMOTIVE', 0.00132396], ['TECHNOLOGY AND COMPUTING', 1.13182e-05], ['NON STANDARD CONTENT', 4.30352e-06]]","[['PROFANE CONTENT', 0.2], ['HINDUISM', 0.18], ['NON-STANDARD CONTENT', 0.07], ['RELIGION & SPIRITUALITY', 0.06]]",True,13,5,15:10:42.374989
Dylan made I,"[['LAW AND GOVERNMENT AND POLITICS', 1.0], ['SPORTS', 2.44629e-16], ['HOBBIES AND INTERESTS', 1.62196e-16], ['ARTS AND ENTERTAINMENT', 7.4781e-17], ['NON STANDARD CONTENT', 7.22992e-17]]","[['HOBBIES & INTERESTS', 0.08], ['BIRDWATCHING', 0.05]]",True,14,6,15:10:44.052804
hill hill on an by the man on my forest on an pajamas outside Holly conflicted pajamas Dylan Marcus cat by Dylan,"[['SCIENCE', 0.480391], ['LAW AND GOVERNMENT AND POLITICS', 0.471833], ['SPORTS', 0.0250634], ['PETS', 0.0116415], ['HOBBIES AND INTERESTS', 0.00158187]]","[['CATS', 0.25], ['PETS', 0.09]]",False,15,6,15:10:46.004067
I conflicted a pajamas outside Marcus,"[['SCIENCE', 0.776572], ['FOOD AND DRINK', 0.128338], ['NON STANDARD CONTENT', 0.0196817], ['RELIGION AND SPIRITUALITY', 0.0177835], ['SPORTS', 0.0147615]]","[['HOBBIES & INTERESTS', 0.07], ['BIRDWATCHING', 0.05]]",True,16,7,15:10:47.931954
a bus embarked Dylan with Dylan,"[['AUTOMOTIVE', 0.339467], ['SPORTS', 0.292141], ['TRAVEL', 0.058221], ['NON STANDARD CONTENT', 0.0168828], ['HOBBIES AND INTERESTS', 0.00533945]]","[['HOBBIES & INTERESTS', 0.07], ['BIRDWATCHING', 0.05]]",True,17,8,15:10:49.816263
Dylan embarked I with Holly by Dylan,"[['RELIGION AND SPIRITUALITY', 0.559995], ['SPORTS', 0.140574], ['HEALTH AND FITNESS', 0.083653], ['HOBBIES AND INTERESTS', 0.0794778], ['PETS', 0.0434596]]","[['HOBBIES & INTERESTS', 0.07], ['BIRDWATCHING', 0.05]]",True,18,9,15:10:51.847026
Marcus captured a forest on the pajamas outside Dylan,"[['SCIENCE', 0.828837], ['BUSINESS', 0.157169], ['FOOD AND DRINK', 0.0134541], ['TRAVEL', 0.00012984], ['FAMILY AND PARENTING', 4.24919e-05]]","[['HOBBIES & INTERESTS', 0.07], ['BIRDWATCHING', 0.07]]",True,19,10,15:10:53.714575
Dylan embarked Marcus outside I,"[['SPORTS', 0.609023], ['CAREERS', 0.0447073], ['SOCIETY', 0.0405751], ['RELIGION AND SPIRITUALITY', 0.0394627], ['TRAVEL', 0.0323852]]","[['HOBBIES & INTERESTS', 0.07], ['BIRDWATCHING', 0.05]]",True,20,11,15:10:55.132035
Holly studied I,"[['HEALTH AND FITNESS', 0.241053], ['STYLE AND FASHION', 0.174971], ['RELIGION AND SPIRITUALITY', 0.160063], ['ARTS AND ENTERTAINMENT', 0.0882157], ['SPORTS', 0.0239123]]","[['HOBBIES & INTERESTS', 0.08], ['CANDLE & SOAP MAKING', 0.05]]",True,21,12,15:10:56.612867
I started I by the cat in I in I,"[['PETS', 1.0], ['HOBBIES AND INTERESTS', 1.81253e-08], ['SPORTS', 3.31601e-10], ['ARTS AND ENTERTAINMENT', 2.19283e-10], ['NON STANDARD CONTENT', 1.74992e-10]]","[['CATS', 0.79], ['PETS', 0.32]]",False,22,12,15:10:58.031457
forest province I a hill outside Marcus,"[['TRAVEL', 0.999986], ['BUSINESS', 1.27155e-05], ['FOOD AND DRINK', 1.11309e-08], ['SPORTS', 5.20395e-09], ['HOME AND GARDEN', 3.11922e-09]]","[['AQUARIUMS', 0.17], ['NATIONAL PARKS', 0.08], ['BIRDWATCHING', 0.07], ['HOBBIES & INTERESTS', 0.06], ['TRAVEL', 0.06]]",False,23,12,15:10:59.450034
Marcus captured Dylan,"[['EDUCATION', 0.684733], ['SPORTS', 0.25423], ['ARTS AND ENTERTAINMENT', 0.018289], ['HEALTH AND FITNESS', 0.011238], ['NON STANDARD CONTENT', 0.00435115]]","[['HOBBIES & INTERESTS', 0.07], ['BIRDWATCHING', 0.05]]",True,24,13,15:11:01.044720
Holly captured Dylan outside I,"[['HOBBIES AND INTERESTS', 0.68219], ['ARTS AND ENTERTAINMENT', 0.0463634], ['TRAVEL', 0.0309096], ['SPORTS', 0.0302463], ['RELIGION AND SPIRITUALITY', 0.0161863]]","[['HOBBIES & INTERESTS', 0.07], ['BIRDWATCHING', 0.05]]",True,25,14,15:11:02.564305
I conflicted Dylan with I,"[['HOBBIES AND INTERESTS', 1.0], ['RELIGION AND SPIRITUALITY', 5.46839e-09], ['HEALTH AND FITNESS', 4.82408e-09], ['ARTS AND ENTERTAINMENT', 2.34551e-09], ['SCIENCE', 2.11442e-09]]","[['HOBBIES & INTERESTS', 0.08], ['BIRDWATCHING', 0.05]]",True,26,15,15:11:04.154483
Dylan captured the forest I Dylan,"[['BUSINESS', 0.995121], ['TRAVEL', 0.001441], ['HOBBIES AND INTERESTS', 0.000893255], ['NON STANDARD CONTENT', 0.000335846], ['SPORTS', 0.000314739]]","[['HOBBIES & INTERESTS', 0.07], ['BIRDWATCHING', 0.07]]",True,27,16,15:11:05.679505
I conflicted Marcus with camera cat,"[['TECHNOLOGY AND COMPUTING', 0.845108], ['PETS', 0.154341], ['HOBBIES AND INTERESTS', 0.00034515], ['SCIENCE', 4.40022e-05], ['ARTS AND ENTERTAINMENT', 3.06788e-05]]","[['CATS', 0.48], ['PETS', 0.12]]",False,28,16,15:11:07.278783
I Holly a pajamas Marcus Marcus in the by my man with I with Marcus outside I,"[['SPORTS', 0.557294], ['FOOD AND DRINK', 0.303091], ['HOBBIES AND INTERESTS', 0.120244], ['RELIGION AND SPIRITUALITY', 0.00526921], ['SCIENCE', 0.00108923]]","[['EXTREME GRAPHIC/EXPLICIT VIOLENCE', 0.2], ['HOBBIES & INTERESTS', 0.07], ['NON-STANDARD CONTENT', 0.06], ['SPORTS', 0.06], ['BIRDWATCHING', 0.05]]",False,29,16,15:11:08.703459
forest Holly province in Dylan pajamas in I camera Marcus Marcus made Holly by I by Holly on an camera with Marcus in camera outside Marcus bus Dylan Holly with Holly on Holly,"[['HOBBIES AND INTERESTS', 0.85554], ['TECHNOLOGY AND COMPUTING', 0.110654], ['RELIGION AND SPIRITUALITY', 0.0162684], ['SPORTS', 0.00242541], ['ARTS AND ENTERTAINMENT', 0.0014086]]","[['HOBBIES & INTERESTS', 0.08], ['BIRDWATCHING', 0.05]]",True,30,17,15:11:10.296049
the bus outside I embarked Holly with Marcus on Marcus,"[['RELIGION AND SPIRITUALITY', 0.311665], ['TRAVEL', 0.172021], ['SPORTS', 0.135141], ['BUSINESS', 0.0244259], ['SOCIETY', 0.016384]]","[['HOBBIES & INTERESTS', 0.07], ['SPORTS', 0.05], ['BIRDWATCHING', 0.05], ['PAINTBALL', 0.05]]",False,31,17,15:11:11.940946
an man I Dylan by Dylan,"[['HOBBIES AND INTERESTS', 0.300139], ['NON STANDARD CONTENT', 0.12758], ['ARTS AND ENTERTAINMENT', 0.106415], ['SPORTS', 0.0900688], ['HEALTH AND FITNESS', 0.0382956]]","[['PROFANE CONTENT', 0.2], ['HOBBIES & INTERESTS', 0.07], ['NON-STANDARD CONTENT', 0.07], ['BIRDWATCHING', 0.05]]",True,32,18,15:11:13.593066
Holly captured Marcus,"[['RELIGION AND SPIRITUALITY', 0.697503], ['ARTS AND ENTERTAINMENT', 0.141882], ['TRAVEL', 0.0354655], ['NON STANDARD CONTENT', 0.0334684], ['HOBBIES AND INTERESTS', 0.0144302]]","[['HOBBIES & INTERESTS', 0.07], ['SPORTS', 0.06], ['BIRDWATCHING', 0.05], ['WATERSKI/WAKEBOARD', 0.04]]",True,33,19,15:11:15.019204
Marcus Holly the province by hill snake with Marcus,"[['PERSONAL FINANCE', 1.0], ['TRAVEL', 1.84651e-07], ['RELIGION AND SPIRITUALITY', 1.61644e-08], ['FOOD AND DRINK', 1.01618e-08], ['PETS', 1.01563e-08]]","[['EXTREME GRAPHIC/EXPLICIT VIOLENCE', 0.2], ['HOBBIES & INTERESTS', 0.07], ['NON-STANDARD CONTENT', 0.06], ['SPORTS', 0.06], ['BEADWORK', 0.05]]",True,34,20,15:11:16.447032
an camera my man in Marcus I started Marcus,"[['SPORTS', 0.970571], ['FOOD AND DRINK', 0.0294152], ['TECHNOLOGY AND COMPUTING', 5.11142e-06], ['HOBBIES AND INTERESTS', 1.25064e-06], ['ARTS AND ENTERTAINMENT', 8.66363e-07]]","[['HOBBIES & INTERESTS', 0.08], ['PHOTOGRAPHY', 0.06]]",True,35,21,15:11:18.030943
hill on I pajamas with I made Dylan outside my camera,"[['HOBBIES AND INTERESTS', 0.999294], ['SCIENCE', 0.00049988], ['SPORTS', 7.82073e-05], ['NON STANDARD CONTENT', 4.2e-06], ['FOOD AND DRINK', 2.69809e-06]]","[['HOBBIES & INTERESTS', 0.09], ['PHOTOGRAPHY', 0.06]]",True,36,22,15:11:19.775568
Marcus I Dylan,"[['FOOD AND DRINK', 1.0], ['SPORTS', 1.86538e-14], ['LAW AND GOVERNMENT AND POLITICS', 4.98568e-15], ['ARTS AND ENTERTAINMENT', 3.04858e-15], ['TECHNOLOGY AND COMPUTING', 1.09032e-15]]","[['HOBBIES & INTERESTS', 0.07], ['BIRDWATCHING', 0.05]]",True,37,23,15:11:21.377297
I conflicted an cat outside I in a province outside province with my province in Dylan man,"[['LAW AND GOVERNMENT AND POLITICS', 0.35154], ['PETS', 0.193181], ['TRAVEL', 0.0972649], ['RELIGION AND SPIRITUALITY', 0.091445], ['SOCIETY', 0.0338254]]","[['CATS', 0.3], ['PETS', 0.08]]",False,38,23,15:11:23.061409
Holly captured I Marcus camera by I on I,"[['TECHNOLOGY AND COMPUTING', 0.995375], ['HOBBIES AND INTERESTS', 0.00233174], ['EDUCATION', 0.00166201], ['RELIGION AND SPIRITUALITY', 0.000290147], ['SPORTS', 0.000110046]]","[['CAMERAS & CAMCORDERS', 0.28], ['HOBBIES & INTERESTS', 0.09], ['TECHNOLOGY & COMPUTING', 0.07], ['PHOTOGRAPHY', 0.07]]",True,39,24,15:11:24.734462
an bus started forest outside Dylan cat by the bus in Holly,"[['PETS', 0.994737], ['TRAVEL', 0.00512223], ['AUTOMOTIVE', 4.09056e-05], ['SPORTS', 1.08509e-05], ['FAMILY AND PARENTING', 6.72452e-06]]","[['CATS', 0.36], ['PETS', 0.12]]",False,40,24,15:11:26.297527
Marcus studied Dylan by camera bus,"[['TECHNOLOGY AND COMPUTING', 0.999956], ['HOBBIES AND INTERESTS', 1.38213e-05], ['EDUCATION', 4.24372e-06], ['SPORTS', 3.60815e-06], ['FAMILY AND PARENTING', 3.25109e-06]]","[['HOBBIES & INTERESTS', 0.09], ['PHOTOGRAPHY', 0.06]]",True,41,25,15:11:27.887913
Holly captured the forest with the man outside Holly outside a province on the hill,"[['BUSINESS', 0.63385], ['TRAVEL', 0.20367], ['RELIGION AND SPIRITUALITY', 0.00496456], ['SCIENCE', 0.00217372], ['SPORTS', 0.00133583]]","[['GARDENING', 0.23], ['EXTREME GRAPHIC/EXPLICIT VIOLENCE', 0.2], ['CANADA', 0.06], ['HOBBIES & INTERESTS', 0.06], ['NON-STANDARD CONTENT', 0.06]]",True,42,26,15:11:29.432768
Holly started Marcus by Holly,"[['RELIGION AND SPIRITUALITY', 1.0], ['NON STANDARD CONTENT', 8.27157e-10], ['HOBBIES AND INTERESTS', 5.07849e-10], ['SPORTS', 4.47404e-10], ['LAW AND GOVERNMENT AND POLITICS', 1.31297e-10]]","[['HOBBIES & INTERESTS', 0.07], ['SPORTS', 0.06], ['BIRDWATCHING', 0.05], ['WATERSKI/WAKEBOARD', 0.04]]",False,43,26,15:11:30.994407
Dylan embarked Marcus with province outside Marcus on my camera,"[['TRAVEL', 0.257947], ['FOOD AND DRINK', 0.13638], ['TECHNOLOGY AND COMPUTING', 0.117354], ['RELIGION AND SPIRITUALITY', 0.107304], ['FAMILY AND PARENTING', 0.0647322]]","[['HOBBIES & INTERESTS', 0.08], ['PHOTOGRAPHY', 0.05]]",True,44,27,15:11:32.484500
pajamas a pajamas in Marcus an with my hill with Marcus hill in Dylan with the bus Dylan Dylan outside I snake an hill outside the camera in Marcus,"[['SCIENCE', 0.381773], ['SPORTS', 0.323884], ['TRAVEL', 0.103671], ['HOBBIES AND INTERESTS', 0.0450357], ['LAW AND GOVERNMENT AND POLITICS', 0.0218625]]","[['HOBBIES & INTERESTS', 0.07], ['BEADWORK', 0.05]]",True,45,28,15:11:34.085528
forest by Marcus hill with Holly conflicted Holly,"[['BUSINESS', 0.819785], ['RELIGION AND SPIRITUALITY', 0.027214], ['TRAVEL', 0.0154152], ['HOBBIES AND INTERESTS', 0.0127287], ['SPORTS', 0.00728308]]","[['HOBBIES & INTERESTS', 0.07], ['BIRDWATCHING', 0.06], ['SPORTS', 0.06], ['FRESHWATER FISHING', 0.05]]",False,46,28,15:11:35.710007
I conflicted Dylan with Marcus on my man I Holly with the snake in a outside an an man with Dylan Dylan I a hill on Marcus,"[['HOBBIES AND INTERESTS', 0.916021], ['PETS', 0.0462403], ['SPORTS', 0.0287035], ['ARTS AND ENTERTAINMENT', 0.000642154], ['TRAVEL', 0.000321962]]","[['PROFANE CONTENT', 0.2], ['NON-STANDARD CONTENT', 0.07], ['HOBBIES & INTERESTS', 0.07], ['CIGARS', 0.05]]",True,47,29,15:11:37.287399
Marcus conflicted I with Holly by I on I,"[['RELIGION AND SPIRITUALITY', 0.747652], ['PETS', 0.094966], ['HOBBIES AND INTERESTS', 0.0229455], ['EDUCATION', 0.0214478], ['HEALTH AND FITNESS', 0.00730425]]","[['HOBBIES & INTERESTS', 0.07], ['BIRDWATCHING', 0.05]]",True,48,30,15:11:38.908695
an province outside Marcus studied Holly,"[['CAREERS', 0.181221], ['RELIGION AND SPIRITUALITY', 0.158412], ['SOCIETY', 0.102061], ['SPORTS', 0.0895894], ['ARTS AND ENTERTAINMENT', 0.0707759]]","[['HOBBIES & INTERESTS', 0.07], ['CANDLE & SOAP MAKING', 0.05]]",True,49,31,15:11:40.477591
a province conflicted a cat outside Dylan,"[['PETS', 1.0], ['TRAVEL', 5.96519e-09], ['HOBBIES AND INTERESTS', 1.69937e-09], ['SOCIETY', 5.19568e-10], ['SPORTS', 4.4172e-10]]","[['CATS', 0.46], ['PETS', 0.12]]",False,50,31,15:11:42.165347
Marcus made pajamas Holly camera pajamas by bus in an camera cat province Holly Holly by hill by Marcus forest on an province,"[['SPORTS', 0.899463], ['SCIENCE', 0.0691412], ['PERSONAL FINANCE', 0.0172386], ['RELIGION AND SPIRITUALITY', 0.00881682], ['TECHNOLOGY AND COMPUTING', 0.00142909]]","[['CATS', 0.21], ['HOBBIES & INTERESTS', 0.07], ['PETS', 0.07], ['BIRDWATCHING', 0.06]]",True,51,32,15:11:43.879357
a forest Dylan Marcus,"[['LAW AND GOVERNMENT AND POLITICS', 0.917507], ['BUSINESS', 0.0824925], ['FAMILY AND PARENTING', 1.34754e-10], ['SCIENCE', 5.91708e-11], ['SPORTS', 4.91852e-11]]","[['SPAS', 0.08], ['BIRDWATCHING', 0.07], ['HOBBIES & INTERESTS', 0.07], ['TRAVEL', 0.06]]",True,52,33,15:11:45.347459
Marcus made Marcus,"[['SCIENCE', 0.935116], ['SPORTS', 0.00989368], ['HEALTH AND FITNESS', 0.000980138], ['REAL ESTATE', 0.000332826], ['EDUCATION', 0.000321126]]","[['HOBBIES & INTERESTS', 0.07], ['BIRDWATCHING', 0.05]]",True,53,34,15:11:46.762736
I captured my pajamas with Holly outside I,"[['SCIENCE', 0.912212], ['FOOD AND DRINK', 0.0120797], ['HEALTH AND FITNESS', 0.0107557], ['SPORTS', 0.007957], ['RELIGION AND SPIRITUALITY', 0.00600715]]","[['HOBBIES & INTERESTS', 0.07], ['BIRDWATCHING', 0.05]]",True,54,35,15:11:48.232396
Marcus Holly an snake by Dylan outside Dylan,"[['SCIENCE', 0.999946], ['ARTS AND ENTERTAINMENT', 4.89577e-05], ['SPORTS', 3.00239e-06], ['HOBBIES AND INTERESTS', 5.16589e-07], ['TECHNOLOGY AND COMPUTING', 3.11801e-07]]","[['HOBBIES & INTERESTS', 0.07], ['BIRDWATCHING', 0.05]]",True,55,36,15:11:49.927551
I Dylan Holly Marcus hill on Dylan snake,"[['HOBBIES AND INTERESTS', 1.0], ['SPORTS', 1.82135e-20], ['TRAVEL', 2.98397e-21], ['LAW AND GOVERNMENT AND POLITICS', 6.46112e-22], ['ARTS AND ENTERTAINMENT', 3.02118e-22]]","[['EXTREME GRAPHIC/EXPLICIT VIOLENCE', 0.2], ['HOBBIES & INTERESTS', 0.07], ['NON-STANDARD CONTENT', 0.06], ['BEADWORK', 0.05]]",True,56,37,15:11:51.626857
Dylan started Dylan on Dylan,"[['AUTOMOTIVE', 1.0], ['SPORTS', 2.59157e-08], ['HOBBIES AND INTERESTS', 1.16149e-08], ['NON STANDARD CONTENT', 2.28382e-09], ['LAW AND GOVERNMENT AND POLITICS', 2.21414e-09]]","[['HOBBIES & INTERESTS', 0.08], ['BIRDWATCHING', 0.05]]",True,57,38,15:11:53.243165
an cat on I started I,"[['PETS', 1.0], ['HOBBIES AND INTERESTS', 7.04419e-20], ['SPORTS', 2.63844e-22], ['SHOPPING', 6.10643e-23], ['CAREERS', 3.2303e-23]]","[['CATS', 0.79], ['PETS', 0.32]]",False,58,38,15:11:54.781506
the snake outside a by I on Marcus captured Dylan,"[['PETS', 0.863165], ['SPORTS', 0.0656107], ['EDUCATION', 0.00581111], ['HOBBIES AND INTERESTS', 0.0043017], ['TRAVEL', 0.00406719]]","[['EXTREME GRAPHIC/EXPLICIT VIOLENCE', 0.21], ['HOBBIES & INTERESTS', 0.07], ['NON-STANDARD CONTENT', 0.06], ['BIRDWATCHING', 0.05]]",True,59,39,15:11:56.507686
an bus conflicted pajamas hill Marcus my forest Holly my bus,"[['SPORTS', 0.99992], ['SCIENCE', 7.02956e-05], ['RELIGION AND SPIRITUALITY', 1.19438e-06], ['TRAVEL', 5.02587e-07], ['TECHNOLOGY AND COMPUTING', 4.57519e-07]]","[['DOGS', 0.21], ['EXTREME GRAPHIC/EXPLICIT VIOLENCE', 0.21], ['HOME REPAIR', 0.19], ['CAMPING', 0.07], ['HOBBIES & INTERESTS', 0.06]]",True,60,40,15:11:58.008458
province pajamas bus outside a forest with I snake in Holly an province conflicted Dylan outside my snake,"[['PETS', 0.922786], ['HOBBIES AND INTERESTS', 0.0506244], ['TRAVEL', 0.0138171], ['SCIENCE', 0.00546687], ['BUSINESS', 0.00120049]]","[['REPTILES', 0.26], ['EXTREME GRAPHIC/EXPLICIT VIOLENCE', 0.21], ['CANADA', 0.08], ['HOBBIES & INTERESTS', 0.06], ['NON-STANDARD CONTENT', 0.06]]",True,61,41,15:11:59.623480
Holly studied my hill Holly on Marcus on Dylan hill,"[['AUTOMOTIVE', 0.999474], ['ARTS AND ENTERTAINMENT', 0.000135838], ['STYLE AND FASHION', 5.70867e-05], ['SPORTS', 4.91e-05], ['RELIGION AND SPIRITUALITY', 4.7943e-05]]","[['HOBBIES & INTERESTS', 0.07], ['CANDLE & SOAP MAKING', 0.05]]",True,62,42,15:12:01.383596
Dylan Holly snake on the forest camera outside Marcus by Holly in Dylan,"[['HOBBIES AND INTERESTS', 0.997531], ['RELIGION AND SPIRITUALITY', 0.00246748], ['BUSINESS', 4.90401e-07], ['SPORTS', 2.73664e-07], ['TECHNOLOGY AND COMPUTING', 2.26049e-07]]","[['HOBBIES & INTERESTS', 0.08], ['BIRDWATCHING', 0.06]]",True,63,43,15:12:02.801851
Holly conflicted camera on I pajamas outside Dylan,"[['TECHNOLOGY AND COMPUTING', 0.690907], ['SCIENCE', 0.140341], ['HOBBIES AND INTERESTS', 0.132737], ['ARTS AND ENTERTAINMENT', 0.00870096], ['SPORTS', 0.00444562]]","[['HOBBIES & INTERESTS', 0.09], ['PHOTOGRAPHY', 0.06]]",True,64,44,15:12:04.234818
a camera captured my man outside I on the cat,"[['PETS', 0.98466], ['SPORTS', 0.014838], ['TECHNOLOGY AND COMPUTING', 0.000498172], ['HOBBIES AND INTERESTS', 2.18676e-06], ['ARTS AND ENTERTAINMENT', 1.87879e-06]]","[['CATS', 0.62], ['PETS', 0.17]]",False,65,44,15:12:05.985480
my bus conflicted Dylan,"[['NON STANDARD CONTENT', 0.174087], ['TECHNOLOGY AND COMPUTING', 0.149081], ['HOBBIES AND INTERESTS', 0.137221], ['HEALTH AND FITNESS', 0.041985], ['SCIENCE', 0.0228252]]","[['HOBBIES & INTERESTS', 0.07], ['BIRDWATCHING', 0.05]]",True,66,45,15:12:07.580094
Marcus snake on Dylan man with cat on I cat in Holly a bus in Dylan with Dylan,"[['PETS', 1.0], ['LAW AND GOVERNMENT AND POLITICS', 1.11761e-14], ['HOBBIES AND INTERESTS', 2.45612e-17], ['NON STANDARD CONTENT', 1.05391e-17], ['ARTS AND ENTERTAINMENT', 1.03532e-17]]","[['CATS', 0.44], ['PETS', 0.13]]",False,67,45,15:12:09.168855
I Marcus I in my pajamas with an forest on I,"[['HOME AND GARDEN', 0.961963], ['FOOD AND DRINK', 0.0379825], ['SCIENCE', 2.11505e-05], ['FAMILY AND PARENTING', 9.90437e-06], ['RELIGION AND SPIRITUALITY', 3.01462e-06]]","[['SPAS', 0.08], ['BIRDWATCHING', 0.07], ['HOBBIES & INTERESTS', 0.07], ['TRAVEL', 0.06]]",True,68,46,15:12:10.853652
a province studied Marcus,"[['SOCIETY', 0.374936], ['TRAVEL', 0.281072], ['SCIENCE', 0.132719], ['EDUCATION', 0.017674], ['RELIGION AND SPIRITUALITY', 0.0160319]]","[['HOBBIES & INTERESTS', 0.08], ['CANDLE & SOAP MAKING', 0.05]]",True,69,47,15:12:12.463995
Holly captured my hill,"[['TRAVEL', 0.626699], ['HOBBIES AND INTERESTS', 0.137021], ['STYLE AND FASHION', 0.0434175], ['RELIGION AND SPIRITUALITY', 0.0246899], ['PETS', 0.0191278]]","[['HOBBIES & INTERESTS', 0.07], ['BEADWORK', 0.05]]",True,70,48,15:12:14.142439
Holly conflicted province by an pajamas with an camera by the province outside Marcus on Holly with Dylan in an province by Holly,"[['SPORTS', 0.87116], ['SCIENCE', 0.0177113], ['TRAVEL', 0.0131592], ['RELIGION AND SPIRITUALITY', 0.011639], ['ARTS AND ENTERTAINMENT', 0.00518746]]","[['HOBBIES & INTERESTS', 0.07], ['BIRDWATCHING', 0.05]]",True,71,49,15:12:15.883816
Holly captured bus bus the hill I,"[['SPORTS', 0.840133], ['TRAVEL', 0.102517], ['RELIGION AND SPIRITUALITY', 0.00656142], ['AUTOMOTIVE', 0.0030346], ['EDUCATION', 0.000156743]]","[['DOGS', 0.23], ['EXTREME GRAPHIC/EXPLICIT VIOLENCE', 0.21], ['HINDUISM', 0.19], ['OFF-ROAD VEHICLES', 0.09], ['HOBBIES & INTERESTS', 0.06]]",True,72,50,15:12:17.736829
I studied I with a province,"[['RELIGION AND SPIRITUALITY', 0.499421], ['HEALTH AND FITNESS', 0.215396], ['TRAVEL', 0.113065], ['PETS', 0.0457416], ['SCIENCE', 0.0143448]]","[['HOBBIES & INTERESTS', 0.08], ['CANDLE & SOAP MAKING', 0.05]]",True,73,51,15:12:19.465157
an bus by Marcus Marcus my snake on Dylan on Marcus,"[['SCIENCE', 0.927995], ['SPORTS', 0.00196273], ['HOBBIES AND INTERESTS', 0.000761843], ['NON STANDARD CONTENT', 0.00063436], ['ARTS AND ENTERTAINMENT', 0.00042267]]","[['EXTREME GRAPHIC/EXPLICIT VIOLENCE', 0.21], ['HOBBIES & INTERESTS', 0.07], ['NON-STANDARD CONTENT', 0.06], ['BIRDWATCHING', 0.05]]",True,74,52,15:12:21.132341
Holly embarked Holly outside camera province,"[['TECHNOLOGY AND COMPUTING', 0.576471], ['RELIGION AND SPIRITUALITY', 0.130147], ['TRAVEL', 0.0889866], ['SPORTS', 0.0378935], ['HEALTH AND FITNESS', 0.0141046]]","[['HOBBIES & INTERESTS', 0.08], ['PHOTOGRAPHY', 0.05]]",True,75,53,15:12:23.122902
a province by Holly man hill in Marcus an province outside Dylan outside my cat,"[['HOBBIES AND INTERESTS', 0.999996], ['PETS', 1.21176e-06], ['TRAVEL', 5.26776e-07], ['ARTS AND ENTERTAINMENT', 1.2226e-07], ['HOME AND GARDEN', 9.96439e-08]]","[['CATS', 0.33], ['PETS', 0.1]]",False,76,53,15:12:24.939295
Dylan embarked Dylan on my hill by forest bus I Dylan,"[['SPORTS', 0.336416], ['BUSINESS', 0.29118], ['TRAVEL', 0.0839164], ['NON STANDARD CONTENT', 0.0252631], ['HOBBIES AND INTERESTS', 0.00770076]]","[['HOBBIES & INTERESTS', 0.07], ['BIRDWATCHING', 0.06]]",True,77,54,15:12:26.922497
Dylan captured Dylan,"[['HOBBIES AND INTERESTS', 0.279108], ['SPORTS', 0.254129], ['NON STANDARD CONTENT', 0.0870419], ['ARTS AND ENTERTAINMENT', 0.0601227], ['AUTOMOTIVE', 0.0594154]]","[['HOBBIES & INTERESTS', 0.08], ['BIRDWATCHING', 0.05]]",True,78,55,15:12:28.678813
my province captured Marcus,"[['FOOD AND DRINK', 0.220713], ['NON STANDARD CONTENT', 0.145329], ['RELIGION AND SPIRITUALITY', 0.124104], ['TRAVEL', 0.112003], ['ARTS AND ENTERTAINMENT', 0.0504443]]","[['HOBBIES & INTERESTS', 0.07], ['SPORTS', 0.06], ['BIRDWATCHING', 0.05], ['WATERSKI/WAKEBOARD', 0.04]]",True,79,56,15:12:30.480932
Dylan made an forest in Dylan in Dylan,"[['LAW AND GOVERNMENT AND POLITICS', 0.550119], ['SPORTS', 0.42558], ['HOME AND GARDEN', 0.0242817], ['BUSINESS', 1.20235e-05], ['ARTS AND ENTERTAINMENT', 1.0456e-06]]","[['HOBBIES & INTERESTS', 0.08], ['BIRDWATCHING', 0.06]]",True,80,57,15:12:32.334365
camera province a man forest Holly Dylan snake started Holly in Dylan,"[['HOBBIES AND INTERESTS', 0.724009], ['RELIGION AND SPIRITUALITY', 0.0830605], ['TECHNOLOGY AND COMPUTING', 0.0205909], ['NON STANDARD CONTENT', 0.0176442], ['SPORTS', 0.0113171]]","[['EXTREME GRAPHIC/EXPLICIT VIOLENCE', 0.19], ['HOBBIES & INTERESTS', 0.08], ['NON-STANDARD CONTENT', 0.06], ['BIRDWATCHING', 0.06]]",True,81,58,15:12:34.130953
Dylan started Holly outside my man,"[['AUTOMOTIVE', 0.740553], ['SPORTS', 0.259447], ['HOBBIES AND INTERESTS', 1.59962e-08], ['NON STANDARD CONTENT', 4.30802e-10], ['ARTS AND ENTERTAINMENT', 4.09153e-10]]","[['PROFANE CONTENT', 0.2], ['NON-STANDARD CONTENT', 0.07], ['HOBBIES & INTERESTS', 0.07], ['SPORTS', 0.06], ['WALKING', 0.05]]",False,82,58,15:12:35.872076
Dylan made Holly outside Dylan,"[['LAW AND GOVERNMENT AND POLITICS', 0.981884], ['AUTOMOTIVE', 0.018116], ['HOBBIES AND INTERESTS', 1.66118e-08], ['SPORTS', 1.46691e-09], ['ARTS AND ENTERTAINMENT', 9.44021e-10]]","[['HOBBIES & INTERESTS', 0.07], ['BIRDWATCHING', 0.05]]",True,83,59,15:12:37.751302
Holly made outside Dylan man by Holly by Dylan on Holly,"[['HOBBIES AND INTERESTS', 0.999987], ['LAW AND GOVERNMENT AND POLITICS', 1.25867e-05], ['ARTS AND ENTERTAINMENT', 1.25741e-09], ['SPORTS', 3.88088e-10], ['NON STANDARD CONTENT', 1.25499e-10]]","[['EXTREME GRAPHIC/EXPLICIT VIOLENCE', 0.2], ['HOBBIES & INTERESTS', 0.07], ['NON-STANDARD CONTENT', 0.06], ['BIRDWATCHING', 0.05]]",True,84,60,15:12:39.632211
Holly captured my hill,"[['TRAVEL', 0.626699], ['HOBBIES AND INTERESTS', 0.137021], ['STYLE AND FASHION', 0.0434175], ['RELIGION AND SPIRITUALITY', 0.0246899], ['PETS', 0.0191278]]","[['HOBBIES & INTERESTS', 0.07], ['BEADWORK', 0.05]]",True,84,60,15:12:41.358013
I embarked I outside pajamas by Dylan camera on I,"[['TECHNOLOGY AND COMPUTING', 0.761019], ['SCIENCE', 0.118142], ['HOBBIES AND INTERESTS', 0.0307126], ['SPORTS', 0.0190513], ['ARTS AND ENTERTAINMENT', 0.00605322]]","[['HOBBIES & INTERESTS', 0.09], ['PHOTOGRAPHY', 0.06]]",True,85,61,15:12:43.156698
hill outside my with a hill on Holly forest an bus forest camera with my in camera snake in an forest outside I,"[['BUSINESS', 0.69096], ['HOME AND GARDEN', 0.135559], ['PETS', 0.123174], ['TRAVEL', 0.029832], ['TECHNOLOGY AND COMPUTING', 0.00562028]]","[['NATIONAL PARKS', 0.1], ['HOBBIES & INTERESTS', 0.08], ['BIRDWATCHING', 0.08], ['TRAVEL', 0.07]]",False,86,61,15:12:44.985246
Holly embarked province man on Holly by I,"[['TRAVEL', 0.786829], ['SPORTS', 0.0801925], ['RELIGION AND SPIRITUALITY', 0.0751272], ['HEALTH AND FITNESS', 0.0161329], ['HOBBIES AND INTERESTS', 0.00147686]]","[['EXTREME GRAPHIC/EXPLICIT VIOLENCE', 0.19], ['HOBBIES & INTERESTS', 0.06], ['NON-STANDARD CONTENT', 0.06], ['SPORTS', 0.06], ['BIRDWATCHING', 0.05]]",False,87,61,15:12:46.759111
an camera started Holly,"[['TECHNOLOGY AND COMPUTING', 0.999138], ['HOBBIES AND INTERESTS', 0.000720207], ['NON STANDARD CONTENT', 2.64108e-05], ['ARTS AND ENTERTAINMENT', 2.25568e-05], ['HOME AND GARDEN', 1.63556e-06]]","[['CAMERAS & CAMCORDERS', 0.36], ['HOBBIES & INTERESTS', 0.09], ['TECHNOLOGY & COMPUTING', 0.09], ['PHOTOGRAPHY', 0.08]]",True,88,62,15:12:48.450664
forest pajamas man an hill man Marcus I by Holly by the man in a forest with an man on Holly,"[['BUSINESS', 0.914021], ['RELIGION AND SPIRITUALITY', 0.0777552], ['SCIENCE', 0.000431009], ['TRAVEL', 0.000190786], ['SPORTS', 0.000141515]]","[['PROFANE CONTENT', 0.24], ['NON-STANDARD CONTENT', 0.1]]",True,89,63,15:12:50.237019
my hill with Marcus conflicted Dylan on a camera the with pajamas with cat pajamas on bus pajamas I Holly in Marcus my forest,"[['FOOD AND DRINK', 0.992425], ['SCIENCE', 0.00755491], ['SPORTS', 1.01907e-05], ['PETS', 4.94484e-06], ['HEALTH AND FITNESS', 2.29993e-07]]","[['CATS', 0.23], ['PETS', 0.08], ['HOBBIES & INTERESTS', 0.07], ['BIRDWATCHING', 0.06]]",False,90,63,15:12:52.138319
Holly embarked camera outside Dylan cat in I in a in Marcus,"[['PETS', 0.999837], ['TECHNOLOGY AND COMPUTING', 0.000136805], ['HOBBIES AND INTERESTS', 3.04816e-06], ['RELIGION AND SPIRITUALITY', 2.00924e-06], ['ARTS AND ENTERTAINMENT', 1.7326e-06]]","[['CATS', 0.4], ['PETS', 0.1], ['HOBBIES & INTERESTS', 0.08], ['PHOTOGRAPHY', 0.06]]",False,91,63,15:12:53.808775
I started Holly,"[['HOBBIES AND INTERESTS', 0.698766], ['SPORTS', 0.00280172], ['RELIGION AND SPIRITUALITY', 0.00132074], ['STYLE AND FASHION', 0.00121193], ['FAMILY AND PARENTING', 0.00106503]]","[['HOBBIES & INTERESTS', 0.07], ['SPORTS', 0.06], ['JEWELRY MAKING', 0.05], ['WATERSKI/WAKEBOARD', 0.04]]",False,92,63,15:12:55.354752
the cat embarked I in a snake,"[['PETS', 1.0], ['SPORTS', 1.57797e-10], ['HEALTH AND FITNESS', 2.01234e-11], ['RELIGION AND SPIRITUALITY', 5.71163e-12], ['TECHNOLOGY AND COMPUTING', 5.05813e-12]]","[['CATS', 0.56], ['PETS', 0.16]]",False,93,63,15:12:57.161406
Dylan started I,"[['AUTOMOTIVE', 1.0], ['SPORTS', 1.11807e-13], ['HOBBIES AND INTERESTS', 8.21999e-14], ['LAW AND GOVERNMENT AND POLITICS', 2.17367e-14], ['NON STANDARD CONTENT', 1.37644e-14]]","[['HOBBIES & INTERESTS', 0.08], ['JEWELRY MAKING', 0.05]]",True,94,64,15:12:58.897605
I Holly I on Marcus,"[['RELIGION AND SPIRITUALITY', 0.412939], ['HOBBIES AND INTERESTS', 0.044386], ['ARTS AND ENTERTAINMENT', 0.0434235], ['CAREERS', 0.0275831], ['STYLE AND FASHION', 0.0240261]]","[['HOBBIES & INTERESTS', 0.07], ['SPORTS', 0.06], ['BIRDWATCHING', 0.05], ['WATERSKI/WAKEBOARD', 0.05]]",True,95,65,15:13:00.995845
Marcus snake on Holly province outside Dylan Marcus,"[['LAW AND GOVERNMENT AND POLITICS', 0.999986], ['HOBBIES AND INTERESTS', 5.20495e-06], ['ARTS AND ENTERTAINMENT', 1.7263e-06], ['TRAVEL', 1.30175e-06], ['SHOPPING', 6.45671e-07]]","[['HOBBIES & INTERESTS', 0.07], ['SPORTS', 0.06], ['BIRDWATCHING', 0.05], ['WATERSKI/WAKEBOARD', 0.04]]",True,96,66,15:13:02.795177
Dylan started on a pajamas on I pajamas,"[['AUTOMOTIVE', 0.780833], ['SCIENCE', 0.197191], ['FOOD AND DRINK', 0.0215136], ['SPORTS', 0.000459824], ['CAREERS', 3.56043e-07]]","[['HOBBIES & INTERESTS', 0.07], ['BIRDWATCHING', 0.05]]",True,97,67,15:13:04.626789
Dylan conflicted Holly with camera a cat outside hill by province outside an pajamas by I camera bus Holly Dylan camera cat I Marcus,"[['PETS', 0.696481], ['TECHNOLOGY AND COMPUTING', 0.303427], ['HOBBIES AND INTERESTS', 8.03839e-05], ['ARTS AND ENTERTAINMENT', 1.78517e-06], ['SCIENCE', 1.47404e-06]]","[['CATS', 0.39], ['PETS', 0.11]]",False,98,67,15:13:06.365570
Holly captured Marcus,"[['RELIGION AND SPIRITUALITY', 0.697503], ['ARTS AND ENTERTAINMENT', 0.141882], ['TRAVEL', 0.0354655], ['NON STANDARD CONTENT', 0.0334684], ['HOBBIES AND INTERESTS', 0.0144302]]","[['HOBBIES & INTERESTS', 0.07], ['SPORTS', 0.06], ['BIRDWATCHING', 0.05], ['WATERSKI/WAKEBOARD', 0.04]]",True,98,67,15:13:08.011382
the province Dylan I with Marcus,"[['HEALTH AND FITNESS', 0.553825], ['RELIGION AND SPIRITUALITY', 0.382232], ['ARTS AND ENTERTAINMENT', 0.0126913], ['TRAVEL', 0.00965913], ['ILLEGAL CONTENT', 0.00255465]]","[['HOBBIES & INTERESTS', 0.07], ['SPORTS', 0.06], ['BIRDWATCHING', 0.05], ['WATERSKI/WAKEBOARD', 0.04]]",True,99,68,15:13:09.904403
man forest with Holly an snake on forest pajamas on Holly Dylan,"[['BUSINESS', 0.999999], ['HOBBIES AND INTERESTS', 5.34902e-07], ['SCIENCE', 2.07986e-07], ['TRAVEL', 7.21441e-08], ['FOOD AND DRINK', 2.14191e-08]]","[['EXTREME GRAPHIC/EXPLICIT VIOLENCE', 0.19], ['CAMPING', 0.08], ['BIRDWATCHING', 0.07], ['NON-STANDARD CONTENT', 0.07], ['HOBBIES & INTERESTS', 0.07]]",True,100,69,15:13:11.752690
my hill in Holly captured a man on a forest Holly Holly,"[['RELIGION AND SPIRITUALITY', 0.999911], ['BUSINESS', 4.48391e-05], ['STYLE AND FASHION', 1.75412e-05], ['TRAVEL', 5.19096e-06], ['HOBBIES AND INTERESTS', 2.45259e-06]]","[['EXTREME GRAPHIC/EXPLICIT VIOLENCE', 0.2], ['HOBBIES & INTERESTS', 0.07], ['NON-STANDARD CONTENT', 0.06], ['BIRDWATCHING', 0.06], ['SPORTS', 0.06]]",True,101,70,15:13:13.670580
an man by Marcus made Marcus on hill in Marcus pajamas with the cat in my snake by Marcus,"[['PETS', 0.999555], ['SCIENCE', 0.000191631], ['EDUCATION', 0.000125883], ['SPORTS', 3.91635e-05], ['HOBBIES AND INTERESTS', 2.07255e-05]]","[['CATS', 0.24], ['EXTREME GRAPHIC/EXPLICIT VIOLENCE', 0.2], ['PETS', 0.08], ['HOBBIES & INTERESTS', 0.07], ['NON-STANDARD CONTENT', 0.06]]",False,102,70,15:13:15.556476
Holly made an man on hill outside I bus in I on an cat,"[['HOBBIES AND INTERESTS', 0.998332], ['TRAVEL', 0.00164014], ['PETS', 2.17444e-05], ['SPORTS', 5.16241e-06], ['NON STANDARD CONTENT', 2.2671e-08]]","[['CATS', 0.51], ['PETS', 0.16]]",False,103,70,15:13:17.226214
I captured Marcus on Holly,"[['RELIGION AND SPIRITUALITY', 0.669171], ['ARTS AND ENTERTAINMENT', 0.0691762], ['NON STANDARD CONTENT', 0.04204], ['TRAVEL', 0.0381716], ['HOBBIES AND INTERESTS', 0.0155157]]","[['HOBBIES & INTERESTS', 0.07], ['SPORTS', 0.06], ['BIRDWATCHING', 0.05], ['WATERSKI/WAKEBOARD', 0.04]]",True,104,71,15:13:18.969912
Holly studied Holly with Holly,"[['SPORTS', 0.428506], ['HEALTH AND FITNESS', 0.169047], ['STYLE AND FASHION', 0.0769258], ['PETS', 0.0584723], ['RELIGION AND SPIRITUALITY', 0.0463128]]","[['HOBBIES & INTERESTS', 0.07], ['BIRDWATCHING', 0.05]]",True,105,72,15:13:20.825911
a man conflicted I on my pajamas Dylan my pajamas on Holly,"[['SCIENCE', 0.996318], ['SPORTS', 0.00197662], ['RELIGION AND SPIRITUALITY', 0.000316707], ['HOBBIES AND INTERESTS', 0.00031547], ['FOOD AND DRINK', 0.000297806]]","[['PROFANE CONTENT', 0.2], ['HOBBIES & INTERESTS', 0.07], ['NON-STANDARD CONTENT', 0.06], ['BIRDWATCHING', 0.05]]",True,106,73,15:13:22.557336
snake outside Dylan hill captured Holly on the forest outside Holly,"[['BUSINESS', 0.879232], ['TRAVEL', 0.0509633], ['SPORTS', 0.00941432], ['HOBBIES AND INTERESTS', 0.00644564], ['STYLE AND FASHION', 0.00482785]]","[['EXTREME GRAPHIC/EXPLICIT VIOLENCE', 0.2], ['HOBBIES & INTERESTS', 0.07], ['BIRDWATCHING', 0.06], ['NON-STANDARD CONTENT', 0.06]]",True,107,74,15:13:24.357058
Marcus captured my snake Holly Holly,"[['RELIGION AND SPIRITUALITY', 0.999997], ['PETS', 2.74554e-06], ['TRAVEL', 1.62912e-08], ['EDUCATION', 1.33796e-08], ['SCIENCE', 1.24645e-08]]","[['EXTREME GRAPHIC/EXPLICIT VIOLENCE', 0.21], ['HOBBIES & INTERESTS', 0.07], ['NON-STANDARD CONTENT', 0.06], ['BIRDWATCHING', 0.05]]",True,108,75,15:13:26.081797
Holly conflicted Holly outside Marcus,"[['RELIGION AND SPIRITUALITY', 0.495809], ['SPORTS', 0.136617], ['HOBBIES AND INTERESTS', 0.0467769], ['NON STANDARD CONTENT', 0.0272506], ['SCIENCE', 0.0245252]]","[['HOBBIES & INTERESTS', 0.07], ['BIRDWATCHING', 0.05]]",True,109,76,15:13:27.875829
Marcus conflicted I by Marcus,"[['EDUCATION', 0.780881], ['NON STANDARD CONTENT', 0.167594], ['SCIENCE', 0.0135595], ['HEALTH AND FITNESS', 0.00840978], ['SPORTS', 0.00500463]]","[['HOBBIES & INTERESTS', 0.07], ['BIRDWATCHING', 0.05]]",True,110,77,15:13:29.627305
I embarked Dylan I I,"[['SPORTS', 0.330668], ['HOBBIES AND INTERESTS', 0.109661], ['RELIGION AND SPIRITUALITY', 0.0761326], ['CAREERS', 0.0215609], ['SOCIETY', 0.0191115]]","[['HOBBIES & INTERESTS', 0.07], ['BIRDWATCHING', 0.05]]",True,111,78,15:13:31.451291
the by I on I made Dylan outside hill hill outside by I on Dylan forest,"[['TRAVEL', 0.998782], ['SPORTS', 0.000319297], ['NON STANDARD CONTENT', 0.000135946], ['HOBBIES AND INTERESTS', 9.70518e-05], ['RELIGION AND SPIRITUALITY', 1.94482e-05]]","[['HOBBIES & INTERESTS', 0.07], ['BIRDWATCHING', 0.06]]",True,112,79,15:13:33.191359
Dylan embarked my province in an hill by Dylan with my man by I,"[['SPORTS', 0.998886], ['HOBBIES AND INTERESTS', 0.000376233], ['ARTS AND ENTERTAINMENT', 0.000127196], ['NON STANDARD CONTENT', 2.61349e-05], ['TRAVEL', 2.58967e-05]]","[['PROFANE CONTENT', 0.2], ['HOBBIES & INTERESTS', 0.07], ['NON-STANDARD CONTENT', 0.06], ['SPORTS', 0.06], ['CIGARS', 0.05]]",False,113,79,15:13:34.967089
Holly forest bus on Holly Marcus I the camera outside Holly,"[['HOBBIES AND INTERESTS', 0.999993], ['FOOD AND DRINK', 5.47808e-06], ['TECHNOLOGY AND COMPUTING', 6.77339e-07], ['RELIGION AND SPIRITUALITY', 2.40941e-07], ['NON STANDARD CONTENT', 1.28231e-08]]","[['HOBBIES & INTERESTS', 0.08], ['BIRDWATCHING', 0.06]]",True,114,80,15:13:36.951444
Dylan conflicted Dylan on I,"[['HOBBIES AND INTERESTS', 0.18152], ['LAW AND GOVERNMENT AND POLITICS', 0.116745], ['ARTS AND ENTERTAINMENT', 0.0845613], ['NON STANDARD CONTENT', 0.0614719], ['TECHNOLOGY AND COMPUTING', 0.0384361]]","[['HOBBIES & INTERESTS', 0.08], ['BIRDWATCHING', 0.05]]",True,115,81,15:13:38.631026
a snake made Holly by Holly in province snake,"[['AUTOMOTIVE', 0.50576], ['PETS', 0.492926], ['TRAVEL', 0.00026511], ['HEALTH AND FITNESS', 0.000211364], ['SPORTS', 0.000146277]]","[['EXTREME GRAPHIC/EXPLICIT VIOLENCE', 0.2], ['HOBBIES & INTERESTS', 0.07], ['NON-STANDARD CONTENT', 0.06], ['BIRDWATCHING', 0.05]]",True,116,82,15:13:40.385112
province bus started Holly,"[['TRAVEL', 0.264648], ['SPORTS', 0.143499], ['RELIGION AND SPIRITUALITY', 0.0140637], ['AUTOMOTIVE', 0.00594062], ['EDUCATION', 0.00578129]]","[['EXTREME GRAPHIC/EXPLICIT VIOLENCE', 0.21], ['CANADA', 0.09], ['OFF-ROAD VEHICLES', 0.08], ['HOBBIES & INTERESTS', 0.06], ['SPORTS', 0.05]]",False,117,82,15:13:42.167255
Holly conflicted Marcus,"[['SCIENCE', 0.460695], ['RELIGION AND SPIRITUALITY', 0.375311], ['NON STANDARD CONTENT', 0.0608912], ['HEALTH AND FITNESS', 0.0117048], ['HOBBIES AND INTERESTS', 0.00723538]]","[['HOBBIES & INTERESTS', 0.07], ['BIRDWATCHING', 0.05]]",True,118,83,15:13:44.055624
my forest embarked Holly in province on Dylan camera outside Dylan with an province in Dylan with Marcus on I,"[['BUSINESS', 0.847832], ['TRAVEL', 0.0930207], ['ARTS AND ENTERTAINMENT', 0.00912132], ['TECHNOLOGY AND COMPUTING', 0.00530569], ['HOBBIES AND INTERESTS', 0.00370906]]","[['HOBBIES & INTERESTS', 0.08], ['BIRDWATCHING', 0.06]]",True,119,84,15:13:45.899099
a province on Marcus conflicted Dylan,"[['TRAVEL', 0.250731], ['SOCIETY', 0.19835], ['SCIENCE', 0.128593], ['EDUCATION', 0.0507343], ['NON STANDARD CONTENT', 0.0303288]]","[['HOBBIES & INTERESTS', 0.07], ['BIRDWATCHING', 0.05]]",True,120,85,15:13:47.550698
by an cat bus a Holly I by bus with I snake in my snake in a pajamas I by Dylan,"[['PETS', 1.0], ['HOBBIES AND INTERESTS', 4.07973e-08], ['SCIENCE', 9.745e-10], ['AUTOMOTIVE', 1.03431e-10], ['TRAVEL', 8.95557e-11]]","[['CATS', 0.3], ['PETS', 0.11]]",False,121,85,15:13:49.533965
Marcus conflicted Marcus,"[['EDUCATION', 0.347327], ['SCIENCE', 0.306092], ['HEALTH AND FITNESS', 0.171107], ['SPORTS', 0.0595993], ['NON STANDARD CONTENT', 0.0550442]]","[['HOBBIES & INTERESTS', 0.07], ['BIRDWATCHING', 0.05]]",True,122,86,15:13:51.315496
my camera conflicted I outside I,"[['TECHNOLOGY AND COMPUTING', 0.948529], ['HOBBIES AND INTERESTS', 0.0241895], ['ARTS AND ENTERTAINMENT', 0.00180709], ['RELIGION AND SPIRITUALITY', 0.00177291], ['CAREERS', 0.00157159]]","[['CAMERAS & CAMCORDERS', 0.33], ['HOBBIES & INTERESTS', 0.1], ['TECHNOLOGY & COMPUTING', 0.09], ['PHOTOGRAPHY', 0.07]]",True,123,87,15:13:53.075237
Holly Holly I on Marcus,"[['RELIGION AND SPIRITUALITY', 1.0], ['SPORTS', 1.07666e-10], ['HOBBIES AND INTERESTS', 5.89848e-11], ['ARTS AND ENTERTAINMENT', 4.50236e-11], ['STYLE AND FASHION', 2.8959e-11]]","[['HOBBIES & INTERESTS', 0.07], ['BIRDWATCHING', 0.05]]",True,124,88,15:13:54.901394
Marcus captured Holly by Dylan on Holly by Holly,"[['HOBBIES AND INTERESTS', 0.550932], ['ARTS AND ENTERTAINMENT', 0.182446], ['NON STANDARD CONTENT', 0.0878256], ['RELIGION AND SPIRITUALITY', 0.0692934], ['TRAVEL', 0.0219814]]","[['HOBBIES & INTERESTS', 0.07], ['BIRDWATCHING', 0.05]]",True,125,89,15:13:56.538257
Marcus embarked Marcus on Dylan,"[['EDUCATION', 1.0], ['TRAVEL', 3.37038e-09], ['RELIGION AND SPIRITUALITY', 7.88332e-10], ['SPORTS', 5.51023e-10], ['TECHNOLOGY AND COMPUTING', 3.19636e-10]]","[['HOBBIES & INTERESTS', 0.07], ['BIRDWATCHING', 0.05]]",True,126,90,15:13:58.400864
pajamas hill in province in Dylan province started I by I,"[['SCIENCE', 0.703084], ['FOOD AND DRINK', 0.0770502], ['TRAVEL', 0.0646134], ['SPORTS', 0.014746], ['CAREERS', 0.00970763]]","[['OFF-ROAD VEHICLES', 0.09], ['HOBBIES & INTERESTS', 0.07], ['SPORTS', 0.06], ['AUTOMOTIVE', 0.05], ['BEADWORK', 0.05]]",False,127,90,15:14:00.289824
Holly made the province outside my pajamas with Dylan in Holly Dylan Marcus,"[['HOBBIES AND INTERESTS', 0.999985], ['SPORTS', 1.3663e-05], ['LAW AND GOVERNMENT AND POLITICS', 1.24522e-06], ['SCIENCE', 8.95194e-09], ['FOOD AND DRINK', 1.66138e-09]]","[['HOBBIES & INTERESTS', 0.07], ['BIRDWATCHING', 0.05]]",True,128,91,15:14:02.133702
an cat captured a pajamas on Marcus in Marcus,"[['FOOD AND DRINK', 0.999955], ['PETS', 3.2201e-05], ['SCIENCE', 1.20778e-05], ['SPORTS', 6.85702e-07], ['ARTS AND ENTERTAINMENT', 4.36313e-08]]","[['CATS', 0.37], ['PETS', 0.1]]",False,129,91,15:14:03.849919
Marcus made bus Dylan the hill by a province forest by Dylan,"[['AUTOMOTIVE', 0.986703], ['TRAVEL', 0.00974616], ['BUSINESS', 0.00125455], ['SPORTS', 6.20759e-05], ['NON STANDARD CONTENT', 1.20973e-05]]","[['CAMPING', 0.07], ['HOBBIES & INTERESTS', 0.07], ['BIRDWATCHING', 0.06], ['TRAVEL', 0.06], ['SPORTS', 0.05]]",False,130,91,15:14:05.650804
Holly embarked Holly with Marcus on I,"[['RELIGION AND SPIRITUALITY', 0.705992], ['HOBBIES AND INTERESTS', 0.0594395], ['TRAVEL', 0.037707], ['HEALTH AND FITNESS', 0.0281057], ['SPORTS', 0.0264819]]","[['HOBBIES & INTERESTS', 0.07], ['BIRDWATCHING', 0.05]]",True,131,92,15:14:07.316823
Marcus studied Marcus,"[['SPORTS', 0.536605], ['HEALTH AND FITNESS', 0.207339], ['CAREERS', 0.0478843], ['EDUCATION', 0.0379441], ['REAL ESTATE', 0.0234006]]","[['HOBBIES & INTERESTS', 0.08], ['CANDLE & SOAP MAKING', 0.05]]",True,132,93,15:14:09.185965
Holly Holly I,"[['RELIGION AND SPIRITUALITY', 1.0], ['SPORTS', 2.63103e-12], ['HOBBIES AND INTERESTS', 1.44521e-12], ['STYLE AND FASHION', 5.41696e-13], ['HEALTH AND FITNESS', 3.40999e-13]]","[['HOBBIES & INTERESTS', 0.07], ['BIRDWATCHING', 0.05]]",True,133,94,15:14:10.980861
my snake embarked a pajamas outside Dylan by Holly,"[['SCIENCE', 0.951941], ['SPORTS', 0.014401], ['FOOD AND DRINK', 0.00452537], ['HEALTH AND FITNESS', 0.00271651], ['TRAVEL', 0.00242106]]","[['EXTREME GRAPHIC/EXPLICIT VIOLENCE', 0.2], ['HOBBIES & INTERESTS', 0.07], ['NON-STANDARD CONTENT', 0.06], ['BIRDWATCHING', 0.05]]",True,134,95,15:14:12.639521
an man in province bus Holly the cat in Marcus outside a pajamas the snake in an man I,"[['PETS', 0.999988], ['SCIENCE', 8.46984e-07], ['SPORTS', 1.14607e-08], ['NON STANDARD CONTENT', 1.67885e-09], ['TRAVEL', 1.56004e-09]]","[['CATS', 0.34], ['PROFANE CONTENT', 0.22], ['PETS', 0.1], ['NON-STANDARD CONTENT', 0.08]]",False,135,95,15:14:14.436837
Dylan made Holly by Holly,"[['LAW AND GOVERNMENT AND POLITICS', 0.998706], ['AUTOMOTIVE', 0.00129367], ['HOBBIES AND INTERESTS', 2.26346e-09], ['NON STANDARD CONTENT', 5.27015e-10], ['SPORTS', 2.23253e-10]]","[['HOBBIES & INTERESTS', 0.07], ['BIRDWATCHING', 0.05]]",True,136,96,15:14:16.266647
Dylan started Dylan,"[['AUTOMOTIVE', 1.0], ['SPORTS', 1.25108e-11], ['HOBBIES AND INTERESTS', 6.74631e-12], ['NON STANDARD CONTENT', 1.1658e-12], ['LAW AND GOVERNMENT AND POLITICS', 9.28349e-13]]","[['HOBBIES & INTERESTS', 0.08], ['BIRDWATCHING', 0.05]]",True,137,97,15:14:18.042316
Holly studied cat hill Dylan Dylan,"[['PETS', 0.916135], ['ARTS AND ENTERTAINMENT', 0.0518753], ['HEALTH AND FITNESS', 0.0175072], ['HOBBIES AND INTERESTS', 0.00958149], ['NON STANDARD CONTENT', 0.000824517]]","[['CATS', 0.34], ['PETS', 0.1]]",False,138,97,15:14:19.785054
camera an forest Dylan man with Marcus Holly Marcus an cat I outside my province,"[['HOBBIES AND INTERESTS', 0.999983], ['LAW AND GOVERNMENT AND POLITICS', 1.25708e-05], ['HOME AND GARDEN', 2.98355e-06], ['PETS', 1.17401e-06], ['ARTS AND ENTERTAINMENT', 1.29255e-07]]","[['CATS', 0.31], ['PETS', 0.09], ['HOBBIES & INTERESTS', 0.07], ['BIRDWATCHING', 0.06]]",False,139,97,15:14:21.456045
an pajamas pajamas snake in Marcus pajamas hill started man with my province on pajamas snake on the man in Dylan snake,"[['SCIENCE', 0.99927], ['SPORTS', 0.000646804], ['FOOD AND DRINK', 7.62287e-05], ['PETS', 4.59821e-06], ['HOBBIES AND INTERESTS', 2.92323e-08]]","[['PROFANE CONTENT', 0.2], ['NON-STANDARD CONTENT', 0.08], ['HOBBIES & INTERESTS', 0.07], ['BIRDWATCHING', 0.05]]",True,140,98,15:14:23.370006
Marcus captured my camera on snake outside Marcus pajamas on snake on Dylan bus in I outside Dylan,"[['PETS', 1.0], ['SCIENCE', 1.45289e-10], ['TECHNOLOGY AND COMPUTING', 6.23351e-11], ['ARTS AND ENTERTAINMENT', 3.24139e-11], ['SPORTS', 2.34359e-11]]","[['HOBBIES & INTERESTS', 0.08], ['PHOTOGRAPHY', 0.06]]",True,141,99,15:14:25.153312
Marcus made Dylan outside Marcus outside Holly,"[['SCIENCE', 0.259745], ['SPORTS', 0.143962], ['ARTS AND ENTERTAINMENT', 0.0496364], ['HOBBIES AND INTERESTS', 0.0242539], ['TRAVEL', 0.0206939]]","[['HOBBIES & INTERESTS', 0.07], ['BIRDWATCHING', 0.05]]",True,142,100,15:14:26.860170
I started Dylan,"[['HOBBIES AND INTERESTS', 0.595058], ['SPORTS', 0.0608088], ['LAW AND GOVERNMENT AND POLITICS', 0.00220962], ['NON STANDARD CONTENT', 0.00139941], ['FAMILY AND PARENTING', 0.000907016]]","[['HOBBIES & INTERESTS', 0.08], ['JEWELRY MAKING', 0.05]]",True,143,101,15:14:28.702012
Dylan made Marcus,"[['LAW AND GOVERNMENT AND POLITICS', 1.0], ['SPORTS', 2.83079e-14], ['PETS', 1.25144e-14], ['ARTS AND ENTERTAINMENT', 6.27384e-15], ['FOOD AND DRINK', 6.10637e-15]]","[['HOBBIES & INTERESTS', 0.07], ['BIRDWATCHING', 0.05]]",True,144,102,15:14:30.552309
Holly conflicted an hill on Holly,"[['TRAVEL', 0.903532], ['HOBBIES AND INTERESTS', 0.0253363], ['RELIGION AND SPIRITUALITY', 0.019836], ['SPORTS', 0.0112937], ['STYLE AND FASHION', 0.00656372]]","[['HOBBIES & INTERESTS', 0.07], ['BEADWORK', 0.05]]",True,145,103,15:14:32.292952
Holly captured my hill on Holly my with I by pajamas with my cat camera Marcus,"[['HOBBIES AND INTERESTS', 0.994102], ['SCIENCE', 0.00333624], ['PETS', 0.000716542], ['TECHNOLOGY AND COMPUTING', 0.000337758], ['ARTS AND ENTERTAINMENT', 0.000248472]]","[['CATS', 0.33], ['PETS', 0.09]]",False,146,103,15:14:34.033734
pajamas on Dylan in Dylan conflicted a forest I I outside my pajamas by Marcus,"[['SPORTS', 0.742265], ['SCIENCE', 0.253553], ['FOOD AND DRINK', 0.00271744], ['ARTS AND ENTERTAINMENT', 0.000404794], ['BUSINESS', 0.00031189]]","[['HOBBIES & INTERESTS', 0.07], ['BIRDWATCHING', 0.06]]",True,147,104,15:14:35.857778
I captured Dylan,"[['HOBBIES AND INTERESTS', 0.165148], ['SPORTS', 0.0832], ['NON STANDARD CONTENT', 0.0435877], ['ARTS AND ENTERTAINMENT', 0.0345043], ['TECHNOLOGY AND COMPUTING', 0.0287755]]","[['HOBBIES & INTERESTS', 0.08], ['BIRDWATCHING', 0.05]]",True,148,105,15:14:37.519840
Dylan made I outside Marcus,"[['LAW AND GOVERNMENT AND POLITICS', 1.0], ['SPORTS', 1.33093e-11], ['ARTS AND ENTERTAINMENT', 4.08253e-12], ['TECHNOLOGY AND COMPUTING', 1.14185e-12], ['NON STANDARD CONTENT', 8.04254e-13]]","[['HOBBIES & INTERESTS', 0.07], ['BIRDWATCHING', 0.05]]",True,149,106,15:14:39.351375
Marcus studied the bus on I by camera on Dylan pajamas,"[['SPORTS', 0.988885], ['TECHNOLOGY AND COMPUTING', 0.00873999], ['SCIENCE', 0.00159232], ['HOBBIES AND INTERESTS', 8.43346e-05], ['ARTS AND ENTERTAINMENT', 7.4436e-05]]","[['HOBBIES & INTERESTS', 0.09], ['PHOTOGRAPHY', 0.06]]",True,150,107,15:14:41.350606
I made my bus outside an province outside the forest outside hill by I man,"[['TRAVEL', 0.23503], ['FAMILY AND PARENTING', 0.20558], ['BUSINESS', 0.044882], ['SOCIETY', 0.024719], ['SPORTS', 0.016618]]","[['PROFANE CONTENT', 0.21], ['NATIONAL PARKS', 0.08], ['TRAVEL', 0.08], ['NON-STANDARD CONTENT', 0.07]]",False,151,107,15:14:43.283875
Marcus embarked Holly,"[['EDUCATION', 1.0], ['RELIGION AND SPIRITUALITY', 2.65202e-11], ['TRAVEL', 3.71503e-12], ['SPORTS', 5.90236e-13], ['HEALTH AND FITNESS', 5.80279e-13]]","[['HOBBIES & INTERESTS', 0.07], ['SPORTS', 0.06], ['BIRDWATCHING', 0.05], ['WATERSKI/WAKEBOARD', 0.05]]",False,152,107,15:14:45.103133
Marcus embarked Holly on Dylan outside camera in Holly camera in Marcus on Dylan,"[['TECHNOLOGY AND COMPUTING', 0.954042], ['EDUCATION', 0.037639], ['ARTS AND ENTERTAINMENT', 0.00490081], ['HOBBIES AND INTERESTS', 0.00213192], ['RELIGION AND SPIRITUALITY', 0.00082463]]","[['HOBBIES & INTERESTS', 0.09], ['PHOTOGRAPHY', 0.06]]",True,153,108,15:14:46.986468
bus in on pajamas in Marcus with Dylan with I province I an snake snake bus an camera bus in camera in my hill cat in Marcus man pajamas Dylan the hill pajamas Dylan Holly a snake on a outside snake outside Holly camera outside my camera pajamas outside I Dylan Dylan pajamas on Marcus snake,"[['SCIENCE', 0.984081], ['SPORTS', 0.00825102], ['TECHNOLOGY AND COMPUTING', 0.00222643], ['PETS', 0.000682321], ['HOBBIES AND INTERESTS', 0.000538868]]","[['EXTREME GRAPHIC/EXPLICIT VIOLENCE', 0.2], ['REPTILES', 0.19], ['HOBBIES & INTERESTS', 0.08], ['PETS', 0.07], ['NON-STANDARD CONTENT', 0.06]]",False,154,108,15:14:48.792403
Dylan started my hill my province in Marcus Dylan,"[['AUTOMOTIVE', 0.999993], ['SPORTS', 8.96866e-07], ['HOBBIES AND INTERESTS', 7.74974e-07], ['LAW AND GOVERNMENT AND POLITICS', 6.1698e-07], ['NON STANDARD CONTENT', 4.77187e-07]]","[['HOBBIES & INTERESTS', 0.07], ['SPORTS', 0.06], ['BEADWORK', 0.05], ['WATERSKI/WAKEBOARD', 0.04]]",False,155,108,15:14:50.617513
an forest started Holly Dylan Holly,"[['HOBBIES AND INTERESTS', 0.998746], ['HOME AND GARDEN', 0.00125388], ['BUSINESS', 1.94227e-07], ['SPORTS', 2.66219e-11], ['ARTS AND ENTERTAINMENT', 6.32658e-12]]","[['HOBBIES & INTERESTS', 0.07], ['BIRDWATCHING', 0.06]]",True,156,109,15:14:52.364864
Dylan studied Marcus with my pajamas on the bus Holly a province outside Holly,"[['AUTOMOTIVE', 0.992931], ['SCIENCE', 0.00357768], ['TRAVEL', 0.00259528], ['SPORTS', 0.000442616], ['FAMILY AND PARENTING', 0.000167472]]","[['HOBBIES & INTERESTS', 0.07], ['BIRDWATCHING', 0.05]]",True,157,110,15:14:53.884839
Dylan Holly my forest outside Dylan,"[['HOBBIES AND INTERESTS', 1.0], ['BUSINESS', 2.19397e-09], ['SPORTS', 1.47844e-11], ['NON STANDARD CONTENT', 1.05021e-11], ['ARTS AND ENTERTAINMENT', 7.94122e-12]]","[['HOBBIES & INTERESTS', 0.07], ['BIRDWATCHING', 0.07]]",True,158,111,15:14:55.530903
an man Marcus Holly embarked forest in Holly forest,"[['BUSINESS', 0.997228], ['HEALTH AND FITNESS', 0.00080332], ['RELIGION AND SPIRITUALITY', 0.000741495], ['TRAVEL', 0.000578642], ['SPORTS', 5.79738e-05]]","[['GARDENING', 0.2], ['EXTREME GRAPHIC/EXPLICIT VIOLENCE', 0.19], ['SPAS', 0.08], ['BIRDWATCHING', 0.07], ['HOBBIES & INTERESTS', 0.07]]",True,159,112,15:14:57.179058
my Dylan I made Dylan in I in Marcus,"[['SPORTS', 0.999998], ['LAW AND GOVERNMENT AND POLITICS', 2.41015e-07], ['ARTS AND ENTERTAINMENT', 1.01089e-07], ['HOBBIES AND INTERESTS', 8.56415e-08], ['NON STANDARD CONTENT', 7.78836e-08]]","[['HOBBIES & INTERESTS', 0.08], ['BIRDWATCHING', 0.05]]",True,160,113,15:14:59.001571
Holly captured my bus with a province with Dylan on outside Dylan forest,"[['TRAVEL', 0.802426], ['NON STANDARD CONTENT', 0.0310433], ['BUSINESS', 0.0183327], ['SPORTS', 0.014982], ['HOBBIES AND INTERESTS', 0.014594]]","[['CAMPING', 0.07], ['HOBBIES & INTERESTS', 0.07], ['BIRDWATCHING', 0.06], ['TRAVEL', 0.06]]",False,161,113,15:15:00.846248
Dylan Marcus Dylan I Marcus,"[['LAW AND GOVERNMENT AND POLITICS', 1.0], ['HOBBIES AND INTERESTS', 2.67132e-09], ['SPORTS', 1.04409e-09], ['ARTS AND ENTERTAINMENT', 1.52542e-10], ['TECHNOLOGY AND COMPUTING', 4.85624e-11]]","[['HOBBIES & INTERESTS', 0.07], ['BIRDWATCHING', 0.05]]",True,162,114,15:15:02.592149
Holly made snake camera,"[['HOBBIES AND INTERESTS', 1.0], ['PETS', 3.35413e-13], ['SPORTS', 1.25586e-15], ['TECHNOLOGY AND COMPUTING', 1.57531e-16], ['NON STANDARD CONTENT', 1.17365e-17]]","[['CAMERAS & CAMCORDERS', 0.26], ['HOBBIES & INTERESTS', 0.09], ['TECHNOLOGY & COMPUTING', 0.08], ['PHOTOGRAPHY', 0.07]]",True,163,115,15:15:04.453222
man by Dylan snake on Marcus conflicted camera cat by Marcus,"[['PETS', 0.996374], ['TECHNOLOGY AND COMPUTING', 0.00117574], ['SCIENCE', 0.00082493], ['EDUCATION', 0.000495665], ['ARTS AND ENTERTAINMENT', 0.000176113]]","[['CATS', 0.31], ['PETS', 0.09], ['HOBBIES & INTERESTS', 0.07], ['PHOTOGRAPHY', 0.05]]",False,164,115,15:15:06.131048
I embarked an bus,"[['TRAVEL', 0.339489], ['SPORTS', 0.122353], ['RELIGION AND SPIRITUALITY', 0.0514559], ['AUTOMOTIVE', 0.0419707], ['EDUCATION', 0.010819]]","[['EXTREME GRAPHIC/EXPLICIT VIOLENCE', 0.21], ['HOBBIES & INTERESTS', 0.06], ['NON-STANDARD CONTENT', 0.06], ['BIRDWATCHING', 0.05]]",True,165,116,15:15:07.853432
the snake by my bus in I captured Dylan,"[['SCIENCE', 0.999988], ['PETS', 7.26476e-06], ['NON STANDARD CONTENT', 8.71767e-07], ['TRAVEL', 8.54488e-07], ['SPORTS', 5.37845e-07]]","[['EXTREME GRAPHIC/EXPLICIT VIOLENCE', 0.21], ['HOBBIES & INTERESTS', 0.07], ['NON-STANDARD CONTENT', 0.06], ['BIRDWATCHING', 0.05]]",True,166,117,15:15:09.666726
a province my camera Marcus Holly Holly on I outside Marcus,"[['RELIGION AND SPIRITUALITY', 0.99996], ['TRAVEL', 7.3213e-06], ['TECHNOLOGY AND COMPUTING', 6.06214e-06], ['ARTS AND ENTERTAINMENT', 4.65702e-06], ['SOCIETY', 6.70025e-07]]","[['HOBBIES & INTERESTS', 0.08], ['SCREENWRITING', 0.05]]",True,167,118,15:15:11.399397
a snake captured Dylan outside the cat,"[['PETS', 0.99999], ['SPORTS', 2.26962e-08], ['HOBBIES AND INTERESTS', 1.3516e-10], ['TECHNOLOGY AND COMPUTING', 1.04632e-10], ['ARTS AND ENTERTAINMENT', 2.9182e-11]]","[['CATS', 0.5], ['PETS', 0.15]]",False,168,118,15:15:13.138750
on my cat with snake forest forest Dylan hill in Dylan snake studied Marcus in man cat outside an snake by my cat,"[['PETS', 0.999996], ['SCIENCE', 3.79883e-06], ['BUSINESS', 1.72534e-07], ['SPORTS', 6.31523e-10], ['HOBBIES AND INTERESTS', 6.30272e-10]]","[['CATS', 0.55], ['PETS', 0.19]]",False,169,118,15:15:15.040420
I my forest by an camera in I I Holly Holly,"[['RELIGION AND SPIRITUALITY', 0.99997], ['TECHNOLOGY AND COMPUTING', 1.29694e-05], ['STYLE AND FASHION', 3.18816e-06], ['HOBBIES AND INTERESTS', 1.92754e-06], ['SPORTS', 8.40229e-07]]","[['HOBBIES & INTERESTS', 0.08], ['BIRDWATCHING', 0.07]]",True,170,119,15:15:16.932478
Marcus studied pajamas man by Dylan with Marcus,"[['ARTS AND ENTERTAINMENT', 0.355745], ['SCIENCE', 0.242607], ['SPORTS', 0.230214], ['CAREERS', 0.0433024], ['HEALTH AND FITNESS', 0.0243057]]","[['PROFANE CONTENT', 0.2], ['HOBBIES & INTERESTS', 0.07], ['NON-STANDARD CONTENT', 0.06], ['BIRDWATCHING', 0.05]]",True,171,120,15:15:18.665826
my bus Marcus Marcus started the outside Dylan,"[['SPORTS', 0.515524], ['AUTOMOTIVE', 0.0569559], ['SHOPPING', 0.0450612], ['SCIENCE', 0.0428068], ['HOBBIES AND INTERESTS', 0.0270672]]","[['HOBBIES & INTERESTS', 0.07], ['SPORTS', 0.06], ['BIRDWATCHING', 0.05], ['PAINTBALL', 0.05]]",False,172,120,15:15:20.529020
Marcus started Holly with a province,"[['TRAVEL', 0.740611], ['SHOPPING', 0.0478836], ['SOCIETY', 0.0286685], ['RELIGION AND SPIRITUALITY', 0.0120537], ['CAREERS', 0.00726988]]","[['HOBBIES & INTERESTS', 0.07], ['SPORTS', 0.06], ['BIRDWATCHING', 0.05], ['WATERSKI/WAKEBOARD', 0.04]]",True,173,121,15:15:22.734004
Dylan made the in Dylan Marcus an province with Marcus in bus in a man an bus Holly snake I my in my man outside I by the pajamas,"[['LAW AND GOVERNMENT AND POLITICS', 0.998726], ['AUTOMOTIVE', 0.00042743], ['RELIGION AND SPIRITUALITY', 0.000311134], ['SPORTS', 0.000275464], ['SCIENCE', 0.000200272]]","[['PROFANE CONTENT', 0.2], ['NON-STANDARD CONTENT', 0.07], ['HOBBIES & INTERESTS', 0.06], ['BIRDWATCHING', 0.05]]",True,174,122,15:15:24.474600
I captured pajamas hill on Dylan forest with I a camera snake Dylan forest outside Holly cat in Dylan a snake forest cat with a camera in Marcus my snake province in Holly with Holly,"[['PETS', 0.99989], ['TECHNOLOGY AND COMPUTING', 4.84178e-05], ['HOBBIES AND INTERESTS', 1.74946e-05], ['BUSINESS', 1.18995e-05], ['SCIENCE', 2.95914e-06]]","[['CATS', 0.29], ['PETS', 0.1]]",False,175,122,15:15:26.257294
Holly captured Marcus,"[['RELIGION AND SPIRITUALITY', 0.697503], ['ARTS AND ENTERTAINMENT', 0.141882], ['TRAVEL', 0.0354655], ['NON STANDARD CONTENT', 0.0334684], ['HOBBIES AND INTERESTS', 0.0144302]]","[['HOBBIES & INTERESTS', 0.07], ['SPORTS', 0.06], ['BIRDWATCHING', 0.05], ['WATERSKI/WAKEBOARD', 0.04]]",True,175,122,15:15:28.019618
hill my bus Marcus forest my hill with Marcus I captured a cat in the by the bus outside my snake Dylan snake man by Marcus,"[['PETS', 0.977333], ['SPORTS', 0.0226549], ['TRAVEL', 2.65463e-06], ['FOOD AND DRINK', 2.44101e-06], ['BUSINESS', 1.20846e-06]]","[['CATS', 0.21], ['PETS', 0.09]]",False,176,122,15:15:29.834148
Marcus made Holly on Marcus,"[['AUTOMOTIVE', 0.999991], ['SCIENCE', 8.3633e-06], ['SPORTS', 1.5264e-07], ['HOBBIES AND INTERESTS', 7.91179e-08], ['RELIGION AND SPIRITUALITY', 3.98391e-08]]","[['HOBBIES & INTERESTS', 0.07], ['SPORTS', 0.06], ['BIRDWATCHING', 0.05], ['WATERSKI/WAKEBOARD', 0.05]]",False,177,122,15:15:31.680936
Marcus embarked I in the camera by camera on I camera in I in Marcus,"[['TECHNOLOGY AND COMPUTING', 0.999994], ['HOBBIES AND INTERESTS', 6.10454e-06], ['EDUCATION', 1.7897e-08], ['ARTS AND ENTERTAINMENT', 1.67636e-09], ['RELIGION AND SPIRITUALITY', 1.609e-09]]","[['CAMERAS & CAMCORDERS', 0.56], ['TECHNOLOGY & COMPUTING', 0.12], ['HOBBIES & INTERESTS', 0.1], ['PHOTOGRAPHY', 0.09]]",True,178,123,15:15:33.522789
my my pajamas on Dylan I I my in Dylan captured Holly on Dylan by I outside hill in Holly hill,"[['ARTS AND ENTERTAINMENT', 0.291523], ['HOBBIES AND INTERESTS', 0.151827], ['NON STANDARD CONTENT', 0.0795745], ['STYLE AND FASHION', 0.0773497], ['SCIENCE', 0.0380252]]","[['HOBBIES & INTERESTS', 0.07], ['BEADWORK', 0.05]]",True,179,124,15:15:35.291353
Dylan Holly my snake Marcus an forest with Holly,"[['HOBBIES AND INTERESTS', 0.999191], ['HOME AND GARDEN', 0.000808222], ['BUSINESS', 4.02913e-08], ['ARTS AND ENTERTAINMENT', 2.98294e-08], ['SPORTS', 1.67944e-08]]","[['EXTREME GRAPHIC/EXPLICIT VIOLENCE', 0.2], ['HOBBIES & INTERESTS', 0.07], ['BIRDWATCHING', 0.06], ['NON-STANDARD CONTENT', 0.06]]",True,180,125,15:15:37.008512
a bus captured I outside I outside Marcus cat Dylan,"[['PETS', 0.951138], ['NON STANDARD CONTENT', 0.0141753], ['ARTS AND ENTERTAINMENT', 0.00371694], ['SPORTS', 0.00304378], ['TRAVEL', 0.000740621]]","[['CATS', 0.44], ['PETS', 0.13]]",False,181,125,15:15:38.749665
my outside Holly cat by I bus Holly on I outside I,"[['PETS', 0.999065], ['HOBBIES AND INTERESTS', 0.000186657], ['STYLE AND FASHION', 0.000184216], ['ARTS AND ENTERTAINMENT', 6.41421e-05], ['NON STANDARD CONTENT', 5.21117e-05]]","[['CATS', 0.43], ['PETS', 0.1]]",False,182,125,15:15:40.507491
Marcus started the camera on Marcus by Holly by camera by Holly camera an on Marcus Marcus,"[['TECHNOLOGY AND COMPUTING', 0.99994], ['HOBBIES AND INTERESTS', 3.56973e-05], ['RELIGION AND SPIRITUALITY', 1.92238e-05], ['SCIENCE', 3.16352e-06], ['NON STANDARD CONTENT', 6.8953e-07]]","[['CAMERAS & CAMCORDERS', 0.26], ['HOBBIES & INTERESTS', 0.09], ['TECHNOLOGY & COMPUTING', 0.08], ['PHOTOGRAPHY', 0.06]]",True,183,126,15:15:42.483813
Holly conflicted Dylan,"[['HOBBIES AND INTERESTS', 0.741974], ['ARTS AND ENTERTAINMENT', 0.0686429], ['RELIGION AND SPIRITUALITY', 0.0600506], ['HEALTH AND FITNESS', 0.0372537], ['SCIENCE', 0.0221326]]","[['HOBBIES & INTERESTS', 0.07], ['BIRDWATCHING', 0.05]]",True,184,127,15:15:44.263536
Marcus studied Marcus outside the by I Holly the pajamas on a cat by Holly a province by I province outside Marcus,"[['PETS', 0.998528], ['SCIENCE', 0.000973982], ['ARTS AND ENTERTAINMENT', 8.2433e-05], ['RELIGION AND SPIRITUALITY', 5.26656e-05], ['FOOD AND DRINK', 5.17437e-05]]","[['CATS', 0.24], ['PETS', 0.07], ['HOBBIES & INTERESTS', 0.07], ['CANDLE & SOAP MAKING', 0.05]]",False,185,127,15:15:46.049593
an cat in Holly conflicted Marcus in I in Marcus,"[['PETS', 0.883778], ['FOOD AND DRINK', 0.116194], ['SCIENCE', 7.55235e-06], ['RELIGION AND SPIRITUALITY', 3.49207e-06], ['NON STANDARD CONTENT', 1.29224e-06]]","[['CATS', 0.36], ['PETS', 0.09]]",False,186,127,15:15:47.861516
I started bus snake Marcus an cat by I,"[['PETS', 0.974791], ['HOBBIES AND INTERESTS', 0.0252018], ['SPORTS', 2.41086e-06], ['RELIGION AND SPIRITUALITY', 1.1494e-06], ['FAMILY AND PARENTING', 2.01033e-07]]","[['CATS', 0.48], ['PETS', 0.16]]",False,187,127,15:15:49.619590
an hill outside a hill in Dylan made a pajamas with Marcus with Marcus with Dylan,"[['LAW AND GOVERNMENT AND POLITICS', 0.954387], ['TRAVEL', 0.0449448], ['SPORTS', 0.000173199], ['HEALTH AND FITNESS', 0.000108835], ['HOBBIES AND INTERESTS', 6.9625e-05]]","[['HOBBIES & INTERESTS', 0.07], ['BEADWORK', 0.05]]",True,188,128,15:15:51.445060
camera snake with Marcus conflicted my man,"[['SPORTS', 0.999997], ['SCIENCE', 1.02379e-06], ['EDUCATION', 3.16118e-07], ['TECHNOLOGY AND COMPUTING', 2.57445e-07], ['HEALTH AND FITNESS', 2.40637e-07]]","[['PROFANE CONTENT', 0.2], ['HOBBIES & INTERESTS', 0.08], ['NON-STANDARD CONTENT', 0.08], ['PHOTOGRAPHY', 0.06]]",True,189,129,15:15:53.502744
an bus with I started Dylan,"[['HOBBIES AND INTERESTS', 0.999993], ['AUTOMOTIVE', 4.31111e-06], ['TECHNOLOGY AND COMPUTING', 7.97367e-07], ['SPORTS', 5.05615e-08], ['NON STANDARD CONTENT', 2.11226e-08]]","[['HOBBIES & INTERESTS', 0.07], ['BIRDWATCHING', 0.05]]",True,190,130,15:15:55.221361
I conflicted a forest with an bus Holly an forest in Dylan outside an province with Dylan I my pajamas outside cat with forest by Dylan province man in my bus in Marcus Marcus I Marcus bus,"[['PETS', 0.692224], ['BUSINESS', 0.111869], ['RELIGION AND SPIRITUALITY', 0.0872074], ['TRAVEL', 0.0290013], ['FAMILY AND PARENTING', 0.0182501]]","[['CATS', 0.19], ['CAMPING', 0.07], ['PETS', 0.07], ['BIRDWATCHING', 0.07], ['TRAVEL', 0.06]]",False,191,130,15:15:56.748726
Holly embarked Marcus in Marcus,"[['FOOD AND DRINK', 1.0], ['RELIGION AND SPIRITUALITY', 3.18293e-08], ['TRAVEL', 1.04359e-08], ['SPORTS', 1.26571e-09], ['CAREERS', 9.01536e-10]]","[['HOBBIES & INTERESTS', 0.07], ['SPORTS', 0.06], ['BIRDWATCHING', 0.05], ['WATERSKI/WAKEBOARD', 0.05]]",False,192,130,15:15:58.679887
I started I on Marcus,"[['HOBBIES AND INTERESTS', 0.567315], ['SHOPPING', 0.00429963], ['SPORTS', 0.00398573], ['RELIGION AND SPIRITUALITY', 0.00309841], ['LAW AND GOVERNMENT AND POLITICS', 0.00254309]]","[['HOBBIES & INTERESTS', 0.07], ['SPORTS', 0.06], ['JEWELRY MAKING', 0.05], ['WATERSKI/WAKEBOARD', 0.04]]",False,193,130,15:16:00.452636
my cat embarked Dylan outside Marcus,"[['PETS', 0.996149], ['SPORTS', 0.00095629], ['TECHNOLOGY AND COMPUTING', 0.000683166], ['HOBBIES AND INTERESTS', 0.000121378], ['SOCIETY', 9.90746e-05]]","[['CATS', 0.46], ['PETS', 0.12]]",False,194,130,15:16:02.315764
an on a hill embarked Marcus,"[['SPORTS', 0.248768], ['TRAVEL', 0.160611], ['CAREERS', 0.0210303], ['FAMILY AND PARENTING', 0.0160175], ['SOCIETY', 0.0151343]]","[['HOBBIES & INTERESTS', 0.07], ['SPORTS', 0.06], ['BEADWORK', 0.05], ['WATERSKI/WAKEBOARD', 0.05]]",False,195,130,15:16:04.183565
an in Holly outside my forest with Marcus conflicted Marcus by I,"[['RELIGION AND SPIRITUALITY', 0.999996], ['EDUCATION', 1.29547e-06], ['FAMILY AND PARENTING', 2.55884e-07], ['TRAVEL', 1.55219e-07], ['ARTS AND ENTERTAINMENT', 1.51451e-07]]","[['HOBBIES & INTERESTS', 0.07], ['BIRDWATCHING', 0.06], ['SPORTS', 0.06], ['FRESHWATER FISHING', 0.05]]",True,196,131,15:16:06.025341
an snake in I conflicted Marcus,"[['PETS', 1.0], ['SCIENCE', 1.22425e-11], ['HEALTH AND FITNESS', 1.51169e-12], ['NON STANDARD CONTENT', 4.26776e-13], ['RELIGION AND SPIRITUALITY', 4.20584e-13]]","[['EXTREME GRAPHIC/EXPLICIT VIOLENCE', 0.2], ['HOBBIES & INTERESTS', 0.07], ['NON-STANDARD CONTENT', 0.06], ['BIRDWATCHING', 0.05]]",True,197,132,15:16:07.837535
